times,P_opt,P_original,P_TEMPO,Pdiff_orig_opt,diff_orig_TEMPO
0,1,1,1,0,0
0.141657137,0.989821831,0.989821831,0.989820679,3.33E-16,1.15E-06
0.283314274,0.960997612,0.960997612,0.960993202,3.33E-16,4.41E-06
0.424971411,0.918088757,0.918088757,0.91807951,8.67E-18,9.27E-06
0.566628549,0.867103799,0.867103799,0.867088834,5.04E-10,1.50E-05
0.708285686,0.813942177,0.813942183,0.813921305,6.06E-09,2.10E-05
0.849942823,0.76328157,0.7632816,0.763255162,3.18E-08,2.67E-05
0.99159996,0.718127309,0.71812734,0.71809605,3.20E-08,3.17E-05
1.133257097,0.679900433,0.679900448,0.679865176,1.60E-08,3.60E-05
1.274914234,0.648806967,0.64880697,0.648768608,5.04E-09,3.94E-05
1.416571372,0.624268587,0.624268588,0.624227959,1.14E-08,4.20E-05
1.558228509,0.605293813,0.605293823,0.605251628,3.12E-08,4.40E-05
1.699885646,0.5907506,0.590750616,0.590707418,4.89E-08,4.54E-05
1.841542783,0.579544157,0.579544144,0.579500372,1.83E-08,4.65E-05
1.98319992,0.570718078,0.570718087,0.570674055,1.88E-08,4.72E-05
2.124857057,0.563498841,0.563498857,0.56345478,3.16E-08,4.78E-05
2.266514195,0.557300142,0.557300168,0.557256208,5.20E-08,4.82E-05
2.408171332,0.551703077,0.551703079,0.55165933,2.90E-08,4.85E-05
2.549828469,0.546424124,0.546424108,0.546380645,2.04E-08,4.88E-05
2.691485606,0.541280969,0.541280947,0.541237824,2.23E-08,4.91E-05
2.833142743,0.536161805,0.53616179,0.53611903,1.73E-08,4.94E-05
2.97479988,0.531001049,0.531001057,0.530958737,3.03E-08,4.97E-05
3.116457017,0.525761912,0.525761925,0.525720081,3.23E-08,4.99E-05
3.258114155,0.520424689,0.520424697,0.520383356,2.04E-08,5.01E-05
3.399771292,0.514979546,0.51497954,0.514938751,6.35E-09,5.03E-05
3.541428429,0.509422229,0.509422202,0.509381991,3.56E-08,5.05E-05
3.683085566,0.503751613,0.503751573,0.503711956,4.15E-08,5.08E-05
3.824742703,0.497968285,0.497968338,0.497929374,7.52E-08,5.09E-05
3.96639984,0.492074008,0.49207406,0.492035954,7.17E-08,5.09E-05
4.108056978,0.486071217,0.486071242,0.486033987,3.48E-08,5.10E-05
4.249714115,0.479962734,0.479962731,0.47992633,4.65E-09,5.10E-05
4.391371252,0.47375165,0.47375163,0.473716156,2.84E-08,5.10E-05
4.533028389,0.467441257,0.467441234,0.467406698,3.22E-08,5.10E-05
4.674685526,0.461035008,0.461034995,0.461001434,1.48E-08,5.11E-05
4.816342663,0.454536512,0.4545365,0.45450393,1.22E-08,5.11E-05
4.957999801,0.447949479,0.447949465,0.447917932,1.52E-08,5.11E-05
5.099656938,0.44127775,0.44127773,0.441247252,2.44E-08,5.12E-05
5.241314075,0.434525294,0.434525265,0.434495961,4.07E-08,5.11E-05
5.382971212,0.427696219,0.427696178,0.42766809,5.99E-08,5.10E-05
5.524628349,0.420794759,0.420794722,0.420767828,4.49E-08,5.10E-05
5.666285486,0.413825344,0.41382531,0.413799632,5.54E-08,5.09E-05
5.807942624,0.406792552,0.406792524,0.406768118,5.17E-08,5.09E-05
5.949599761,0.399701149,0.399701127,0.399678039,4.27E-08,5.08E-05
6.091256898,0.392556102,0.392556083,0.39253436,4.00E-08,5.07E-05
6.232914035,0.385362586,0.385362569,0.385342219,3.71E-08,5.07E-05
6.374571172,0.378126008,0.378125994,0.378107095,3.08E-08,5.07E-05
6.516228309,0.370852027,0.370852019,0.370834573,1.56E-08,5.06E-05
6.657885446,0.363546589,0.363546579,0.363530655,2.02E-08,5.05E-05
6.799542584,0.356215922,0.356215907,0.356201553,3.29E-08,5.05E-05
6.941199721,0.348866581,0.348866559,0.34885379,5.23E-08,5.04E-05
7.082856858,0.341505478,0.341505446,0.341494308,7.70E-08,5.04E-05
7.224513995,0.334139908,0.334139866,0.334130369,9.88E-08,5.03E-05
7.366171132,0.32677757,0.32677754,0.326769741,6.80E-08,5.03E-05
7.507828269,0.319426681,0.319426649,0.319420587,8.07E-08,5.03E-05
7.649485407,0.312095909,0.312095884,0.312091609,7.03E-08,5.02E-05
7.791142544,0.304794503,0.304794485,0.304792083,5.41E-08,5.02E-05
7.932799681,0.297532315,0.2975323,0.297531794,4.81E-08,5.02E-05
8.074456818,0.290319851,0.290319838,0.290321277,4.56E-08,5.02E-05
8.216113955,0.283168341,0.283168329,0.283171749,4.36E-08,5.02E-05
8.357771092,0.276089797,0.276089786,0.276095283,3.76E-08,5.01E-05
8.49942823,0.269097086,0.269097073,0.269104662,4.62E-08,5.01E-05
8.641085367,0.262203991,0.262203976,0.262213705,6.08E-08,5.01E-05
8.782742504,0.255425282,0.255425265,0.255437205,8.10E-08,5.01E-05
8.924399641,0.248776783,0.248776766,0.248790967,1.06E-07,5.01E-05
9.066056778,0.242275435,0.242275417,0.242291869,1.24E-07,5.01E-05
9.207713915,0.235939334,0.235939323,0.235958102,7.60E-08,5.01E-05
9.349371052,0.2297878,0.22978779,0.229808906,9.59E-08,5.02E-05
9.49102819,0.223841344,0.223841338,0.223864798,8.48E-08,5.02E-05
9.632685327,0.218121685,0.218121685,0.218147515,6.49E-08,5.02E-05
9.774342464,0.212651683,0.212651687,0.212679906,5.69E-08,5.02E-05
9.915999601,0.207455223,0.207455231,0.207485816,5.48E-08,5.02E-05
10.05765674,0.202557051,0.20255706,0.202589974,5.64E-08,5.02E-05
10.19931388,0.197982518,0.197982529,0.19801767,5.80E-08,5.02E-05
10.34097101,0.193757257,0.193757266,0.193794584,5.62E-08,5.02E-05
10.48262815,0.189906744,0.189906759,0.189946172,6.99E-08,5.02E-05
10.62428529,0.18645581,0.186455836,0.1864972,9.18E-08,5.02E-05
10.76594242,0.183428039,0.183428081,0.183471235,1.19E-07,5.02E-05
10.90759956,0.18084512,0.180845176,0.180889969,1.38E-07,5.02E-05
11.0492567,0.178726181,0.178726218,0.178772469,7.99E-08,5.02E-05
11.19091384,0.177087003,0.177087044,0.177134549,9.74E-08,5.02E-05
11.33257097,0.175939587,0.175939617,0.175988172,7.58E-08,5.02E-05
11.47422811,0.175291487,0.175291518,0.175340858,6.24E-08,5.02E-05
11.61588525,0.175145553,0.175145594,0.175195463,6.17E-08,5.02E-05
11.75754238,0.175499744,0.175499796,0.175549948,6.73E-08,5.02E-05
11.89919952,0.176347162,0.176347224,0.176397409,7.52E-08,5.02E-05
12.04085666,0.177676304,0.177676373,0.177726335,8.15E-08,5.02E-05
12.1825138,0.179471493,0.179471565,0.179521059,8.35E-08,5.02E-05
12.32417093,0.181713426,0.181713509,0.181762314,9.70E-08,5.01E-05
12.46582807,0.184379868,0.184379972,0.184427905,1.18E-07,5.01E-05
12.60748521,0.187446341,0.18744647,0.187493356,1.44E-07,5.01E-05
12.74914234,0.190886824,0.19088697,0.190932641,1.59E-07,5.01E-05
12.89079948,0.194674446,0.194674534,0.194718869,9.33E-08,5.01E-05
13.03245662,0.198781811,0.198781897,0.198824771,9.22E-08,5.01E-05
13.17411376,0.203181893,0.203181958,0.20322327,7.12E-08,5.00E-05
13.31577089,0.207848111,0.207848172,0.207887846,6.42E-08,5.00E-05
13.45742803,0.212754784,0.212754854,0.212792817,7.06E-08,4.99E-05
13.59908517,0.217877315,0.217877397,0.217913604,8.20E-08,4.99E-05
13.7407423,0.223192325,0.223192418,0.223226847,9.33E-08,4.99E-05
13.88239944,0.228677743,0.228677843,0.228710461,9.97E-08,4.98E-05
14.02405658,0.234312841,0.234312938,0.234343755,9.71E-08,4.98E-05
14.16571372,0.240078203,0.240078312,0.240107292,1.09E-07,4.97E-05
14.30737085,0.245955754,0.245955885,0.245983034,1.31E-07,4.96E-05
14.44902799,0.251928673,0.251928832,0.251954166,1.59E-07,4.96E-05
14.59068513,0.257981353,0.257981529,0.25800504,1.76E-07,4.95E-05
14.73234226,0.264099359,0.264099473,0.264121175,1.15E-07,4.94E-05
14.8739994,0.270269101,0.270269212,0.27028911,1.12E-07,4.93E-05
15.01565654,0.276478192,0.27647827,0.276496384,7.89E-08,4.93E-05
15.15731368,0.282714996,0.28271507,0.28273142,7.54E-08,4.92E-05
15.29897081,0.288968778,0.288968864,0.288983454,8.81E-08,4.91E-05
15.44062795,0.295229563,0.295229664,0.29524253,1.05E-07,4.90E-05
15.58228509,0.301488068,0.301488181,0.301499363,1.18E-07,4.89E-05
15.72394222,0.30773565,0.307735764,0.307745267,1.20E-07,4.88E-05
15.86559936,0.313964223,0.313964349,0.313972201,1.32E-07,4.87E-05
16.0072565,0.320166262,0.320166403,0.320172642,1.47E-07,4.86E-05
16.14891364,0.326334726,0.326334887,0.326339528,1.68E-07,4.85E-05
16.29057077,0.332463022,0.332463206,0.332466267,1.91E-07,4.84E-05
16.43222791,0.338544987,0.338545181,0.338546707,2.01E-07,4.83E-05
16.57388505,0.344574873,0.344575006,0.344575013,1.40E-07,4.83E-05
16.71554218,0.350547079,0.350547224,0.350545733,1.52E-07,4.82E-05
16.85719932,0.356456564,0.356456696,0.35645374,1.39E-07,4.81E-05
16.99885646,0.362298462,0.362298578,0.36229417,1.22E-07,4.81E-05
17.1405136,0.368068187,0.368068297,0.36806246,1.17E-07,4.80E-05
17.28217073,0.373761422,0.373761532,0.373754292,1.17E-07,4.79E-05
17.42382787,0.379374086,0.379374196,0.379365576,1.17E-07,4.78E-05
17.56548501,0.384902316,0.384902416,0.384892449,1.07E-07,4.78E-05
17.70714214,0.390342415,0.390342525,0.390331238,1.17E-07,4.77E-05
17.84879928,0.395690914,0.395691041,0.395678461,1.35E-07,4.77E-05
17.99045642,0.400944511,0.400944662,0.400930807,1.60E-07,4.77E-05
18.13211356,0.406100071,0.406100248,0.406085144,1.88E-07,4.76E-05
18.27377069,0.41115463,0.411154819,0.411138493,2.01E-07,4.76E-05
18.41542783,0.416105404,0.416105539,0.416088004,1.47E-07,4.76E-05
18.55708497,0.420949544,0.420949712,0.420930997,1.78E-07,4.75E-05
18.6987421,0.425684625,0.425684774,0.425664906,1.56E-07,4.75E-05
18.84039924,0.430308162,0.430308287,0.430287281,1.29E-07,4.75E-05
18.98205638,0.434817817,0.434817929,0.434795818,1.16E-07,4.75E-05
19.12371352,0.439211388,0.439211495,0.439188291,1.11E-07,4.75E-05
19.26537065,0.443486786,0.443486888,0.443462618,1.06E-07,4.75E-05
19.40702779,0.447642027,0.447642116,0.447616791,9.07E-08,4.75E-05
19.54868493,0.451675187,0.451675284,0.451648926,9.94E-08,4.75E-05
19.69034207,0.455584485,0.455584599,0.455557258,1.17E-07,4.75E-05
19.8319992,0.459368219,0.459368356,0.459340122,1.42E-07,4.75E-05
19.97365634,0.463024781,0.463024943,0.462995818,1.70E-07,4.75E-05
20.11531348,0.466552662,0.466552836,0.466522829,1.82E-07,4.76E-05
20.25697061,0.469950468,0.469950593,0.469919728,1.33E-07,4.76E-05
20.39862775,0.473216698,0.473216858,0.473185166,1.66E-07,4.76E-05
20.54028489,0.476350208,0.476350351,0.476317843,1.46E-07,4.76E-05
20.68194203,0.479349754,0.479349873,0.479316595,1.20E-07,4.76E-05
20.82359916,0.482214196,0.482214302,0.482180293,1.06E-07,4.76E-05
20.9652563,0.484942489,0.484942589,0.484907852,1.00E-07,4.76E-05
21.10691344,0.487533663,0.487533758,0.487498329,9.53E-08,4.76E-05
21.24857057,0.489986825,0.489986907,0.48995083,8.22E-08,4.76E-05
21.39022771,0.492301113,0.492301202,0.492264542,8.94E-08,4.76E-05
21.53188485,0.494475776,0.49447588,0.49443864,1.04E-07,4.76E-05
21.67354199,0.496510121,0.496510245,0.496472426,1.25E-07,4.75E-05
21.81519912,0.498403524,0.498403669,0.498365308,1.48E-07,4.75E-05
21.95685626,0.500155437,0.500155589,0.500116762,1.56E-07,4.74E-05
22.0985134,0.501765407,0.501765509,0.501726261,1.02E-07,4.73E-05
22.24017053,0.503232864,0.503232994,0.503193314,1.31E-07,4.72E-05
22.38182767,0.504557578,0.504557677,0.50451758,1.00E-07,4.71E-05
22.52348481,0.505739148,0.50573925,0.505698756,1.03E-07,4.71E-05
22.66514195,0.506777358,0.506777469,0.506736613,1.12E-07,4.70E-05
22.80679908,0.507672031,0.507672151,0.507630962,1.21E-07,4.68E-05
22.94845622,0.50842305,0.508423175,0.508381679,1.25E-07,4.67E-05
23.09011336,0.509030359,0.509030478,0.508988674,1.18E-07,4.66E-05
23.23177049,0.509493958,0.509494058,0.509452016,1.01E-07,4.65E-05
23.37342763,0.509813902,0.509813973,0.509771706,7.66E-08,4.63E-05
23.51508477,0.509990256,0.50999034,0.509947876,8.68E-08,4.61E-05
23.65674191,0.51002322,0.510023331,0.509980678,1.12E-07,4.60E-05
23.79839904,0.509913051,0.50991318,0.509870382,1.29E-07,4.58E-05
23.94005618,0.509660092,0.509660177,0.509617242,8.59E-08,4.56E-05
24.08171332,0.509264574,0.509264669,0.509221645,9.75E-08,4.54E-05
24.22337045,0.508726968,0.508727059,0.508683974,9.66E-08,4.52E-05
24.36502759,0.508047731,0.508047808,0.508004671,8.66E-08,4.50E-05
24.50668473,0.50722733,0.507227432,0.507184248,1.05E-07,4.47E-05
24.64834187,0.506266388,0.506266503,0.506223304,1.17E-07,4.45E-05
24.789999,0.50516553,0.50516565,0.505122445,1.21E-07,4.43E-05
24.93165614,0.503925431,0.503925556,0.503882382,1.25E-07,4.41E-05
25.07331328,0.502546831,0.502546959,0.502503811,1.29E-07,4.39E-05
25.21497041,0.50103052,0.501030653,0.500987562,1.34E-07,4.37E-05
25.35662755,0.499377347,0.499377487,0.499334475,1.40E-07,4.35E-05
25.49828469,0.497588214,0.497588362,0.497545466,1.49E-07,4.32E-05
25.63994183,0.495664081,0.495664236,0.495621472,1.56E-07,4.30E-05
25.78159896,0.493605968,0.493606122,0.493563498,1.54E-07,4.28E-05
25.9232561,0.491414991,0.491415085,0.491372646,9.42E-08,4.25E-05
26.06491324,0.489092158,0.489092246,0.489050015,8.94E-08,4.23E-05
26.20657037,0.486638677,0.486638781,0.486596738,1.04E-07,4.20E-05
26.34822751,0.484055777,0.484055918,0.484014109,1.42E-07,4.18E-05
26.48988465,0.481344808,0.481344942,0.481303361,1.35E-07,4.16E-05
26.63154179,0.478507066,0.478507192,0.478465861,1.26E-07,4.14E-05
26.77319892,0.475543942,0.475544059,0.475503035,1.19E-07,4.12E-05
26.91485606,0.472456878,0.472456994,0.472416285,1.18E-07,4.09E-05
27.0565132,0.469247372,0.469247499,0.469207044,1.28E-07,4.08E-05
27.19817033,0.465917011,0.465917135,0.465877054,1.25E-07,4.06E-05
27.33982747,0.462467407,0.462467516,0.462427769,1.16E-07,4.04E-05
27.48148461,0.458900229,0.458900316,0.458860975,1.07E-07,4.02E-05
27.62314175,0.455217198,0.455217263,0.455178338,9.81E-08,4.00E-05
27.76479888,0.45142002,0.451420144,0.451381705,1.32E-07,3.98E-05
27.90645602,0.447510676,0.447510806,0.447472869,1.35E-07,3.95E-05
28.04811316,0.443491054,0.443491153,0.443453746,1.17E-07,3.93E-05
28.18977029,0.439363084,0.439363152,0.439326271,1.13E-07,3.91E-05
28.33142743,0.435128782,0.435128831,0.435092548,1.21E-07,3.88E-05
28.47308457,0.430790237,0.430790279,0.430754635,1.26E-07,3.85E-05
28.61474171,0.426349604,0.426349651,0.426314704,1.23E-07,3.82E-05
28.75639884,0.421809101,0.421809168,0.421774931,1.15E-07,3.79E-05
28.89805598,0.417171048,0.417171119,0.417137638,1.16E-07,3.76E-05
29.03971312,0.412437796,0.412437862,0.412405096,1.21E-07,3.74E-05
29.18137025,0.407611774,0.407611828,0.407579779,1.32E-07,3.72E-05
29.32302739,0.402695485,0.402695521,0.402664227,1.48E-07,3.70E-05
29.46468453,0.397691499,0.397691525,0.397660973,1.37E-07,3.68E-05
29.60634167,0.392602429,0.392602502,0.392572738,1.29E-07,3.66E-05
29.7479988,0.387431126,0.387431199,0.387402217,1.36E-07,3.65E-05
29.88965594,0.382180394,0.382180453,0.382152287,1.48E-07,3.63E-05
30.03131308,0.376853149,0.376853191,0.376825888,1.66E-07,3.62E-05
30.17297021,0.371452407,0.371452439,0.371426013,1.81E-07,3.60E-05
30.31462735,0.365981293,0.365981323,0.365955834,1.86E-07,3.58E-05
30.45628449,0.360443044,0.36044308,0.360418573,1.79E-07,3.56E-05
30.59794163,0.354841026,0.354841063,0.354817563,1.81E-07,3.54E-05
30.73959876,0.34917871,0.349178745,0.349156242,1.87E-07,3.53E-05
30.8812559,0.343459702,0.343459732,0.343438284,1.97E-07,3.51E-05
31.02291304,0.337687747,0.33768777,0.337667367,2.12E-07,3.50E-05
31.16457017,0.331866741,0.331866755,0.331847445,2.27E-07,3.48E-05
31.30622731,0.326000724,0.326000745,0.325982573,2.14E-07,3.47E-05
31.44788445,0.320093948,0.320093971,0.320076985,2.34E-07,3.45E-05
31.58954159,0.314150826,0.314150855,0.314135083,2.36E-07,3.44E-05
31.73119872,0.308175984,0.308176021,0.30816148,2.34E-07,3.42E-05
31.87285586,0.302174273,0.302174313,0.302161041,2.35E-07,3.41E-05
32.014513,0.296150774,0.296150818,0.296138837,2.37E-07,3.40E-05
32.15617014,0.290110835,0.290110883,0.29010024,2.37E-07,3.39E-05
32.29782727,0.284060085,0.284060138,0.284050859,2.31E-07,3.39E-05
32.43948441,0.278004474,0.278004528,0.277996629,2.37E-07,3.38E-05
32.58114155,0.271950281,0.271950334,0.271943848,2.49E-07,3.38E-05
32.72279868,0.265904158,0.265904208,0.265899177,2.66E-07,3.37E-05
32.86445582,0.259873162,0.25987321,0.259869671,2.87E-07,3.37E-05
33.00611296,0.253864795,0.253864839,0.253862771,3.04E-07,3.37E-05
33.1477701,0.247887025,0.247887082,0.247886527,2.80E-07,3.37E-05
33.28942723,0.24194839,0.24194845,0.241949459,2.94E-07,3.37E-05
33.43108437,0.236057964,0.236058033,0.236060625,2.89E-07,3.38E-05
33.57274151,0.230225465,0.230225544,0.230229776,2.80E-07,3.38E-05
33.71439864,0.224461289,0.224461375,0.224467296,2.78E-07,3.39E-05
33.85605578,0.218776558,0.218776651,0.218784292,2.79E-07,3.40E-05
33.99771292,0.213183184,0.213183283,0.213192662,2.80E-07,3.41E-05
34.13937006,0.207693915,0.20769402,0.207705176,2.79E-07,3.42E-05
34.28102719,0.202322391,0.202322501,0.202335463,2.88E-07,3.43E-05
34.42268433,0.197083177,0.197083293,0.197098089,3.01E-07,3.44E-05
34.56434147,0.191991799,0.191991923,0.192008561,3.18E-07,3.46E-05
34.7059986,0.187064759,0.187064892,0.187083377,3.38E-07,3.48E-05
34.84765574,0.182319521,0.182319664,0.182339979,3.52E-07,3.49E-05
34.98931288,0.177774475,0.177774623,0.177796761,3.11E-07,3.51E-05
35.13097002,0.173448844,0.173449001,0.17347296,3.18E-07,3.53E-05
35.27262715,0.169362571,0.16936274,0.169388466,3.13E-07,3.56E-05
35.41428429,0.165536133,0.165536316,0.165563723,3.08E-07,3.58E-05
35.55594143,0.161990282,0.161990481,0.162019541,3.11E-07,3.60E-05
35.69759856,0.158745732,0.158745945,0.158776563,3.16E-07,3.62E-05
35.8392557,0.155822762,0.155822988,0.155855057,3.21E-07,3.64E-05
35.98091284,0.15324076,0.153240995,0.153274374,3.23E-07,3.66E-05
36.12256998,0.151017711,0.151017953,0.151052504,3.21E-07,3.68E-05
36.26422711,0.149169652,0.149169906,0.149205491,3.29E-07,3.70E-05
36.40588425,0.147710144,0.147710416,0.147746883,3.44E-07,3.73E-05
36.54754139,0.146649761,0.146650056,0.146687221,3.65E-07,3.75E-05
36.68919852,0.145995666,0.145995981,0.146033658,3.78E-07,3.78E-05
36.83085566,0.145751315,0.145751608,0.145789582,3.31E-07,3.80E-05
36.9725128,0.14591614,0.145916448,0.145954517,3.45E-07,3.82E-05
37.11416994,0.146485784,0.146486086,0.146524057,3.29E-07,3.84E-05
37.25582707,0.147452028,0.147452334,0.147489999,3.23E-07,3.87E-05
37.39748421,0.148803209,0.148803526,0.14884072,3.26E-07,3.89E-05
37.53914135,0.150524613,0.150524941,0.15056147,3.34E-07,3.91E-05
37.68079848,0.15259897,0.152599308,0.152635027,3.42E-07,3.94E-05
37.82245562,0.155007008,0.155007354,0.155042115,3.47E-07,3.96E-05
37.96411276,0.157728017,0.157728364,0.157762056,3.47E-07,3.98E-05
38.1057699,0.160740358,0.160740715,0.160773221,3.57E-07,4.00E-05
38.24742703,0.164021979,0.164022353,0.164053585,3.74E-07,4.02E-05
38.38908417,0.167550819,0.167551214,0.167581121,3.95E-07,4.04E-05
38.53074131,0.171305158,0.171305564,0.171334063,4.06E-07,4.06E-05
38.67239844,0.175263916,0.175264269,0.175291329,3.55E-07,4.08E-05
38.81405558,0.179406648,0.179406997,0.179432591,3.51E-07,4.10E-05
38.95571272,0.183714026,0.183714352,0.183738459,3.31E-07,4.12E-05
39.09736986,0.188167647,0.188167967,0.18819056,3.28E-07,4.14E-05
39.23902699,0.192750218,0.192750543,0.192771612,3.35E-07,4.16E-05
39.38068413,0.197445528,0.197445859,0.197465394,3.46E-07,4.18E-05
39.52234127,0.202238424,0.202238761,0.202256763,3.55E-07,4.19E-05
39.6639984,0.207114787,0.207115126,0.207131603,3.58E-07,4.21E-05
39.80565554,0.212061483,0.212061813,0.212076774,3.52E-07,4.23E-05
39.94731268,0.217066279,0.217066616,0.217080074,3.59E-07,4.25E-05
40.08896982,0.222117847,0.222118198,0.222130166,3.75E-07,4.27E-05
40.23062695,0.227205666,0.227206038,0.227216533,3.97E-07,4.28E-05
40.37228409,0.232319983,0.232320367,0.23232941,4.09E-07,4.30E-05
40.51394123,0.237451777,0.237452109,0.237459708,3.61E-07,4.31E-05
40.65559836,0.242592506,0.24259283,0.242599019,3.54E-07,4.33E-05
40.7972555,0.247734374,0.247734682,0.247739478,3.40E-07,4.35E-05
40.93891264,0.25287006,0.252870358,0.252873774,3.33E-07,4.36E-05
41.08056978,0.257992741,0.257993041,0.257995093,3.39E-07,4.37E-05
41.22222691,0.263096064,0.26309637,0.263097086,3.48E-07,4.39E-05
41.36388405,0.268174087,0.268174396,0.268173787,3.53E-07,4.40E-05
41.50554119,0.273221246,0.273221549,0.273219642,3.48E-07,4.41E-05
41.64719832,0.278232303,0.27823261,0.278229437,3.52E-07,4.42E-05
41.78885546,0.283202361,0.283202676,0.283198247,3.61E-07,4.43E-05
41.9305126,0.288126813,0.288127141,0.288121488,3.74E-07,4.44E-05
42.07216974,0.293001323,0.293001667,0.292994811,3.91E-07,4.45E-05
42.21382687,0.297821818,0.297822168,0.29781413,3.96E-07,4.46E-05
42.35548401,0.302584487,0.302584785,0.302575596,3.48E-07,4.47E-05
42.49714115,0.307285551,0.307285874,0.307275559,3.72E-07,4.47E-05
42.63879828,0.311921683,0.31192199,0.31191056,3.56E-07,4.48E-05
42.78045542,0.316489584,0.316489869,0.31647736,3.34E-07,4.49E-05
42.92211256,0.320986145,0.320986418,0.320972841,3.24E-07,4.50E-05
43.0637697,0.325408439,0.325408707,0.325394066,3.19E-07,4.51E-05
43.20542683,0.329753688,0.329753952,0.329738286,3.14E-07,4.52E-05
43.34708397,0.334019258,0.33401951,0.334002838,3.02E-07,4.53E-05
43.48874111,0.338202614,0.338202871,0.338185218,3.07E-07,4.53E-05
43.63039824,0.342301379,0.342301647,0.342283038,3.19E-07,4.54E-05
43.77205538,0.346313283,0.346313569,0.346294039,3.37E-07,4.55E-05
43.91371252,0.350236173,0.350236479,0.350216066,3.57E-07,4.55E-05
44.05536966,0.354068009,0.354068323,0.35404705,3.65E-07,4.56E-05
44.19702679,0.357806881,0.357807149,0.357785012,3.21E-07,4.57E-05
44.33868393,0.361450806,0.361451099,0.361428141,3.42E-07,4.58E-05
44.48034107,0.364998133,0.364998409,0.364974646,3.20E-07,4.58E-05
44.6219982,0.368447148,0.3684474,0.368422842,2.95E-07,4.59E-05
44.76365534,0.37179624,0.37179648,0.371771144,2.81E-07,4.60E-05
44.90531248,0.375043901,0.375044134,0.375018047,2.74E-07,4.60E-05
45.04696962,0.378188703,0.37818893,0.378162117,2.66E-07,4.60E-05
45.18862675,0.381229295,0.381229508,0.381201984,2.50E-07,4.61E-05
45.33028389,0.384164364,0.384164582,0.384136372,2.54E-07,4.61E-05
45.47194103,0.386992709,0.386992938,0.386964061,2.66E-07,4.61E-05
45.61359817,0.389713183,0.389713429,0.389683911,2.83E-07,4.61E-05
45.7552553,0.392324712,0.392324976,0.392294827,3.02E-07,4.61E-05
45.89691244,0.394826296,0.394826566,0.394795811,3.09E-07,4.61E-05
46.03856958,0.397217021,0.397217249,0.397185937,2.67E-07,4.61E-05
46.18022671,0.399495882,0.399496137,0.399464275,2.89E-07,4.61E-05
46.32188385,0.401662165,0.401662404,0.40163002,2.69E-07,4.60E-05
46.46354099,0.403715065,0.403715283,0.403682382,2.44E-07,4.60E-05
46.60519813,0.405653861,0.405654067,0.405620684,2.29E-07,4.60E-05
46.74685526,0.407477904,0.407478103,0.407444247,2.20E-07,4.59E-05
46.8885124,0.409186607,0.409186799,0.409152564,2.13E-07,4.58E-05
47.03016954,0.410779437,0.410779617,0.410745001,1.98E-07,4.57E-05
47.17182667,0.412255918,0.412256074,0.412221102,1.70E-07,4.56E-05
47.31348381,0.413615579,0.413615741,0.413580414,1.75E-07,4.55E-05
47.45514095,0.414858063,0.414858241,0.4148226,1.94E-07,4.53E-05
47.59679809,0.415983052,0.415983254,0.415947323,2.18E-07,4.52E-05
47.73845522,0.416990293,0.416990508,0.416954309,2.33E-07,4.50E-05
47.88011236,0.417879601,0.417879783,0.417843321,1.96E-07,4.48E-05
48.0217695,0.418650707,0.418650914,0.418614216,2.19E-07,4.46E-05
48.16342663,0.419303598,0.41930378,0.419266902,1.88E-07,4.44E-05
48.30508377,0.419838138,0.419838317,0.419801268,1.84E-07,4.42E-05
48.44674091,0.420254323,0.420254505,0.420217329,1.87E-07,4.39E-05
48.58839805,0.42055219,0.420552375,0.420515095,1.92E-07,4.37E-05
48.73005518,0.420731822,0.420732008,0.420694639,1.93E-07,4.34E-05
48.87171232,0.420793351,0.420793533,0.42075608,1.87E-07,4.31E-05
49.01336946,0.420736954,0.420737125,0.420699642,1.74E-07,4.28E-05
49.15502659,0.420562854,0.420563008,0.420525519,1.55E-07,4.25E-05
49.29668373,0.420271314,0.420271454,0.420233941,1.40E-07,4.22E-05
49.43834087,0.41986262,0.419862781,0.419825255,1.63E-07,4.19E-05
49.57999801,0.419337178,0.419337354,0.419299844,1.80E-07,4.15E-05
49.72165514,0.418695465,0.418695585,0.418658114,1.21E-07,4.12E-05
49.86331228,0.417937787,0.417937932,0.417900507,1.46E-07,4.08E-05
50.00496942,0.417064745,0.417064899,0.417027529,1.54E-07,4.05E-05
50.14662655,0.416076888,0.416077035,0.416039752,1.48E-07,4.01E-05
50.28828369,0.414974808,0.414974936,0.414937753,1.31E-07,3.98E-05
50.42994083,0.413759104,0.413759244,0.413722186,1.40E-07,3.94E-05
50.57159797,0.412430495,0.412430643,0.412393718,1.48E-07,3.90E-05
50.7132551,0.41098971,0.410989866,0.410953067,1.56E-07,3.87E-05
50.85491224,0.409437523,0.40943769,0.409401039,1.67E-07,3.83E-05
50.99656938,0.407774756,0.407774936,0.407738464,1.80E-07,3.79E-05
51.13822651,0.406002283,0.406002471,0.405966178,1.88E-07,3.75E-05
51.27988365,0.404121043,0.404121206,0.404085097,1.63E-07,3.72E-05
51.42154079,0.402131969,0.402132099,0.40209618,1.36E-07,3.68E-05
51.56319793,0.40003604,0.400036151,0.400000438,1.30E-07,3.64E-05
51.70485506,0.397834382,0.397834409,0.397798909,9.98E-08,3.61E-05
51.8465122,0.395527913,0.395527964,0.395492749,1.12E-07,3.56E-05
51.98816934,0.393117849,0.393117954,0.393083037,1.37E-07,3.52E-05
52.12982647,0.39060543,0.390605562,0.390570943,1.57E-07,3.48E-05
52.27148361,0.387991878,0.387992015,0.38795771,1.63E-07,3.45E-05
52.41314075,0.385278458,0.38527859,0.385244628,1.60E-07,3.40E-05
52.55479789,0.382466482,0.382466605,0.382432976,1.54E-07,3.37E-05
52.69645502,0.379557309,0.37955743,0.379524189,1.50E-07,3.32E-05
52.83811216,0.376552367,0.376552479,0.376519618,1.47E-07,3.29E-05
52.9797693,0.373453115,0.373453214,0.373420782,1.46E-07,3.24E-05
53.12142643,0.370261062,0.370261146,0.370229162,1.51E-07,3.20E-05
53.26308357,0.366977769,0.366977836,0.366946317,1.60E-07,3.16E-05
53.40474071,0.363604839,0.363604893,0.363573901,1.56E-07,3.12E-05
53.54639785,0.360143882,0.360143979,0.36011353,1.56E-07,3.07E-05
53.68805498,0.356596701,0.356596805,0.356566932,1.57E-07,3.02E-05
53.82971212,0.352965054,0.352965137,0.352935884,1.65E-07,2.97E-05
53.97136926,0.349250734,0.349250796,0.349222164,1.81E-07,2.93E-05
54.11302639,0.345455609,0.345455657,0.345427689,1.96E-07,2.88E-05
54.25468353,0.34158161,0.341581653,0.341554315,2.05E-07,2.84E-05
54.39634067,0.337630729,0.337630777,0.33760408,2.05E-07,2.79E-05
54.53799781,0.333605034,0.333605082,0.333579062,2.10E-07,2.75E-05
54.67965494,0.32950664,0.329506685,0.329481335,2.18E-07,2.71E-05
54.82131208,0.325337729,0.32533777,0.325313107,2.28E-07,2.67E-05
54.96296922,0.321100555,0.321100588,0.321076646,2.41E-07,2.64E-05
55.10462635,0.316797441,0.316797466,0.316774259,2.55E-07,2.60E-05
55.24628349,0.312430775,0.312430802,0.312408365,2.52E-07,2.56E-05
55.38794063,0.308003025,0.308003075,0.307981428,2.49E-07,2.52E-05
55.52959777,0.303516799,0.30351685,0.303496026,2.57E-07,2.49E-05
55.6712549,0.29897473,0.298974779,0.298954795,2.64E-07,2.45E-05
55.81291204,0.294379561,0.294379606,0.29436048,2.73E-07,2.41E-05
55.95456918,0.289734135,0.289734179,0.289715911,2.80E-07,2.38E-05
56.09622631,0.285041404,0.28504145,0.285024073,2.82E-07,2.35E-05
56.23788345,0.280304432,0.280304484,0.280288017,2.78E-07,2.32E-05
56.37954059,0.27552642,0.275526472,0.275510941,2.85E-07,2.29E-05
56.52119773,0.270710682,0.270710732,0.270696173,2.96E-07,2.26E-05
56.66285486,0.265860679,0.265860726,0.265847145,3.12E-07,2.24E-05
56.804512,0.260980025,0.260980066,0.260967488,3.30E-07,2.22E-05
56.94616914,0.256072495,0.256072531,0.256060988,3.47E-07,2.19E-05
57.08782627,0.251142033,0.251142077,0.251131586,3.37E-07,2.18E-05
57.22948341,0.246192808,0.246192855,0.246183446,3.49E-07,2.16E-05
57.37114055,0.241229171,0.241229225,0.241220915,3.48E-07,2.14E-05
57.51279769,0.236255716,0.236255778,0.236248577,3.45E-07,2.13E-05
57.65445482,0.231277286,0.231277354,0.231271292,3.46E-07,2.13E-05
57.79611196,0.226298992,0.226299065,0.226294151,3.49E-07,2.12E-05
57.9377691,0.221326243,0.221326321,0.221322595,3.50E-07,2.12E-05
58.07942624,0.216364772,0.216364857,0.216362314,3.48E-07,2.12E-05
58.22108337,0.211420674,0.211420762,0.211419419,3.56E-07,2.12E-05
58.36274051,0.206500422,0.206500514,0.206500406,3.68E-07,2.13E-05
58.50439765,0.201610915,0.201611009,0.201612162,3.84E-07,2.14E-05
58.64605478,0.19675951,0.196759607,0.196762015,4.02E-07,2.15E-05
58.78771192,0.191954063,0.191954163,0.191957863,4.17E-07,2.16E-05
58.92936906,0.187202961,0.187203076,0.187208111,3.96E-07,2.18E-05
59.0710262,0.182515204,0.182515325,0.182521699,4.10E-07,2.19E-05
59.21268333,0.177900387,0.17790052,0.177908244,4.07E-07,2.22E-05
59.35434047,0.17336879,0.173368936,0.173378035,4.00E-07,2.24E-05
59.49599761,0.1689314,0.168931558,0.168942053,3.99E-07,2.27E-05
59.63765474,0.164599941,0.16460011,0.164611996,4.01E-07,2.29E-05
59.77931188,0.160386907,0.160387087,0.16040036,4.04E-07,2.32E-05
59.92096902,0.156305568,0.156305759,0.156320426,4.05E-07,2.35E-05
60.06262616,0.152369972,0.152370174,0.152386231,4.13E-07,2.38E-05
60.20428329,0.148594909,0.148595125,0.148612556,4.25E-07,2.42E-05
60.34594043,0.144995861,0.144996092,0.145014862,4.40E-07,2.45E-05
60.48759757,0.141588905,0.141589154,0.14160925,4.57E-07,2.49E-05
60.6292547,0.138390574,0.138390839,0.138412197,4.68E-07,2.52E-05
60.77091184,0.135417674,0.135417945,0.135440517,4.34E-07,2.56E-05
60.91256898,0.132687008,0.132687293,0.132710989,4.42E-07,2.60E-05
61.05422612,0.130215122,0.130215423,0.130240184,4.38E-07,2.64E-05
61.19588325,0.128017931,0.128018249,0.128043972,4.33E-07,2.67E-05
61.33754039,0.126110318,0.126110653,0.126137226,4.35E-07,2.71E-05
61.47919753,0.124505714,0.124506067,0.12453337,4.39E-07,2.75E-05
61.62085466,0.123215666,0.123216034,0.123243926,4.44E-07,2.79E-05
61.7625118,0.122249417,0.122249798,0.122278137,4.46E-07,2.83E-05
61.90416894,0.121613551,0.121613942,0.121642576,4.45E-07,2.88E-05
62.04582608,0.121311705,0.12131211,0.121340886,4.52E-07,2.92E-05
62.18748321,0.12134441,0.121344834,0.121373575,4.65E-07,2.96E-05
62.32914035,0.121709038,0.121709484,0.121738031,4.82E-07,3.00E-05
62.47079749,0.122399886,0.122400349,0.122428556,4.92E-07,3.04E-05
62.61245462,0.123408401,0.123408838,0.123436556,4.52E-07,3.08E-05
62.75411176,0.124723339,0.124723789,0.124750904,4.62E-07,3.12E-05
62.8957689,0.126331406,0.126331848,0.126358226,4.48E-07,3.16E-05
63.03742604,0.128217461,0.128217901,0.128243429,4.43E-07,3.20E-05
63.17908317,0.130365076,0.130365521,0.130390096,4.46E-07,3.24E-05
63.32074031,0.132756944,0.132757396,0.132780951,4.52E-07,3.28E-05
63.46239745,0.135375276,0.135375734,0.135398186,4.58E-07,3.32E-05
63.60405458,0.138202151,0.138202611,0.138223903,4.62E-07,3.35E-05
63.74571172,0.141219812,0.141220269,0.141240347,4.61E-07,3.39E-05
63.88736886,0.144410889,0.144411352,0.144430184,4.68E-07,3.43E-05
64.029026,0.147758613,0.147759087,0.147776671,4.80E-07,3.46E-05
64.17068313,0.151246925,0.151247413,0.151263724,4.97E-07,3.50E-05
64.31234027,0.154860573,0.154861068,0.154876101,5.06E-07,3.53E-05
64.45399741,0.158585188,0.158585635,0.158599385,4.64E-07,3.57E-05
64.59565454,0.162407123,0.162407565,0.162420028,4.60E-07,3.60E-05
64.73731168,0.16631375,0.166314168,0.166325353,4.41E-07,3.63E-05
64.87896882,0.170293188,0.170293599,0.170303509,4.37E-07,3.67E-05
65.02062596,0.174334407,0.174334818,0.174343447,4.43E-07,3.70E-05
65.16228309,0.178427142,0.178427558,0.17843493,4.51E-07,3.73E-05
65.30394023,0.182561855,0.182562273,0.182568401,4.58E-07,3.76E-05
65.44559737,0.186729679,0.186730094,0.186735012,4.59E-07,3.80E-05
65.5872545,0.190922364,0.190922783,0.190926489,4.64E-07,3.82E-05
65.72891164,0.195132257,0.19513268,0.195135195,4.71E-07,3.85E-05
65.87056878,0.199352235,0.199352667,0.19935402,4.82E-07,3.88E-05
66.01222592,0.203575673,0.203576116,0.203576324,4.94E-07,3.90E-05
66.15388305,0.20779641,0.207796855,0.207795934,4.97E-07,3.93E-05
66.29554019,0.212008732,0.212009126,0.212007108,4.49E-07,3.95E-05
66.43719733,0.216207174,0.216207556,0.216204451,4.39E-07,3.98E-05
66.57885446,0.220386751,0.22038712,0.220382944,4.29E-07,4.00E-05
66.7205116,0.224542753,0.224543114,0.224537897,4.25E-07,4.02E-05
66.86216874,0.228670768,0.228671131,0.228664883,4.30E-07,4.04E-05
67.00382588,0.232766665,0.232767031,0.232759765,4.35E-07,4.07E-05
67.14548301,0.236826562,0.236826927,0.236818673,4.36E-07,4.09E-05
67.28714015,0.240846802,0.240847157,0.240837928,4.28E-07,4.11E-05
67.42879729,0.244823918,0.244824274,0.244814088,4.28E-07,4.13E-05
67.57045442,0.248754663,0.248755023,0.248743902,4.32E-07,4.14E-05
67.71211156,0.252635962,0.252636331,0.252624297,4.41E-07,4.16E-05
67.8537687,0.256464913,0.256465293,0.256452351,4.52E-07,4.18E-05
67.99542584,0.260238776,0.260239158,0.260225334,4.55E-07,4.20E-05
68.13708297,0.263954982,0.263955321,0.263940631,4.14E-07,4.22E-05
68.27874011,0.267610953,0.267611311,0.267595774,4.33E-07,4.23E-05
68.42039725,0.271204443,0.271204785,0.271188417,4.16E-07,4.25E-05
68.56205438,0.274733195,0.274733517,0.274716335,3.96E-07,4.26E-05
68.70371152,0.278195081,0.278195392,0.278177436,3.85E-07,4.27E-05
68.84536866,0.281588097,0.281588401,0.281569691,3.79E-07,4.29E-05
68.9870258,0.284910336,0.284910634,0.284891193,3.72E-07,4.30E-05
69.12868293,0.288159987,0.288160273,0.28814013,3.59E-07,4.32E-05
69.27034007,0.291335302,0.29133559,0.291314749,3.60E-07,4.33E-05
69.41199721,0.294434646,0.294434942,0.294413419,3.67E-07,4.34E-05
69.55365434,0.297456458,0.297456766,0.297434578,3.80E-07,4.35E-05
69.69531148,0.300399253,0.300399575,0.300376737,3.94E-07,4.36E-05
69.83696862,0.30326163,0.303261958,0.303238489,3.98E-07,4.37E-05
69.97862576,0.306042283,0.306042571,0.306018506,3.61E-07,4.38E-05
70.12028289,0.308739835,0.308740143,0.308715489,3.76E-07,4.38E-05
70.26194003,0.311353172,0.311353464,0.311328237,3.55E-07,4.39E-05
70.40359717,0.313881117,0.313881389,0.313855603,3.31E-07,4.39E-05
70.54525431,0.316322576,0.316322835,0.316296513,3.17E-07,4.40E-05
70.68691144,0.318676525,0.318676777,0.318649926,3.09E-07,4.40E-05
70.82856858,0.320942003,0.320942248,0.320914897,3.00E-07,4.40E-05
70.97022572,0.323118105,0.323118338,0.323090514,2.84E-07,4.40E-05
71.11188285,0.325203955,0.325204189,0.325175912,2.85E-07,4.40E-05
71.25353999,0.327198758,0.327198999,0.327170267,2.91E-07,4.40E-05
71.39519713,0.329101764,0.329102016,0.329072857,3.03E-07,4.39E-05
71.53685427,0.330912276,0.330912541,0.330882999,3.15E-07,4.39E-05
71.6785114,0.332629655,0.332629923,0.332600003,3.17E-07,4.38E-05
71.82016854,0.33425333,0.33425356,0.334223283,2.71E-07,4.37E-05
71.96182568,0.335782668,0.335782899,0.335752317,2.67E-07,4.36E-05
72.10348281,0.337217215,0.337217433,0.337186557,2.50E-07,4.35E-05
72.24513995,0.338556492,0.338556702,0.338525551,2.40E-07,4.34E-05
72.38679709,0.339800081,0.339800291,0.339768906,2.41E-07,4.32E-05
72.52845423,0.34094762,0.340947832,0.34091622,2.42E-07,4.31E-05
72.67011136,0.341998789,0.341998999,0.341967174,2.38E-07,4.29E-05
72.8117685,0.342953312,0.342953511,0.342921494,2.24E-07,4.27E-05
72.95342564,0.343810952,0.34381113,0.343778923,1.97E-07,4.25E-05
73.09508277,0.344571484,0.344571662,0.344539289,1.95E-07,4.24E-05
73.23673991,0.345234766,0.345234952,0.345202455,2.03E-07,4.21E-05
73.37839705,0.345800692,0.345800892,0.345768265,2.15E-07,4.19E-05
73.52005419,0.346269206,0.34626941,0.346236683,2.19E-07,4.17E-05
73.66171132,0.346640308,0.34664048,0.346607656,1.83E-07,4.14E-05
73.80336846,0.346913919,0.346914113,0.346881232,2.05E-07,4.11E-05
73.9450256,0.347090185,0.347090362,0.347057454,1.84E-07,4.08E-05
74.08668273,0.347169149,0.347169321,0.347136382,1.78E-07,4.06E-05
74.22833987,0.347150951,0.347151121,0.347118186,1.76E-07,4.02E-05
74.36999701,0.347035766,0.347035936,0.347003012,1.76E-07,3.99E-05
74.51165415,0.346823807,0.346823976,0.346791095,1.75E-07,3.96E-05
74.65331128,0.346515326,0.346515492,0.346482646,1.70E-07,3.92E-05
74.79496842,0.34611061,0.346110774,0.346077981,1.65E-07,3.88E-05
74.93662556,0.345609982,0.345610147,0.345577423,1.66E-07,3.85E-05
75.07828269,0.345013818,0.34501398,0.344981332,1.66E-07,3.81E-05
75.21993983,0.344322549,0.344322675,0.344290121,1.33E-07,3.77E-05
75.36159697,0.343536572,0.343536675,0.343504244,1.03E-07,3.73E-05
75.50325411,0.342656298,0.342656459,0.342624164,1.75E-07,3.69E-05
75.64491124,0.341682395,0.341682546,0.34165039,1.53E-07,3.65E-05
75.78656838,0.340615348,0.340615489,0.340583494,1.42E-07,3.61E-05
75.92822552,0.339455749,0.339455882,0.339424065,1.34E-07,3.56E-05
76.06988265,0.338204225,0.338204354,0.338172706,1.32E-07,3.52E-05
76.21153979,0.336861432,0.336861573,0.33683013,1.44E-07,3.48E-05
76.35319693,0.335428093,0.335428242,0.335396986,1.55E-07,3.43E-05
76.49485407,0.333904952,0.333905103,0.333874068,1.61E-07,3.39E-05
76.6365112,0.332292789,0.332292935,0.332262128,1.63E-07,3.34E-05
76.77816834,0.33059241,0.330592554,0.330561965,1.68E-07,3.29E-05
76.91982548,0.328804667,0.328804812,0.328774457,1.76E-07,3.25E-05
77.06148261,0.326930457,0.326930601,0.326900488,1.82E-07,3.20E-05
77.20313975,0.324970711,0.324970849,0.324940989,1.87E-07,3.15E-05
77.34479689,0.322926394,0.32292652,0.322896943,1.84E-07,3.11E-05
77.48645403,0.320798501,0.320798619,0.320769298,1.85E-07,3.06E-05
77.62811116,0.318588066,0.318588187,0.318559203,1.90E-07,3.01E-05
77.7697683,0.316296172,0.316296304,0.316267626,1.97E-07,2.96E-05
77.91142544,0.313923964,0.313924088,0.313895774,2.04E-07,2.91E-05
78.05308257,0.311472581,0.311472696,0.311444731,2.11E-07,2.86E-05
78.19473971,0.308943217,0.308943325,0.308915725,2.18E-07,2.81E-05
78.33639685,0.306337106,0.306337212,0.306309992,2.22E-07,2.76E-05
78.47805399,0.303655523,0.303655634,0.303628819,2.24E-07,2.71E-05
78.61971112,0.300899801,0.30089991,0.300873495,2.30E-07,2.66E-05
78.76136826,0.298071298,0.298071399,0.298045434,2.40E-07,2.61E-05
78.9030254,0.295171414,0.295171505,0.295146018,2.53E-07,2.56E-05
79.04468253,0.292201596,0.292201674,0.292176715,2.68E-07,2.50E-05
79.18633967,0.289163329,0.289163398,0.289138982,2.67E-07,2.44E-05
79.32799681,0.286058097,0.286058214,0.286034381,2.57E-07,2.38E-05
79.46965395,0.28288758,0.282887705,0.282864446,2.57E-07,2.33E-05
79.61131108,0.2796534,0.279653506,0.279630811,2.72E-07,2.27E-05
79.75296822,0.276357213,0.2763573,0.276335191,2.92E-07,2.22E-05
79.89462536,0.273000748,0.273000822,0.272979283,3.09E-07,2.16E-05
80.03628249,0.269585794,0.269585862,0.26956494,3.19E-07,2.11E-05
80.17793963,0.266114196,0.266114267,0.266093938,3.21E-07,2.06E-05
80.31959677,0.262587871,0.262587942,0.262568265,3.28E-07,2.00E-05
80.46125391,0.259008785,0.259008854,0.258989817,3.37E-07,1.95E-05
80.60291104,0.25537897,0.255379036,0.255360674,3.47E-07,1.90E-05
80.74456818,0.251700527,0.251700588,0.25168292,3.61E-07,1.85E-05
80.88622532,0.247975628,0.247975683,0.247958755,3.74E-07,1.79E-05
81.02788245,0.244206514,0.244206571,0.244190345,3.71E-07,1.75E-05
81.16953959,0.240395506,0.240395583,0.240380086,3.71E-07,1.70E-05
81.31119673,0.236545058,0.236545137,0.236530397,3.78E-07,1.65E-05
81.45285387,0.232657664,0.232657743,0.232643779,3.86E-07,1.60E-05
81.594511,0.228735934,0.228736011,0.228722818,3.95E-07,1.56E-05
81.73616814,0.224782579,0.224782657,0.224770275,4.02E-07,1.52E-05
81.87782528,0.22080043,0.220800511,0.220788961,4.06E-07,1.47E-05
82.01948241,0.21679244,0.216792527,0.216781815,4.05E-07,1.44E-05
82.16113955,0.212761703,0.212761792,0.212751926,4.12E-07,1.40E-05
82.30279669,0.208711447,0.208711536,0.208702532,4.23E-07,1.37E-05
82.44445383,0.204645059,0.204645147,0.20463704,4.37E-07,1.34E-05
82.58611096,0.200566096,0.200566183,0.200558987,4.54E-07,1.31E-05
82.7277681,0.196478298,0.196478384,0.196472117,4.69E-07,1.28E-05
82.86942524,0.192385598,0.192385694,0.192380356,4.59E-07,1.27E-05
83.01108237,0.188292173,0.188292273,0.188287874,4.71E-07,1.25E-05
83.15273951,0.184202414,0.184202523,0.184199072,4.71E-07,1.25E-05
83.29439665,0.180120985,0.180121104,0.180118629,4.69E-07,1.24E-05
83.43605379,0.176052833,0.17605296,0.176051484,4.71E-07,1.24E-05
83.57771092,0.17200321,0.172003345,0.172002875,4.74E-07,1.25E-05
83.71936806,0.167977709,0.167977851,0.167978391,4.76E-07,1.25E-05
83.8610252,0.163982285,0.163982437,0.163984005,4.76E-07,1.27E-05
84.00268234,0.1600233,0.160023458,0.160026085,4.84E-07,1.29E-05
84.14433947,0.156107538,0.156107703,0.156111418,4.94E-07,1.31E-05
84.28599661,0.152242252,0.152242426,0.15224725,5.08E-07,1.34E-05
84.42765375,0.148435195,0.148435378,0.148441299,5.23E-07,1.36E-05
84.56931088,0.144694653,0.144694845,0.144701877,5.35E-07,1.40E-05
84.71096802,0.14102947,0.141029678,0.141037831,5.16E-07,1.43E-05
84.85262516,0.137449098,0.137449318,0.13745858,5.29E-07,1.47E-05
84.9942823,0.133963584,0.133963818,0.133974197,5.27E-07,1.51E-05
85.13593943,0.130583609,0.130583859,0.130595337,5.21E-07,1.55E-05
85.27759657,0.127320475,0.127320742,0.127333308,5.20E-07,1.60E-05
85.41925371,0.124186088,0.12418637,0.124199989,5.22E-07,1.65E-05
85.56091084,0.121192914,0.121193212,0.121207858,5.25E-07,1.69E-05
85.70256798,0.11835391,0.118354223,0.118369851,5.27E-07,1.74E-05
85.84422512,0.11568242,0.11568275,0.115699316,5.34E-07,1.79E-05
85.98588226,0.113192035,0.113192384,0.113209804,5.43E-07,1.83E-05
86.12753939,0.110896406,0.110896776,0.11091502,5.55E-07,1.88E-05
86.26919653,0.108809015,0.108809407,0.108828403,5.69E-07,1.93E-05
86.41085367,0.106942906,0.10694332,0.106962996,5.78E-07,1.98E-05
86.5525108,0.105310386,0.105310804,0.105331072,5.48E-07,2.03E-05
86.69416794,0.103922629,0.103923064,0.103943838,5.54E-07,2.08E-05
86.83582508,0.102789431,0.102789877,0.10281104,5.43E-07,2.13E-05
86.97748222,0.10191879,0.101919251,0.101940696,5.40E-07,2.18E-05
87.11913935,0.101316652,0.101317132,0.101338741,5.44E-07,2.23E-05
87.26079649,0.10098666,0.100987157,0.101008801,5.49E-07,2.28E-05
87.40245363,0.100929981,0.100930494,0.100952045,5.54E-07,2.34E-05
87.54411076,0.101145245,0.101145769,0.101167105,5.57E-07,2.39E-05
87.6857679,0.101628575,0.101629107,0.101650112,5.57E-07,2.44E-05
87.82742504,0.102373712,0.102374257,0.102394798,5.63E-07,2.49E-05
87.96908218,0.103372254,0.103372814,0.103392793,5.74E-07,2.54E-05
88.11073931,0.104613931,0.104614508,0.104633825,5.87E-07,2.59E-05
88.25239645,0.106086945,0.106087533,0.106106101,5.95E-07,2.64E-05
88.39405359,0.107778346,0.107778905,0.107796641,5.60E-07,2.69E-05
88.53571072,0.109674248,0.109674804,0.109691661,5.57E-07,2.74E-05
88.67736786,0.111760368,0.111760912,0.111776824,5.44E-07,2.78E-05
88.819025,0.114022163,0.114022704,0.114037627,5.42E-07,2.83E-05
88.96068214,0.116445156,0.116445699,0.116459588,5.46E-07,2.87E-05
89.10233927,0.119015124,0.119015671,0.119028516,5.51E-07,2.92E-05
89.24399641,0.121718259,0.121718808,0.121730605,5.56E-07,2.96E-05
89.38565355,0.124541282,0.12454183,0.124552559,5.58E-07,3.00E-05
89.52731068,0.127471533,0.127472074,0.127481739,5.55E-07,3.05E-05
89.66896782,0.130497,0.130497543,0.130506133,5.60E-07,3.09E-05
89.81062496,0.13360638,0.13360693,0.133614446,5.69E-07,3.13E-05
89.9522821,0.136789063,0.136789623,0.136796057,5.82E-07,3.17E-05
90.09393923,0.140035132,0.140035695,0.140041069,5.88E-07,3.21E-05
90.23559637,0.14333536,0.143335881,0.143340204,5.52E-07,3.25E-05
90.37725351,0.146681038,0.146681552,0.146684832,5.48E-07,3.28E-05
90.51891064,0.150064183,0.150064673,0.150066926,5.28E-07,3.32E-05
90.66056778,0.153477296,0.153477777,0.153479017,5.23E-07,3.36E-05
90.80222492,0.156913436,0.156913918,0.156914158,5.27E-07,3.39E-05
90.94388206,0.160366153,0.160366637,0.160365895,5.34E-07,3.43E-05
91.08553919,0.163829441,0.163829925,0.163828219,5.38E-07,3.46E-05
91.22719633,0.167297711,0.16729819,0.16729553,5.36E-07,3.49E-05
91.36885347,0.17076574,0.170766219,0.170762618,5.38E-07,3.53E-05
91.5105106,0.17422867,0.174229152,0.17422463,5.43E-07,3.56E-05
91.65216774,0.177681962,0.17768245,0.177677024,5.50E-07,3.59E-05
91.79382488,0.181121375,0.18112187,0.181115555,5.58E-07,3.62E-05
91.93548202,0.184542946,0.18454344,0.184536255,5.59E-07,3.65E-05
92.07713915,0.187942985,0.18794344,0.187935405,5.22E-07,3.68E-05
92.21879629,0.191317918,0.191318374,0.191309503,5.25E-07,3.70E-05
92.36045343,0.194664518,0.194664961,0.19465527,5.13E-07,3.73E-05
92.50211056,0.197979684,0.197980112,0.197969622,4.99E-07,3.76E-05
92.6437677,0.201260499,0.201260919,0.201249641,4.92E-07,3.78E-05
92.78542484,0.204504221,0.204504635,0.204492589,4.88E-07,3.81E-05
92.92708198,0.207708262,0.207708671,0.207695869,4.83E-07,3.83E-05
93.06873911,0.210870176,0.210870576,0.210857033,4.73E-07,3.85E-05
93.21039625,0.213987633,0.213988032,0.213973764,4.74E-07,3.88E-05
93.35205339,0.21705844,0.217058844,0.217043867,4.78E-07,3.90E-05
93.49371052,0.220080518,0.22008093,0.220065257,4.87E-07,3.92E-05
93.63536766,0.223051895,0.223052317,0.223035966,4.96E-07,3.94E-05
93.7770248,0.225970705,0.225971129,0.225954113,4.98E-07,3.95E-05
93.91868194,0.228835199,0.228835587,0.228817919,4.64E-07,3.97E-05
94.06033907,0.231643597,0.231643999,0.231625691,4.74E-07,3.99E-05
94.20199621,0.234394369,0.234394756,0.234375824,4.56E-07,4.00E-05
94.34365335,0.237085961,0.237086329,0.237066789,4.35E-07,4.02E-05
94.48531048,0.239716907,0.239717263,0.23969714,4.22E-07,4.03E-05
94.62696762,0.242285827,0.242286176,0.242265488,4.14E-07,4.04E-05
94.76862476,0.244791409,0.244791751,0.244770507,4.05E-07,4.05E-05
94.9102819,0.247232408,0.247232738,0.247210966,3.91E-07,4.06E-05
95.05193903,0.249607617,0.249607947,0.249585653,3.90E-07,4.07E-05
95.19359617,0.251915915,0.25191625,0.25189345,3.94E-07,4.08E-05
95.33525331,0.254156229,0.254156572,0.25413328,4.02E-07,4.08E-05
95.47691044,0.256327544,0.256327898,0.256304131,4.12E-07,4.09E-05
95.61856758,0.258428906,0.258429262,0.258405064,4.13E-07,4.09E-05
95.76022472,0.260459426,0.26045975,0.260435145,3.80E-07,4.10E-05
95.90188186,0.262418161,0.2624185,0.262393503,3.90E-07,4.10E-05
96.04353899,0.264304369,0.264304694,0.264279307,3.71E-07,4.10E-05
96.18519613,0.266117258,0.266117565,0.266091801,3.50E-07,4.11E-05
96.32685327,0.267856094,0.267856389,0.267830261,3.36E-07,4.11E-05
96.46851041,0.269520199,0.269520487,0.269494021,3.26E-07,4.10E-05
96.61016754,0.271108943,0.271109224,0.271082442,3.17E-07,4.10E-05
96.75182468,0.272621738,0.272622007,0.272594917,3.02E-07,4.10E-05
96.89348182,0.274058015,0.274058284,0.274030901,3.01E-07,4.09E-05
97.03513895,0.27541727,0.275417544,0.275389897,3.04E-07,4.09E-05
97.17679609,0.276699035,0.276699316,0.276671422,3.11E-07,4.08E-05
97.31845323,0.277902879,0.277903169,0.277875042,3.18E-07,4.07E-05
97.46011037,0.279028419,0.27902871,0.279000368,3.17E-07,4.06E-05
97.6017675,0.280075325,0.280075583,0.280047054,2.78E-07,4.05E-05
97.74342464,0.2810432,0.28104347,0.281014776,2.88E-07,4.04E-05
97.88508178,0.28193183,0.281932091,0.281903237,2.77E-07,4.02E-05
98.02673891,0.282740949,0.282741202,0.282712199,2.67E-07,4.01E-05
98.16839605,0.283470344,0.283470594,0.283441468,2.62E-07,3.99E-05
98.31005319,0.284119847,0.284120094,0.284090848,2.58E-07,3.97E-05
98.45171033,0.284689323,0.284689564,0.284660228,2.50E-07,3.95E-05
98.59336746,0.285178671,0.285178901,0.285149504,2.36E-07,3.93E-05
98.7350246,0.285587825,0.285588037,0.285558596,2.15E-07,3.91E-05
98.87668174,0.285916728,0.285916937,0.285887469,2.11E-07,3.88E-05
99.01833887,0.286165387,0.2861656,0.286136123,2.15E-07,3.86E-05
99.15999601,0.286333838,0.286334059,0.286304593,2.22E-07,3.83E-05
99.30165315,0.286422159,0.28642238,0.286392934,2.22E-07,3.80E-05
99.44331029,0.286430474,0.286430662,0.286401253,1.88E-07,3.77E-05
99.58496742,0.28635883,0.286359036,0.286329686,2.07E-07,3.74E-05
99.72662456,0.28620747,0.286207667,0.286178395,1.97E-07,3.71E-05
99.8682817,0.285976573,0.285976751,0.285947531,1.80E-07,3.67E-05
100.0099388,0.28566632,0.285666516,0.285637387,1.97E-07,3.64E-05
100.151596,0.285277012,0.285277223,0.2852482,2.13E-07,3.60E-05
100.2932531,0.28480895,0.284809164,0.284780231,2.16E-07,3.57E-05
100.4349102,0.284262448,0.284262662,0.284233846,2.17E-07,3.53E-05
100.5765674,0.283637865,0.283638073,0.283609402,2.11E-07,3.49E-05
100.7182245,0.282935586,0.282935782,0.282907261,2.00E-07,3.45E-05
100.8598817,0.282156025,0.282156208,0.282127835,1.88E-07,3.41E-05
101.0015388,0.281299625,0.281299799,0.281271584,1.82E-07,3.37E-05
101.1431959,0.280366857,0.280367035,0.280339,1.89E-07,3.33E-05
101.2848531,0.279358226,0.279358426,0.279330562,2.15E-07,3.29E-05
101.4265102,0.278274366,0.278274513,0.278246852,1.74E-07,3.24E-05
101.5681673,0.277115729,0.277115868,0.277088411,1.69E-07,3.20E-05
101.7098245,0.27588295,0.275883095,0.275855845,1.77E-07,3.15E-05
101.8514816,0.274576665,0.274576827,0.274549791,1.91E-07,3.11E-05
101.9931388,0.273197562,0.273197729,0.273170909,2.00E-07,3.06E-05
102.1347959,0.271746327,0.271746495,0.271719918,2.07E-07,3.02E-05
102.276453,0.270223684,0.270223853,0.270197517,2.14E-07,2.97E-05
102.4181102,0.268630388,0.268630558,0.268604476,2.19E-07,2.92E-05
102.5597673,0.266967224,0.2669674,0.266941575,2.25E-07,2.87E-05
102.7014244,0.265235023,0.265235198,0.265209675,2.30E-07,2.82E-05
102.8430816,0.263434634,0.263434802,0.263409549,2.35E-07,2.77E-05
102.9847387,0.261566939,0.261567095,0.261542182,2.42E-07,2.72E-05
103.1263959,0.259632849,0.259632993,0.259608393,2.45E-07,2.67E-05
103.268053,0.257633276,0.25763344,0.257609194,2.53E-07,2.62E-05
103.4097101,0.255569252,0.255569417,0.255545532,2.56E-07,2.56E-05
103.5513673,0.253441787,0.253441935,0.253418437,2.62E-07,2.51E-05
103.6930244,0.251251906,0.251252041,0.251228932,2.69E-07,2.45E-05
103.8346815,0.249000689,0.249000812,0.248978105,2.78E-07,2.40E-05
103.9763387,0.246689247,0.246689365,0.246667092,2.84E-07,2.34E-05
104.1179958,0.244318728,0.244318847,0.244297016,2.87E-07,2.28E-05
104.2596529,0.241890317,0.241890444,0.241869085,2.86E-07,2.22E-05
104.4013101,0.239405251,0.239405377,0.239384517,2.92E-07,2.16E-05
104.5429672,0.236864785,0.236864908,0.236844536,3.01E-07,2.10E-05
104.6846244,0.234270219,0.234270333,0.234250504,3.13E-07,2.03E-05
104.8262815,0.231622888,0.231622992,0.231603673,3.28E-07,1.97E-05
104.9679386,0.228924168,0.228924264,0.228905458,3.28E-07,1.91E-05
105.1095958,0.226175451,0.226175572,0.226157302,3.26E-07,1.85E-05
105.2512529,0.223378264,0.223378384,0.223360627,3.36E-07,1.79E-05
105.39291,0.220534101,0.220534213,0.220517018,3.49E-07,1.73E-05
105.5345672,0.217644517,0.21764462,0.217627988,3.64E-07,1.67E-05
105.6762243,0.21471112,0.214711219,0.214695171,3.76E-07,1.61E-05
105.8178815,0.211735576,0.211735675,0.211720199,3.83E-07,1.55E-05
105.9595386,0.208719604,0.208719709,0.208704824,3.83E-07,1.49E-05
106.1011957,0.205664996,0.205665101,0.205650813,3.88E-07,1.43E-05
106.2428529,0.202573591,0.202573696,0.202560056,3.96E-07,1.37E-05
106.38451,0.199447299,0.199447403,0.199434389,4.05E-07,1.31E-05
106.5261671,0.196288099,0.1962882,0.196275835,4.17E-07,1.25E-05
106.6678243,0.193098047,0.193098145,0.193086445,4.29E-07,1.19E-05
106.8094814,0.189879269,0.189879371,0.189868345,4.28E-07,1.13E-05
106.9511386,0.186633997,0.186634102,0.186623745,4.43E-07,1.07E-05
107.0927957,0.183364541,0.183364652,0.183354995,4.49E-07,1.01E-05
107.2344528,0.180073319,0.180073435,0.180064498,4.52E-07,9.57E-06
107.37611,0.176762854,0.176762975,0.176754766,4.58E-07,9.03E-06
107.5177671,0.173435785,0.173435909,0.173428441,4.63E-07,8.51E-06
107.6594242,0.170094874,0.170095003,0.170088286,4.66E-07,8.02E-06
107.8010814,0.166743023,0.166743158,0.1667372,4.67E-07,7.58E-06
107.9427385,0.163383287,0.163383426,0.163378242,4.74E-07,7.17E-06
108.0843957,0.160018876,0.160019017,0.160014615,4.84E-07,6.81E-06
108.2260528,0.156653177,0.156653321,0.156649717,4.97E-07,6.50E-06
108.3677099,0.153289769,0.153289915,0.153287121,5.11E-07,6.27E-06
108.5093671,0.149932442,0.14993259,0.149930586,5.23E-07,6.11E-06
108.6510242,0.1465852,0.14658536,0.146584179,5.15E-07,6.03E-06
108.7926813,0.143252323,0.143252489,0.143252129,5.26E-07,6.05E-06
108.9343385,0.139938335,0.139938511,0.139938997,5.27E-07,6.15E-06
109.0759956,0.136648065,0.136648252,0.13664959,5.26E-07,6.33E-06
109.2176527,0.13338666,0.133386857,0.133389036,5.28E-07,6.57E-06
109.3593099,0.130159607,0.130159815,0.130162846,5.31E-07,6.89E-06
109.500967,0.126972766,0.126972984,0.126976888,5.35E-07,7.27E-06
109.6426242,0.123832395,0.123832623,0.123837406,5.36E-07,7.69E-06
109.7842813,0.120745176,0.120745415,0.120751062,5.43E-07,8.14E-06
109.9259384,0.117718243,0.117718493,0.117725007,5.52E-07,8.62E-06
110.0675956,0.114759199,0.114759461,0.11476685,5.64E-07,9.15E-06
110.2092527,0.111876139,0.111876415,0.111884662,5.77E-07,9.68E-06
110.3509098,0.10907766,0.10907795,0.109087055,5.87E-07,1.02E-05
110.492567,0.106372855,0.106373161,0.106383104,5.70E-07,1.08E-05
110.6342241,0.103771308,0.10377163,0.103782378,5.81E-07,1.14E-05
110.7758813,0.101283057,0.101283396,0.101294924,5.80E-07,1.19E-05
110.9175384,0.098918549,0.098918905,0.098931177,5.75E-07,1.25E-05
111.0591955,0.096688556,0.09668893,0.096701916,5.75E-07,1.31E-05
111.2008527,0.094604072,0.094604464,0.094618102,5.76E-07,1.37E-05
111.3425098,0.092676171,0.092676581,0.09269082,5.79E-07,1.42E-05
111.4841669,0.090915833,0.09091626,0.090931051,5.82E-07,1.48E-05
111.6258241,0.089333731,0.089334174,0.089349451,5.82E-07,1.54E-05
111.7674812,0.087939991,0.087940453,0.08795612,5.89E-07,1.60E-05
111.9091384,0.086743936,0.08674442,0.086760398,5.99E-07,1.65E-05
112.0507955,0.085753807,0.085754315,0.085770514,6.12E-07,1.71E-05
112.1924526,0.084976497,0.084977026,0.084993374,6.21E-07,1.77E-05
112.3341098,0.084417314,0.084417844,0.084434219,5.98E-07,1.82E-05
112.4757669,0.084079706,0.084080252,0.084096554,6.04E-07,1.88E-05
112.617424,0.083965226,0.083965776,0.083981909,5.94E-07,1.93E-05
112.7590812,0.084073354,0.084073912,0.084089771,5.91E-07,1.99E-05
112.9007383,0.084401556,0.084402127,0.084417619,5.93E-07,2.04E-05
113.0423955,0.084945355,0.084945937,0.084960969,5.97E-07,2.10E-05
113.1840526,0.085698476,0.085699068,0.085713553,6.01E-07,2.15E-05
113.3257097,0.086653064,0.086653662,0.086667542,6.03E-07,2.20E-05
113.4673669,0.087799939,0.087800539,0.087813732,6.03E-07,2.25E-05
113.609024,0.089128862,0.089129469,0.08914192,6.08E-07,2.30E-05
113.7506811,0.090628838,0.090629454,0.090641107,6.16E-07,2.35E-05
113.8923383,0.092288376,0.092289002,0.092299825,6.27E-07,2.40E-05
114.0339954,0.094095737,0.094096368,0.094106327,6.32E-07,2.45E-05
114.1756525,0.096039171,0.096039771,0.096048837,6.03E-07,2.49E-05
114.3173097,0.098106977,0.098107572,0.098115729,6.01E-07,2.54E-05
114.4589668,0.100287836,0.100288417,0.100295647,5.89E-07,2.59E-05
114.600624,0.102570771,0.102571344,0.102577645,5.86E-07,2.63E-05
114.7422811,0.104945291,0.104945863,0.104951226,5.88E-07,2.68E-05
114.8839382,0.107401429,0.107402001,0.107406443,5.93E-07,2.72E-05
115.0255954,0.109929765,0.109930336,0.109933866,5.96E-07,2.76E-05
115.1672525,0.112521436,0.112522002,0.112524627,5.96E-07,2.81E-05
115.3089096,0.115168133,0.115168691,0.115170417,5.91E-07,2.85E-05
115.4505668,0.117862076,0.117862632,0.117863462,5.93E-07,2.89E-05
115.5922239,0.120596018,0.120596579,0.120596534,6.00E-07,2.93E-05
115.7338811,0.123363209,0.123363776,0.123362871,6.10E-07,2.97E-05
115.8755382,0.126157369,0.126157937,0.126156182,6.14E-07,3.01E-05
116.0171953,0.128972678,0.128973212,0.128970628,5.85E-07,3.05E-05
116.1588525,0.13180363,0.131804155,0.131800756,5.79E-07,3.08E-05
116.3005096,0.134645188,0.134645699,0.134641495,5.69E-07,3.12E-05
116.4421667,0.137492624,0.137493125,0.137488135,5.62E-07,3.15E-05
116.5838239,0.140341536,0.140342034,0.140336273,5.63E-07,3.18E-05
116.725481,0.143187826,0.143188323,0.143181806,5.65E-07,3.22E-05
116.8671382,0.146027666,0.146028159,0.146020903,5.65E-07,3.25E-05
117.0087953,0.148857476,0.148857962,0.14884998,5.59E-07,3.28E-05
117.1504524,0.151673894,0.151674378,0.151665689,5.59E-07,3.31E-05
117.2921096,0.154473781,0.154474265,0.154464886,5.60E-07,3.34E-05
117.4337667,0.157254188,0.157254675,0.157244611,5.64E-07,3.37E-05
117.5754238,0.160012346,0.160012838,0.160002112,5.70E-07,3.39E-05
117.717081,0.162745657,0.162746147,0.16273477,5.69E-07,3.42E-05
117.8587381,0.165451692,0.165452149,0.165440128,5.39E-07,3.45E-05
118.0003953,0.168128062,0.168128529,0.168115884,5.49E-07,3.47E-05
118.1420524,0.170772647,0.170773102,0.170759844,5.36E-07,3.49E-05
118.2837095,0.173383364,0.173383802,0.173369951,5.20E-07,3.52E-05
118.4253667,0.175958248,0.175958676,0.175944239,5.11E-07,3.54E-05
118.5670238,0.178495453,0.178495874,0.178480871,5.04E-07,3.56E-05
118.7086809,0.180993229,0.180993643,0.180978084,4.98E-07,3.58E-05
118.8503381,0.183449915,0.18345032,0.183434221,4.87E-07,3.60E-05
118.9919952,0.185863922,0.185864326,0.185847708,4.86E-07,3.62E-05
119.1336524,0.188233755,0.188234162,0.188217027,4.88E-07,3.64E-05
119.2753095,0.190557991,0.190558403,0.190540769,4.94E-07,3.65E-05
119.4169666,0.192835277,0.192835697,0.19281759,5.01E-07,3.67E-05
119.5586238,0.195064335,0.195064756,0.19504619,5.01E-07,3.68E-05
119.7002809,0.197243963,0.197244355,0.197225348,4.72E-07,3.70E-05
119.841938,0.199372928,0.199373331,0.199353897,4.79E-07,3.71E-05
119.9835952,0.201450186,0.201450575,0.201430732,4.63E-07,3.72E-05
120.1252523,0.203474663,0.203475036,0.203454786,4.44E-07,3.74E-05
120.2669094,0.20544535,0.205445712,0.205425066,4.32E-07,3.75E-05
120.4085666,0.207361297,0.207361652,0.207340621,4.23E-07,3.76E-05
120.5502237,0.209221605,0.209221954,0.20920055,4.15E-07,3.77E-05
120.6918809,0.211025422,0.21102576,0.211004001,4.01E-07,3.77E-05
120.833538,0.21277192,0.212772257,0.212750166,3.98E-07,3.78E-05
120.9751951,0.214460337,0.214460677,0.214438258,4.00E-07,3.78E-05
121.1168523,0.216089943,0.21609029,0.216067566,4.05E-07,3.79E-05
121.2585094,0.217660055,0.217660409,0.217637385,4.11E-07,3.79E-05
121.4001665,0.21917003,0.219170384,0.219147081,4.10E-07,3.79E-05
121.5418237,0.220619279,0.220619606,0.22059604,3.82E-07,3.79E-05
121.6834808,0.222007161,0.222007501,0.221983687,3.90E-07,3.79E-05
121.825138,0.223333203,0.223333531,0.223309489,3.73E-07,3.79E-05
121.9667951,0.224596881,0.224597193,0.224572931,3.54E-07,3.79E-05
122.1084522,0.225797719,0.225798022,0.225773563,3.41E-07,3.78E-05
122.2501094,0.226935286,0.226935582,0.226910924,3.32E-07,3.78E-05
122.3917665,0.228009184,0.228009473,0.227984635,3.23E-07,3.77E-05
122.5334236,0.22901905,0.229019329,0.228994325,3.10E-07,3.76E-05
122.6750808,0.229964551,0.229964813,0.229939651,2.88E-07,3.75E-05
122.8167379,0.230845359,0.230845621,0.230820309,2.86E-07,3.74E-05
122.9583951,0.231661211,0.23166148,0.231636059,2.93E-07,3.73E-05
123.1000522,0.232411869,0.232412148,0.232386644,3.03E-07,3.72E-05
123.2417093,0.233097129,0.233097414,0.233071822,3.07E-07,3.70E-05
123.3833665,0.23371683,0.233717094,0.233691438,2.83E-07,3.69E-05
123.5250236,0.234270762,0.234271037,0.234245328,2.91E-07,3.67E-05
123.6666807,0.234758863,0.234759119,0.234733375,2.66E-07,3.65E-05
123.8083379,0.235180993,0.235181245,0.23515547,2.60E-07,3.63E-05
123.949995,0.235537098,0.235537349,0.235511553,2.59E-07,3.61E-05
124.0916522,0.235827142,0.235827393,0.235801596,2.59E-07,3.59E-05
124.2333093,0.236051118,0.236051368,0.23602558,2.56E-07,3.57E-05
124.3749664,0.236209047,0.236209291,0.236183552,2.49E-07,3.54E-05
124.5166236,0.236300974,0.236301208,0.236275517,2.36E-07,3.52E-05
124.6582807,0.236326973,0.236327192,0.236301561,2.20E-07,3.49E-05
124.7999378,0.23628712,0.236287342,0.236261781,2.22E-07,3.46E-05
124.941595,0.236181555,0.236181786,0.236156313,2.31E-07,3.43E-05
125.0832521,0.236010442,0.236010676,0.235985287,2.34E-07,3.40E-05
125.2249092,0.235773989,0.235774194,0.235748903,2.05E-07,3.37E-05
125.3665664,0.235472335,0.235472545,0.235447368,2.10E-07,3.34E-05
125.5082235,0.235105756,0.235105963,0.235080895,2.08E-07,3.30E-05
125.6498807,0.234674508,0.234674706,0.234649767,2.01E-07,3.27E-05
125.7915378,0.23417886,0.234179059,0.234154258,2.04E-07,3.23E-05
125.9331949,0.233619136,0.233619334,0.23359468,2.04E-07,3.20E-05
126.0748521,0.232995669,0.232995867,0.232971372,2.04E-07,3.16E-05
126.2165092,0.232308822,0.23230902,0.232284701,2.05E-07,3.12E-05
126.3581663,0.231558982,0.231559181,0.231535037,2.07E-07,3.08E-05
126.4998235,0.230746563,0.230746764,0.230722797,2.09E-07,3.04E-05
126.6414806,0.229872004,0.229872208,0.229848421,2.12E-07,3.00E-05
126.7831378,0.228935772,0.228935978,0.228912391,2.15E-07,2.96E-05
126.9247949,0.227938362,0.227938564,0.227915194,2.14E-07,2.92E-05
127.066452,0.226880302,0.226880481,0.226857318,2.06E-07,2.88E-05
127.2081092,0.225762124,0.22576227,0.225739336,1.87E-07,2.83E-05
127.3497663,0.224584351,0.224584497,0.224561789,1.92E-07,2.79E-05
127.4914234,0.223347596,0.223347756,0.223325258,2.04E-07,2.74E-05
127.6330806,0.222052496,0.222052662,0.222030405,2.14E-07,2.70E-05
127.7747377,0.220699694,0.220699861,0.220677841,2.22E-07,2.65E-05
127.9163949,0.219289856,0.21929002,0.219268252,2.26E-07,2.60E-05
128.058052,0.217823675,0.217823835,0.217802332,2.30E-07,2.56E-05
128.1997091,0.216301867,0.216302026,0.216280796,2.33E-07,2.51E-05
128.3413663,0.214725188,0.214725343,0.21470441,2.36E-07,2.46E-05
128.4830234,0.213094409,0.213094558,0.213073934,2.42E-07,2.41E-05
128.6246805,0.211410332,0.211410473,0.21139017,2.49E-07,2.36E-05
128.7663377,0.209673784,0.209673916,0.209653939,2.57E-07,2.31E-05
128.9079948,0.207885618,0.207885743,0.20786613,2.58E-07,2.25E-05
129.049652,0.206046696,0.206046837,0.206027577,2.62E-07,2.20E-05
129.1913091,0.204157967,0.204158112,0.204139234,2.66E-07,2.14E-05
129.3329662,0.202220374,0.202220507,0.202202017,2.77E-07,2.09E-05
129.4746234,0.200234872,0.200234994,0.20021692,2.89E-07,2.03E-05
129.6162805,0.19820246,0.198202574,0.198184928,3.01E-07,1.97E-05
129.7579376,0.196124169,0.196124279,0.196107083,3.09E-07,1.92E-05
129.8995948,0.194001062,0.194001174,0.193984426,3.14E-07,1.86E-05
130.0412519,0.191834244,0.191834355,0.191818067,3.20E-07,1.80E-05
130.182909,0.189624845,0.189624954,0.189609113,3.28E-07,1.74E-05
130.3245662,0.18737403,0.187374136,0.187358733,3.38E-07,1.68E-05
130.4662233,0.185083003,0.185083105,0.185068165,3.48E-07,1.62E-05
130.6078805,0.182753003,0.1827531,0.182738611,3.59E-07,1.56E-05
130.7495376,0.180385306,0.180385403,0.180371399,3.62E-07,1.50E-05
130.8911947,0.177981225,0.177981334,0.177967819,3.66E-07,1.44E-05
131.0328519,0.175542149,0.175542259,0.17552926,3.74E-07,1.38E-05
131.174509,0.17306948,0.173069589,0.173057104,3.82E-07,1.32E-05
131.3161661,0.170564675,0.170564782,0.17055284,3.91E-07,1.26E-05
131.4578233,0.168029241,0.168029348,0.168017921,3.98E-07,1.20E-05
131.5994804,0.165464744,0.165464852,0.165453957,4.03E-07,1.13E-05
131.7411376,0.162872801,0.162872915,0.162862566,4.05E-07,1.07E-05
131.8827947,0.160255104,0.160255218,0.160245422,4.12E-07,1.01E-05
132.0244518,0.157613397,0.157613511,0.157604273,4.22E-07,9.47E-06
132.166109,0.154949498,0.154949611,0.154940952,4.33E-07,8.84E-06
132.3077661,0.1522653,0.152265412,0.152257345,4.47E-07,8.19E-06
132.4494232,0.149562777,0.149562887,0.149555427,4.59E-07,7.55E-06
132.5910804,0.146843982,0.146844097,0.146837237,4.58E-07,6.91E-06
132.7327375,0.14411108,0.144111198,0.144104941,4.68E-07,6.28E-06
132.8743947,0.141366323,0.141366447,0.141360805,4.71E-07,5.65E-06
133.0160518,0.138612082,0.138612212,0.138607209,4.73E-07,5.00E-06
133.1577089,0.135850843,0.135850979,0.135846621,4.77E-07,4.36E-06
133.2993661,0.133085225,0.133085366,0.133081664,4.82E-07,3.73E-06
133.4410232,0.130317985,0.130318131,0.130315077,4.86E-07,3.12E-06
133.5826803,0.127552034,0.127552188,0.127549778,4.87E-07,2.55E-06
133.7243375,0.124790455,0.124790614,0.124788864,4.94E-07,2.02E-06
133.8659946,0.122036511,0.122036675,0.122035596,5.04E-07,1.58E-06
134.0076518,0.119293659,0.119293828,0.119293429,5.15E-07,1.34E-06
134.1493089,0.116565578,0.116565752,0.116566025,5.27E-07,1.40E-06
134.290966,0.113856177,0.113856357,0.113857306,5.38E-07,1.72E-06
134.4326232,0.111169615,0.111169808,0.111171436,5.30E-07,2.20E-06
134.5742803,0.108510342,0.108510544,0.108512861,5.40E-07,2.75E-06
134.7159374,0.105883087,0.105883301,0.105886295,5.41E-07,3.33E-06
134.8575946,0.103292905,0.103293131,0.103296816,5.40E-07,3.94E-06
134.9992517,0.100745189,0.100745427,0.100749794,5.42E-07,4.56E-06
135.1409088,0.098245689,0.09824594,0.098251006,5.45E-07,5.20E-06
135.282566,0.095800534,0.095800797,0.095806544,5.49E-07,5.83E-06
135.4242231,0.093416243,0.093416519,0.093422932,5.51E-07,6.46E-06
135.5658803,0.091099735,0.091100025,0.091107094,5.57E-07,7.08E-06
135.7075374,0.088858332,0.088858636,0.08886636,5.65E-07,7.72E-06
135.8491945,0.086699747,0.086700068,0.086708403,5.75E-07,8.34E-06
135.9908517,0.084632069,0.084632407,0.084641342,5.86E-07,8.96E-06
136.1325088,0.082663717,0.082664072,0.082673567,5.94E-07,9.57E-06
136.2741659,0.080803392,0.08080376,0.080813786,5.77E-07,1.02E-05
136.4158231,0.079059976,0.079060362,0.07907086,5.82E-07,1.08E-05
136.5574802,0.077442451,0.077442855,0.077453789,5.82E-07,1.14E-05
136.6991374,0.075959751,0.075960173,0.07597149,5.81E-07,1.19E-05
136.8407945,0.074620602,0.074621044,0.074632681,5.84E-07,1.25E-05
136.9824516,0.073433339,0.073433801,0.073445696,5.87E-07,1.31E-05
137.1241088,0.072405699,0.072406179,0.072418269,5.90E-07,1.36E-05
137.2657659,0.071544603,0.071545099,0.0715573,5.92E-07,1.42E-05
137.407423,0.070855938,0.070856447,0.070868701,5.92E-07,1.47E-05
137.5490802,0.07034435,0.070344875,0.070357099,5.96E-07,1.53E-05
137.6907373,0.07001308,0.070013623,0.07002573,6.04E-07,1.58E-05
137.8323945,0.069863825,0.069864388,0.069876301,6.13E-07,1.64E-05
137.9740516,0.069896666,0.069897245,0.069908882,6.19E-07,1.69E-05
138.1157087,0.070110056,0.070110629,0.070121922,5.98E-07,1.74E-05
138.2573659,0.070500801,0.070501385,0.07051225,6.04E-07,1.80E-05
138.399023,0.071064286,0.07106487,0.071075237,5.96E-07,1.85E-05
138.5406801,0.071794525,0.071795112,0.071804924,5.94E-07,1.90E-05
138.6823373,0.072684409,0.072685002,0.072694215,5.95E-07,1.95E-05
138.8239944,0.073725912,0.07372651,0.073735078,5.99E-07,2.00E-05
138.9656516,0.074910309,0.074910911,0.074918796,6.02E-07,2.04E-05
139.1073087,0.076228402,0.076229006,0.07623618,6.04E-07,2.09E-05
139.2489658,0.077670719,0.07767132,0.077677753,6.02E-07,2.14E-05
139.390623,0.079227686,0.079228289,0.079233966,6.06E-07,2.19E-05
139.5322801,0.080889803,0.080890411,0.080895313,6.12E-07,2.23E-05
139.6739372,0.082647754,0.082648367,0.082652487,6.20E-07,2.27E-05
139.8155944,0.084492511,0.084493126,0.084496463,6.24E-07,2.32E-05
139.9572515,0.086415423,0.086416008,0.086418559,6.00E-07,2.36E-05
140.0989086,0.088408159,0.088408738,0.088410509,5.97E-07,2.40E-05
140.2405658,0.090462909,0.090463471,0.090464469,5.85E-07,2.45E-05
140.3822229,0.092572257,0.092572812,0.092573047,5.82E-07,2.49E-05
140.5238801,0.094729258,0.09472981,0.09472929,5.84E-07,2.53E-05
140.6655372,0.096927408,0.096927958,0.096926692,5.87E-07,2.57E-05
140.8071943,0.099160625,0.099161173,0.099159186,5.89E-07,2.61E-05
140.9488515,0.101423239,0.101423781,0.101421083,5.88E-07,2.65E-05
141.0905086,0.103709954,0.103710495,0.103707099,5.90E-07,2.68E-05
141.2321657,0.106015847,0.106016387,0.106012306,5.92E-07,2.72E-05
141.3738229,0.108336331,0.108336872,0.108332117,5.96E-07,2.75E-05
141.51548,0.110667134,0.110667676,0.110662263,6.01E-07,2.79E-05
141.6571372,0.113004281,0.113004821,0.112998765,6.00E-07,2.82E-05
141.7987943,0.115344087,0.115344595,0.115337902,5.72E-07,2.85E-05
141.9404514,0.117683038,0.117683535,0.117676224,5.64E-07,2.88E-05
142.0821086,0.120017921,0.120018408,0.120010493,5.56E-07,2.91E-05
142.2237657,0.122345711,0.12234619,0.122337682,5.52E-07,2.94E-05
142.3654228,0.124663576,0.124664052,0.124654964,5.52E-07,2.97E-05
142.50708,0.126968867,0.126969341,0.126959691,5.52E-07,3.00E-05
142.6487371,0.1292591,0.129259569,0.129249362,5.51E-07,3.03E-05
142.7903943,0.131531939,0.1315324,0.131521653,5.43E-07,3.05E-05
142.9320514,0.133785176,0.133785635,0.13377436,5.41E-07,3.08E-05
143.0737085,0.136016745,0.136017202,0.13600541,5.41E-07,3.11E-05
143.2153657,0.138224692,0.138225151,0.138212854,5.43E-07,3.13E-05
143.3570228,0.140407178,0.14040764,0.140394852,5.46E-07,3.15E-05
143.4986799,0.142562466,0.142562927,0.14254966,5.45E-07,3.18E-05
143.6403371,0.144688933,0.144689365,0.144675633,5.19E-07,3.20E-05
143.7819942,0.146784957,0.146785397,0.146771208,5.26E-07,3.22E-05
143.9236514,0.148849116,0.148849545,0.148834914,5.14E-07,3.24E-05
144.0653085,0.150879994,0.150880408,0.150865344,4.99E-07,3.26E-05
144.2069656,0.152876252,0.152876657,0.152861172,4.90E-07,3.27E-05
144.3486228,0.154836632,0.15483703,0.154821134,4.83E-07,3.29E-05
144.4902799,0.156759936,0.156760328,0.156744032,4.76E-07,3.31E-05
144.631937,0.158645029,0.158645411,0.158628725,4.65E-07,3.32E-05
144.7735942,0.160490816,0.160491196,0.160474131,4.63E-07,3.34E-05
144.9152513,0.162296271,0.162296653,0.162279224,4.63E-07,3.35E-05
145.0569085,0.164060415,0.164060801,0.164043017,4.67E-07,3.36E-05
145.1985656,0.165782317,0.165782709,0.16576458,4.71E-07,3.37E-05
145.3402227,0.167461099,0.167461491,0.16744304,4.70E-07,3.39E-05
145.4818799,0.169095936,0.169096304,0.169077539,4.45E-07,3.40E-05
145.623537,0.170685972,0.170686347,0.170667288,4.50E-07,3.41E-05
145.7651941,0.172230497,0.172230861,0.172211511,4.35E-07,3.42E-05
145.9068513,0.173728774,0.173729124,0.173709494,4.18E-07,3.42E-05
146.0485084,0.175180111,0.175180451,0.175160558,4.06E-07,3.43E-05
146.1901655,0.17658386,0.176584194,0.176564049,3.97E-07,3.44E-05
146.3318227,0.177939411,0.177939738,0.177919348,3.89E-07,3.44E-05
146.4734798,0.179246188,0.179246505,0.179225896,3.76E-07,3.44E-05
146.615137,0.18050363,0.180503946,0.180483126,3.72E-07,3.45E-05
146.7567941,0.181711228,0.181711545,0.181690525,3.72E-07,3.45E-05
146.8984512,0.182868498,0.182868819,0.182847614,3.75E-07,3.45E-05
147.0401084,0.183974987,0.183975313,0.183953941,3.78E-07,3.45E-05
147.1817655,0.185030276,0.185030602,0.185009064,3.76E-07,3.44E-05
147.3234226,0.186033986,0.186034289,0.186012585,3.51E-07,3.44E-05
147.4650798,0.186985695,0.186986007,0.186964154,3.56E-07,3.44E-05
147.6067369,0.187885114,0.187885416,0.187863439,3.42E-07,3.43E-05
147.7483941,0.188731914,0.188732203,0.188710121,3.25E-07,3.43E-05
147.8900512,0.189525801,0.189526082,0.189503894,3.13E-07,3.42E-05
148.0317083,0.190266518,0.190266792,0.190244519,3.04E-07,3.41E-05
148.1733655,0.190953831,0.190954099,0.190931758,2.95E-07,3.40E-05
148.3150226,0.191587536,0.191587795,0.19156539,2.84E-07,3.39E-05
148.4566797,0.192167451,0.192167697,0.192145234,2.67E-07,3.38E-05
148.5983369,0.1926934,0.192693645,0.192671152,2.64E-07,3.37E-05
148.739994,0.193165255,0.193165505,0.193142976,2.67E-07,3.35E-05
148.8816512,0.193582911,0.193583168,0.19356062,2.74E-07,3.34E-05
149.0233083,0.193946287,0.193946547,0.193923987,2.75E-07,3.32E-05
149.1649654,0.194255339,0.194255579,0.194233011,2.53E-07,3.31E-05
149.3066226,0.194509977,0.194510227,0.194487666,2.59E-07,3.29E-05
149.4482797,0.194710237,0.194710473,0.194687943,2.43E-07,3.27E-05
149.5899368,0.194856095,0.194856326,0.194833846,2.36E-07,3.25E-05
149.731594,0.194947587,0.194947816,0.194925387,2.33E-07,3.23E-05
149.8732511,0.194984767,0.194984995,0.194962636,2.31E-07,3.20E-05
150.0149083,0.194967712,0.194967938,0.194945657,2.28E-07,3.18E-05
150.1565654,0.194896522,0.194896743,0.194874542,2.22E-07,3.15E-05
150.2982225,0.194771315,0.19477153,0.194749422,2.15E-07,3.13E-05
150.4398797,0.194592233,0.19459244,0.194570436,2.07E-07,3.10E-05
150.5815368,0.194359437,0.194359637,0.194337739,2.00E-07,3.07E-05
150.7231939,0.194073113,0.194073306,0.194051522,1.93E-07,3.04E-05
150.8648511,0.193733474,0.193733654,0.193711994,1.81E-07,3.01E-05
151.0065082,0.193340725,0.19334091,0.193319387,1.94E-07,2.98E-05
151.1481653,0.192895135,0.192895324,0.192873942,1.95E-07,2.95E-05
151.2898225,0.192396978,0.192397166,0.192375944,1.94E-07,2.92E-05
151.4314796,0.191846547,0.19184673,0.191825664,1.91E-07,2.88E-05
151.5731368,0.191244154,0.191244329,0.191223436,1.86E-07,2.85E-05
151.7147939,0.190590122,0.190590299,0.190569583,1.90E-07,2.81E-05
151.856451,0.189884817,0.189884994,0.189864456,1.94E-07,2.78E-05
151.9981082,0.189128615,0.189128794,0.189108439,1.98E-07,2.74E-05
152.1397653,0.188321916,0.188322094,0.188301933,2.01E-07,2.70E-05
152.2814224,0.187465142,0.187465316,0.187445361,2.02E-07,2.66E-05
152.4230796,0.186558732,0.186558899,0.186539149,1.99E-07,2.63E-05
152.5647367,0.185603139,0.185603305,0.185583773,2.02E-07,2.58E-05
152.7063939,0.184598851,0.184599016,0.184579691,2.08E-07,2.55E-05
152.848051,0.183546379,0.183546536,0.183527437,2.10E-07,2.50E-05
152.9897081,0.182446256,0.182446389,0.182427528,2.00E-07,2.46E-05
153.1313653,0.181298983,0.181299123,0.181280487,2.14E-07,2.42E-05
153.2730224,0.180105151,0.180105305,0.180086909,2.29E-07,2.38E-05
153.4146795,0.178865368,0.178865524,0.178847356,2.40E-07,2.33E-05
153.5563367,0.177580239,0.177580392,0.177562477,2.46E-07,2.29E-05
153.6979938,0.176250393,0.17625054,0.176232866,2.50E-07,2.25E-05
153.839651,0.174876483,0.174876626,0.174859212,2.52E-07,2.20E-05
153.9813081,0.173459182,0.173459325,0.17344217,2.53E-07,2.16E-05
154.1229652,0.171999201,0.171999339,0.171982461,2.57E-07,2.11E-05
154.2646224,0.170497259,0.170497391,0.170480797,2.64E-07,2.07E-05
154.4062795,0.168954103,0.168954228,0.168937927,2.73E-07,2.02E-05
154.5479366,0.167370505,0.167370621,0.167354642,2.83E-07,1.97E-05
154.6895938,0.165747255,0.165747365,0.16573172,2.86E-07,1.92E-05
154.8312509,0.164085149,0.164085281,0.164069998,2.85E-07,1.87E-05
154.9729081,0.162385078,0.162385213,0.162370304,2.88E-07,1.82E-05
155.1145652,0.16064791,0.160648035,0.160633521,3.00E-07,1.77E-05
155.2562223,0.15887453,0.158874645,0.158860512,3.13E-07,1.72E-05
155.3978795,0.157065862,0.157065969,0.157052219,3.25E-07,1.66E-05
155.5395366,0.155222861,0.155222965,0.155209618,3.33E-07,1.61E-05
155.6811937,0.153346511,0.153346617,0.153333652,3.38E-07,1.56E-05
155.8228509,0.151437838,0.151437943,0.151425387,3.45E-07,1.50E-05
155.964508,0.149497888,0.149497992,0.149485828,3.52E-07,1.45E-05
156.1061651,0.147527744,0.147527846,0.147516113,3.61E-07,1.40E-05
156.2478223,0.145528526,0.145528626,0.145517321,3.72E-07,1.34E-05
156.3894794,0.143501389,0.143501486,0.143490619,3.82E-07,1.29E-05
156.5311366,0.141447524,0.141447622,0.141437206,3.84E-07,1.23E-05
156.6727937,0.139368162,0.139368271,0.139358322,3.88E-07,1.17E-05
156.8144508,0.137264603,0.137264714,0.137255214,3.95E-07,1.12E-05
156.956108,0.135138168,0.135138279,0.135129237,4.03E-07,1.06E-05
157.0977651,0.132990233,0.132990343,0.132981772,4.11E-07,1.01E-05
157.2394222,0.130822226,0.130822337,0.130814236,4.18E-07,9.51E-06
157.3810794,0.128635635,0.128635749,0.128628121,4.23E-07,8.95E-06
157.5227365,0.126432008,0.126432126,0.126424992,4.25E-07,8.39E-06
157.6643937,0.124212963,0.124213083,0.124206451,4.32E-07,7.83E-06
157.8060508,0.121980183,0.121980304,0.121974177,4.41E-07,7.26E-06
157.9477079,0.119735428,0.11973555,0.119729926,4.51E-07,6.70E-06
158.0893651,0.117480541,0.117480663,0.117475549,4.63E-07,6.14E-06
158.2310222,0.115217452,0.115217575,0.115212985,4.74E-07,5.58E-06
158.3726793,0.112948185,0.112948315,0.112944256,4.72E-07,5.03E-06
158.5143365,0.11067488,0.110675014,0.11067149,4.81E-07,4.48E-06
158.6559936,0.108399779,0.10839992,0.108396926,4.84E-07,3.95E-06
158.7976508,0.106125254,0.106125403,0.10612294,4.86E-07,3.43E-06
158.9393079,0.103853811,0.103853966,0.103852035,4.89E-07,2.94E-06
159.080965,0.1015881,0.101588262,0.101586873,4.94E-07,2.50E-06
159.2226222,0.099330931,0.0993311,0.099330259,4.97E-07,2.12E-06
159.3642793,0.097085284,0.097085461,0.097085166,5.00E-07,1.86E-06
159.5059364,0.094854331,0.094854515,0.094854763,5.06E-07,1.76E-06
159.6475936,0.092641444,0.092641636,0.092642429,5.14E-07,1.85E-06
159.7892507,0.090450214,0.090450414,0.090451762,5.23E-07,2.12E-06
159.9309079,0.08828447,0.088284678,0.088286589,5.34E-07,2.51E-06
160.072565,0.086148293,0.08614851,0.086150985,5.43E-07,2.97E-06
160.2142221,0.084046031,0.084046261,0.084049286,5.35E-07,3.46E-06
160.3558793,0.081982329,0.08198257,0.081986143,5.44E-07,3.99E-06
160.4975364,0.079962123,0.079962377,0.079966494,5.44E-07,4.53E-06
160.6391935,0.077990665,0.077990933,0.077995586,5.43E-07,5.08E-06
160.7808507,0.076073529,0.076073812,0.076078984,5.45E-07,5.64E-06
160.9225078,0.074216612,0.074216909,0.074222582,5.47E-07,6.20E-06
161.0641649,0.072426126,0.072426437,0.072432593,5.50E-07,6.75E-06
161.2058221,0.070708584,0.070708911,0.070715541,5.52E-07,7.32E-06
161.3474792,0.069070776,0.069071118,0.069078187,5.58E-07,7.88E-06
161.4891364,0.067519718,0.067520077,0.067527541,5.64E-07,8.42E-06
161.6307935,0.066062599,0.066062976,0.066070799,5.72E-07,8.96E-06
161.7724506,0.064706697,0.064707094,0.06471522,5.81E-07,9.48E-06
161.9141078,0.063459278,0.063459693,0.063468098,5.87E-07,1.00E-05
162.0557649,0.062327476,0.062327902,0.062336528,5.72E-07,1.05E-05
162.197422,0.061318124,0.061318567,0.06132736,5.76E-07,1.10E-05
162.3390792,0.060437631,0.060438091,0.060446999,5.75E-07,1.15E-05
162.4807363,0.05969179,0.059692266,0.059701222,5.74E-07,1.20E-05
162.6223935,0.059085602,0.059086095,0.059095046,5.75E-07,1.25E-05
162.7640506,0.058623121,0.058623629,0.058632504,5.78E-07,1.30E-05
162.9057077,0.058307296,0.05830782,0.058316568,5.80E-07,1.35E-05
163.0473649,0.058139866,0.058140401,0.058148957,5.81E-07,1.40E-05
163.189022,0.058121276,0.05812182,0.058130116,5.80E-07,1.45E-05
163.3306791,0.058250647,0.058251202,0.058259184,5.84E-07,1.50E-05
163.4723363,0.05852581,0.058526378,0.05853398,5.89E-07,1.55E-05
163.6139934,0.058943369,0.058943951,0.058951122,5.97E-07,1.60E-05
163.7556506,0.05949882,0.05949941,0.059506099,6.01E-07,1.64E-05
163.8973077,0.060186701,0.060187279,0.060193447,5.83E-07,1.69E-05
164.0389648,0.061000695,0.061001278,0.061006889,5.86E-07,1.73E-05
164.180622,0.061933931,0.061934509,0.061939534,5.79E-07,1.78E-05
164.3222791,0.06297905,0.062979625,0.062984037,5.76E-07,1.82E-05
164.4639362,0.064128429,0.064129005,0.064132791,5.76E-07,1.86E-05
164.6055934,0.065374324,0.0653749,0.065378047,5.79E-07,1.90E-05
164.7472505,0.06670899,0.066709566,0.066712062,5.81E-07,1.95E-05
164.8889077,0.0681248,0.068125374,0.068127215,5.81E-07,1.99E-05
165.0305648,0.069614322,0.069614891,0.069616081,5.79E-07,2.03E-05
165.1722219,0.071170381,0.071170948,0.071171489,5.80E-07,2.07E-05
165.3138791,0.072786119,0.072786688,0.07278658,5.85E-07,2.11E-05
165.4555362,0.074455017,0.074455588,0.074454842,5.91E-07,2.15E-05
165.5971933,0.076170915,0.076171486,0.076170109,5.94E-07,2.18E-05
165.7388505,0.07792803,0.077928575,0.077926575,5.73E-07,2.22E-05
165.8805076,0.079720871,0.079721408,0.079718795,5.69E-07,2.26E-05
166.0221647,0.081544365,0.081544887,0.081541669,5.58E-07,2.30E-05
166.1638219,0.083393734,0.083394247,0.083390433,5.54E-07,2.33E-05
166.305479,0.085264535,0.085265045,0.085260642,5.55E-07,2.37E-05
166.4471362,0.087152627,0.087153135,0.087148155,5.57E-07,2.40E-05
166.5887933,0.089054151,0.089054656,0.089049107,5.58E-07,2.43E-05
166.7304504,0.090965508,0.090966008,0.090959906,5.56E-07,2.47E-05
166.8721076,0.092883339,0.092883835,0.092877186,5.56E-07,2.50E-05
167.0137647,0.094804514,0.094805009,0.094797826,5.57E-07,2.53E-05
167.1554218,0.096726113,0.096726608,0.096718905,5.59E-07,2.56E-05
167.297079,0.098645408,0.098645904,0.098637696,5.62E-07,2.59E-05
167.4387361,0.100559853,0.100560346,0.100551648,5.60E-07,2.62E-05
167.5803933,0.102467078,0.102467545,0.102458364,5.38E-07,2.65E-05
167.7220504,0.104364801,0.104365266,0.104355615,5.37E-07,2.68E-05
167.8637075,0.106250952,0.106251407,0.1062413,5.29E-07,2.70E-05
168.0053647,0.108123553,0.108123997,0.108113438,5.20E-07,2.73E-05
168.1470218,0.109980745,0.109981181,0.109970188,5.14E-07,2.75E-05
168.2886789,0.111820784,0.111821215,0.111809793,5.10E-07,2.78E-05
168.4303361,0.113642025,0.11364245,0.113630612,5.05E-07,2.80E-05
168.5719932,0.115442919,0.115443336,0.115431091,4.97E-07,2.82E-05
168.7136504,0.117221988,0.117222403,0.117209765,4.95E-07,2.84E-05
168.8553075,0.11897785,0.118978265,0.118965246,4.95E-07,2.87E-05
168.9969646,0.120709191,0.120709608,0.120696218,4.98E-07,2.89E-05
169.1386218,0.122414768,0.122415187,0.122401431,5.00E-07,2.90E-05
169.2802789,0.124093406,0.124093825,0.124079714,4.99E-07,2.92E-05
169.421936,0.125744004,0.125744399,0.125729949,4.77E-07,2.94E-05
169.5635932,0.127365449,0.12736585,0.127351063,4.80E-07,2.96E-05
169.7052503,0.128956776,0.128957166,0.128942055,4.67E-07,2.97E-05
169.8469075,0.130517012,0.130517388,0.130501968,4.53E-07,2.99E-05
169.9885646,0.132045238,0.132045605,0.132029886,4.43E-07,3.00E-05
170.1302217,0.133540589,0.13354095,0.13352495,4.36E-07,3.02E-05
170.2718789,0.135002243,0.135002598,0.134986323,4.29E-07,3.03E-05
170.413536,0.136429418,0.136429764,0.136413221,4.18E-07,3.04E-05
170.5551931,0.13782136,0.137821703,0.137804907,4.14E-07,3.06E-05
170.6968503,0.139177362,0.139177706,0.139160666,4.14E-07,3.07E-05
170.8385074,0.140496753,0.1404971,0.140479815,4.15E-07,3.08E-05
170.9801646,0.141778892,0.141779243,0.141761729,4.18E-07,3.09E-05
171.1218217,0.143023179,0.143023529,0.143005792,4.15E-07,3.09E-05
171.2634788,0.144229051,0.144229381,0.144211428,3.94E-07,3.10E-05
171.405136,0.145395916,0.145396252,0.145378105,3.97E-07,3.11E-05
171.5467931,0.1465233,0.146523626,0.146505289,3.83E-07,3.11E-05
171.6884502,0.147610699,0.147611013,0.147592492,3.68E-07,3.12E-05
171.8301074,0.148657646,0.148657951,0.148639263,3.57E-07,3.12E-05
171.9717645,0.149663707,0.149664006,0.149645161,3.48E-07,3.12E-05
172.1134216,0.150628475,0.150628767,0.15060978,3.40E-07,3.12E-05
172.2550788,0.151551568,0.151551852,0.151532723,3.28E-07,3.12E-05
172.3967359,0.152432618,0.1524329,0.152413643,3.24E-07,3.12E-05
172.5383931,0.153271294,0.153271576,0.153252208,3.23E-07,3.12E-05
172.6800502,0.154067283,0.154067568,0.154048107,3.24E-07,3.12E-05
172.8217073,0.154820299,0.154820587,0.154801037,3.25E-07,3.11E-05
172.9633645,0.15553008,0.155530367,0.155510759,3.21E-07,3.11E-05
173.1050216,0.156196398,0.156196664,0.15617699,2.96E-07,3.10E-05
173.2466787,0.156818985,0.156819256,0.156799527,2.98E-07,3.09E-05
173.3883359,0.157397678,0.157397942,0.157378169,2.88E-07,3.09E-05
173.529993,0.157932285,0.157932543,0.157912721,2.80E-07,3.08E-05
173.6716502,0.158422645,0.1584229,0.158403044,2.75E-07,3.07E-05
173.8133073,0.158868624,0.158868875,0.158849002,2.69E-07,3.06E-05
173.9549644,0.159270105,0.159270351,0.159250468,2.62E-07,3.05E-05
174.0966216,0.159626992,0.159627229,0.159607342,2.51E-07,3.03E-05
174.2382787,0.159939209,0.159939433,0.159919567,2.34E-07,3.02E-05
174.3799358,0.160206684,0.160206905,0.16018706,2.29E-07,3.01E-05
174.521593,0.160429383,0.160429605,0.160409799,2.28E-07,2.99E-05
174.6632501,0.16060729,0.160607514,0.160587743,2.30E-07,2.97E-05
174.8049073,0.160740409,0.160740632,0.160720916,2.28E-07,2.95E-05
174.9465644,0.160828774,0.160828979,0.160809336,2.07E-07,2.94E-05
175.0882215,0.160872378,0.16087259,0.160853013,2.14E-07,2.92E-05
175.2298787,0.160871319,0.160871523,0.160852036,2.05E-07,2.89E-05
175.3715358,0.160825652,0.160825852,0.160806453,2.00E-07,2.87E-05
175.5131929,0.160735472,0.160735669,0.160716375,1.98E-07,2.85E-05
175.6548501,0.160600891,0.160601087,0.1605819,1.96E-07,2.83E-05
175.7965072,0.16042204,0.160422234,0.160403157,1.94E-07,2.80E-05
175.9381644,0.160199064,0.160199257,0.160180297,1.93E-07,2.78E-05
176.0798215,0.15993213,0.159932321,0.159913486,1.93E-07,2.75E-05
176.2214786,0.159621424,0.159621611,0.15960291,1.88E-07,2.72E-05
176.3631358,0.159267151,0.159267326,0.159248763,1.76E-07,2.70E-05
176.5047929,0.158869523,0.158869684,0.158851267,1.66E-07,2.67E-05
176.64645,0.158428763,0.158428923,0.158410653,1.70E-07,2.64E-05
176.7881072,0.157945113,0.157945296,0.157927186,2.00E-07,2.61E-05
176.9297643,0.157418909,0.157419073,0.157401124,1.81E-07,2.58E-05
177.0714214,0.156850387,0.156850543,0.15683276,1.76E-07,2.55E-05
177.2130786,0.156239859,0.156240014,0.156222402,1.76E-07,2.52E-05
177.3547357,0.15558765,0.155587807,0.155570376,1.81E-07,2.49E-05
177.4963929,0.154894096,0.154894264,0.154877013,1.90E-07,2.45E-05
177.63805,0.154159575,0.154159743,0.154142672,1.96E-07,2.42E-05
177.7797071,0.153384454,0.15338462,0.153367732,2.02E-07,2.39E-05
177.9213643,0.152569126,0.152569288,0.152552588,2.07E-07,2.35E-05
178.0630214,0.151713998,0.151714158,0.15169764,2.12E-07,2.32E-05
178.2046785,0.150819502,0.150819658,0.15080335,2.18E-07,2.28E-05
178.3463357,0.149886084,0.149886235,0.14987014,2.24E-07,2.24E-05
178.4879928,0.148914206,0.148914351,0.148898484,2.31E-07,2.20E-05
178.62965,0.147904351,0.147904488,0.147888841,2.35E-07,2.17E-05
178.7713071,0.146857,0.146857146,0.146841734,2.34E-07,2.13E-05
178.9129642,0.145772697,0.145772842,0.145757673,2.38E-07,2.09E-05
179.0546214,0.144651975,0.144652112,0.144637206,2.47E-07,2.05E-05
179.1962785,0.143495381,0.143495511,0.143480848,2.56E-07,2.01E-05
179.3379356,0.142303486,0.142303611,0.142289214,2.65E-07,1.97E-05
179.4795928,0.141076883,0.141077005,0.141062874,2.71E-07,1.92E-05
179.6212499,0.139816182,0.139816305,0.139802431,2.76E-07,1.88E-05
179.7629071,0.138522015,0.138522141,0.138508549,2.78E-07,1.84E-05
179.9045642,0.137195039,0.137195165,0.137181859,2.84E-07,1.80E-05
180.0462213,0.135835926,0.135836049,0.135823054,2.92E-07,1.76E-05
180.1878785,0.134445368,0.134445486,0.134432814,3.01E-07,1.71E-05
180.3295356,0.133024078,0.13302419,0.133011854,3.11E-07,1.67E-05
180.4711927,0.131572791,0.131572899,0.131560897,3.14E-07,1.62E-05
180.6128499,0.13009225,0.130092371,0.130080701,3.16E-07,1.58E-05
180.754507,0.12858327,0.12858339,0.128572059,3.24E-07,1.53E-05
180.8961642,0.127046648,0.127046764,0.127035763,3.34E-07,1.48E-05
181.0378213,0.125483215,0.125483326,0.125472667,3.44E-07,1.44E-05
181.1794784,0.123893829,0.123893937,0.123883614,3.53E-07,1.39E-05
181.3211356,0.122279375,0.122279484,0.122269525,3.59E-07,1.34E-05
181.4627927,0.120640772,0.120640884,0.120631292,3.62E-07,1.30E-05
181.6044498,0.118978971,0.118979084,0.118969873,3.68E-07,1.25E-05
181.746107,0.11729495,0.117295063,0.117286222,3.74E-07,1.20E-05
181.8877641,0.115589723,0.115589836,0.115581381,3.82E-07,1.16E-05
182.0294212,0.113864339,0.11386445,0.113856376,3.91E-07,1.11E-05
182.1710784,0.112119885,0.112119995,0.112112311,4.00E-07,1.06E-05
182.3127355,0.110357483,0.110357596,0.110350311,4.02E-07,1.01E-05
182.4543927,0.10857831,0.108578425,0.108571542,4.12E-07,9.68E-06
182.5960498,0.106783581,0.1067837,0.106777225,4.18E-07,9.22E-06
182.7377069,0.104974564,0.104974686,0.104968628,4.23E-07,8.75E-06
182.8793641,0.103152578,0.103152703,0.103147069,4.28E-07,8.29E-06
183.0210212,0.101319,0.101319129,0.101313917,4.33E-07,7.83E-06
183.1626783,0.099475267,0.0994754,0.099470611,4.37E-07,7.38E-06
183.3043355,0.097622884,0.097623022,0.097618657,4.39E-07,6.94E-06
183.4459926,0.09576343,0.09576357,0.095759637,4.45E-07,6.52E-06
183.5876498,0.093898556,0.0938987,0.093895204,4.53E-07,6.11E-06
183.7293069,0.092030002,0.092030149,0.092027095,4.62E-07,5.71E-06
183.870964,0.090159597,0.090159746,0.090157135,4.72E-07,5.35E-06
184.0126212,0.088289271,0.088289422,0.08828725,4.80E-07,5.00E-06
184.1542783,0.086421054,0.086421213,0.08641948,4.78E-07,4.69E-06
184.2959354,0.084557108,0.084557274,0.084555981,4.86E-07,4.42E-06
184.4375926,0.082699712,0.082699885,0.082699032,4.89E-07,4.19E-06
184.5792497,0.080851285,0.080851467,0.080851058,4.90E-07,4.01E-06
184.7209069,0.079014399,0.079014589,0.079014624,4.93E-07,3.90E-06
184.862564,0.077191785,0.077191983,0.077192453,4.96E-07,3.85E-06
185.0042211,0.075386349,0.075386556,0.075387471,4.99E-07,3.88E-06
185.1458783,0.073601188,0.073601403,0.073602767,5.02E-07,3.98E-06
185.2875354,0.071839599,0.071839824,0.071841632,5.07E-07,4.16E-06
185.4291925,0.070105096,0.07010533,0.070107575,5.13E-07,4.38E-06
185.5708497,0.068401421,0.068401665,0.068404335,5.21E-07,4.65E-06
185.7125068,0.066732556,0.066732812,0.066735912,5.30E-07,4.97E-06
185.854164,0.065102735,0.065103002,0.065106521,5.36E-07,5.33E-06
185.9958211,0.063516446,0.063516727,0.063520648,5.29E-07,5.70E-06
186.1374782,0.06197844,0.061978733,0.061983039,5.36E-07,6.10E-06
186.2791354,0.060493719,0.060494027,0.060498702,5.36E-07,6.51E-06
186.4207925,0.059067534,0.059067856,0.059072875,5.35E-07,6.93E-06
186.5624496,0.057705356,0.057705694,0.05771103,5.36E-07,7.35E-06
186.7041068,0.056412852,0.056413205,0.056418835,5.38E-07,7.78E-06
186.8457639,0.055195833,0.055196201,0.055202082,5.40E-07,8.20E-06
186.987421,0.054060195,0.054060578,0.054066683,5.42E-07,8.63E-06
187.1290782,0.053011841,0.05301224,0.053018544,5.46E-07,9.07E-06
187.2707353,0.052056586,0.052057002,0.052063461,5.51E-07,9.50E-06
187.4123925,0.051200047,0.051200481,0.05120705,5.57E-07,9.94E-06
187.5540496,0.050447514,0.050447966,0.050454598,5.63E-07,1.04E-05
187.6957067,0.049803822,0.049804291,0.049810931,5.68E-07,1.08E-05
187.8373639,0.049273211,0.049273687,0.049280279,5.54E-07,1.13E-05
187.979021,0.048859164,0.048859653,0.048866146,5.58E-07,1.17E-05
188.1206781,0.048564337,0.048564835,0.048571174,5.53E-07,1.21E-05
188.2623353,0.048390412,0.048390921,0.048397053,5.52E-07,1.25E-05
188.4039924,0.048338057,0.048338578,0.048344458,5.53E-07,1.29E-05
188.5456496,0.048406882,0.048407413,0.048412991,5.56E-07,1.34E-05
188.6873067,0.048595442,0.048595982,0.048601209,5.58E-07,1.38E-05
188.8289638,0.048901286,0.048901833,0.048906666,5.59E-07,1.42E-05
188.970621,0.049321035,0.049321586,0.049325991,5.59E-07,1.46E-05
189.1122781,0.049850485,0.049851042,0.049854991,5.61E-07,1.50E-05
189.2539352,0.050484749,0.050485312,0.050488775,5.65E-07,1.54E-05
189.3955924,0.051218387,0.051218957,0.051221908,5.71E-07,1.57E-05
189.5372495,0.052045557,0.052046131,0.052048557,5.73E-07,1.61E-05
189.6789067,0.052960158,0.052960715,0.052962603,5.57E-07,1.65E-05
189.8205638,0.053955893,0.053956446,0.053957788,5.55E-07,1.69E-05
189.9622209,0.055026484,0.055027029,0.055027815,5.48E-07,1.73E-05
190.1038781,0.056165684,0.056166224,0.056166451,5.46E-07,1.76E-05
190.2455352,0.057367389,0.057367927,0.057367595,5.47E-07,1.80E-05
190.3871923,0.058625692,0.058626228,0.058625341,5.49E-07,1.83E-05
190.5288495,0.059934916,0.05993545,0.059934019,5.50E-07,1.87E-05
190.6705066,0.061289649,0.061290178,0.061288208,5.49E-07,1.90E-05
190.8121638,0.06268476,0.062685283,0.062682782,5.46E-07,1.94E-05
190.9538209,0.064115399,0.064115919,0.064112894,5.47E-07,1.97E-05
191.095478,0.065577013,0.065577531,0.065573989,5.49E-07,2.00E-05
191.2371352,0.067065331,0.067065851,0.067061802,5.53E-07,2.04E-05
191.3787923,0.068576362,0.06857688,0.068572335,5.55E-07,2.07E-05
191.5204494,0.070106391,0.070106887,0.070101856,5.37E-07,2.10E-05
191.6621066,0.071651898,0.071652386,0.071646883,5.33E-07,2.13E-05
191.8037637,0.073209655,0.073210128,0.073204161,5.21E-07,2.16E-05
191.9454209,0.074776615,0.074777081,0.074770662,5.18E-07,2.19E-05
192.087078,0.076349955,0.076350419,0.076343557,5.18E-07,2.22E-05
192.2287351,0.077927041,0.077927502,0.077920211,5.20E-07,2.25E-05
192.3703923,0.07950541,0.079505869,0.079498155,5.20E-07,2.28E-05
192.5120494,0.081082765,0.081083218,0.081075092,5.17E-07,2.30E-05
192.6537065,0.082656947,0.082657397,0.08264887,5.15E-07,2.33E-05
192.7953637,0.084225943,0.084226391,0.084217475,5.15E-07,2.35E-05
192.9370208,0.085787866,0.085788314,0.085779016,5.16E-07,2.38E-05
193.0786779,0.087340945,0.087341393,0.087331724,5.18E-07,2.40E-05
193.2203351,0.088883521,0.088883966,0.088873936,5.16E-07,2.43E-05
193.3619922,0.090414045,0.090414469,0.090404085,4.96E-07,2.45E-05
193.5036494,0.091931007,0.091931428,0.091920702,4.94E-07,2.47E-05
193.6453065,0.093433044,0.093433457,0.093422401,4.86E-07,2.49E-05
193.7869636,0.094918842,0.094919245,0.094907862,4.78E-07,2.51E-05
193.9286208,0.096387161,0.096387557,0.09637586,4.72E-07,2.54E-05
194.0702779,0.097836832,0.097837223,0.097825218,4.67E-07,2.55E-05
194.211935,0.09926675,0.099267136,0.099254832,4.62E-07,2.57E-05
194.3535922,0.100675871,0.100676249,0.100663651,4.54E-07,2.59E-05
194.4952493,0.102063191,0.102063567,0.102050693,4.51E-07,2.61E-05
194.6369065,0.103427774,0.103428149,0.103415002,4.50E-07,2.63E-05
194.7785636,0.104768722,0.104769099,0.10475569,4.51E-07,2.64E-05
194.9202207,0.106085189,0.106085568,0.106071907,4.53E-07,2.66E-05
195.0618779,0.107376371,0.107376749,0.107362841,4.50E-07,2.67E-05
195.203535,0.108641515,0.108641874,0.108627728,4.32E-07,2.68E-05
195.3451921,0.10987985,0.109880212,0.109865836,4.33E-07,2.70E-05
195.4868493,0.111090718,0.111091072,0.111076471,4.21E-07,2.71E-05
195.6285064,0.112273449,0.112273791,0.112258977,4.08E-07,2.72E-05
195.7701636,0.113427409,0.113427743,0.113412722,3.99E-07,2.73E-05
195.9118207,0.114552003,0.114552332,0.114537111,3.92E-07,2.74E-05
196.0534778,0.115646666,0.115646989,0.115631579,3.85E-07,2.75E-05
196.195135,0.116710861,0.116711176,0.116695586,3.74E-07,2.76E-05
196.3367921,0.11774407,0.117744383,0.117728619,3.71E-07,2.77E-05
196.4784492,0.118745809,0.118746122,0.118730194,3.69E-07,2.77E-05
196.6201064,0.119715619,0.119715934,0.119699854,3.69E-07,2.78E-05
196.7617635,0.120653066,0.120653383,0.120637156,3.70E-07,2.78E-05
196.9034207,0.121557741,0.121558057,0.12154169,3.67E-07,2.79E-05
197.0450778,0.122429267,0.122429566,0.122413068,3.49E-07,2.79E-05
197.1867349,0.123267239,0.123267544,0.123250924,3.50E-07,2.80E-05
197.3283921,0.124071348,0.124071644,0.12405491,3.38E-07,2.80E-05
197.4700492,0.124841256,0.124841541,0.124824703,3.25E-07,2.80E-05
197.6117063,0.125576655,0.125576933,0.125559997,3.15E-07,2.80E-05
197.7533635,0.126277262,0.126277535,0.126260512,3.07E-07,2.80E-05
197.8950206,0.126942814,0.126943082,0.126925982,3.00E-07,2.80E-05
198.0366777,0.127573069,0.127573329,0.127556164,2.90E-07,2.79E-05
198.1783349,0.128167792,0.128168051,0.128150826,2.86E-07,2.79E-05
198.319992,0.12872678,0.128727039,0.128709764,2.84E-07,2.79E-05
198.4616492,0.129249843,0.129250103,0.129232804,2.84E-07,2.78E-05
198.6033063,0.12973681,0.129737072,0.129719746,2.84E-07,2.78E-05
198.7449634,0.130187532,0.130187792,0.130170439,2.80E-07,2.77E-05
198.8866206,0.130601883,0.130602126,0.130584763,2.59E-07,2.76E-05
199.0282777,0.130979707,0.130979954,0.130962595,2.61E-07,2.75E-05
199.1699348,0.131320938,0.131321173,0.131303825,2.45E-07,2.74E-05
199.311592,0.131625465,0.131625697,0.131608369,2.41E-07,2.73E-05
199.4532491,0.131893226,0.131893458,0.13187615,2.39E-07,2.72E-05
199.5949063,0.13212417,0.1321244,0.132107125,2.37E-07,2.71E-05
199.7365634,0.13231826,0.132318488,0.132301266,2.33E-07,2.70E-05
199.8782205,0.132475477,0.1324757,0.132458526,2.27E-07,2.68E-05
200.0198777,0.132595816,0.13259603,0.132578908,2.17E-07,2.67E-05
200.1615348,0.132679286,0.132679489,0.13266244,2.04E-07,2.65E-05
200.3031919,0.1327259,0.132726103,0.132709125,2.03E-07,2.64E-05
200.4448491,0.132735706,0.132735913,0.132719013,2.07E-07,2.62E-05
200.5865062,0.132708767,0.132708975,0.132692166,2.09E-07,2.60E-05
200.7281634,0.132645167,0.132645362,0.132628656,1.95E-07,2.58E-05
200.8698205,0.132544967,0.13254516,0.132528553,1.94E-07,2.56E-05
201.0114776,0.132408283,0.132408472,0.132391964,1.90E-07,2.54E-05
201.1531348,0.132235231,0.132235413,0.132219015,1.85E-07,2.52E-05
201.2947919,0.132025929,0.132026117,0.132009834,1.91E-07,2.50E-05
201.436449,0.131780538,0.131780729,0.13176457,1.96E-07,2.48E-05
201.5781062,0.13149922,0.13149941,0.131483385,1.97E-07,2.45E-05
201.7197633,0.131182148,0.131182336,0.131166449,1.96E-07,2.43E-05
201.8614205,0.130829513,0.130829698,0.130813948,1.95E-07,2.40E-05
202.0030776,0.130441518,0.1304417,0.130426097,1.93E-07,2.38E-05
202.1447347,0.130018383,0.130018562,0.130003112,1.91E-07,2.35E-05
202.2863919,0.129560341,0.129560518,0.129545224,1.91E-07,2.33E-05
202.428049,0.12906764,0.129067816,0.129052681,1.93E-07,2.30E-05
202.5697061,0.128540543,0.128540718,0.128525747,2.00E-07,2.27E-05
202.7113633,0.127979346,0.127979503,0.127964697,1.87E-07,2.24E-05
202.8530204,0.127384307,0.12738446,0.127369828,1.88E-07,2.22E-05
202.9946775,0.126755742,0.126755897,0.126741437,1.94E-07,2.19E-05
203.1363347,0.126093971,0.126094133,0.126079857,2.00E-07,2.16E-05
203.2779918,0.125399344,0.125399504,0.125385417,2.06E-07,2.12E-05
203.419649,0.124672202,0.124672358,0.124658448,2.12E-07,2.09E-05
203.5613061,0.123912908,0.123913061,0.123899346,2.17E-07,2.06E-05
203.7029632,0.123121838,0.123121989,0.123108464,2.21E-07,2.03E-05
203.8446204,0.122299385,0.122299537,0.122286213,2.25E-07,2.00E-05
203.9862775,0.121445963,0.121446113,0.121432974,2.30E-07,1.97E-05
204.1279346,0.120561994,0.120562139,0.120549205,2.37E-07,1.93E-05
204.2695918,0.119647917,0.119648054,0.119635324,2.44E-07,1.90E-05
204.4112489,0.118704182,0.118704312,0.118691801,2.48E-07,1.86E-05
204.5529061,0.11773124,0.117731382,0.1177191,2.51E-07,1.83E-05
204.6945632,0.116729606,0.116729748,0.1167177,2.55E-07,1.79E-05
204.8362203,0.115699777,0.11569991,0.11568811,2.63E-07,1.76E-05
204.9778775,0.114642261,0.114642387,0.114630841,2.72E-07,1.72E-05
205.1195346,0.113557591,0.113557711,0.113546427,2.80E-07,1.68E-05
205.2611917,0.112446315,0.112446432,0.112435417,2.86E-07,1.65E-05
205.4028489,0.111309001,0.111309118,0.111298378,2.91E-07,1.61E-05
205.544506,0.110146234,0.110146355,0.110135903,2.93E-07,1.57E-05
205.6861632,0.108958625,0.108958746,0.108948579,2.98E-07,1.53E-05
205.8278203,0.107746795,0.107746914,0.107737031,3.05E-07,1.49E-05
205.9694774,0.106511385,0.106511501,0.106501907,3.14E-07,1.46E-05
206.1111346,0.105253058,0.105253169,0.10524386,3.23E-07,1.42E-05
206.2527917,0.103972493,0.103972601,0.103963601,3.25E-07,1.38E-05
206.3944488,0.102670382,0.102670502,0.102661797,3.27E-07,1.34E-05
206.536106,0.101347478,0.101347599,0.101339198,3.34E-07,1.30E-05
206.6777631,0.100004526,0.100004643,0.099996544,3.44E-07,1.26E-05
206.8194203,0.098642297,0.098642411,0.098634637,3.54E-07,1.22E-05
206.9610774,0.097261594,0.097261706,0.097254256,3.63E-07,1.18E-05
207.1027345,0.095863245,0.095863357,0.09585624,3.69E-07,1.14E-05
207.2443917,0.094448108,0.094448223,0.094441428,3.72E-07,1.10E-05
207.3860488,0.09301708,0.093017196,0.093010735,3.78E-07,1.06E-05
207.5277059,0.091571081,0.091571198,0.091565071,3.84E-07,1.02E-05
207.6693631,0.09011107,0.090111187,0.090105399,3.91E-07,9.87E-06
207.8110202,0.088638044,0.088638161,0.088632712,4.00E-07,9.49E-06
207.9526773,0.087153037,0.087153154,0.087148052,4.08E-07,9.12E-06
208.0943345,0.085657125,0.085657245,0.085652483,4.09E-07,8.75E-06
208.2359916,0.084151436,0.08415156,0.084147143,4.19E-07,8.39E-06
208.3776488,0.082637146,0.082637273,0.082633202,4.24E-07,8.05E-06
208.5193059,0.081115481,0.081115614,0.081111892,4.28E-07,7.70E-06
208.660963,0.079587731,0.079587868,0.079584498,4.32E-07,7.37E-06
208.8026202,0.078055244,0.078055384,0.078052368,4.37E-07,7.05E-06
208.9442773,0.076519435,0.07651958,0.076516917,4.41E-07,6.74E-06
209.0859344,0.074981796,0.074981946,0.074979641,4.43E-07,6.45E-06
209.2275916,0.073443898,0.073444053,0.073442102,4.49E-07,6.18E-06
209.3692487,0.071907398,0.071907558,0.071905958,4.55E-07,5.93E-06
209.5109059,0.070374047,0.070374211,0.070372974,4.63E-07,5.71E-06
209.652563,0.068845697,0.068845865,0.068844991,4.72E-07,5.52E-06
209.7942201,0.067324313,0.067324486,0.067323974,4.79E-07,5.37E-06
209.9358773,0.065811973,0.065812156,0.065812002,4.77E-07,5.26E-06
210.0775344,0.064310898,0.064311088,0.064311293,4.84E-07,5.19E-06
210.2191915,0.062823438,0.062823636,0.062824197,4.86E-07,5.15E-06
210.3608487,0.061352097,0.061352305,0.061353222,4.86E-07,5.16E-06
210.5025058,0.059899542,0.059899759,0.059901022,4.89E-07,5.21E-06
210.644163,0.05846861,0.058468837,0.058470442,4.92E-07,5.30E-06
210.7858201,0.057062321,0.057062559,0.057064502,4.95E-07,5.43E-06
210.9274772,0.055683889,0.055684136,0.055686421,4.97E-07,5.60E-06
211.0691344,0.054336725,0.054336983,0.054339589,5.02E-07,5.80E-06
211.2107915,0.053024446,0.053024716,0.053027631,5.07E-07,6.03E-06
211.3524486,0.051750879,0.051751162,0.051754373,5.13E-07,6.28E-06
211.4941058,0.050520056,0.050520352,0.050523852,5.20E-07,6.56E-06
211.6357629,0.049336207,0.049336516,0.049340273,5.26E-07,6.84E-06
211.7774201,0.048203745,0.048204068,0.04820807,5.19E-07,7.15E-06
211.9190772,0.047127242,0.04712758,0.047131796,5.25E-07,7.45E-06
212.0607343,0.046111397,0.046111749,0.046116158,5.25E-07,7.78E-06
212.2023915,0.045160985,0.045161351,0.045165914,5.23E-07,8.10E-06
212.3440486,0.0442808,0.044281182,0.044285872,5.24E-07,8.43E-06
212.4857057,0.043475585,0.043475982,0.043480765,5.25E-07,8.77E-06
212.6273629,0.042749942,0.042750353,0.042755191,5.27E-07,9.10E-06
212.76902,0.042108233,0.042108659,0.042113512,5.28E-07,9.44E-06
212.9106771,0.04155448,0.041554919,0.041559751,5.29E-07,9.79E-06
213.0523343,0.041092245,0.041092699,0.04109746,5.32E-07,1.01E-05
213.1939914,0.040724532,0.040725001,0.04072966,5.37E-07,1.05E-05
213.3356486,0.04045368,0.040454165,0.040458679,5.43E-07,1.08E-05
213.4773057,0.040281283,0.040281782,0.040286106,5.47E-07,1.12E-05
213.6189628,0.040208132,0.040208633,0.040212726,5.36E-07,1.15E-05
213.76062,0.04023414,0.040234651,0.040238476,5.39E-07,1.19E-05
213.9022771,0.040358406,0.04035892,0.040362446,5.34E-07,1.22E-05
214.0439342,0.04057918,0.040579699,0.040582886,5.32E-07,1.26E-05
214.1855914,0.040893952,0.040894476,0.040897296,5.33E-07,1.29E-05
214.3272485,0.041299523,0.041300053,0.041302481,5.34E-07,1.33E-05
214.4689057,0.041792104,0.041792638,0.041794653,5.36E-07,1.36E-05
214.6105628,0.042367423,0.042367959,0.042369541,5.36E-07,1.39E-05
214.7522199,0.043020838,0.043021374,0.043022508,5.35E-07,1.43E-05
214.8938771,0.04374745,0.043747986,0.043748665,5.37E-07,1.46E-05
215.0355342,0.044542207,0.044542745,0.04454296,5.40E-07,1.49E-05
215.1771913,0.0454,0.045400542,0.045400291,5.44E-07,1.52E-05
215.3188485,0.046315743,0.046316285,0.046315563,5.46E-07,1.56E-05
215.4605056,0.047284446,0.04728497,0.047283779,5.32E-07,1.59E-05
215.6021628,0.048301211,0.04830173,0.048300076,5.29E-07,1.62E-05
215.7438199,0.049361366,0.049361875,0.049359761,5.22E-07,1.65E-05
215.885477,0.050460412,0.050460915,0.050458348,5.20E-07,1.68E-05
216.0271342,0.051594085,0.051594584,0.051591567,5.20E-07,1.71E-05
216.1687913,0.052758349,0.052758845,0.052755388,5.21E-07,1.74E-05
216.3104484,0.0539494,0.053949893,0.053946004,5.21E-07,1.77E-05
216.4521056,0.055163666,0.055164154,0.055159842,5.20E-07,1.80E-05
216.5937627,0.056397796,0.05639828,0.056393555,5.19E-07,1.83E-05
216.7354199,0.057648655,0.057649137,0.057644009,5.20E-07,1.86E-05
216.877077,0.058913318,0.058913797,0.058908272,5.21E-07,1.89E-05
217.0187341,0.06018905,0.060189528,0.060183617,5.22E-07,1.91E-05
217.1603913,0.061473303,0.061473778,0.061467491,5.21E-07,1.94E-05
217.3020484,0.062763712,0.062764166,0.062757513,5.04E-07,1.96E-05
217.4437055,0.064058023,0.064058469,0.064051458,4.98E-07,1.99E-05
217.5853627,0.065354173,0.065354611,0.065347249,4.93E-07,2.01E-05
217.7270198,0.066650222,0.066650653,0.066642951,4.89E-07,2.04E-05
217.868677,0.067944351,0.067944778,0.067936744,4.87E-07,2.06E-05
218.0103341,0.069234866,0.06923529,0.069226931,4.86E-07,2.08E-05
218.1519912,0.070520175,0.070520594,0.070511921,4.84E-07,2.11E-05
218.2936484,0.071798785,0.071799198,0.07179022,4.78E-07,2.13E-05
218.4353055,0.07306929,0.073069699,0.07306042,4.75E-07,2.15E-05
218.5769626,0.074330371,0.074330777,0.074321208,4.74E-07,2.17E-05
218.7186198,0.075580787,0.075581192,0.07557134,4.73E-07,2.19E-05
218.8602769,0.076819368,0.076819773,0.076809645,4.73E-07,2.21E-05
219.001934,0.078045015,0.078045417,0.07803502,4.71E-07,2.23E-05
219.1435912,0.079256697,0.079257081,0.079246425,4.54E-07,2.24E-05
219.2852483,0.080453394,0.08045378,0.080442872,4.57E-07,2.26E-05
219.4269055,0.081634204,0.081634582,0.081623429,4.48E-07,2.28E-05
219.5685626,0.082798236,0.082798605,0.082787214,4.38E-07,2.30E-05
219.7102197,0.083944649,0.08394501,0.083933389,4.31E-07,2.31E-05
219.8518769,0.08507265,0.085073006,0.085061162,4.25E-07,2.33E-05
219.993534,0.086181487,0.086181838,0.086169775,4.20E-07,2.34E-05
220.1351911,0.087270447,0.087270791,0.087258518,4.12E-07,2.35E-05
220.2768483,0.088338845,0.088339186,0.08832671,4.08E-07,2.37E-05
220.4185054,0.089386036,0.089386376,0.089373704,4.07E-07,2.38E-05
220.5601626,0.090411408,0.090411749,0.090398888,4.07E-07,2.39E-05
220.7018197,0.091414376,0.091414718,0.091401674,4.07E-07,2.40E-05
220.8434768,0.09239439,0.092394731,0.092381514,4.04E-07,2.41E-05
220.985134,0.093350932,0.093351258,0.093337872,3.88E-07,2.42E-05
221.1267911,0.094283468,0.094283796,0.094270252,3.89E-07,2.43E-05
221.2684482,0.09519155,0.09519187,0.095178176,3.78E-07,2.44E-05
221.4101054,0.096074715,0.096075025,0.09606118,3.67E-07,2.45E-05
221.5517625,0.096932528,0.096932831,0.096918849,3.58E-07,2.46E-05
221.6934197,0.097764581,0.097764879,0.097750764,3.51E-07,2.46E-05
221.8350768,0.098570488,0.098570781,0.098556549,3.44E-07,2.47E-05
221.9767339,0.099349884,0.09935017,0.099335828,3.35E-07,2.47E-05
222.1183911,0.100102415,0.100102699,0.100088253,3.30E-07,2.48E-05
222.2600482,0.100827756,0.100828039,0.100813493,3.28E-07,2.48E-05
222.4017053,0.101525596,0.10152588,0.101511242,3.28E-07,2.48E-05
222.5433625,0.102195645,0.102195931,0.102181207,3.28E-07,2.49E-05
222.6850196,0.102837633,0.102837918,0.102823117,3.24E-07,2.49E-05
222.8266768,0.103451312,0.103451583,0.103436717,3.08E-07,2.49E-05
222.9683339,0.104036411,0.104036685,0.104021757,3.09E-07,2.49E-05
223.109991,0.104592736,0.104593002,0.104578013,2.98E-07,2.49E-05
223.2516482,0.105120067,0.105120325,0.105105285,2.87E-07,2.49E-05
223.3933053,0.105618211,0.105618462,0.105603385,2.78E-07,2.48E-05
223.5349624,0.10608699,0.106087236,0.106072125,2.71E-07,2.48E-05
223.6766196,0.106526243,0.106526485,0.106511347,2.64E-07,2.48E-05
223.8182767,0.106935827,0.106936062,0.106920901,2.55E-07,2.47E-05
223.9599338,0.107315609,0.107315835,0.107300666,2.43E-07,2.47E-05
224.101591,0.107665462,0.107665687,0.107650518,2.40E-07,2.46E-05
224.2432481,0.107985287,0.107985513,0.107970351,2.40E-07,2.46E-05
224.3849053,0.108274994,0.108275224,0.108260079,2.42E-07,2.45E-05
224.5265624,0.108534514,0.108534744,0.108519619,2.41E-07,2.44E-05
224.6682195,0.108763793,0.108764011,0.108748917,2.27E-07,2.43E-05
224.8098767,0.108962755,0.108962977,0.108947924,2.29E-07,2.42E-05
224.9515338,0.109131394,0.109131607,0.109116602,2.17E-07,2.41E-05
225.0931909,0.109269669,0.109269878,0.109254927,2.12E-07,2.40E-05
225.2348481,0.109377575,0.109377783,0.109362885,2.10E-07,2.39E-05
225.3765052,0.109455118,0.109455324,0.109440498,2.07E-07,2.38E-05
225.5181624,0.109502317,0.10950252,0.109487765,2.04E-07,2.36E-05
225.6598195,0.109519201,0.1095194,0.109504718,2.00E-07,2.35E-05
225.8014766,0.109505814,0.109506007,0.109491411,1.94E-07,2.33E-05
225.9431338,0.10946221,0.109462396,0.109447886,1.86E-07,2.32E-05
226.0847909,0.109388457,0.109388635,0.109374222,1.79E-07,2.30E-05
226.226448,0.109284624,0.109284805,0.109270489,1.81E-07,2.29E-05
226.3681052,0.109150814,0.109150996,0.109136784,1.83E-07,2.27E-05
226.5097623,0.108987144,0.108987316,0.108973212,1.76E-07,2.25E-05
226.6514195,0.108793707,0.108793879,0.108779889,1.77E-07,2.23E-05
226.7930766,0.108570646,0.108570817,0.108556942,1.77E-07,2.21E-05
226.9347337,0.108318103,0.108318269,0.108304514,1.74E-07,2.19E-05
227.0763909,0.108036231,0.10803639,0.10802276,1.70E-07,2.17E-05
227.218048,0.107725183,0.107725345,0.107711845,1.74E-07,2.15E-05
227.3597051,0.107385148,0.107385311,0.107371948,1.77E-07,2.13E-05
227.5013623,0.107016314,0.107016478,0.107003252,1.80E-07,2.11E-05
227.6430194,0.106618881,0.106619046,0.106605964,1.83E-07,2.09E-05
227.7846766,0.106193064,0.106193231,0.106180298,1.86E-07,2.06E-05
227.9263337,0.105739089,0.105739255,0.105726472,1.88E-07,2.04E-05
228.0679908,0.105257198,0.105257357,0.105244727,1.87E-07,2.01E-05
228.209648,0.104747633,0.104747786,0.104735314,1.88E-07,1.99E-05
228.3513051,0.104210655,0.104210802,0.104198491,1.92E-07,1.96E-05
228.4929622,0.103646544,0.103646678,0.103634533,1.85E-07,1.94E-05
228.6346194,0.103055563,0.1030557,0.103043718,1.91E-07,1.91E-05
228.7762765,0.10243802,0.102438164,0.10242635,2.00E-07,1.88E-05
228.9179336,0.101794236,0.101794379,0.101782738,2.07E-07,1.86E-05
229.0595908,0.101124528,0.101124667,0.1011132,2.12E-07,1.83E-05
229.2012479,0.100429226,0.100429361,0.100418075,2.17E-07,1.80E-05
229.3429051,0.099708674,0.099708807,0.099697692,2.21E-07,1.77E-05
229.4845622,0.09896323,0.098963363,0.098952424,2.24E-07,1.75E-05
229.6262193,0.098193269,0.0981934,0.098182651,2.28E-07,1.72E-05
229.7678765,0.097399173,0.097399302,0.097388753,2.33E-07,1.69E-05
229.9095336,0.096581339,0.096581466,0.096571119,2.39E-07,1.66E-05
230.0511907,0.095740178,0.095740301,0.095730162,2.46E-07,1.63E-05
230.1928479,0.094876111,0.09487623,0.094866307,2.48E-07,1.60E-05
230.334505,0.093989568,0.093989691,0.093979989,2.50E-07,1.57E-05
230.4761622,0.093081013,0.093081134,0.093071659,2.53E-07,1.53E-05
230.6178193,0.092150911,0.092151024,0.092141781,2.61E-07,1.50E-05
230.7594764,0.091199734,0.091199841,0.091190837,2.70E-07,1.47E-05
230.9011336,0.090227976,0.090228079,0.090219312,2.79E-07,1.44E-05
231.0427907,0.089236148,0.089236249,0.089227727,2.85E-07,1.41E-05
231.1844478,0.088224774,0.088224876,0.088216601,2.90E-07,1.37E-05
231.326105,0.087194402,0.087194504,0.087186469,2.95E-07,1.34E-05
231.4677621,0.08614559,0.086145691,0.086137912,3.01E-07,1.31E-05
231.6094193,0.085078916,0.085079016,0.085071488,3.08E-07,1.27E-05
231.7510764,0.083994976,0.083995074,0.08398781,3.16E-07,1.24E-05
231.8927335,0.082894386,0.082894482,0.082887483,3.23E-07,1.21E-05
232.0343907,0.081777779,0.081777876,0.081771148,3.26E-07,1.18E-05
232.1760478,0.080645809,0.080645912,0.080639449,3.30E-07,1.14E-05
232.3177049,0.079499167,0.079499271,0.079493084,3.36E-07,1.11E-05
232.4593621,0.078338552,0.078338656,0.078332742,3.42E-07,1.08E-05
232.6010192,0.077164694,0.077164798,0.077159171,3.49E-07,1.05E-05
232.7426764,0.075978346,0.075978451,0.075973105,3.54E-07,1.01E-05
232.8843335,0.074780294,0.0747804,0.074775335,3.59E-07,9.83E-06
233.0259906,0.073571351,0.07357146,0.073566677,3.62E-07,9.52E-06
233.1676478,0.072352368,0.072352479,0.072347984,3.67E-07,9.22E-06
233.3093049,0.071124226,0.071124338,0.071120129,3.74E-07,8.92E-06
233.450962,0.069887844,0.069887958,0.069884034,3.81E-07,8.63E-06
233.5926192,0.068644183,0.068644297,0.068640664,3.89E-07,8.34E-06
233.7342763,0.067394245,0.06739436,0.067391017,3.97E-07,8.07E-06
233.8759334,0.066139077,0.066139196,0.066136148,3.98E-07,7.80E-06
234.0175906,0.064879783,0.064879907,0.064877153,4.05E-07,7.54E-06
234.1592477,0.063617518,0.063617646,0.063615185,4.08E-07,7.28E-06
234.3009049,0.062353496,0.062353629,0.062351464,4.10E-07,7.03E-06
234.442562,0.061088996,0.061089133,0.061087263,4.14E-07,6.81E-06
234.5842191,0.059825366,0.059825509,0.05982393,4.18E-07,6.61E-06
234.7258763,0.05856403,0.058564178,0.058562894,4.21E-07,6.42E-06
234.8675334,0.057306492,0.057306646,0.057305656,4.23E-07,6.26E-06
235.0091905,0.056054349,0.056054508,0.05605381,4.28E-07,6.12E-06
235.1508477,0.054809288,0.054809454,0.054809043,4.34E-07,6.01E-06
235.2925048,0.053573106,0.053573277,0.053573153,4.40E-07,5.92E-06
235.434162,0.052347706,0.052347883,0.052348044,4.47E-07,5.85E-06
235.5758191,0.051135115,0.051135299,0.051135742,4.53E-07,5.82E-06
235.7174762,0.049937485,0.04993768,0.049938399,4.51E-07,5.81E-06
235.8591334,0.048757114,0.048757317,0.04875831,4.57E-07,5.83E-06
236.0007905,0.047596438,0.04759665,0.047597908,4.58E-07,5.88E-06
236.1424476,0.046458048,0.046458271,0.046459789,4.58E-07,5.95E-06
236.2841048,0.045344698,0.045344931,0.045346703,4.60E-07,6.05E-06
236.4257619,0.044259303,0.044259547,0.044261559,4.63E-07,6.17E-06
236.5674191,0.043204947,0.043205202,0.043207447,4.65E-07,6.32E-06
236.7090762,0.042184879,0.042185146,0.042187604,4.67E-07,6.50E-06
236.8507333,0.041202508,0.041202787,0.041205442,4.71E-07,6.68E-06
236.9923905,0.040261393,0.040261685,0.04026452,4.75E-07,6.88E-06
237.1340476,0.039365225,0.03936553,0.039368526,4.80E-07,7.11E-06
237.2757047,0.0385178,0.03851812,0.038521249,4.86E-07,7.33E-06
237.4173619,0.037722988,0.037723321,0.037726567,4.90E-07,7.56E-06
237.559019,0.036984683,0.036985028,0.036988363,4.82E-07,7.81E-06
237.7006762,0.036306742,0.036307101,0.036310494,4.85E-07,8.06E-06
237.8423333,0.035692934,0.035693307,0.035696724,4.85E-07,8.32E-06
237.9839904,0.035146852,0.035147238,0.03515065,4.85E-07,8.58E-06
238.1256476,0.034671832,0.034672232,0.034675605,4.86E-07,8.86E-06
238.2673047,0.034270867,0.03427128,0.034274577,4.88E-07,9.13E-06
238.4089618,0.033946519,0.033946945,0.033950137,4.90E-07,9.41E-06
238.550619,0.033700837,0.033701274,0.033704323,4.90E-07,9.69E-06
238.6922761,0.033535284,0.03353573,0.033538603,4.90E-07,9.97E-06
238.8339332,0.033450679,0.033451135,0.033453804,4.92E-07,1.03E-05
238.9755904,0.033447171,0.033447638,0.033450067,4.95E-07,1.05E-05
239.1172475,0.033524223,0.0335247,0.033526862,4.99E-07,1.08E-05
239.2589047,0.033680624,0.03368111,0.033682982,5.02E-07,1.11E-05
239.4005618,0.033914539,0.033915021,0.033916582,4.92E-07,1.14E-05
239.5422189,0.034223525,0.034224012,0.034225239,4.94E-07,1.17E-05
239.6838761,0.034604669,0.034605156,0.034606031,4.90E-07,1.20E-05
239.8255332,0.035054622,0.035055108,0.035055617,4.88E-07,1.22E-05
239.9671903,0.035569709,0.035570197,0.035570335,4.88E-07,1.25E-05
240.1088475,0.036146023,0.036146512,0.036146268,4.89E-07,1.28E-05
240.2505046,0.036779501,0.036779991,0.036779356,4.90E-07,1.31E-05
240.3921618,0.037466006,0.037466494,0.037465469,4.90E-07,1.34E-05
240.5338189,0.038201393,0.038201878,0.038200459,4.88E-07,1.36E-05
240.675476,0.038981562,0.038982045,0.038980237,4.89E-07,1.39E-05
240.8171332,0.039802512,0.039802995,0.039800799,4.91E-07,1.42E-05
240.9587903,0.040660374,0.040660858,0.04065828,4.94E-07,1.44E-05
241.1004474,0.041551434,0.041551916,0.041548964,4.95E-07,1.47E-05
241.2421046,0.042472161,0.042472627,0.042469306,4.83E-07,1.50E-05
241.3837617,0.04341917,0.04341963,0.043415945,4.80E-07,1.52E-05
241.5254189,0.0443893,0.04438975,0.04438571,4.73E-07,1.55E-05
241.667076,0.045379555,0.045379999,0.04537561,4.70E-07,1.57E-05
241.8087331,0.046387133,0.046387573,0.046382843,4.70E-07,1.60E-05
241.9503903,0.047409407,0.047409844,0.047404777,4.71E-07,1.62E-05
242.0920474,0.048443921,0.048444355,0.048438957,4.70E-07,1.65E-05
242.2337045,0.049488379,0.049488807,0.049483089,4.68E-07,1.67E-05
242.3753617,0.050540631,0.050541056,0.050535022,4.67E-07,1.70E-05
242.5170188,0.051598674,0.051599096,0.051592756,4.67E-07,1.72E-05
242.658676,0.052660636,0.052661056,0.052654416,4.67E-07,1.74E-05
242.8003331,0.053724768,0.053725187,0.053718255,4.68E-07,1.76E-05
242.9419902,0.054789438,0.054789854,0.054782636,4.66E-07,1.78E-05
243.0836474,0.055853127,0.055853525,0.055846032,4.52E-07,1.81E-05
243.2253045,0.056914375,0.056914771,0.056907007,4.51E-07,1.83E-05
243.3669616,0.057971858,0.057972246,0.057964219,4.45E-07,1.85E-05
243.5086188,0.059024313,0.059024693,0.059016408,4.39E-07,1.87E-05
243.6502759,0.060070554,0.060070928,0.060062395,4.34E-07,1.89E-05
243.7919331,0.06110947,0.061109839,0.061101063,4.30E-07,1.90E-05
243.9335902,0.062140016,0.06214038,0.062131369,4.27E-07,1.92E-05
244.0752473,0.063161206,0.063161564,0.063152324,4.21E-07,1.94E-05
244.2169045,0.064172106,0.064172461,0.064162998,4.19E-07,1.96E-05
244.3585616,0.065171839,0.065172193,0.065162512,4.17E-07,1.98E-05
244.5002187,0.066159576,0.066159929,0.06615004,4.17E-07,1.99E-05
244.6418759,0.067134532,0.067134885,0.067124792,4.17E-07,2.01E-05
244.783533,0.068095965,0.068096316,0.068086025,4.15E-07,2.02E-05
244.9251901,0.069043183,0.069043519,0.069033034,4.01E-07,2.04E-05
245.0668473,0.069975487,0.069975824,0.069965152,4.01E-07,2.05E-05
245.2085044,0.070892269,0.070892599,0.070881746,3.93E-07,2.06E-05
245.3501616,0.071792919,0.07179324,0.071782212,3.83E-07,2.08E-05
245.4918187,0.072676861,0.072677176,0.072665981,3.76E-07,2.09E-05
245.6334758,0.073543554,0.073543863,0.073532508,3.71E-07,2.10E-05
245.775133,0.07439248,0.074392785,0.074381279,3.65E-07,2.11E-05
245.9167901,0.075223151,0.075223449,0.075211796,3.57E-07,2.12E-05
246.0584472,0.076035094,0.07603539,0.076023595,3.54E-07,2.13E-05
246.2001044,0.076827867,0.076828162,0.076816234,3.51E-07,2.14E-05
246.3417615,0.077601048,0.077601343,0.077589284,3.51E-07,2.15E-05
246.4834187,0.078354235,0.078354531,0.078342347,3.50E-07,2.16E-05
246.6250758,0.079087051,0.079087345,0.079075046,3.47E-07,2.16E-05
246.7667329,0.07979914,0.079799422,0.07978701,3.33E-07,2.17E-05
246.9083901,0.080490134,0.080490417,0.080477899,3.33E-07,2.18E-05
247.0500472,0.081159729,0.081160005,0.081147393,3.24E-07,2.18E-05
247.1917043,0.081807608,0.081807877,0.081795179,3.13E-07,2.19E-05
247.3333615,0.082433476,0.082433738,0.08242096,3.05E-07,2.19E-05
247.4750186,0.083037055,0.083037313,0.083024459,2.99E-07,2.20E-05
247.6166758,0.083618087,0.08361834,0.083605415,2.92E-07,2.20E-05
247.7583329,0.084176326,0.084176573,0.084163584,2.84E-07,2.20E-05
247.89999,0.084711535,0.08471178,0.084698733,2.80E-07,2.20E-05
248.0416472,0.0852235,0.085223744,0.085210643,2.77E-07,2.20E-05
248.1833043,0.085712018,0.085712261,0.085699116,2.76E-07,2.20E-05
248.3249614,0.086176899,0.086177143,0.086163962,2.75E-07,2.20E-05
248.4666186,0.08661797,0.086618213,0.086605002,2.71E-07,2.20E-05
248.6082757,0.087035076,0.087035306,0.087022069,2.55E-07,2.20E-05
248.7499329,0.087428047,0.087428274,0.087415018,2.50E-07,2.20E-05
248.89159,0.087796756,0.087796978,0.087783706,2.42E-07,2.20E-05
249.0332471,0.088141075,0.088141292,0.088128018,2.35E-07,2.19E-05
249.1749043,0.088460888,0.088461103,0.08844783,2.31E-07,2.19E-05
249.3165614,0.088756097,0.08875631,0.088743051,2.28E-07,2.19E-05
249.4582185,0.089026614,0.089026823,0.089013586,2.23E-07,2.18E-05
249.5998757,0.089272361,0.089272565,0.089259353,2.16E-07,2.17E-05
249.7415328,0.089493273,0.089493469,0.089480283,2.05E-07,2.17E-05
249.8831899,0.089689286,0.08968948,0.089676329,2.01E-07,2.16E-05
250.0248471,0.08986036,0.089860554,0.089847448,2.00E-07,2.15E-05
250.1665042,0.090006464,0.090006658,0.089993599,2.00E-07,2.14E-05
250.3081614,0.090127578,0.090127771,0.090114764,1.98E-07,2.13E-05
250.4498185,0.0902237,0.090223883,0.090210932,1.85E-07,2.12E-05
250.5914756,0.090294806,0.090294992,0.090282093,1.88E-07,2.12E-05
250.7331328,0.090340931,0.090341111,0.090328277,1.81E-07,2.10E-05
250.8747899,0.090362083,0.090362259,0.090349494,1.77E-07,2.09E-05
251.016447,0.090358295,0.090358469,0.090345776,1.74E-07,2.08E-05
251.1581042,0.090329611,0.090329783,0.090317167,1.72E-07,2.07E-05
251.2997613,0.090276084,0.090276253,0.090263717,1.69E-07,2.06E-05
251.4414185,0.090197777,0.090197944,0.090185495,1.67E-07,2.04E-05
251.5830756,0.090094763,0.090094926,0.090082571,1.64E-07,2.03E-05
251.7247327,0.089967126,0.089967285,0.089955026,1.61E-07,2.01E-05
251.8663899,0.089814959,0.089815113,0.08980295,1.57E-07,2.00E-05
252.008047,0.089638368,0.089638515,0.089626454,1.49E-07,1.98E-05
252.1497041,0.089437461,0.089437602,0.089425645,1.47E-07,1.97E-05
252.2913613,0.089212349,0.0892125,0.089200654,1.64E-07,1.95E-05
252.4330184,0.088963196,0.088963341,0.088951612,1.58E-07,1.93E-05
252.5746756,0.088690127,0.088690269,0.088678651,1.55E-07,1.91E-05
252.7163327,0.088393299,0.088393437,0.088381946,1.54E-07,1.89E-05
252.8579898,0.088072873,0.088073009,0.088061646,1.55E-07,1.88E-05
252.999647,0.087729021,0.087729157,0.087717925,1.56E-07,1.86E-05
253.1413041,0.087361926,0.087362064,0.087350964,1.63E-07,1.84E-05
253.2829612,0.086971785,0.086971924,0.086960958,1.68E-07,1.81E-05
253.4246184,0.0865588,0.086558938,0.08654811,1.73E-07,1.79E-05
253.5662755,0.086123183,0.08612332,0.086112633,1.77E-07,1.77E-05
253.7079327,0.085665154,0.085665291,0.085654743,1.80E-07,1.75E-05
253.8495898,0.085184949,0.085185084,0.085174677,1.85E-07,1.73E-05
253.9912469,0.08468281,0.084682942,0.084672684,1.90E-07,1.71E-05
254.1329041,0.084158989,0.084159116,0.084149006,1.94E-07,1.68E-05
254.2745612,0.08361375,0.083613869,0.083603906,1.88E-07,1.66E-05
254.4162183,0.083047354,0.083047473,0.083037662,1.94E-07,1.64E-05
254.5578755,0.08246009,0.082460211,0.082450561,2.02E-07,1.61E-05
254.6995326,0.081852256,0.081852376,0.081842878,2.09E-07,1.59E-05
254.8411897,0.081224154,0.081224271,0.081214938,2.16E-07,1.56E-05
254.9828469,0.080576096,0.080576211,0.080567036,2.21E-07,1.54E-05
255.124504,0.079908406,0.079908519,0.079899512,2.26E-07,1.51E-05
255.2661612,0.079221417,0.079221531,0.079212695,2.28E-07,1.49E-05
255.4078183,0.078515482,0.078515594,0.078506933,2.33E-07,1.46E-05
255.5494754,0.077790955,0.077791065,0.077782594,2.39E-07,1.43E-05
255.6911326,0.077048207,0.077048314,0.07704003,2.45E-07,1.41E-05
255.8327897,0.076287618,0.076287721,0.076279632,2.52E-07,1.38E-05
255.9744468,0.075509579,0.075509679,0.075501792,2.55E-07,1.36E-05
256.116104,0.074714484,0.074714594,0.074706919,2.56E-07,1.33E-05
256.2577611,0.073902771,0.073902884,0.073895423,2.59E-07,1.30E-05
256.3994183,0.073074871,0.073074978,0.073067734,2.67E-07,1.27E-05
256.5410754,0.072231221,0.072231323,0.072224293,2.76E-07,1.25E-05
256.6827325,0.071372278,0.071372377,0.071365571,2.84E-07,1.22E-05
256.8243897,0.070498516,0.070498614,0.070492031,2.90E-07,1.19E-05
256.9660468,0.069610422,0.069610521,0.06960416,2.94E-07,1.16E-05
257.1077039,0.068708504,0.068708603,0.068702477,3.00E-07,1.13E-05
257.2493611,0.067793283,0.067793381,0.067787487,3.05E-07,1.11E-05
257.3910182,0.066865297,0.066865395,0.066859731,3.11E-07,1.08E-05
257.5326754,0.065925103,0.065925201,0.065919772,3.18E-07,1.05E-05
257.6743325,0.064973278,0.064973375,0.064968185,3.24E-07,1.02E-05
257.8159896,0.064010417,0.064010514,0.064005566,3.27E-07,9.97E-06
257.9576468,0.063037135,0.063037239,0.063032528,3.30E-07,9.70E-06
258.0993039,0.062054084,0.062054189,0.062049722,3.35E-07,9.44E-06
258.240961,0.061061927,0.061062033,0.06105781,3.41E-07,9.19E-06
258.3826182,0.060061356,0.060061464,0.060057484,3.46E-07,8.93E-06
258.5242753,0.059053093,0.059053202,0.059049469,3.51E-07,8.69E-06
258.6659325,0.058037889,0.058038,0.058034516,3.55E-07,8.44E-06
258.8075896,0.057016527,0.057016641,0.05701341,3.58E-07,8.20E-06
258.9492467,0.05598983,0.055989946,0.055986961,3.63E-07,7.97E-06
259.0909039,0.054958653,0.054958772,0.054956036,3.68E-07,7.75E-06
259.232561,0.053923894,0.053924015,0.053921533,3.75E-07,7.54E-06
259.3742181,0.052886495,0.052886618,0.052884389,3.81E-07,7.33E-06
259.5158753,0.051847446,0.051847571,0.051845592,3.88E-07,7.14E-06
259.6575324,0.050807784,0.050807915,0.050806187,3.88E-07,6.96E-06
259.7991895,0.049768611,0.049768746,0.049767266,3.94E-07,6.79E-06
259.9408467,0.048731083,0.048731223,0.048729978,3.96E-07,6.63E-06
260.0825038,0.047696423,0.047696569,0.047695571,3.98E-07,6.49E-06
260.224161,0.046665926,0.046666078,0.046665326,4.01E-07,6.36E-06
260.3658181,0.045640964,0.045641121,0.045640616,4.04E-07,6.26E-06
260.5074752,0.044622989,0.044623153,0.044622889,4.07E-07,6.17E-06
260.6491324,0.043613547,0.043613717,0.043613687,4.09E-07,6.10E-06
260.7907895,0.042614277,0.042614454,0.042614657,4.13E-07,6.06E-06
260.9324466,0.041626921,0.041627105,0.041627534,4.17E-07,6.03E-06
261.0741038,0.040653333,0.040653525,0.040654172,4.23E-07,6.03E-06
261.2157609,0.039695482,0.039695681,0.039696544,4.28E-07,6.05E-06
261.3574181,0.03875546,0.038755667,0.038756737,4.33E-07,6.08E-06
261.4990752,0.037835485,0.037835702,0.037836971,4.30E-07,6.14E-06
261.6407323,0.03693791,0.036938138,0.036939595,4.35E-07,6.21E-06
261.7823895,0.036065222,0.036065459,0.036067097,4.36E-07,6.30E-06
261.9240466,0.035220038,0.035220286,0.035222092,4.36E-07,6.41E-06
262.0657037,0.034405107,0.034405367,0.034407325,4.37E-07,6.54E-06
262.2073609,0.033623302,0.033623573,0.033625669,4.38E-07,6.68E-06
262.349018,0.032877599,0.032877882,0.032880094,4.40E-07,6.83E-06
262.4906752,0.032171069,0.032171364,0.032173673,4.42E-07,7.00E-06
262.6323323,0.031506842,0.031507149,0.031509532,4.45E-07,7.17E-06
262.7739894,0.030888076,0.030888396,0.030890827,4.48E-07,7.35E-06
262.9156466,0.030317918,0.030318251,0.030320713,4.52E-07,7.54E-06
263.0573037,0.029799444,0.029799791,0.029802261,4.56E-07,7.74E-06
263.1989608,0.029335611,0.029335971,0.029338422,4.59E-07,7.94E-06
263.340618,0.028929186,0.028929554,0.028931958,4.52E-07,8.16E-06
263.4822751,0.028582664,0.028583044,0.028585371,4.54E-07,8.38E-06
263.6239323,0.028298224,0.028298614,0.028300839,4.53E-07,8.60E-06
263.7655894,0.028077642,0.028078043,0.028080134,4.52E-07,8.83E-06
263.9072465,0.02792224,0.027922651,0.027924577,4.53E-07,9.06E-06
264.0489037,0.027832835,0.027833255,0.027834988,4.54E-07,9.29E-06
264.1905608,0.027809705,0.027810133,0.027811651,4.55E-07,9.52E-06
264.3322179,0.027852579,0.027853014,0.027854293,4.55E-07,9.76E-06
264.4738751,0.02796064,0.02796108,0.027962102,4.54E-07,9.99E-06
264.6155322,0.028132543,0.028132989,0.02813373,4.55E-07,1.02E-05
264.7571893,0.028366468,0.028366919,0.028367364,4.58E-07,1.05E-05
264.8988465,0.028660167,0.028660624,0.028660759,4.61E-07,1.07E-05
265.0405036,0.029011035,0.029011495,0.029011313,4.62E-07,1.09E-05
265.1821608,0.029416184,0.029416637,0.02941613,4.53E-07,1.12E-05
265.3238179,0.029872482,0.029872936,0.029872095,4.54E-07,1.14E-05
265.465475,0.03037668,0.03037713,0.030375956,4.50E-07,1.16E-05
265.6071322,0.03092543,0.030925877,0.03092437,4.48E-07,1.19E-05
265.7487893,0.031515362,0.031515806,0.031513963,4.47E-07,1.21E-05
265.8904464,0.03214313,0.032143573,0.032141396,4.48E-07,1.23E-05
266.0321036,0.032805451,0.032805892,0.032803382,4.48E-07,1.26E-05
266.1737607,0.033499138,0.033499575,0.033496742,4.47E-07,1.28E-05
266.3154179,0.034221117,0.03422155,0.034218396,4.45E-07,1.30E-05
266.457075,0.034968447,0.034968877,0.034965414,4.44E-07,1.32E-05
266.5987321,0.035738334,0.035738762,0.035734992,4.45E-07,1.34E-05
266.7403893,0.036528131,0.036528559,0.036524488,4.47E-07,1.37E-05
266.8820464,0.037335347,0.037335772,0.037331404,4.47E-07,1.39E-05
267.0237035,0.038157644,0.038158055,0.038153396,4.37E-07,1.41E-05
267.1653607,0.038992801,0.038993206,0.038988265,4.33E-07,1.43E-05
267.3070178,0.039838768,0.039839163,0.039833946,4.26E-07,1.45E-05
267.448675,0.040693607,0.040693996,0.040688509,4.24E-07,1.47E-05
267.5903321,0.041555516,0.041555902,0.041550152,4.23E-07,1.49E-05
267.7319892,0.042422811,0.042423194,0.042417187,4.23E-07,1.51E-05
267.8736464,0.043293916,0.043294297,0.04328804,4.22E-07,1.53E-05
268.0153035,0.044167361,0.044167736,0.044161236,4.20E-07,1.55E-05
268.1569606,0.045041764,0.045042136,0.045035398,4.18E-07,1.57E-05
268.2986178,0.045915836,0.045916205,0.045909238,4.17E-07,1.59E-05
268.4402749,0.04678837,0.046788738,0.046781548,4.17E-07,1.61E-05
268.5819321,0.047658236,0.047658602,0.047651194,4.16E-07,1.62E-05
268.7235892,0.048524372,0.048524735,0.048517115,4.14E-07,1.64E-05
268.8652463,0.049385791,0.04938614,0.049378314,4.02E-07,1.66E-05
269.0069035,0.050241534,0.05024188,0.050233854,4.00E-07,1.68E-05
269.1485606,0.051090733,0.051091073,0.051082852,3.95E-07,1.69E-05
269.2902177,0.051932554,0.051932886,0.051924477,3.89E-07,1.71E-05
269.4318749,0.05276621,0.052766537,0.052757946,3.84E-07,1.72E-05
269.573532,0.053590962,0.053591286,0.053582516,3.80E-07,1.74E-05
269.7151892,0.054406113,0.054406432,0.054397489,3.76E-07,1.75E-05
269.8568463,0.055211,0.055211314,0.055202204,3.71E-07,1.77E-05
269.9985034,0.056004996,0.056005306,0.055996036,3.68E-07,1.78E-05
270.1401606,0.056787507,0.056787816,0.056778392,3.66E-07,1.79E-05
270.2818177,0.057557971,0.057558279,0.057548706,3.65E-07,1.81E-05
270.4234748,0.058315855,0.058316163,0.058306448,3.65E-07,1.82E-05
270.565132,0.059060655,0.059060961,0.059051107,3.62E-07,1.83E-05
270.7067891,0.059791896,0.05979219,0.059782204,3.50E-07,1.84E-05
270.8484462,0.0605091,0.060509395,0.060499281,3.49E-07,1.85E-05
270.9901034,0.061211851,0.06121214,0.061201905,3.41E-07,1.86E-05
271.1317605,0.06189973,0.061900011,0.061889658,3.33E-07,1.87E-05
271.2734177,0.06257234,0.062572615,0.06256215,3.26E-07,1.88E-05
271.4150748,0.063229309,0.063229579,0.063219006,3.21E-07,1.89E-05
271.5567319,0.063870281,0.063870547,0.063859872,3.15E-07,1.89E-05
271.6983891,0.064494921,0.064495181,0.06448441,3.08E-07,1.90E-05
271.8400462,0.065102902,0.06510316,0.065092296,3.04E-07,1.91E-05
271.9817033,0.065693921,0.065694178,0.065683232,3.02E-07,1.91E-05
272.1233605,0.06626769,0.066267947,0.06625692,3.00E-07,1.92E-05
272.2650176,0.066823933,0.06682419,0.066813089,2.99E-07,1.93E-05
272.4066748,0.067362392,0.067362648,0.067351475,2.96E-07,1.93E-05
272.5483319,0.067882828,0.067883073,0.067871835,2.84E-07,1.94E-05
272.689989,0.068384986,0.068385233,0.068373936,2.83E-07,1.94E-05
272.8316462,0.068868666,0.068868906,0.068857555,2.75E-07,1.94E-05
272.9733033,0.069333653,0.069333886,0.069322486,2.66E-07,1.94E-05
273.1149604,0.069779748,0.069779977,0.069768532,2.59E-07,1.95E-05
273.2566176,0.07020677,0.070206994,0.070195511,2.53E-07,1.95E-05
273.3982747,0.070614547,0.070614767,0.070603251,2.47E-07,1.95E-05
273.5399319,0.071002919,0.071003134,0.070991589,2.40E-07,1.95E-05
273.681589,0.071371734,0.071371946,0.071360377,2.36E-07,1.95E-05
273.8232461,0.071720854,0.071721065,0.071709479,2.33E-07,1.95E-05
273.9649033,0.072050151,0.072050362,0.072038771,2.32E-07,1.95E-05
274.1065604,0.072359509,0.072359721,0.072348127,2.30E-07,1.95E-05
274.2482175,0.072648823,0.072649033,0.072637441,2.27E-07,1.94E-05
274.3898747,0.072918003,0.072918202,0.072906626,2.13E-07,1.94E-05
274.5315318,0.073166941,0.073167141,0.073155585,2.13E-07,1.94E-05
274.673189,0.073395577,0.073395773,0.073384235,2.07E-07,1.93E-05
274.8148461,0.073603838,0.07360403,0.073592511,2.01E-07,1.93E-05
274.9565032,0.073791665,0.073791854,0.073780361,1.97E-07,1.92E-05
275.0981604,0.07395901,0.073959196,0.073947734,1.93E-07,1.92E-05
275.2398175,0.074105835,0.074106018,0.074094597,1.88E-07,1.91E-05
275.3814746,0.074232111,0.074232289,0.074220912,1.82E-07,1.90E-05
275.5231318,0.074337817,0.074337988,0.074326656,1.74E-07,1.89E-05
275.6647889,0.074422935,0.074423104,0.074411823,1.70E-07,1.89E-05
275.806446,0.074487465,0.074487633,0.074476412,1.69E-07,1.88E-05
275.9481032,0.074531414,0.074531582,0.074520427,1.69E-07,1.87E-05
276.0897603,0.074554798,0.074554964,0.074543873,1.67E-07,1.86E-05
276.2314175,0.074557648,0.074557805,0.074546783,1.56E-07,1.85E-05
276.3730746,0.074539975,0.074540134,0.07452919,1.59E-07,1.84E-05
276.5147317,0.07450184,0.074501995,0.074491127,1.55E-07,1.83E-05
276.6563889,0.074443286,0.074443434,0.074432647,1.49E-07,1.82E-05
276.798046,0.074364364,0.074364511,0.074353812,1.49E-07,1.80E-05
276.9397031,0.074265144,0.074265291,0.074254678,1.50E-07,1.79E-05
277.0813603,0.074145702,0.074145849,0.074135327,1.50E-07,1.78E-05
277.2230174,0.074006121,0.074006268,0.073995839,1.51E-07,1.77E-05
277.3646746,0.073846493,0.073846638,0.073836308,1.51E-07,1.75E-05
277.5063317,0.073666918,0.073667059,0.073656829,1.49E-07,1.74E-05
277.6479888,0.073467502,0.073467639,0.073457515,1.46E-07,1.72E-05
277.789646,0.07324836,0.073248494,0.073238477,1.45E-07,1.71E-05
277.9313031,0.073009615,0.073009747,0.072999841,1.48E-07,1.69E-05
278.0729602,0.072751394,0.072751531,0.072741739,1.58E-07,1.68E-05
278.2146174,0.072473865,0.072473987,0.072464309,1.49E-07,1.66E-05
278.3562745,0.072177143,0.072177262,0.072167702,1.49E-07,1.64E-05
278.4979317,0.071861395,0.071861514,0.071852077,1.52E-07,1.63E-05
278.6395888,0.071526785,0.071526908,0.071517593,1.56E-07,1.61E-05
278.7812459,0.071173492,0.071173615,0.071164425,1.60E-07,1.59E-05
278.9229031,0.070801696,0.070801819,0.070792754,1.65E-07,1.57E-05
279.0645602,0.070411585,0.070411707,0.070402762,1.70E-07,1.55E-05
279.2062173,0.070003356,0.070003478,0.069994667,1.73E-07,1.53E-05
279.3478745,0.069577215,0.069577337,0.069568655,1.77E-07,1.51E-05
279.4895316,0.069133378,0.069133499,0.069124955,1.81E-07,1.49E-05
279.6311888,0.068672067,0.068672186,0.068663783,1.85E-07,1.47E-05
279.7728459,0.068193514,0.068193629,0.06818537,1.90E-07,1.45E-05
279.914503,0.067697957,0.067698067,0.067689955,1.94E-07,1.43E-05
280.0561602,0.067185637,0.06718575,0.067177788,1.96E-07,1.41E-05
280.1978173,0.06665682,0.066656933,0.066649118,2.00E-07,1.39E-05
280.3394744,0.066111773,0.066111882,0.06610423,2.06E-07,1.37E-05
280.4811316,0.065550765,0.065550871,0.065543376,2.11E-07,1.35E-05
280.6227887,0.064974082,0.064974184,0.064966852,2.16E-07,1.33E-05
280.7644458,0.064382014,0.064382115,0.064374955,2.21E-07,1.30E-05
280.906103,0.063774865,0.063774965,0.063767981,2.24E-07,1.28E-05
281.0477601,0.063152944,0.063153046,0.063146243,2.27E-07,1.26E-05
281.1894173,0.062516579,0.06251668,0.062510061,2.31E-07,1.23E-05
281.3310744,0.0618661,0.0618662,0.061859768,2.36E-07,1.21E-05
281.4727315,0.061201849,0.061201946,0.061195702,2.42E-07,1.19E-05
281.6143887,0.060524179,0.060524274,0.060518221,2.49E-07,1.17E-05
281.7560458,0.059833454,0.059833547,0.05982768,2.52E-07,1.14E-05
281.8977029,0.059130042,0.059130141,0.059124465,2.54E-07,1.12E-05
282.0393601,0.058414345,0.058414443,0.058408956,2.59E-07,1.10E-05
282.1810172,0.057686758,0.057686855,0.057681562,2.66E-07,1.07E-05
282.3226744,0.056947694,0.056947789,0.05694269,2.73E-07,1.05E-05
282.4643315,0.056197579,0.056197673,0.056192771,2.78E-07,1.03E-05
282.6059886,0.055436853,0.055436947,0.055432242,2.83E-07,1.00E-05
282.7476458,0.054665973,0.054666069,0.054661563,2.86E-07,9.82E-06
282.8893029,0.053885413,0.05388551,0.053881201,2.90E-07,9.59E-06
283.03096,0.053095661,0.053095759,0.053091658,2.95E-07,9.37E-06
283.1726172,0.052297224,0.052297322,0.052293421,3.00E-07,9.15E-06
283.3142743,0.051490628,0.051490726,0.051487029,3.06E-07,8.94E-06
283.4559315,0.050676418,0.050676516,0.050673024,3.11E-07,8.73E-06
283.5975886,0.049855159,0.049855259,0.049851974,3.13E-07,8.52E-06
283.7392457,0.049027443,0.049027545,0.049024465,3.20E-07,8.32E-06
283.8809029,0.048193884,0.048193989,0.048191113,3.24E-07,8.12E-06
284.02256,0.047355123,0.047355231,0.047352562,3.27E-07,7.92E-06
284.1642171,0.046511829,0.04651194,0.046509477,3.31E-07,7.74E-06
284.3058743,0.045664703,0.045664816,0.045662559,3.35E-07,7.55E-06
284.4475314,0.044814476,0.044814592,0.044812543,3.38E-07,7.38E-06
284.5891886,0.043961916,0.043962036,0.04396019,3.40E-07,7.20E-06
284.7308457,0.043107831,0.043107954,0.043106311,3.44E-07,7.04E-06
284.8725028,0.042253068,0.042253194,0.042251755,3.49E-07,6.88E-06
285.01416,0.04139852,0.041398649,0.041397413,3.54E-07,6.74E-06
285.1558171,0.040545128,0.040545261,0.040544225,3.60E-07,6.61E-06
285.2974742,0.039693888,0.039694024,0.039693188,3.65E-07,6.49E-06
285.4391314,0.038845847,0.038845989,0.03884535,3.65E-07,6.38E-06
285.5807885,0.038002121,0.038002269,0.038001825,3.70E-07,6.29E-06
285.7224456,0.037163889,0.037164042,0.037163791,3.72E-07,6.22E-06
285.8641028,0.036332401,0.036332561,0.036332497,3.73E-07,6.16E-06
286.0057599,0.035508985,0.035509151,0.035509273,3.75E-07,6.11E-06
286.1474171,0.034695052,0.034695225,0.034695529,3.78E-07,6.08E-06
286.2890742,0.033892098,0.033892278,0.033892757,3.80E-07,6.06E-06
286.4307313,0.033101716,0.033101903,0.033102553,3.82E-07,6.06E-06
286.5723885,0.032325593,0.032325787,0.0323266,3.85E-07,6.07E-06
286.7140456,0.031565521,0.031565723,0.031566698,3.89E-07,6.10E-06
286.8557027,0.030823396,0.030823607,0.030824733,3.93E-07,6.14E-06
286.9973599,0.030101224,0.030101444,0.030102707,3.98E-07,6.20E-06
287.139017,0.029401115,0.029401344,0.029402736,4.01E-07,6.28E-06
287.2806742,0.028725286,0.028725525,0.028727034,3.98E-07,6.37E-06
287.4223313,0.028076052,0.028076302,0.028077912,4.02E-07,6.46E-06
287.5639884,0.02745582,0.02745608,0.027457776,4.02E-07,6.58E-06
287.7056456,0.026867069,0.026867339,0.026869102,4.02E-07,6.70E-06
287.8473027,0.026312332,0.026312613,0.026314428,4.03E-07,6.82E-06
287.9889598,0.025794174,0.025794466,0.025796308,4.04E-07,6.96E-06
288.130617,0.025315153,0.025315456,0.02531731,4.05E-07,7.10E-06
288.2722741,0.024877783,0.024878097,0.02487994,4.06E-07,7.25E-06
288.4139313,0.02448449,0.024484815,0.024486623,4.09E-07,7.41E-06
288.5555884,0.024137558,0.024137894,0.024139641,4.11E-07,7.58E-06
288.6972455,0.023839075,0.023839423,0.023841087,4.14E-07,7.74E-06
288.8389027,0.02359088,0.023591239,0.023592794,4.17E-07,7.92E-06
288.9805598,0.023394505,0.023394874,0.023396302,4.19E-07,8.10E-06
289.1222169,0.023251129,0.023251503,0.023252781,4.13E-07,8.28E-06
289.2638741,0.023161524,0.023161906,0.023163009,4.14E-07,8.46E-06
289.4055312,0.023126048,0.023126435,0.023127344,4.12E-07,8.65E-06
289.5471884,0.02314461,0.023145003,0.023145698,4.11E-07,8.84E-06
289.6888455,0.023216678,0.023217076,0.023217541,4.12E-07,9.03E-06
289.8305026,0.023341293,0.023341697,0.023341914,4.13E-07,9.22E-06
289.9721598,0.023517097,0.023517505,0.023517463,4.13E-07,9.42E-06
290.1138169,0.023742375,0.023742785,0.023742474,4.13E-07,9.61E-06
290.255474,0.024015101,0.024015512,0.024014923,4.13E-07,9.81E-06
290.3971312,0.024332996,0.024333409,0.024332537,4.13E-07,1.00E-05
290.5387883,0.024693587,0.024694002,0.024692843,4.15E-07,1.02E-05
290.6804454,0.025094266,0.025094683,0.025093237,4.17E-07,1.04E-05
290.8221026,0.025532337,0.025532755,0.025531018,4.18E-07,1.06E-05
290.9637597,0.026005076,0.026005484,0.026003457,4.10E-07,1.08E-05
291.1054169,0.026509738,0.026510143,0.026507831,4.08E-07,1.10E-05
291.247074,0.027043642,0.02704404,0.027041445,4.04E-07,1.12E-05
291.3887311,0.027604159,0.027604553,0.027601676,4.03E-07,1.14E-05
291.5303883,0.028188752,0.028189144,0.028185992,4.03E-07,1.15E-05
291.6720454,0.02879499,0.02879538,0.028791957,4.03E-07,1.17E-05
291.8137025,0.029420552,0.029420938,0.029417252,4.02E-07,1.19E-05
291.9553597,0.030063234,0.030063616,0.030059673,4.01E-07,1.21E-05
292.0970168,0.030720955,0.030721332,0.030717137,3.99E-07,1.23E-05
292.238674,0.03139175,0.031392125,0.031387685,3.98E-07,1.25E-05
292.3803311,0.032073778,0.03207415,0.03206947,3.98E-07,1.27E-05
292.5219882,0.032765308,0.032765679,0.032760766,3.99E-07,1.28E-05
292.6636454,0.033464725,0.033465093,0.033459956,3.99E-07,1.30E-05
292.8053025,0.034170519,0.034170876,0.034165518,3.90E-07,1.32E-05
292.9469596,0.034881259,0.03488161,0.034876038,3.87E-07,1.34E-05
293.0886168,0.035595624,0.035595969,0.03559019,3.82E-07,1.35E-05
293.2302739,0.036312374,0.036312713,0.036306733,3.79E-07,1.37E-05
293.3719311,0.037030347,0.037030682,0.037024506,3.77E-07,1.38E-05
293.5135882,0.037748458,0.03774879,0.037742424,3.76E-07,1.40E-05
293.6552453,0.038465691,0.03846602,0.038459468,3.74E-07,1.41E-05
293.7969025,0.039181093,0.039181417,0.039174687,3.71E-07,1.43E-05
293.9385596,0.039893766,0.039894086,0.039887183,3.69E-07,1.44E-05
294.0802167,0.04060287,0.040603188,0.040596117,3.67E-07,1.46E-05
294.2218739,0.041307616,0.041307932,0.041300697,3.66E-07,1.47E-05
294.363531,0.042007259,0.042007575,0.042000183,3.65E-07,1.49E-05
294.5051882,0.042701103,0.042701415,0.042693867,3.63E-07,1.50E-05
294.6468453,0.043388492,0.043388793,0.043381095,3.53E-07,1.51E-05
294.7885024,0.044068783,0.044069084,0.044061242,3.53E-07,1.52E-05
294.9301596,0.044741405,0.044741701,0.044733719,3.47E-07,1.54E-05
295.0718167,0.045405796,0.045406085,0.045397969,3.41E-07,1.55E-05
295.2134738,0.046061425,0.046061709,0.046053464,3.36E-07,1.56E-05
295.355131,0.046707794,0.046708074,0.046699705,3.32E-07,1.57E-05
295.4967881,0.04734443,0.047344706,0.047336217,3.28E-07,1.58E-05
295.6384453,0.047970884,0.047971155,0.047962548,3.22E-07,1.59E-05
295.7801024,0.048586727,0.048586996,0.048578276,3.20E-07,1.60E-05
295.9217595,0.049191555,0.049191822,0.049182995,3.18E-07,1.61E-05
296.0634167,0.049784984,0.04978525,0.049776319,3.16E-07,1.62E-05
296.2050738,0.050366647,0.050366913,0.050357882,3.16E-07,1.63E-05
296.3467309,0.050936199,0.050936463,0.050927338,3.13E-07,1.64E-05
296.4883881,0.051493315,0.051493569,0.051484355,3.03E-07,1.65E-05
296.6300452,0.052037663,0.052037918,0.052028616,3.02E-07,1.65E-05
296.7717023,0.05256896,0.05256921,0.052559823,2.95E-07,1.66E-05
296.9133595,0.053086916,0.05308716,0.053077695,2.87E-07,1.67E-05
297.0550166,0.053591259,0.053591498,0.053581964,2.81E-07,1.67E-05
297.1966738,0.054081733,0.054081967,0.054072365,2.76E-07,1.68E-05
297.3383309,0.054558093,0.054558324,0.054548656,2.71E-07,1.68E-05
297.479988,0.055020111,0.055020337,0.055010606,2.64E-07,1.69E-05
297.6216452,0.055467562,0.055467786,0.055458,2.61E-07,1.69E-05
297.7633023,0.055900242,0.055900464,0.055890631,2.58E-07,1.70E-05
297.9049594,0.056317952,0.056318174,0.056308297,2.57E-07,1.70E-05
298.0466166,0.056720508,0.056720731,0.056710814,2.56E-07,1.70E-05
298.1882737,0.057107737,0.057107958,0.057098003,2.52E-07,1.71E-05
298.3299309,0.057479479,0.057479691,0.057469706,2.42E-07,1.71E-05
298.471588,0.057835561,0.057835775,0.057825763,2.41E-07,1.71E-05
298.6132451,0.058175855,0.058176064,0.058166031,2.34E-07,1.71E-05
298.7549023,0.05850022,0.058500422,0.058490372,2.26E-07,1.71E-05
298.8965594,0.058808526,0.058808724,0.058798665,2.20E-07,1.71E-05
299.0382165,0.059100656,0.059100851,0.059090783,2.15E-07,1.71E-05
299.1798737,0.059376503,0.059376694,0.059366624,2.10E-07,1.71E-05
299.3215308,0.059635967,0.059636154,0.059626086,2.04E-07,1.71E-05
299.463188,0.059878959,0.059879139,0.05986908,1.95E-07,1.71E-05
299.6048451,0.060105388,0.060105567,0.060095518,1.92E-07,1.70E-05
299.7465022,0.060315183,0.060315362,0.060305333,1.91E-07,1.70E-05
299.8881594,0.060508277,0.060508458,0.060498454,1.91E-07,1.70E-05
300.0298165,0.060684616,0.060684796,0.060674821,1.90E-07,1.69E-05
300.1714736,0.060844154,0.060844327,0.060834382,1.81E-07,1.69E-05
300.3131308,0.060986833,0.060987007,0.060977093,1.81E-07,1.69E-05
300.4547879,0.061112634,0.061112801,0.061102925,1.72E-07,1.68E-05
300.5964451,0.061221518,0.061221683,0.061211848,1.69E-07,1.68E-05
300.7381022,0.061313467,0.061313631,0.061303845,1.66E-07,1.67E-05
300.8797593,0.061388472,0.061388634,0.061378898,1.64E-07,1.66E-05
301.0214165,0.061446528,0.061446688,0.061437001,1.62E-07,1.66E-05
301.1630736,0.061487636,0.061487794,0.061478164,1.58E-07,1.65E-05
301.3047307,0.061511809,0.061511962,0.061502388,1.53E-07,1.64E-05
301.4463879,0.061519062,0.06151921,0.061509702,1.47E-07,1.63E-05
301.588045,0.061509414,0.061509561,0.061500119,1.47E-07,1.63E-05
301.7297021,0.0614829,0.061483047,0.061473673,1.47E-07,1.62E-05
301.8713593,0.061439559,0.061439706,0.0614304,1.47E-07,1.61E-05
302.0130164,0.061379444,0.061379584,0.061370354,1.40E-07,1.60E-05
302.1546736,0.061302594,0.061302732,0.061293581,1.40E-07,1.59E-05
302.2963307,0.061209075,0.061209211,0.061200139,1.39E-07,1.58E-05
302.4379878,0.061098954,0.061099086,0.061090101,1.37E-07,1.57E-05
302.579645,0.060972299,0.060972431,0.060963533,1.37E-07,1.55E-05
302.7213021,0.060829193,0.060829324,0.060820517,1.38E-07,1.54E-05
302.8629592,0.060669724,0.060669854,0.060661139,1.39E-07,1.53E-05
303.0046164,0.060493985,0.060494114,0.060485495,1.39E-07,1.52E-05
303.1462735,0.060302076,0.060302204,0.060293683,1.40E-07,1.51E-05
303.2879307,0.060094104,0.060094231,0.060085812,1.40E-07,1.49E-05
303.4295878,0.059870183,0.059870308,0.059861992,1.41E-07,1.48E-05
303.5712449,0.059630433,0.059630558,0.059622346,1.41E-07,1.46E-05
303.7129021,0.059374984,0.059375106,0.059366995,1.43E-07,1.45E-05
303.8545592,0.05910397,0.059104087,0.059096083,1.46E-07,1.44E-05
303.9962163,0.058817534,0.058817641,0.058809747,1.43E-07,1.42E-05
304.1378735,0.058515811,0.058515917,0.058508132,1.45E-07,1.40E-05
304.2795306,0.05819896,0.058199069,0.058191396,1.49E-07,1.39E-05
304.4211878,0.057867147,0.057867258,0.057859694,1.54E-07,1.37E-05
304.5628449,0.057520541,0.057520651,0.057513206,1.58E-07,1.36E-05
304.704502,0.057159315,0.057159424,0.057152096,1.62E-07,1.34E-05
304.8461592,0.05678365,0.056783758,0.056776552,1.65E-07,1.32E-05
304.9878163,0.056393736,0.056393843,0.056386755,1.68E-07,1.31E-05
305.1294734,0.055989768,0.055989873,0.055982912,1.71E-07,1.29E-05
305.2711306,0.055571949,0.055572052,0.055565221,1.75E-07,1.27E-05
305.4127877,0.055140489,0.05514059,0.055133892,1.79E-07,1.25E-05
305.5544449,0.054695605,0.054695703,0.054689137,1.83E-07,1.24E-05
305.696102,0.054237522,0.054237618,0.054231194,1.86E-07,1.22E-05
305.8377591,0.053766466,0.053766565,0.05376028,1.88E-07,1.20E-05
305.9794163,0.053282685,0.053282784,0.053276643,1.92E-07,1.18E-05
306.1210734,0.052786428,0.052786524,0.052780536,1.97E-07,1.16E-05
306.2627305,0.052277946,0.052278039,0.052272204,2.03E-07,1.14E-05
306.4043877,0.051757502,0.051757593,0.051751915,2.08E-07,1.13E-05
306.5460448,0.051225368,0.051225458,0.051219938,2.13E-07,1.11E-05
306.6877019,0.050681825,0.050681915,0.050676556,2.16E-07,1.09E-05
306.8293591,0.050127163,0.050127253,0.050122059,2.20E-07,1.07E-05
306.9710162,0.049561681,0.04956177,0.04955674,2.24E-07,1.05E-05
307.1126734,0.048985687,0.048985775,0.048980906,2.29E-07,1.03E-05
307.2543305,0.048399499,0.048399586,0.048394881,2.34E-07,1.01E-05
307.3959876,0.047803444,0.04780353,0.047798995,2.39E-07,9.90E-06
307.5376448,0.047197859,0.047197946,0.047193572,2.42E-07,9.71E-06
307.6793019,0.046583094,0.046583183,0.046578975,2.46E-07,9.52E-06
307.820959,0.045959515,0.045959605,0.045955562,2.50E-07,9.33E-06
307.9626162,0.045327493,0.045327583,0.045323711,2.54E-07,9.14E-06
308.1042733,0.044687415,0.044687505,0.044683804,2.59E-07,8.96E-06
308.2459305,0.044039681,0.044039771,0.044036242,2.63E-07,8.77E-06
308.3875876,0.043384705,0.043384797,0.043381438,2.67E-07,8.59E-06
308.5292447,0.042722918,0.042723012,0.042719824,2.69E-07,8.41E-06
308.6709019,0.042054768,0.042054862,0.042051846,2.73E-07,8.24E-06
308.812559,0.041380717,0.041380812,0.041377966,2.78E-07,8.07E-06
308.9542161,0.040701248,0.040701344,0.040698667,2.83E-07,7.90E-06
309.0958733,0.040016864,0.04001696,0.040014453,2.88E-07,7.73E-06
309.2375304,0.039328087,0.039328185,0.039325849,2.93E-07,7.57E-06
309.3791876,0.038635464,0.038635564,0.0386334,2.95E-07,7.41E-06
309.5208447,0.037939566,0.037939668,0.037937675,3.00E-07,7.26E-06
309.6625018,0.037240992,0.037241097,0.037239277,3.02E-07,7.11E-06
309.804159,0.036540367,0.036540475,0.036538826,3.05E-07,6.96E-06
309.9458161,0.035838349,0.035838461,0.035836983,3.08E-07,6.83E-06
310.0874732,0.03513563,0.035135744,0.035134435,3.11E-07,6.69E-06
310.2291304,0.034432935,0.034433053,0.034431908,3.13E-07,6.57E-06
310.3707875,0.033731031,0.033731153,0.033730172,3.15E-07,6.46E-06
310.5124447,0.033030725,0.033030851,0.03303003,3.19E-07,6.35E-06
310.6541018,0.032332873,0.032333002,0.032332344,3.23E-07,6.26E-06
310.7957589,0.031638376,0.03163851,0.031638011,3.27E-07,6.18E-06
310.9374161,0.030948192,0.03094833,0.030947989,3.32E-07,6.10E-06
311.0790732,0.030263334,0.030263476,0.030263289,3.36E-07,6.04E-06
311.2207303,0.029584875,0.029585023,0.029584989,3.35E-07,5.99E-06
311.3623875,0.028913959,0.028914113,0.028914227,3.39E-07,5.95E-06
311.5040446,0.028251796,0.028251957,0.02825221,3.41E-07,5.92E-06
311.6457017,0.027599672,0.027599839,0.027600229,3.42E-07,5.90E-06
311.7873589,0.026958951,0.026959125,0.026959645,3.44E-07,5.90E-06
311.929016,0.026331078,0.02633126,0.026331902,3.45E-07,5.91E-06
312.0706732,0.025717585,0.025717774,0.025718531,3.47E-07,5.93E-06
312.2123303,0.025120087,0.025120284,0.025121148,3.49E-07,5.96E-06
312.3539874,0.024540288,0.024540493,0.024541453,3.51E-07,6.00E-06
312.4956446,0.023979975,0.023980188,0.023981232,3.54E-07,6.05E-06
312.6373017,0.023441016,0.023441238,0.023442353,3.58E-07,6.11E-06
312.7789588,0.022925353,0.022925585,0.022926762,3.61E-07,6.19E-06
312.920616,0.022434991,0.022435233,0.022436457,3.64E-07,6.27E-06
313.0622731,0.021971982,0.021972232,0.021973486,3.61E-07,6.36E-06
313.2039303,0.021538402,0.021538662,0.021539927,3.62E-07,6.46E-06
313.3455874,0.021136333,0.021136602,0.021137867,3.63E-07,6.57E-06
313.4872445,0.020767827,0.020768106,0.020769351,3.63E-07,6.68E-06
313.6289017,0.020434873,0.020435162,0.020436367,3.64E-07,6.79E-06
313.7705588,0.020139356,0.020139655,0.0201408,3.66E-07,6.92E-06
313.9122159,0.019883015,0.019883323,0.019884391,3.67E-07,7.05E-06
314.0538731,0.019667396,0.019667713,0.019668679,3.68E-07,7.18E-06
314.1955302,0.019493812,0.019494137,0.019494982,3.68E-07,7.32E-06
314.3371874,0.019363295,0.019363628,0.019364335,3.69E-07,7.46E-06
314.4788445,0.019276571,0.019276912,0.019277466,3.71E-07,7.60E-06
314.6205016,0.019234025,0.019234374,0.019234758,3.73E-07,7.75E-06
314.7621588,0.019235691,0.019236047,0.019236243,3.75E-07,7.90E-06
314.9038159,0.019281251,0.019281608,0.019281602,3.70E-07,8.05E-06
315.045473,0.01937002,0.019370381,0.019370163,3.71E-07,8.20E-06
315.1871302,0.019501002,0.019501364,0.019500922,3.69E-07,8.36E-06
315.3287873,0.019672889,0.019673254,0.019672581,3.68E-07,8.51E-06
315.4704445,0.019884117,0.019884484,0.019883573,3.68E-07,8.67E-06
315.6121016,0.020132903,0.020133271,0.020132117,3.69E-07,8.82E-06
315.7537587,0.020417289,0.020417658,0.020416258,3.69E-07,8.98E-06
315.8954159,0.02073519,0.020735559,0.020733915,3.69E-07,9.14E-06
316.037073,0.021084439,0.021084807,0.021082915,3.68E-07,9.30E-06
316.1787301,0.021462822,0.021463188,0.021461053,3.68E-07,9.46E-06
316.3203873,0.021868116,0.021868482,0.021866105,3.69E-07,9.62E-06
316.4620444,0.022298122,0.022298489,0.022295873,3.71E-07,9.78E-06
316.6037015,0.022750687,0.022751052,0.022748204,3.71E-07,9.94E-06
316.7453587,0.023223726,0.023224081,0.023221003,3.64E-07,1.01E-05
316.8870158,0.023715211,0.023715563,0.023712259,3.62E-07,1.03E-05
317.028673,0.024223226,0.024223571,0.024220047,3.58E-07,1.04E-05
317.1703301,0.024745932,0.024746273,0.024742534,3.57E-07,1.06E-05
317.3119872,0.025281596,0.025281935,0.025277984,3.56E-07,1.07E-05
317.4536444,0.025828581,0.025828916,0.025824763,3.56E-07,1.09E-05
317.5953015,0.026385344,0.026385677,0.026381325,3.56E-07,1.10E-05
317.7369586,0.026950439,0.026950768,0.026946223,3.54E-07,1.12E-05
317.8786158,0.027522505,0.027522831,0.027518099,3.53E-07,1.13E-05
318.0202729,0.028100269,0.028100593,0.02809568,3.53E-07,1.15E-05
318.1619301,0.028682542,0.028682863,0.028677775,3.53E-07,1.16E-05
318.3035872,0.029268207,0.029268526,0.029263267,3.52E-07,1.18E-05
318.4452443,0.029856223,0.029856539,0.029851114,3.51E-07,1.19E-05
318.5869015,0.030445619,0.030445925,0.030440339,3.42E-07,1.20E-05
318.7285586,0.031035468,0.031035769,0.031030028,3.39E-07,1.22E-05
318.8702157,0.031624918,0.031625214,0.031619322,3.35E-07,1.23E-05
319.0118729,0.032213165,0.032213456,0.032207418,3.32E-07,1.24E-05
319.15353,0.032799454,0.032799742,0.032793562,3.31E-07,1.26E-05
319.2951872,0.033383078,0.033383364,0.033377046,3.29E-07,1.27E-05
319.4368443,0.033963372,0.033963655,0.033957204,3.27E-07,1.28E-05
319.5785014,0.03453971,0.034539988,0.034533409,3.23E-07,1.29E-05
319.7201586,0.035111499,0.035111775,0.03510507,3.21E-07,1.30E-05
319.8618157,0.035678184,0.035678457,0.035671633,3.19E-07,1.31E-05
320.0034728,0.036239239,0.03623951,0.036232571,3.18E-07,1.33E-05
320.14513,0.036794168,0.036794438,0.036787387,3.17E-07,1.34E-05
320.2867871,0.037342503,0.037342771,0.037335612,3.14E-07,1.35E-05
320.4284443,0.037883807,0.037884066,0.037876803,3.06E-07,1.36E-05
320.5701014,0.038417642,0.038417901,0.038410538,3.06E-07,1.37E-05
320.7117585,0.038943624,0.038943878,0.038936419,3.01E-07,1.38E-05
320.8534157,0.03946137,0.039461619,0.03945407,2.95E-07,1.38E-05
320.9950728,0.03997052,0.039970764,0.039963128,2.90E-07,1.39E-05
321.1367299,0.040470732,0.040470973,0.040463252,2.86E-07,1.40E-05
321.2783871,0.040961685,0.040961922,0.040954121,2.82E-07,1.41E-05
321.4200442,0.04144307,0.041443303,0.041435425,2.77E-07,1.42E-05
321.5617014,0.041914592,0.041914823,0.041906872,2.74E-07,1.42E-05
321.7033585,0.042375975,0.042376205,0.042368183,2.72E-07,1.43E-05
321.8450156,0.042826953,0.042827182,0.042819094,2.71E-07,1.44E-05
321.9866728,0.043267276,0.043267505,0.043259353,2.70E-07,1.45E-05
322.1283299,0.043696706,0.043696933,0.043688722,2.67E-07,1.45E-05
322.269987,0.04411502,0.044115239,0.044106974,2.59E-07,1.46E-05
322.4116442,0.044521987,0.044522207,0.044513892,2.58E-07,1.46E-05
322.5533013,0.044917417,0.044917632,0.044909269,2.51E-07,1.47E-05
322.6949584,0.045301108,0.045301318,0.04529291,2.45E-07,1.47E-05
322.8366156,0.045672876,0.045673081,0.045664633,2.39E-07,1.48E-05
322.9782727,0.046032544,0.046032746,0.046024262,2.35E-07,1.48E-05
323.1199299,0.046379949,0.046380148,0.046371629,2.30E-07,1.48E-05
323.261587,0.046714934,0.046715129,0.04670658,2.24E-07,1.49E-05
323.4032441,0.047037348,0.047037541,0.047028968,2.21E-07,1.49E-05
323.5449013,0.047347054,0.047347246,0.047338651,2.19E-07,1.49E-05
323.6865584,0.047643921,0.047644112,0.047635497,2.17E-07,1.49E-05
323.8282155,0.047927826,0.047928017,0.047919387,2.16E-07,1.49E-05
323.9698727,0.048198656,0.048198846,0.048190208,2.13E-07,1.50E-05
324.1115298,0.048456308,0.04845649,0.048447846,2.04E-07,1.50E-05
324.253187,0.048700668,0.048700851,0.048692205,2.03E-07,1.50E-05
324.3948441,0.048931657,0.048931837,0.048923198,1.97E-07,1.50E-05
324.5365012,0.049149187,0.049149362,0.049140732,1.91E-07,1.50E-05
324.6781584,0.049353177,0.049353348,0.04934473,1.85E-07,1.49E-05
324.8198155,0.049543557,0.049543725,0.049535125,1.81E-07,1.49E-05
324.9614726,0.049720263,0.049720428,0.049711845,1.77E-07,1.49E-05
325.1031298,0.049883239,0.049883401,0.049874838,1.72E-07,1.49E-05
325.2447869,0.050032435,0.050032592,0.050024051,1.65E-07,1.49E-05
325.3864441,0.050167803,0.050167958,0.050159443,1.62E-07,1.48E-05
325.5281012,0.050289306,0.050289461,0.050280977,1.61E-07,1.48E-05
325.6697583,0.050396915,0.050397071,0.050388625,1.61E-07,1.47E-05
325.8114155,0.050490607,0.050490762,0.050482356,1.60E-07,1.47E-05
325.9530726,0.050570368,0.050570517,0.05056215,1.52E-07,1.47E-05
326.0947297,0.050636172,0.050636322,0.050628,1.53E-07,1.46E-05
326.2363869,0.050688027,0.050688173,0.050679903,1.47E-07,1.46E-05
326.378044,0.050725926,0.050726068,0.050717851,1.44E-07,1.45E-05
326.5197012,0.050749874,0.050750015,0.050741855,1.42E-07,1.44E-05
326.6613583,0.050759886,0.050760026,0.05075192,1.40E-07,1.44E-05
326.8030154,0.050755979,0.050756117,0.050748071,1.38E-07,1.43E-05
326.9446726,0.050738178,0.050738314,0.050730331,1.36E-07,1.42E-05
327.0863297,0.050706513,0.050706646,0.050698728,1.33E-07,1.42E-05
327.2279868,0.050661019,0.050661148,0.050653296,1.30E-07,1.41E-05
327.369644,0.050601737,0.050601863,0.050594078,1.26E-07,1.40E-05
327.5113011,0.050528715,0.050528836,0.050521123,1.23E-07,1.39E-05
327.6529582,0.050442003,0.050442122,0.050434484,1.21E-07,1.38E-05
327.7946154,0.050341657,0.050341778,0.050334215,1.27E-07,1.37E-05
327.9362725,0.05022775,0.050227869,0.050220386,1.25E-07,1.36E-05
328.0779297,0.050100347,0.050100465,0.050093063,1.25E-07,1.35E-05
328.2195868,0.049959525,0.04995964,0.049952323,1.24E-07,1.34E-05
328.3612439,0.049805365,0.049805477,0.049798244,1.23E-07,1.33E-05
328.5029011,0.049637949,0.049638062,0.049630916,1.25E-07,1.32E-05
328.6445582,0.049457374,0.049457487,0.049450431,1.28E-07,1.31E-05
328.7862153,0.049263737,0.04926385,0.049256888,1.30E-07,1.30E-05
328.9278725,0.049057142,0.049057254,0.049050385,1.32E-07,1.29E-05
329.0695296,0.048837698,0.048837809,0.048831037,1.33E-07,1.27E-05
329.2111868,0.048605519,0.048605629,0.048598956,1.34E-07,1.26E-05
329.3528439,0.048360726,0.048360834,0.04835426,1.36E-07,1.25E-05
329.494501,0.048103445,0.04810355,0.048097077,1.38E-07,1.24E-05
329.6361582,0.047833806,0.047833909,0.047827536,1.41E-07,1.22E-05
329.7778153,0.047551952,0.047552047,0.047545773,1.38E-07,1.21E-05
329.9194724,0.047258011,0.047258107,0.047251939,1.43E-07,1.20E-05
330.0611296,0.046952138,0.046952238,0.046946171,1.48E-07,1.18E-05
330.2027867,0.046634493,0.046634593,0.046628636,1.53E-07,1.17E-05
330.3444439,0.046305235,0.046305333,0.046299487,1.57E-07,1.15E-05
330.486101,0.045964528,0.045964624,0.045958889,1.60E-07,1.14E-05
330.6277581,0.045612542,0.045612637,0.045607009,1.63E-07,1.12E-05
330.7694153,0.045249456,0.04524955,0.045244038,1.65E-07,1.11E-05
330.9110724,0.044875454,0.044875547,0.044870153,1.68E-07,1.09E-05
331.0527295,0.044490727,0.044490818,0.044485543,1.71E-07,1.08E-05
331.1943867,0.04409547,0.044095559,0.044090402,1.75E-07,1.06E-05
331.3360438,0.043689885,0.043689972,0.043684938,1.80E-07,1.05E-05
331.477701,0.043274183,0.043274267,0.043269359,1.82E-07,1.03E-05
331.6193581,0.042848571,0.042848661,0.04284388,1.83E-07,1.02E-05
331.7610152,0.042413285,0.042413375,0.042408725,1.86E-07,1.00E-05
331.9026724,0.041968552,0.041968639,0.04196412,1.91E-07,9.86E-06
332.0443295,0.041514606,0.041514691,0.041510307,1.97E-07,9.70E-06
332.1859866,0.041051692,0.041051775,0.041047525,2.02E-07,9.54E-06
332.3276438,0.040580061,0.040580143,0.040576028,2.06E-07,9.38E-06
332.4693009,0.040099974,0.040100057,0.040096072,2.09E-07,9.22E-06
332.610958,0.039611701,0.039611784,0.039607932,2.12E-07,9.06E-06
332.7526152,0.03911552,0.039115602,0.039111886,2.16E-07,8.90E-06
332.8942723,0.038611716,0.038611798,0.038608223,2.20E-07,8.74E-06
333.0359295,0.038100586,0.038100668,0.038097233,2.25E-07,8.58E-06
333.1775866,0.037582437,0.037582517,0.037579222,2.29E-07,8.42E-06
333.3192437,0.037057583,0.037057664,0.037054507,2.32E-07,8.27E-06
333.4609009,0.03652635,0.036526435,0.036523425,2.35E-07,8.12E-06
333.602558,0.035989085,0.035989171,0.035986301,2.38E-07,7.96E-06
333.7442151,0.035446136,0.035446222,0.035443497,2.42E-07,7.81E-06
333.8858723,0.034897869,0.034897956,0.034895375,2.46E-07,7.67E-06
334.0275294,0.034344663,0.03434475,0.034342313,2.49E-07,7.53E-06
334.1691866,0.033786912,0.033787001,0.033784708,2.52E-07,7.39E-06
334.3108437,0.033225027,0.033225117,0.033222969,2.55E-07,7.25E-06
334.4525008,0.032659436,0.032659528,0.032657525,2.58E-07,7.12E-06
334.594158,0.032090587,0.03209068,0.032088822,2.62E-07,6.98E-06
334.7358151,0.031518945,0.03151904,0.031517324,2.66E-07,6.85E-06
334.8774722,0.030944997,0.030945094,0.030943521,2.71E-07,6.73E-06
335.0191294,0.030369256,0.030369354,0.030367925,2.75E-07,6.62E-06
335.1607865,0.029792255,0.029792356,0.029791069,2.76E-07,6.50E-06
335.3024437,0.029214559,0.029214662,0.029213515,2.80E-07,6.40E-06
335.4441008,0.028636758,0.028636865,0.028635856,2.82E-07,6.29E-06
335.5857579,0.028059477,0.028059588,0.028058714,2.84E-07,6.20E-06
335.7274151,0.027483372,0.027483486,0.02748274,2.86E-07,6.11E-06
335.8690722,0.026909138,0.026909256,0.026908642,2.88E-07,6.02E-06
336.0107293,0.026337507,0.026337628,0.026337146,2.91E-07,5.95E-06
336.1523865,0.025769255,0.025769381,0.025769028,2.92E-07,5.88E-06
336.2940436,0.025205204,0.025205334,0.025205106,2.95E-07,5.82E-06
336.4357008,0.024646225,0.02464636,0.024646251,2.98E-07,5.77E-06
336.5773579,0.024093242,0.024093381,0.024093389,3.02E-07,5.73E-06
336.719015,0.023547234,0.023547378,0.023547497,3.06E-07,5.70E-06
336.8606722,0.02300924,0.02300939,0.023009614,3.09E-07,5.68E-06
337.0023293,0.022480362,0.022480518,0.022480843,3.08E-07,5.67E-06
337.1439864,0.021961768,0.021961931,0.02196235,3.11E-07,5.66E-06
337.2856436,0.021454693,0.021454862,0.021455368,3.12E-07,5.67E-06
337.4273007,0.02096044,0.020960616,0.020961202,3.13E-07,5.68E-06
337.5689578,0.020480385,0.020480568,0.020481226,3.14E-07,5.70E-06
337.710615,0.020015968,0.020016159,0.020016881,3.15E-07,5.73E-06
337.8522721,0.019568698,0.019568896,0.01956967,3.17E-07,5.77E-06
337.9939293,0.019140143,0.019140349,0.019141164,3.18E-07,5.82E-06
338.1355864,0.018731921,0.018732135,0.018732977,3.20E-07,5.87E-06
338.2772435,0.018345692,0.018345915,0.018346771,3.22E-07,5.93E-06
338.4189007,0.017983143,0.017983375,0.01798423,3.25E-07,6.00E-06
338.5605578,0.017645964,0.017646205,0.017647042,3.27E-07,6.07E-06
338.7022149,0.017335829,0.017336079,0.017336888,3.29E-07,6.15E-06
338.8438721,0.01705437,0.017054626,0.017055393,3.26E-07,6.24E-06
338.9855292,0.016803135,0.0168034,0.016804107,3.27E-07,6.33E-06
339.1271864,0.016583571,0.016583843,0.016584476,3.27E-07,6.43E-06
339.2688435,0.016396973,0.016397254,0.016397794,3.27E-07,6.53E-06
339.4105006,0.01624446,0.016244748,0.016245181,3.28E-07,6.63E-06
339.5521578,0.016126933,0.016127229,0.016127537,3.29E-07,6.74E-06
339.6938149,0.016045053,0.016045355,0.016045524,3.29E-07,6.86E-06
339.835472,0.015999211,0.015999519,0.015999534,3.30E-07,6.97E-06
339.9771292,0.015989518,0.015989831,0.015989683,3.29E-07,7.09E-06
340.1187863,0.016015797,0.016016114,0.016015792,3.30E-07,7.21E-06
340.2604435,0.016077584,0.016077906,0.016077401,3.31E-07,7.33E-06
340.4021006,0.016174148,0.016174474,0.016173775,3.33E-07,7.45E-06
340.5437577,0.016304506,0.016304836,0.016303937,3.34E-07,7.58E-06
340.6854149,0.016467459,0.016467786,0.016466683,3.29E-07,7.71E-06
340.827072,0.016661603,0.016661932,0.016660623,3.30E-07,7.83E-06
340.9687291,0.016885403,0.01688573,0.016884212,3.28E-07,7.96E-06
341.1103863,0.017137192,0.017137518,0.017135791,3.26E-07,8.09E-06
341.2520434,0.017415231,0.017415557,0.017413621,3.26E-07,8.22E-06
341.3937006,0.017717733,0.017718059,0.017715915,3.26E-07,8.34E-06
341.5353577,0.018042895,0.018043219,0.01804087,3.26E-07,8.47E-06
341.6770148,0.018388919,0.018389241,0.01838669,3.26E-07,8.60E-06
341.818672,0.018754038,0.018754358,0.018751609,3.25E-07,8.73E-06
341.9603291,0.01913653,0.019136847,0.019133904,3.24E-07,8.87E-06
342.1019862,0.01953473,0.019535047,0.019531913,3.25E-07,9.00E-06
342.2436434,0.019947045,0.01994736,0.019944041,3.26E-07,9.13E-06
342.3853005,0.020371952,0.020372265,0.020368765,3.26E-07,9.26E-06
342.5269576,0.020808012,0.020808317,0.020804642,3.20E-07,9.39E-06
342.6686148,0.021253848,0.021254149,0.021250304,3.18E-07,9.52E-06
342.8102719,0.021708177,0.021708472,0.021704462,3.14E-07,9.65E-06
342.9519291,0.022169783,0.022170074,0.022165903,3.12E-07,9.78E-06
343.0935862,0.022637528,0.022637816,0.022633491,3.11E-07,9.90E-06
343.2352433,0.023110345,0.023110631,0.023106156,3.11E-07,1.00E-05
343.3769005,0.023587235,0.023587518,0.023582899,3.10E-07,1.01E-05
343.5185576,0.02406726,0.02406754,0.02406278,3.08E-07,1.03E-05
343.6602147,0.024549542,0.024549819,0.024544922,3.07E-07,1.04E-05
343.8018719,0.025033259,0.025033533,0.025028505,3.06E-07,1.05E-05
343.943529,0.02551764,0.025517913,0.025512757,3.06E-07,1.06E-05
344.0851862,0.026001965,0.026002237,0.025996956,3.05E-07,1.07E-05
344.2268433,0.026485559,0.026485827,0.026480426,3.04E-07,1.08E-05
344.3685004,0.02696779,0.02696805,0.026962533,2.97E-07,1.09E-05
344.5101576,0.027448049,0.027448307,0.027442678,2.95E-07,1.10E-05
344.6518147,0.027925785,0.027926039,0.027920301,2.92E-07,1.12E-05
344.7934718,0.028400468,0.028400717,0.028394874,2.88E-07,1.13E-05
344.935129,0.028871598,0.028871843,0.028865899,2.85E-07,1.14E-05
345.0767861,0.029338708,0.02933895,0.029332908,2.82E-07,1.14E-05
345.2184433,0.029801356,0.029801595,0.029795458,2.79E-07,1.15E-05
345.3601004,0.030259124,0.030259359,0.030253131,2.76E-07,1.16E-05
345.5017575,0.030711615,0.030711848,0.030705533,2.74E-07,1.17E-05
345.6434147,0.031158456,0.031158688,0.031152288,2.72E-07,1.18E-05
345.7850718,0.031599293,0.031599524,0.031593043,2.71E-07,1.19E-05
345.9267289,0.032033791,0.032034021,0.032027463,2.70E-07,1.20E-05
346.0683861,0.032461633,0.03246186,0.032455227,2.68E-07,1.21E-05
346.2100432,0.03288252,0.03288274,0.032876036,2.61E-07,1.21E-05
346.3517004,0.033296154,0.033296374,0.0332896,2.60E-07,1.22E-05
346.4933575,0.033702273,0.033702489,0.033695648,2.55E-07,1.23E-05
346.6350146,0.034100614,0.034100825,0.034093923,2.49E-07,1.23E-05
346.7766718,0.03449093,0.034491138,0.034484177,2.45E-07,1.24E-05
346.9183289,0.034872988,0.034873192,0.034866175,2.41E-07,1.25E-05
347.059986,0.035246564,0.035246765,0.035239697,2.38E-07,1.25E-05
347.2016432,0.035611448,0.035611645,0.035604528,2.33E-07,1.26E-05
347.3433003,0.035967437,0.035967632,0.035960468,2.30E-07,1.26E-05
347.4849575,0.036314339,0.036314533,0.036307324,2.28E-07,1.27E-05
347.6266146,0.036651974,0.036652167,0.036644915,2.27E-07,1.27E-05
347.7682717,0.036980168,0.036980361,0.036973071,2.25E-07,1.28E-05
347.9099289,0.037298759,0.037298951,0.037291625,2.23E-07,1.28E-05
348.051586,0.037607596,0.037607782,0.037600427,2.15E-07,1.28E-05
348.1932431,0.03790652,0.037906705,0.037899325,2.14E-07,1.29E-05
348.3349003,0.0381954,0.038195582,0.038188178,2.09E-07,1.29E-05
348.4765574,0.038474103,0.03847428,0.038466855,2.03E-07,1.29E-05
348.6182145,0.038742501,0.038742675,0.038735234,1.98E-07,1.30E-05
348.7598717,0.039000477,0.039000649,0.038993192,1.94E-07,1.30E-05
348.9015288,0.039247922,0.039248091,0.039240623,1.90E-07,1.30E-05
349.043186,0.039484733,0.039484898,0.039477422,1.85E-07,1.30E-05
349.1848431,0.039710809,0.039710972,0.039703492,1.82E-07,1.30E-05
349.3265002,0.039926061,0.039926223,0.03991874,1.80E-07,1.30E-05
349.4681574,0.040130404,0.040130566,0.040123084,1.79E-07,1.30E-05
349.6098145,0.040323762,0.040323923,0.040316446,1.77E-07,1.30E-05
349.7514716,0.040506062,0.040506221,0.040498754,1.74E-07,1.30E-05
349.8931288,0.040677242,0.040677395,0.040669939,1.66E-07,1.30E-05
350.0347859,0.04083723,0.040837383,0.040829945,1.65E-07,1.30E-05
350.1764431,0.040985981,0.040986132,0.040978717,1.61E-07,1.30E-05
350.3181002,0.041123443,0.041123591,0.041116199,1.57E-07,1.30E-05
350.4597573,0.041249571,0.041249717,0.041242351,1.54E-07,1.30E-05
350.6014145,0.041364327,0.041364472,0.041357133,1.51E-07,1.29E-05
350.7430716,0.041467681,0.041467823,0.041460515,1.47E-07,1.29E-05
350.8847287,0.041559605,0.041559743,0.041552471,1.43E-07,1.29E-05
351.0263859,0.041640076,0.04164021,0.041632974,1.37E-07,1.29E-05
351.168043,0.041709075,0.041709207,0.041702009,1.35E-07,1.28E-05
351.3097002,0.041766591,0.041766722,0.041759564,1.33E-07,1.28E-05
351.4513573,0.041812617,0.041812748,0.041805636,1.32E-07,1.27E-05
351.5930144,0.041847154,0.041847284,0.041840218,1.31E-07,1.27E-05
351.7346716,0.04187021,0.041870334,0.041863318,1.24E-07,1.26E-05
351.8763287,0.04188178,0.041881905,0.041874939,1.25E-07,1.26E-05
352.0179858,0.041881889,0.041882011,0.041875097,1.22E-07,1.25E-05
352.159643,0.04187055,0.04187067,0.041863812,1.20E-07,1.25E-05
352.3013001,0.041847786,0.041847905,0.041841105,1.19E-07,1.24E-05
352.4429573,0.041813627,0.041813744,0.041807002,1.18E-07,1.24E-05
352.5846144,0.041768104,0.04176822,0.041761538,1.17E-07,1.23E-05
352.7262715,0.041711255,0.041711369,0.041704749,1.16E-07,1.22E-05
352.8679287,0.041643123,0.041643235,0.041636681,1.15E-07,1.22E-05
353.0095858,0.041563754,0.041563864,0.041557376,1.13E-07,1.21E-05
353.1512429,0.041473201,0.041473308,0.041466888,1.10E-07,1.20E-05
353.2929001,0.041371519,0.041371622,0.041365273,1.08E-07,1.19E-05
353.4345572,0.041258766,0.041258868,0.041252592,1.09E-07,1.18E-05
353.5762143,0.041135005,0.041135111,0.041128909,1.17E-07,1.18E-05
353.7178715,0.04100032,0.041000421,0.040994296,1.13E-07,1.17E-05
353.8595286,0.040854775,0.040854873,0.040848828,1.12E-07,1.16E-05
354.0011858,0.04069845,0.040698547,0.040692582,1.13E-07,1.15E-05
354.1428429,0.040531429,0.040531526,0.040525642,1.14E-07,1.14E-05
354.2845,0.040353803,0.040353899,0.0403481,1.17E-07,1.13E-05
354.4261572,0.040165664,0.04016576,0.040160046,1.20E-07,1.12E-05
354.5678143,0.03996711,0.039967205,0.03996158,1.22E-07,1.11E-05
354.7094714,0.039758244,0.039758338,0.039752803,1.25E-07,1.10E-05
354.8511286,0.039539172,0.039539266,0.03953382,1.27E-07,1.09E-05
354.9927857,0.039310007,0.0393101,0.039304745,1.29E-07,1.07E-05
355.1344429,0.039070866,0.039070958,0.039065691,1.32E-07,1.06E-05
355.2761,0.038821869,0.038821959,0.038816782,1.35E-07,1.05E-05
355.4177571,0.038563142,0.03856323,0.038558144,1.37E-07,1.04E-05
355.5594143,0.038294815,0.038294902,0.038289907,1.37E-07,1.03E-05
355.7010714,0.038017024,0.038017111,0.038012207,1.41E-07,1.02E-05
355.8427285,0.037729911,0.037729996,0.037725184,1.45E-07,1.00E-05
355.9843857,0.037433619,0.037433703,0.037428987,1.49E-07,9.92E-06
356.1260428,0.0371283,0.037128383,0.037123767,1.52E-07,9.80E-06
356.2677,0.036814109,0.03681419,0.036809678,1.55E-07,9.67E-06
356.4093571,0.036491205,0.036491287,0.036486879,1.58E-07,9.54E-06
356.5510142,0.036159755,0.036159837,0.036155536,1.59E-07,9.42E-06
356.6926714,0.035819933,0.035820014,0.03581582,1.62E-07,9.29E-06
356.8343285,0.035471913,0.035471993,0.035467907,1.66E-07,9.16E-06
356.9759856,0.035115879,0.035115958,0.035111981,1.69E-07,9.03E-06
357.1176428,0.034752018,0.034752095,0.034748229,1.74E-07,8.90E-06
357.2592999,0.034380525,0.034380601,0.034376846,1.76E-07,8.77E-06
357.4009571,0.034001595,0.034001674,0.033998033,1.78E-07,8.64E-06
357.5426142,0.033615442,0.033615522,0.033611996,1.80E-07,8.50E-06
357.6842713,0.03322228,0.033222358,0.033218948,1.85E-07,8.37E-06
357.8259285,0.032822326,0.032822402,0.032819109,1.89E-07,8.23E-06
357.9675856,0.032415806,0.032415882,0.032412708,1.94E-07,8.10E-06
358.1092427,0.032002957,0.032003033,0.031999977,1.97E-07,7.97E-06
358.2508999,0.03158402,0.031584096,0.031581161,2.00E-07,7.84E-06
358.392557,0.031159247,0.031159323,0.031156507,2.03E-07,7.71E-06
358.5342141,0.030728897,0.030728974,0.030726277,2.06E-07,7.58E-06
358.6758713,0.030293239,0.030293316,0.030290739,2.10E-07,7.45E-06
358.8175284,0.02985255,0.029852628,0.02985017,2.14E-07,7.33E-06
358.9591856,0.02940712,0.029407197,0.029404863,2.17E-07,7.21E-06
359.1008427,0.028957246,0.028957324,0.02895511,2.19E-07,7.09E-06
359.2424998,0.028503237,0.028503318,0.028501224,2.22E-07,6.97E-06
359.384157,0.028045419,0.028045502,0.028043527,2.25E-07,6.85E-06
359.5258141,0.027584128,0.027584211,0.027582355,2.28E-07,6.74E-06
359.6674712,0.027119712,0.027119797,0.027118057,2.31E-07,6.62E-06
359.8091284,0.026652536,0.026652622,0.026651,2.34E-07,6.51E-06
359.9507855,0.026182981,0.026183069,0.026181564,2.37E-07,6.41E-06
360.0924427,0.025711445,0.025711535,0.025710147,2.39E-07,6.30E-06
360.2340998,0.025238345,0.025238437,0.025237165,2.41E-07,6.20E-06
360.3757569,0.024764118,0.024764212,0.024763053,2.45E-07,6.10E-06
360.5174141,0.024289222,0.024289318,0.024288271,2.48E-07,6.00E-06
360.6590712,0.02381414,0.023814237,0.023813301,2.52E-07,5.91E-06
360.8007283,0.023339377,0.023339477,0.023338651,2.55E-07,5.83E-06
360.9423855,0.022865469,0.022865572,0.022864853,2.56E-07,5.75E-06
361.0840426,0.022392978,0.022393085,0.022392471,2.59E-07,5.67E-06
361.2256998,0.021922502,0.021922612,0.021922103,2.61E-07,5.61E-06
361.3673569,0.021454668,0.021454782,0.021454375,2.62E-07,5.54E-06
361.509014,0.020990145,0.020990263,0.020989955,2.64E-07,5.49E-06
361.6506712,0.020529637,0.020529759,0.020529546,2.66E-07,5.44E-06
361.7923283,0.020073892,0.020074018,0.020073897,2.68E-07,5.40E-06
361.9339854,0.019623702,0.019623834,0.019623801,2.69E-07,5.36E-06
362.0756426,0.01917991,0.019180045,0.0191801,2.71E-07,5.33E-06
362.2172997,0.018743403,0.018743544,0.018743678,2.74E-07,5.31E-06
362.3589569,0.018315126,0.018315272,0.01831548,2.77E-07,5.30E-06
362.500614,0.017896075,0.017896227,0.017896502,2.79E-07,5.30E-06
362.6422711,0.017487303,0.017487461,0.017487798,2.82E-07,5.30E-06
362.7839283,0.017089919,0.017090083,0.017090475,2.81E-07,5.31E-06
362.9255854,0.016705085,0.016705256,0.016705694,2.83E-07,5.32E-06
363.0672425,0.01633402,0.016334197,0.016334674,2.84E-07,5.34E-06
363.2088997,0.015977988,0.015978172,0.015978676,2.84E-07,5.37E-06
363.3505568,0.015638299,0.01563849,0.015639012,2.85E-07,5.40E-06
363.4922139,0.015316296,0.015316494,0.015317024,2.86E-07,5.45E-06
363.6338711,0.015013344,0.01501355,0.015014076,2.87E-07,5.49E-06
363.7755282,0.014730819,0.014731033,0.014731541,2.88E-07,5.54E-06
363.9171854,0.014470084,0.014470305,0.014470785,2.89E-07,5.60E-06
364.0588425,0.014232473,0.014232701,0.014233139,2.91E-07,5.67E-06
364.2004996,0.014019262,0.014019499,0.014019881,2.93E-07,5.74E-06
364.3421568,0.013831649,0.013831893,0.013832205,2.95E-07,5.81E-06
364.4838139,0.013670718,0.013670969,0.013671196,2.96E-07,5.88E-06
364.625471,0.013537419,0.013537675,0.013537803,2.93E-07,5.96E-06
364.7671282,0.013432528,0.01343279,0.013432809,2.94E-07,6.04E-06
364.9087853,0.013356638,0.013356906,0.013356801,2.93E-07,6.13E-06
365.0504425,0.01331013,0.013310403,0.013310161,2.93E-07,6.21E-06
365.1920996,0.01329316,0.013293437,0.013293051,2.93E-07,6.30E-06
365.3337567,0.013305652,0.013305934,0.013305396,2.94E-07,6.39E-06
365.4754139,0.013347301,0.013347586,0.013346888,2.94E-07,6.49E-06
365.617071,0.013417579,0.013417867,0.013417002,2.94E-07,6.58E-06
365.7587281,0.013515751,0.013516041,0.013515003,2.93E-07,6.68E-06
365.9003853,0.013640893,0.013641185,0.013639972,2.94E-07,6.78E-06
366.0420424,0.013791923,0.013792216,0.013790827,2.94E-07,6.88E-06
366.1836996,0.013967625,0.01396792,0.013966353,2.96E-07,6.98E-06
366.3253567,0.014166681,0.014166977,0.014165233,2.96E-07,7.08E-06
366.4670138,0.014387702,0.014387994,0.014386073,2.92E-07,7.19E-06
366.608671,0.014629238,0.014629529,0.014627436,2.92E-07,7.29E-06
366.7503281,0.014889833,0.014890121,0.014887856,2.90E-07,7.40E-06
366.8919852,0.015168018,0.015168303,0.01516587,2.88E-07,7.51E-06
367.0336424,0.015462347,0.01546263,0.015460033,2.88E-07,7.61E-06
367.1752995,0.015771404,0.015771686,0.015768928,2.88E-07,7.72E-06
367.3169567,0.016093819,0.016094099,0.016091185,2.87E-07,7.83E-06
367.4586138,0.016428271,0.016428549,0.016425482,2.87E-07,7.93E-06
367.6002709,0.016773497,0.016773772,0.016770556,2.85E-07,8.04E-06
367.7419281,0.017128294,0.017128566,0.017125206,2.84E-07,8.14E-06
367.8835852,0.017491523,0.017491793,0.01748829,2.84E-07,8.25E-06
368.0252423,0.017862107,0.017862376,0.017858737,2.85E-07,8.36E-06
368.1668995,0.018239034,0.018239301,0.018235529,2.84E-07,8.46E-06
368.3085566,0.018621355,0.018621615,0.018617716,2.79E-07,8.57E-06
368.4502137,0.019008166,0.019008421,0.019004398,2.77E-07,8.67E-06
368.5918709,0.01939863,0.019398882,0.019394737,2.74E-07,8.78E-06
368.733528,0.01979196,0.019792208,0.019787946,2.72E-07,8.88E-06
368.8751852,0.020187418,0.020187663,0.020183287,2.71E-07,8.98E-06
369.0168423,0.020584312,0.020584555,0.020580069,2.70E-07,9.08E-06
369.1584994,0.020981996,0.020982236,0.020977643,2.69E-07,9.18E-06
369.3001566,0.021379862,0.021380099,0.021375404,2.67E-07,9.27E-06
369.4418137,0.02177734,0.021777574,0.02177278,2.65E-07,9.37E-06
369.5834708,0.022173894,0.022174125,0.022169235,2.64E-07,9.46E-06
369.725128,0.022569022,0.022569252,0.022564269,2.63E-07,9.55E-06
369.8667851,0.022962251,0.02296248,0.022957408,2.62E-07,9.64E-06
370.0084423,0.023353139,0.023353366,0.023348207,2.60E-07,9.73E-06
370.1500994,0.02374127,0.02374149,0.023736248,2.54E-07,9.81E-06
370.2917565,0.024126238,0.024126457,0.024121135,2.54E-07,9.90E-06
370.4334137,0.02450768,0.024507896,0.024502496,2.50E-07,9.98E-06
370.5750708,0.024885242,0.024885453,0.024879979,2.46E-07,1.01E-05
370.7167279,0.025258589,0.025258797,0.025253252,2.43E-07,1.01E-05
370.8583851,0.025627407,0.025627612,0.025621999,2.41E-07,1.02E-05
371.0000422,0.025991398,0.0259916,0.025985922,2.38E-07,1.03E-05
371.1416994,0.026350281,0.026350479,0.026344739,2.34E-07,1.04E-05
371.2833565,0.026703785,0.026703981,0.026698182,2.32E-07,1.04E-05
371.4250136,0.027051657,0.027051852,0.027045995,2.31E-07,1.05E-05
371.5666708,0.027393655,0.027393849,0.027387938,2.29E-07,1.06E-05
371.7083279,0.027729552,0.027729745,0.027723782,2.28E-07,1.06E-05
371.849985,0.028059129,0.028059321,0.028053307,2.26E-07,1.07E-05
371.9916422,0.028382184,0.02838237,0.02837631,2.20E-07,1.07E-05
372.1332993,0.028698508,0.028698694,0.028692591,2.19E-07,1.08E-05
372.2749565,0.029007925,0.029008107,0.029001963,2.14E-07,1.08E-05
372.4166136,0.029310253,0.029310431,0.029304248,2.10E-07,1.09E-05
372.5582707,0.029605321,0.029605496,0.029599276,2.06E-07,1.09E-05
372.6999279,0.029892969,0.029893142,0.029886889,2.02E-07,1.10E-05
372.841585,0.030173044,0.030173214,0.03016693,1.99E-07,1.10E-05
372.9832421,0.030445402,0.030445568,0.030439253,1.95E-07,1.11E-05
373.1248993,0.030709901,0.030710066,0.030703724,1.92E-07,1.11E-05
373.2665564,0.030966413,0.030966577,0.030960214,1.90E-07,1.11E-05
373.4082136,0.031214813,0.031214976,0.031208595,1.89E-07,1.12E-05
373.5498707,0.031454984,0.031455146,0.031448748,1.87E-07,1.12E-05
373.6915278,0.031686815,0.031686976,0.031680563,1.85E-07,1.12E-05
373.833185,0.031910205,0.031910361,0.031903937,1.79E-07,1.12E-05
373.9748421,0.032125045,0.032125201,0.032118767,1.77E-07,1.13E-05
374.1164992,0.03233125,0.032331403,0.032324963,1.73E-07,1.13E-05
374.2581564,0.03252873,0.032528879,0.032522436,1.68E-07,1.13E-05
374.3998135,0.032717401,0.032717548,0.032711104,1.64E-07,1.13E-05
374.5414706,0.032897187,0.032897331,0.03289089,1.60E-07,1.13E-05
374.6831278,0.033068017,0.033068159,0.033061721,1.57E-07,1.13E-05
374.8247849,0.033229825,0.033229964,0.033223533,1.52E-07,1.13E-05
374.9664421,0.033382547,0.033382685,0.033376264,1.50E-07,1.13E-05
375.1080992,0.033526128,0.033526265,0.033519856,1.48E-07,1.13E-05
375.2497563,0.033660517,0.033660653,0.033654259,1.46E-07,1.13E-05
375.3914135,0.033785666,0.033785802,0.033779425,1.45E-07,1.13E-05
375.5330706,0.033901535,0.033901669,0.03389531,1.43E-07,1.13E-05
375.6747277,0.034008089,0.034008218,0.03400188,1.36E-07,1.13E-05
375.8163849,0.034105286,0.034105415,0.034099104,1.35E-07,1.13E-05
375.958042,0.034193107,0.034193232,0.034186947,1.29E-07,1.13E-05
376.0996992,0.034271521,0.034271644,0.034265389,1.27E-07,1.12E-05
376.2413563,0.03434051,0.034340632,0.034334409,1.25E-07,1.12E-05
376.3830134,0.03440006,0.034400181,0.034393995,1.24E-07,1.12E-05
376.5246706,0.034450159,0.034450279,0.034444133,1.22E-07,1.11E-05
376.6663277,0.034490802,0.034490919,0.034484813,1.19E-07,1.11E-05
376.8079848,0.034521985,0.034522099,0.034516034,1.15E-07,1.11E-05
376.949642,0.03454371,0.034543821,0.034537801,1.11E-07,1.10E-05
377.0912991,0.03455598,0.034556089,0.034550115,1.09E-07,1.10E-05
377.2329563,0.034558804,0.034558913,0.034552987,1.10E-07,1.10E-05
377.3746134,0.034552199,0.034552308,0.034546433,1.09E-07,1.09E-05
377.5162705,0.034536186,0.034536291,0.034530466,1.06E-07,1.09E-05
377.6579277,0.034510779,0.034510883,0.034505111,1.04E-07,1.08E-05
377.7995848,0.034476009,0.034476111,0.034470393,1.03E-07,1.08E-05
377.9412419,0.034431904,0.034432003,0.034426341,1.01E-07,1.07E-05
378.0828991,0.034378495,0.034378594,0.03437299,1.01E-07,1.06E-05
378.2245562,0.034315822,0.034315921,0.034310378,1.02E-07,1.06E-05
378.3662134,0.034243927,0.034244025,0.034238543,1.02E-07,1.05E-05
378.5078705,0.034162854,0.034162952,0.034157532,1.02E-07,1.04E-05
378.6495276,0.034072653,0.03407275,0.034067394,1.02E-07,1.04E-05
378.7911848,0.033973377,0.033973472,0.033968182,1.02E-07,1.03E-05
378.9328419,0.033865082,0.033865176,0.033859951,1.01E-07,1.02E-05
379.074499,0.033747829,0.033747921,0.033742766,1.01E-07,1.02E-05
379.2161562,0.033621681,0.033621772,0.033616686,1.02E-07,1.01E-05
379.3578133,0.033486707,0.033486798,0.033481782,1.06E-07,1.00E-05
379.4994704,0.033342985,0.033343069,0.033338127,1.03E-07,9.92E-06
379.6411276,0.03319058,0.033190663,0.033185791,1.04E-07,9.84E-06
379.7827847,0.033029575,0.033029659,0.033024861,1.06E-07,9.75E-06
379.9244419,0.032860055,0.032860139,0.032855416,1.08E-07,9.66E-06
380.066099,0.032682108,0.032682192,0.032677545,1.11E-07,9.57E-06
380.2077561,0.032495825,0.032495909,0.03249134,1.13E-07,9.48E-06
380.3494133,0.032301301,0.032301384,0.032296893,1.16E-07,9.39E-06
380.4910704,0.032098635,0.032098717,0.032094304,1.18E-07,9.29E-06
380.6327275,0.031887928,0.03188801,0.031883673,1.19E-07,9.20E-06
380.7743847,0.031669289,0.03166937,0.031665116,1.22E-07,9.10E-06
380.9160418,0.031442829,0.031442909,0.031438732,1.24E-07,9.00E-06
381.057699,0.031208662,0.03120874,0.031204645,1.27E-07,8.90E-06
381.1993561,0.030966907,0.030966983,0.030962966,1.30E-07,8.80E-06
381.3410132,0.030717684,0.03071776,0.030713829,1.32E-07,8.70E-06
381.4826704,0.030461124,0.0304612,0.030457355,1.34E-07,8.60E-06
381.6243275,0.030197358,0.030197432,0.030193676,1.38E-07,8.49E-06
381.7659846,0.029926522,0.029926594,0.029922928,1.41E-07,8.39E-06
381.9076418,0.029648755,0.029648826,0.029645251,1.44E-07,8.28E-06
382.0492989,0.029364201,0.029364272,0.029360789,1.47E-07,8.17E-06
382.1909561,0.02907301,0.029073081,0.029069692,1.49E-07,8.07E-06
382.3326132,0.028775337,0.028775409,0.028772113,1.51E-07,7.96E-06
382.4742703,0.028471341,0.028471413,0.028468211,1.53E-07,7.85E-06
382.6159275,0.028161187,0.028161259,0.028158154,1.56E-07,7.74E-06
382.7575846,0.027845044,0.027845115,0.027842104,1.60E-07,7.63E-06
382.8992417,0.027523087,0.027523156,0.027520242,1.63E-07,7.52E-06
383.0408989,0.027195495,0.027195563,0.027192744,1.65E-07,7.41E-06
383.182556,0.026862451,0.026862523,0.026859797,1.67E-07,7.30E-06
383.3242132,0.026524155,0.026524226,0.026521596,1.70E-07,7.19E-06
383.4658703,0.026180802,0.026180873,0.026178339,1.74E-07,7.08E-06
383.6075274,0.025832598,0.025832668,0.025830235,1.77E-07,6.97E-06
383.7491846,0.025479754,0.025479824,0.025477489,1.81E-07,6.86E-06
383.8908417,0.025122491,0.025122561,0.025120325,1.84E-07,6.75E-06
384.0324988,0.024761035,0.024761106,0.02475897,1.86E-07,6.65E-06
384.174156,0.024395624,0.024395696,0.024393661,1.88E-07,6.54E-06
384.3158131,0.024026502,0.024026574,0.024024639,1.91E-07,6.44E-06
384.4574702,0.023653923,0.023653996,0.023652161,1.94E-07,6.34E-06
384.5991274,0.023278151,0.023278224,0.023276489,1.98E-07,6.24E-06
384.7407845,0.02289946,0.022899534,0.022897899,2.01E-07,6.14E-06
384.8824417,0.022518136,0.022518211,0.022516676,2.02E-07,6.05E-06
385.0240988,0.022134477,0.022134554,0.022133118,2.06E-07,5.96E-06
385.1657559,0.021748794,0.021748872,0.021747536,2.08E-07,5.87E-06
385.3074131,0.021361411,0.021361492,0.021360253,2.10E-07,5.78E-06
385.4490702,0.020972671,0.020972753,0.020971611,2.13E-07,5.69E-06
385.5907273,0.020582927,0.020583012,0.020581965,2.15E-07,5.61E-06
385.7323845,0.020192554,0.020192641,0.020191689,2.17E-07,5.53E-06
385.8740416,0.019801945,0.019802034,0.019801177,2.19E-07,5.46E-06
386.0156988,0.019411512,0.019411603,0.019410837,2.21E-07,5.39E-06
386.1573559,0.01902169,0.019021783,0.019021108,2.24E-07,5.32E-06
386.299013,0.018632936,0.018633032,0.018632443,2.27E-07,5.25E-06
386.4406702,0.018245736,0.018245834,0.018245331,2.30E-07,5.20E-06
386.5823273,0.017860598,0.0178607,0.01786028,2.32E-07,5.14E-06
386.7239844,0.017478065,0.01747817,0.01747783,2.33E-07,5.09E-06
386.8656416,0.017098707,0.017098816,0.017098553,2.35E-07,5.05E-06
387.0072987,0.016723131,0.016723243,0.016723055,2.37E-07,5.01E-06
387.1489559,0.016351978,0.016352094,0.016351977,2.38E-07,4.97E-06
387.290613,0.015985927,0.015986049,0.015985999,2.39E-07,4.95E-06
387.4322701,0.0156257,0.015625825,0.015625837,2.40E-07,4.92E-06
387.5739273,0.015272056,0.015272186,0.015272254,2.42E-07,4.91E-06
387.7155844,0.014925802,0.014925937,0.014926057,2.43E-07,4.89E-06
387.8572415,0.014587786,0.014587927,0.014588094,2.45E-07,4.89E-06
387.9988987,0.014258905,0.01425905,0.014259258,2.47E-07,4.89E-06
388.1405558,0.013940096,0.013940247,0.013940487,2.49E-07,4.89E-06
388.282213,0.013632342,0.013632499,0.013632765,2.51E-07,4.90E-06
388.4238701,0.013336665,0.013336828,0.013337112,2.53E-07,4.92E-06
388.5655272,0.013054123,0.013054293,0.013054584,2.52E-07,4.94E-06
388.7071844,0.012785803,0.012785979,0.012786271,2.54E-07,4.97E-06
388.8488415,0.012532813,0.012532995,0.012533277,2.54E-07,5.00E-06
388.9904986,0.012296267,0.012296456,0.01229672,2.54E-07,5.03E-06
389.1321558,0.012077278,0.012077473,0.012077707,2.55E-07,5.07E-06
389.2738129,0.011876936,0.011877137,0.011877329,2.56E-07,5.12E-06
389.41547,0.011696289,0.011696497,0.011696638,2.56E-07,5.17E-06
389.5571272,0.011536328,0.011536542,0.011536618,2.57E-07,5.22E-06
389.6987843,0.011397957,0.011398177,0.011398176,2.58E-07,5.27E-06
389.8404415,0.011281977,0.011282203,0.011282114,2.59E-07,5.33E-06
389.9820986,0.011189057,0.011189289,0.011189101,2.61E-07,5.40E-06
390.1237557,0.011119722,0.01111996,0.011119664,2.62E-07,5.46E-06
390.2654129,0.011074328,0.011074572,0.011074159,2.63E-07,5.53E-06
390.40707,0.011053059,0.011053304,0.011052766,2.60E-07,5.60E-06
390.5487271,0.011055903,0.011056152,0.011055481,2.61E-07,5.67E-06
390.6903843,0.011082672,0.011082923,0.011082113,2.59E-07,5.74E-06
390.8320414,0.011132988,0.011133242,0.011132287,2.59E-07,5.82E-06
390.9736986,0.011206307,0.011206563,0.011205461,2.59E-07,5.89E-06
391.1153557,0.011301928,0.011302185,0.011300935,2.60E-07,5.97E-06
391.2570128,0.011419011,0.01141927,0.01141787,2.60E-07,6.05E-06
391.39867,0.011556605,0.011556864,0.011555312,2.60E-07,6.13E-06
391.5403271,0.011713663,0.011713923,0.01171222,2.59E-07,6.21E-06
391.6819842,0.011889073,0.011889332,0.011887481,2.59E-07,6.30E-06
391.8236414,0.012081675,0.012081935,0.012079936,2.60E-07,6.38E-06
391.9652985,0.012290286,0.012290545,0.012288401,2.61E-07,6.47E-06
392.1069557,0.012513714,0.012513973,0.012511686,2.61E-07,6.55E-06
392.2486128,0.012750781,0.012751034,0.012748607,2.57E-07,6.64E-06
392.3902699,0.013000317,0.013000568,0.012998006,2.56E-07,6.73E-06
392.5319271,0.013261197,0.013261445,0.01325875,2.54E-07,6.82E-06
392.6735842,0.013532327,0.013532572,0.013529748,2.53E-07,6.90E-06
392.8152413,0.01381266,0.013812903,0.013809955,2.52E-07,6.99E-06
392.9568985,0.014101198,0.01410144,0.014098371,2.52E-07,7.08E-06
393.0985556,0.014396994,0.014397233,0.014394046,2.52E-07,7.17E-06
393.2402128,0.014699149,0.014699385,0.014696084,2.51E-07,7.26E-06
393.3818699,0.015006815,0.015007049,0.015003638,2.50E-07,7.35E-06
393.523527,0.015319194,0.015319426,0.015315909,2.50E-07,7.44E-06
393.6651842,0.015635536,0.015635767,0.015632147,2.49E-07,7.52E-06
393.8068413,0.015955137,0.015955366,0.015951648,2.49E-07,7.61E-06
393.9484984,0.016277336,0.016277563,0.016273749,2.48E-07,7.69E-06
394.0901556,0.016601518,0.016601738,0.016597832,2.43E-07,7.78E-06
394.2318127,0.016927093,0.01692731,0.016923315,2.41E-07,7.86E-06
394.3734698,0.017253521,0.017253734,0.017249653,2.38E-07,7.94E-06
394.515127,0.017580288,0.017580499,0.017576335,2.37E-07,8.02E-06
394.6567841,0.017906916,0.017907124,0.01790288,2.35E-07,8.10E-06
394.7984413,0.018232955,0.018233161,0.018228838,2.34E-07,8.18E-06
394.9400984,0.018557981,0.018558185,0.018553787,2.33E-07,8.25E-06
395.0817555,0.018881598,0.018881799,0.01887733,2.31E-07,8.33E-06
395.2234127,0.019203429,0.019203628,0.019199089,2.29E-07,8.40E-06
395.3650698,0.019523122,0.019523319,0.019518714,2.28E-07,8.48E-06
395.5067269,0.019840345,0.01984054,0.019835871,2.27E-07,8.55E-06
395.6483841,0.020154784,0.020154978,0.020150247,2.26E-07,8.62E-06
395.7900412,0.020466143,0.020466335,0.020461545,2.24E-07,8.68E-06
395.9316984,0.020774145,0.020774332,0.020769485,2.19E-07,8.75E-06
396.0733555,0.021078517,0.021078704,0.021073802,2.18E-07,8.81E-06
396.2150126,0.021379016,0.021379199,0.021374245,2.15E-07,8.88E-06
396.3566698,0.0216754,0.02167558,0.021670576,2.11E-07,8.94E-06
396.4983269,0.021967445,0.021967621,0.021962569,2.08E-07,9.00E-06
396.639984,0.022254935,0.022255109,0.022250011,2.06E-07,9.05E-06
396.7816412,0.022537669,0.02253784,0.022532699,2.03E-07,9.11E-06
396.9232983,0.022815453,0.022815622,0.022810439,2.00E-07,9.16E-06
397.0649555,0.023088104,0.023088271,0.023083049,1.98E-07,9.21E-06
397.2066126,0.023355447,0.023355613,0.023350355,1.96E-07,9.26E-06
397.3482697,0.023617317,0.023617482,0.023612189,1.95E-07,9.31E-06
397.4899269,0.023873556,0.023873721,0.023868396,1.94E-07,9.36E-06
397.631584,0.024124016,0.024124179,0.024118825,1.92E-07,9.40E-06
397.7732411,0.024368557,0.024368715,0.024363333,1.87E-07,9.44E-06
397.9148983,0.024607035,0.024607194,0.024601784,1.86E-07,9.48E-06
398.0565554,0.02483933,0.024839485,0.024834051,1.82E-07,9.52E-06
398.1982126,0.025065315,0.025065467,0.02506001,1.78E-07,9.55E-06
398.3398697,0.025284875,0.025285024,0.025279547,1.74E-07,9.59E-06
398.4815268,0.025497899,0.025498046,0.025492554,1.71E-07,9.62E-06
398.623184,0.025704282,0.025704427,0.025698921,1.68E-07,9.65E-06
398.7648411,0.025903927,0.025904069,0.025898552,1.64E-07,9.67E-06
398.9064982,0.026096738,0.026096879,0.026091351,1.62E-07,9.70E-06
399.0481554,0.026282626,0.026282766,0.026277231,1.60E-07,9.72E-06
399.1898125,0.02646151,0.026461649,0.026456108,1.59E-07,9.74E-06
399.3314697,0.026633309,0.026633448,0.026627904,1.57E-07,9.76E-06
399.4731268,0.02679795,0.026798088,0.026792543,1.55E-07,9.77E-06
399.6147839,0.026955368,0.026955501,0.026949957,1.50E-07,9.79E-06
399.7564411,0.027105488,0.027105622,0.027100081,1.49E-07,9.80E-06
399.8980982,0.027248259,0.02724839,0.027242854,1.45E-07,9.80E-06
400.0397553,0.02738362,0.027383748,nan,1.41E-07,nan
