g,original_gs,gam1s,gam2s,gam1_FGR,gam2_FGR,|A1|,|A2|,delta_w,original_gam1,original_gam2,extrap_err1,extrap_err2
5.0,5,0.014420759581974201,0.012154552994727138,0.01746828959240043,0.0175088788927339,0.0034956070858415326,0.5945978946493896,40.62774692858453,0.01530362567950265,0.012839395455478375,0.010314217099089418,0.0004975630022105437
6.015338446148716,10,0.02004380425300055,0.018163376168605343,0.025276479427486124,0.025347155143096094,0.005017381280467673,0.5930938466805551,38.85980877118476,0.05290311950042729,0.05089898993279224,0.0006529718719912592,0.00021289037225635798
7.030676892297432,15,0.026696832744773955,0.02512936645787059,0.03452030847075761,0.03463314968833676,0.00679600077643369,0.5913348654561151,37.13965429129912,0.1155548458623422,0.11449860804682487,4.7420460831393285e-06,4.8521626605790846e-05
8.04601533844615,20,0.03438029236185816,0.03306535746642236,0.04519848780660774,0.04536761097981926,0.008814024631024273,0.5893385309708014,35.466066084735026,0.20324121856855912,0.20356275599284665,9.041704963491659e-05,7.600128756585223e-05
9.061353784594864,25,0.04309463040881691,0.04198418279816015,0.057309686828485425,0.05755124508648644,0.011054011901524111,0.5871224232193452,33.83782674729996,0.31592095906574064,0.31811235121419584,2.287180335652783e-05,4.0983040089925815e-06
10.076692230743582,30,0.052840294190214084,0.05189867605698355,0.0708525333001458,0.07118471565635154,0.01349852164521792,0.5847041221964795,32.25371887480141,0.45354720337824567,0.45816540007296075,5.921730121871693e-06,1.158276122403823e-05
11.092030676892298,35,0.06361775576194183,0.06282204643563355,0.08582561341844613,0.08626864387957568,0.016130058463677002,0.5821012681537128,30.71252773887438,0.6160579998253528,0.623756515220581,2.5190293719945522e-05,6.161634082929579e-05
12.107369123041014,40,0.07542754398133693,0.07476836505992045,0.10222747187760392,0.10280360845305331,0.018931001988891905,0.5793316396249157,29.213044751869937,0.8033970474429376,0.8149284693094523,1.2100932162362188e-05,4.181764214561401e-05
13.12270756918973,45,0.08827015170777686,0.08775115680490607,0.12005661193500075,0.1207901455465943,0.021883811052421553,0.576412927507406,27.754057434455653,1.015490128216678,1.0317099025868741,1.1570413106565258e-05,4.4198981672960436e-06
14.138046015338446,50,0.102145944866747,0.10178202038830586,0.13931149547847477,0.1402287487706508,0.02497122375469719,0.5733625136796345,26.33433958467326,1.2522644672299983,1.274136763428883,9.092970716384485e-07,1.594898766371644e-05
15.153384461487162,150,0.11705509859705067,0.1168696596574799,0.15999054309509164,0.1611198691455837,0.02817639694155532,0.5701973165385315,24.9526443586164,11.019901859290684,11.546414777591172,3.568585028035365e-07,2.5915605416093612e-06
16.16872290763588,250,0.13299754879782974,0.13301918217841266,0.18209213414144004,0.18346391507252008,0.03148285840510683,0.5669338242694029,23.607696533076926,29.49656553339087,32.110306569284205,2.15563797217877e-06,1.6421188421822386e-06
17.184061353784596,350,0.14997297293154255,0.15023183574684454,0.2056146068154132,0.20726125230576775,0.034874422196668795,0.5635881724253112,22.298188375780967,54.050017543125534,62.119037431807236,1.7790862307243138e-06,2.242329674551069e-06
18.19939979993331,450,0.16798084716147932,0.16850576253215127,0.23055625822944525,0.23251220392676167,0.0383355780192607,0.560175778512046,21.022794160004093,78.81121183862122,97.91203144933395,4.421677579302674e-06,4.808551694934771e-06
19.214738246082028,550,0.18702052734371793,0.18783712463082053,0.25691534448529774,0.2592170503196417,0.041851785106783466,0.556711076792938,19.780186561544156,94.51384128583533,128.78247146689756,8.247322927479317e-06,7.393150690648831e-06
20.230076692230746,650,0.2070913459939902,0.20822150557874441,0.28469008075024027,0.28737602914831123,0.045409584771814185,0.5532074352989922,18.569052394153452,95.1677890326076,138.72252194287984,1.0912439449950462e-05,1.0148998623449312e-05
21.24541513837946,750,0.22819271575701675,0.22965558545333226,0.3138786413347908,0.3169893353351478,0.04899640900236362,0.5496773822580328,17.388102708126308,84.09962274663567,126.1469319819311,1.6016125247375612e-05,1.412549948054398e-05
22.260753584528178,850,0.2503241922530334,0.2521381483002395,0.34447915977188415,0.3480571210412377,0.052600418294478805,0.5461327868098621,16.236078478574655,68.1612723051221,103.47051117401901,1.648447907115491e-05,1.6850522529698875e-05
23.276092030676892,950,0.27348544392854524,0.2756692154834302,0.37648972889749377,0.3805794956481677,0.05621090170007345,0.5425844289105852,15.111757727401566,52.031925602492144,79.77470289267215,2.0207734789667864e-05,2.1243030345341474e-05
24.29143047682561,1050,0.2976762477813961,0.3002496601281731,0.40990840093278974,0.41455652574145746,0.0598184180361766,0.5390418339165771,14.013961519070332,37.912831404746285,58.80669663488746,2.7517844867319674e-05,2.7433287290823394e-05
25.306768922974324,1150,0.3228964785612012,0.3258808385248162,0.44473318756766783,0.44998823509547775,0.0634146909370921,0.5355133538569123,12.941553215328048,26.557536716517983,41.71048515638511,2.987217014660537e-05,3.430475163229696e-05
26.322107369123042,1250,0.3491461766938645,0.3525641696537812,0.4809620600458011,0.4868746046600069,0.06699218764645543,0.5320065594421897,11.893422838051345,17.9856374338353,28.541347737942584,3.770814011155865e-05,4.264800219183629e-05
27.337445815271757,1350,0.3764255387415527,0.3803008742472383,0.5185929492511164,0.5252155725483342,0.07054389035427103,0.528528456504839,10.868480061521065,11.862840109751787,18.890328053062525,4.509382353701241e-05,5.4336294885937164e-05
28.352784261420474,1450,0.4047346645746802,0.40909200643829924,0.5576237457957355,0.5650110340269564,0.07406370589593197,0.5250851006169616,9.865677663094866,7.708351249155015,12.154686591526774,5.7509265002642085e-05,6.94458849744839e-05
29.368122707569192,1550,0.4340733241676151,0.4389383040268217,0.5980523001093151,0.6062608415068043,0.07754653541219297,0.5216815448242863,8.884021777839333,5.019341093167518,7.678829961502976,7.248157860428872e-05,9.094476079346547e-05
30.383461153717906,1650,0.46444077687189134,0.46984005498002657,0.6398764225299377,0.6489648045361586,0.08098813545046277,0.5183219955510633,7.922571588766246,3.347059865264052,4.843433998840689,9.638980203818814e-05,0.00011771859018511188
31.398799599866624,1750,0.4958354430641896,0.501796869440514,0.6830938833962599,0.693122689794964,0.08438473890272083,0.5150102141079,6.980426491762021,2.3352587376246356,3.12274058789446,0.00012541813094640863,0.00015083464902937438
32.41413804601534,1850,0.528254918326544,0.5348076978049263,0.7277024131412931,0.7387342210909253,0.08773291325276233,0.5117496641359992,6.0567207379390915,1.72774078794662,2.1118560461090827,0.0001654196909759431,0.00018593959864332543
33.429476492164056,1950,0.5616965885666447,0.5688712763915115,0.773699702387456,0.7857990793570253,0.09102987197398531,0.5085431787713497,5.150634655518566,1.3554359055694616,1.5260164905349285,0.00021068387087608276,0.00022893232223841764
34.444814938312774,2050,0.5961581969245453,0.6039865550118294,0.8210834020431025,0.8343169026506781,0.09427350956167568,0.5053929100266552,4.261392051863186,1.1149710993071162,1.181050562558528,0.0002625490283736376,0.0002838340101481984
35.46015338446149,2150,0.6316383528740822,0.640153092167295,0.869851123400519,0.8842872861545114,0.0974622972096578,0.502300418394925,3.388248415734611,0.9475807245265682,0.966726610339845,0.0003140706558187323,0.00033488544344856264
36.4754918306102,2250,0.6681372202505607,0.6773716007242173,0.9200004382352283,0.9357097821786248,0.10059506814221425,0.49926687053137886,2.530456874433581,0.822165102638892,0.8219206212501227,0.00035961114986365894,0.00037864518260899427
37.49083027675892,2350,0.7056565015141997,0.7156439406173795,0.9715288789068102,0.9885839001645377,0.10367093551900633,0.4962931189680614,1.6872683082731776,0.7229849010806009,0.7152572384160862,0.00041515491743077115,0.00042788128489568145
38.50616872290764,2450,0.744198562146489,0.7549724353315204,1.024433938461023,1.042909106690612,0.10668936752297752,0.4933796416950491,0.8579753099781031,0.6416334229404751,0.6314457671253463,0.0004615890261576161,0.0004749678432998117
39.521507169056356,2550,0.7837656665247871,0.7953592896342242,1.0787130707334154,1.0986848254791517,0.10965009869773776,0.4905266423973029,0.041937082706236875,0.5728293270490854,0.5626445806471174,0.0005301507000111672,0.0005466870808589763
40.53684561520507,2650,0.8243592265374324,0.8368060229211285,1.1343636904542764,1.1559104374050249,0.11255297046131296,0.4877342223923523,-0.7614055403619651,0.5130615825191198,0.5041131020801735,0.0006019394014279977,0.0006185428099478862
41.552184061353785,2750,0.8659788838909266,0.8793127548134155,1.1913831733549802,1.2145852805058739,0.1153975561464993,0.48500276793627073,-1.5524940088576669,0.46042347556432855,0.45284668566918895,0.0006682114536929462,0.0006935660296384927
42.5675225075025,2850,0.9086225411140465,0.9228782504784178,1.249768856275741,1.2747086499939326,0.11818323945800743,0.4823328747608434,-2.3316752532378535,0.41419770821233626,0.40738557154549876,0.0007547350289609511,0.0007828554086243278
43.58286095365122,2950,0.9522872412358396,0.9675006497290879,1.3095180372746853,1.3362797982693622,0.12090970322261438,0.4797248546752658,-3.0992826302316283,0.3739055949693073,0.3673247182925567,0.0008611672792422365,0.000902124913935598
44.59819939979993,3050,0.9969698676288168,1.0131780539700255,1.370627975738377,1.3992979349352481,0.12357724586591337,0.4771784171236632,-3.855712063850578,0.3385697910095985,0.3323442158147643,0.0009337010012323566,0.0009697219090148423
45.61353784594865,nan,1.0426678773085827,1.059909126020872,1.4330958924936785,1.463762226814142,0.12618700513037426,0.47469244157070745,-4.601493021430056,nan,nan,nan,nan
46.62887629209737,nan,1.0893801330243074,1.107693759225985,1.4969189699209056,1.5296717979661185,0.12874122553945094,0.4722647052241088,-5.337389280087045,nan,nan,nan,nan
47.644214738246085,nan,1.1371068575514125,1.156533034052185,1.5620943520684818,1.5970257297085488,0.13124311422665585,0.4698920256011043,-6.064362458143686,nan,nan,nan,nan
48.6595531843948,nan,1.1858490192962714,1.2064287074677162,1.62861914476876,1.6658230606372688,0.1336963834897498,0.4675707176211793,-6.783439979872835,nan,nan,nan,nan
49.67489163054351,nan,1.2356078935706436,1.2573828284935917,1.6964904157553924,1.7360627866495282,0.13610477428357212,0.46529706711388596,-7.495601844834809,nan,nan,nan,nan
50.69023007669223,nan,1.286384568752259,1.3093973003559516,1.7657051947818705,1.8077438609683454,0.1384715627395845,0.4630678211903525,-8.201673567614684,nan,nan,nan,nan
51.70556852284095,nan,1.3381794288709425,1.362473418714705,1.8362604737415118,1.8808651941685472,0.1407990852567046,0.4608806602534483,-8.90223127483239,nan,nan,nan,nan
52.72090696898967,nan,1.3909921715036428,1.4166118872130575,1.9081532067887177,1.9554256542043276,0.14308876079604918,0.4587341758532345,-9.597607393357508,nan,nan,nan,nan
53.736245415138384,nan,1.4448220562324168,1.471813037031036,1.9813803104614933,2.03142406643832,0.145341349392477,0.45662761382663325,-10.287948708785699,nan,nan,nan,nan
54.751583861287095,nan,1.4996680382779983,1.5280769406761272,2.055938663805534,2.108859213672487,0.14755715109016476,0.45456067675944223,-10.97327214241179,nan,nan,nan,nan
55.76692230743581,nan,1.5555289566920536,1.5854035719253086,2.1318251084992403,2.1877298361802033,0.14973629036338043,0.45253324157003005,-11.653545048736484,nan,nan,nan,nan
56.78226075358453,nan,1.6124037535335898,1.643792992100094,2.209036448980414,2.26803463174028,0.1518790473645748,0.45054503059573214,-12.32877873323417,nan,nan,nan,nan
57.79759919973325,nan,1.6702914476160253,1.7032453277545259,2.287569452574005,2.3497722556723133,0.15398581824751517,0.4485956509900926,-12.999017250803181,nan,nan,nan,nan
58.81293764588196,nan,1.729191058918528,1.7637607064333998,2.367420849621232,2.432941320873676,0.1560570009278,0.4466847081572406,-13.664305153741026,nan,nan,nan,nan
59.82827609203068,nan,1.7891016074202626,1.8253392556815113,2.4485873336100115,2.5175403978580997,0.15809299332102789,0.44481180750130556,-14.324686994345203,nan,nan,nan,nan
60.843614538179395,nan,1.8500221131003975,1.8879811030436557,2.5310655613066646,2.6035680147958167,0.1600941933427973,0.4429765544264168,-14.980207324913223,nan,nan,nan,nan
61.85895298432811,nan,1.9119515959380988,1.9516863760646297,2.614852152888841,2.691022657555209,0.16206099890870673,0.4411785543367037,-15.630910697742593,nan,nan,nan,nan
62.87429143047683,nan,1.9748890759125333,2.016455202289228,2.6999436920797737,2.779902769746075,0.16399380793435475,0.4394174126362955,-16.27684166513081,nan,nan,nan,nan
63.88962987662554,nan,2.0388335730028677,2.0822877092622463,2.78633672628377,2.870206752764439,0.16589301833533987,0.4376927347293217,-16.918044779375386,nan,nan,nan,nan
64.90496832277427,nan,2.1037841071882686,2.149184024528481,2.874027766722987,2.9619329658389386,0.16775902802726056,0.4360041260199115,-17.554564592773826,nan,nan,nan,nan
65.92030676892298,nan,2.169739698447903,2.2171442756327266,2.9630132885753806,3.05507972607869,0.16959223492571535,0.4343511919121943,-18.18644565762363,nan,nan,nan,nan
66.9356452150717,nan,2.236699366760937,2.2861685901197797,3.0532897311140146,3.149645308522841,0.17139303694630276,0.4327335378102994,-18.813732526222307,nan,nan,nan,nan
67.9509836612204,nan,2.3046621321065377,2.3562570955344353,3.1448534978474796,3.2456279461915285,0.17316183200462132,0.43115076911835604,-19.436469750867364,nan,nan,nan,nan
68.96632210736912,nan,2.3736270144638727,2.4274099194214895,3.2377009566616946,3.3430258301385503,0.17489901801626956,0.42960249124049377,-20.0547018838563,nan,nan,nan,nan
69.98166055351784,nan,2.4435930338121072,2.4996271893257376,3.3318284399626936,3.441837109505344,0.17660499289684595,0.42808830958084176,-20.66847347748663,nan,nan,nan,nan
70.99699899966656,nan,2.514559210130409,2.572909032791976,3.427232244820919,3.5420598915768027,0.17828015456194907,0.4266078295435294,-21.27782908405585,nan,nan,nan,nan
72.01233744581528,nan,2.586524563397944,2.6472555773649997,3.5239086331165237,3.6436922418384303,0.17992490092717733,0.425160656532686,-21.882813255861468,nan,nan,nan,nan
73.027675891964,nan,2.659488113593879,2.722666950589604,3.621853831685952,3.746732184035116,0.18153962990812936,0.4237463959524409,-22.483470545200994,nan,nan,nan,nan
74.04301433811271,nan,2.733448880697382,2.7991432800105853,3.721064032469684,3.851177700231416,0.18312473942040364,0.4223646532069234,-23.079845504371924,nan,nan,nan,nan
75.05835278426142,nan,2.808405884687618,2.876684693172739,3.8215353926611475,3.9570267308733404,0.18468062737959862,0.4210150337002629,-23.67198268567177,nan,nan,nan,nan
76.07369123041013,nan,2.8843581455437546,2.955291317620861,3.9232640348569405,4.064277174851818,0.1862076917013129,0.41969714283658865,-24.25992664139804,nan,nan,nan,nan
77.08902967655885,nan,2.9613046832449585,3.034963280899746,4.0262460472081125,4.172926889567559,0.18770633030114497,0.4184105860200301,-24.843721923848232,nan,nan,nan,nan
78.10436812270757,nan,3.0392445177703973,3.115700710554191,4.130477483572592,4.282973690997433,0.1891769410946934,0.4171549686547166,-25.423413085319858,nan,nan,nan,nan
79.11970656885629,nan,3.1181766690992356,3.1975037341289907,4.235954363668829,4.394415353762424,0.19061992199755662,0.41592989614477727,-25.999044678110415,nan,nan,nan,nan
80.135045015005,nan,3.198100157210642,3.280372479168941,4.342672673230681,4.507249611197203,0.19203567092533314,0.4147349738943416,-26.570661254517415,nan,nan,nan,nan
81.15038346115372,nan,3.279014002083782,3.364307073218837,4.450628364163248,4.621474155421006,0.19342458579362154,0.413569807307539,-27.13830736683836,nan,nan,nan,nan
82.16572190730244,nan,3.360917223697823,3.449307643823475,4.5598173547000105,4.7370866374102105,0.1947870645180203,0.41243400178849865,-27.702027567370756,nan,nan,nan,nan
83.18106035345116,nan,3.443808842031931,3.5353743185276505,4.67023552956096,4.8540846670722795,0.19612350501412792,0.41132716274134995,-28.261866408412107,nan,nan,nan,nan
84.19639879959986,nan,3.527687877065274,3.6225072248761596,4.781878740112127,4.972465813321482,0.19743430519754296,0.4102488955702222,-28.817868442259922,nan,nan,nan,nan
85.21173724574858,nan,3.6125533487770176,3.7107064904137976,4.894742804525777,5.09222760415568,0.1987198629838639,0.40919880567924477,-29.3700782212117,nan,nan,nan,nan
86.2270756918973,nan,3.6984042771463286,3.7999722426853593,5.008823507942162,5.213367526735062,0.19998057628868932,0.408176498472547,-29.918540297564952,nan,nan,nan,nan
87.24241413804602,nan,3.7852396821523744,3.890304609235642,5.124116602632172,5.3358830274621685,0.20121684302761764,0.4071815793542582,-30.46329922361718,nan,nan,nan,nan
88.25775258419473,nan,3.8730585837743217,3.9817037176094408,5.240617808160999,5.459771512063349,0.20242906111624748,0.40621365372850765,-31.00439955166589,nan,nan,nan,nan
89.27309103034345,nan,3.9618600019913366,4.07416969535155,5.358322811553087,5.5850303456718855,0.20361762847017723,0.4052723269994247,-31.541885834008596,nan,nan,nan,nan
90.28842947649217,nan,4.051642956782587,4.167702670006767,5.477227267458068,5.711656852912537,0.2047829430050055,0.4043572045711388,-32.07580262294279,nan,nan,nan,nan
91.30376792264089,nan,4.142406468127236,4.262302769119886,5.59732679831762,5.839648317987407,0.2059254026363308,0.4034678918477792,-32.60619447076597,nan,nan,nan,nan
92.3191063687896,nan,4.234149556004454,4.357970120235703,5.718616994533739,5.969001984763647,0.20704540527975157,0.4026039942334753,-33.133105929775674,nan,nan,nan,nan
93.33444481493831,nan,4.326871240393407,4.454704850899015,5.8410934146377995,6.099715056862372,0.20814334885086644,0.4017651171323564,-33.656581552269365,nan,nan,nan,nan
94.34978326108703,nan,4.420570541273262,4.5525070886546155,5.9647515854606175,6.231784697748998,0.20921963126527388,0.40095086594855167,-34.176665890544584,nan,nan,nan,nan
95.36512170723574,nan,4.515246478623185,4.651376961047302,6.089587002303841,6.365208030825353,0.21027465043857238,0.40016084608619074,-34.69340349689882,nan,nan,nan,nan
96.38046015338446,nan,4.6108980724223425,4.75131459562187,6.215595129112067,6.499982139522921,0.21130880428636045,0.39939466294940273,-35.206838923629576,nan,nan,nan,nan
97.39579859953318,nan,4.7075243426499025,4.852320119923114,6.342771398646204,6.636104067397815,0.21232249072423665,0.398651921942317,-35.71701672303437,nan,nan,nan,nan
98.4111370456819,nan,4.805124309285031,4.954393661495832,6.47111121265772,6.773570818227021,0.21331610766779946,0.39793222846906295,-36.223981447410694,nan,nan,nan,nan
99.42647549183062,nan,4.903696992306893,5.057535347884816,6.600609942064033,6.912379356106278,0.21429005303264748,0.3972351879337699,-36.727777649056065,nan,nan,nan,nan
100.44181393797933,nan,5.003241411694657,5.161745306634863,6.731262927124664,7.052526605549147,0.2152447247343791,0.39656040574056717,-37.22844988026797,nan,nan,nan,nan
101.45715238412805,nan,5.10375658742749,5.26702366529077,6.863065477618702,7.194009451587849,0.2161805206885929,0.39590748729358405,-37.726042693343935,nan,nan,nan,nan
102.47249083027677,nan,5.2052415394845575,5.373370551397332,6.996012873022992,7.336824739875287,0.21709783881088737,0.3952760379969499,-38.220600640581445,nan,nan,nan,nan
103.48782927642547,nan,5.3076952878450285,5.480786092499345,7.130100362691436,7.480969276788638,0.21799707701686105,0.3946656632547941,-38.71216827427802,nan,nan,nan,nan
104.50316772257419,nan,5.411116852488067,5.589270416141604,7.265323166035222,7.626439829534342,0.21887863322211248,0.39407596847124593,-39.200790146731165,nan,nan,nan,nan
105.51850616872291,nan,5.51550525339284,5.6988236498689036,7.401676472704101,7.773233126254603,0.21974290534224017,0.39350655905043475,-39.68651081023838,nan,nan,nan,nan
106.53384461487163,nan,5.6208595105385175,5.809445921226041,7.5391554427683,7.921345856135001,0.22059029129284258,0.3929570403964899,-40.169374817097165,nan,nan,nan,nan
107.54918306102034,nan,5.727178643904262,5.921137357757813,7.67775520690195,8.0707746695141,0.22142118898951826,0.3924270179135406,-40.649426719605046,nan,nan,nan,nan
108.56452150716906,nan,5.834461673469242,6.033898087009012,7.817470866566842,8.22151617799385,0.22223599634786567,0.39191609700571645,-41.1267110700595,nan,nan,nan,nan
109.57985995331778,nan,5.942707619212625,6.147728236524436,7.958297494197534,8.37356695455184,0.22303511128348347,0.3914238830771465,-41.60127242075805,nan,nan,nan,nan
110.5951983994665,nan,6.051915501113576,6.262627933848879,8.100230133387152,8.526923533654712,0.22381893171197004,0.39094998153196026,-42.07315532399819,nan,nan,nan,nan
111.61053684561521,nan,6.162084339151263,6.378597306527139,8.243263799074269,8.681582411373162,0.22458785554892396,0.390493997774287,-42.54240433207745,nan,nan,nan,nan
112.62587529176392,nan,6.273213153304852,6.495636482104009,8.387393477730473,8.83754004549812,0.22534228070994372,0.39005553720825603,-43.00906399729331,nan,nan,nan,nan
113.64121373791264,nan,6.38530096355351,6.613745588124287,8.53261412754911,8.99479285565858,0.2260826051106279,0.38963420523799674,-43.473178871943276,nan,nan,nan,nan
114.65655218406135,nan,6.498346789876404,6.732924752132767,8.678920678634592,9.153337223440538,0.22680922666657488,0.38922960726763844,-43.93479350832487,nan,nan,nan,nan
115.67189063021007,nan,6.612349652252701,6.853174101674247,8.826308033192918,9.313169492507605,0.22752254329338328,0.3888413487013104,-44.39395245873558,nan,nan,nan,nan
116.68722907635879,nan,6.727308570661567,6.97449376429352,8.974771065722713,9.474285968722663,0.22822295290665165,0.3884690349431421,-44.85070027547293,nan,nan,nan,nan
117.70256752250751,nan,6.8432225650821685,7.0968838675353805,9.12430462320747,9.636682920271246,0.22891085342197842,0.38811227139726273,-45.305081510834405,nan,nan,nan,nan
118.71790596865623,nan,6.960090655493675,7.22034453894463,9.274903525308346,9.80035657778597,0.2295866427549621,0.3877706634678017,-45.75714071711752,nan,nan,nan,nan
119.73324441480494,nan,7.077911861875249,7.344875906066057,9.42656256455808,9.965303134472613,0.23025071882120127,0.3874438165588884,-46.206922446619785,nan,nan,nan,nan
120.74858286095366,nan,7.196685204206059,7.470478096444463,9.579276506555434,10.131518746237235,0.23090347953629442,0.387131336074652,-46.65447125163868,nan,nan,nan,nan
121.76392130710236,nan,7.316409702465271,7.597151237624638,9.733040090160783,10.298999531814973,0.23154532281584006,0.3868328274192219,-47.09983168447175,nan,nan,nan,nan
122.77925975325108,nan,7.437084376632054,7.7248954571513835,9.887848027692224,10.467741572899879,0.23217664657543674,0.38654789599672745,-47.543048297416476,nan,nan,nan,nan
123.7945981993998,nan,7.558708246685572,7.853710882569493,10.043695005122673,10.637740914276282,0.23279784873068288,0.3862761472112981,-47.98416564277038,nan,nan,nan,nan
124.80993664554852,nan,7.681280332604993,7.983597641423759,10.200575682277893,10.808993563951603,0.2334093271971771,0.386017186467063,-48.42322827283094,nan,nan,nan,nan
125.82527509169724,nan,7.804799654369487,8.114555861258982,10.358484693034786,10.981495493289996,0.23401147989051785,0.3857706191681516,-48.86028073989567,nan,nan,nan,nan
126.84061353784595,nan,7.929265231958214,8.246585669619954,10.517416645521122,11.155242637147927,0.23460470472630376,0.3855360507186931,-49.295367596262096,nan,nan,nan,nan
127.85595198399467,nan,8.054676085350346,8.379687194051472,10.67736612231569,11.330230894010754,0.23518939962013322,0.38531308652281704,-49.728533394227696,nan,nan,nan,nan
128.8712904301434,nan,8.181031234525047,8.513860562098333,10.838327680649018,11.506456126130395,0.23576596248760473,0.3851013319846526,-50.159822686089996,nan,nan,nan,nan
129.8866288762921,nan,8.308329699461485,8.64910590130533,11.00029585260546,11.68391415966494,0.23633479124431694,0.3849003925083291,-50.58928002414649,nan,nan,nan,nan
130.9019673224408,nan,8.436570500138824,8.78542333921726,11.163265145325338,11.862600784818842,0.23689628380586822,0.384709873497976,-51.01694996069469,nan,nan,nan,nan
131.91730576858953,nan,8.565752656536235,8.92281300337892,11.327230041208267,12.042511755984844,0.23745083808785722,0.3845293803577225,-51.44287704803209,nan,nan,nan,nan
132.93264421473825,nan,8.695875188632883,9.061275021335101,11.492184998117082,12.22364279188711,0.2379988520058824,0.384358518491698,-51.8671058384562,nan,nan,nan,nan
133.94798266088696,nan,8.826937116407935,9.200809520630603,11.658124449582484,12.405989575725584,0.23854072347554223,0.3841968933040319,-52.28968088426453,nan,nan,nan,nan
134.96332110703568,nan,8.958937459840556,9.341416628810222,11.825042805008366,12.58954775532161,0.2390768504124352,0.3840441101988533,-52.71064673775459,nan,nan,nan,nan
135.9786595531844,nan,9.091875238909914,9.483096473418753,11.992934449877728,12.774312943264713,0.23960763073215996,0.3838997745802919,-53.13004795122386,nan,nan,nan,nan
136.99399799933312,nan,9.225749473595176,9.62584918200099,12.161793745959745,12.960280717061108,0.24013346235031496,0.3837634918524767,-53.54792907696989,nan,nan,nan,nan
138.00933644548184,nan,9.360559183875507,9.769674882101729,12.331615031516764,13.147446619282684,0.24065474318249871,0.38363486741953723,-53.964334667290146,nan,nan,nan,nan
139.02467489163055,nan,9.496303389730077,9.914573701265766,12.50239262151278,13.335806157718071,0.24117187114430977,0.3835135066856027,-54.37930927448214,nan,nan,nan,nan
140.04001333777927,nan,9.63298111113805,10.0605457670379,12.674120807821897,13.525354805524241,0.24168524415134654,0.38339901505480256,-54.79289745084339,nan,nan,nan,nan
141.055351783928,nan,9.770591368078595,10.20759120696292,12.846793859437955,13.716088001379886,0.24219526011920764,0.38329099793126603,-55.2051437486714,nan,nan,nan,nan
142.0706902300767,nan,9.909133180530876,10.355710148585626,13.020406022684341,13.90800114963952,0.2427023169634916,0.38318906071912257,-55.616092720263666,nan,nan,nan,nan
143.08602867622542,nan,10.048605568474061,10.504902719450811,13.194951521424878,14.101089620489299,0.24320681259979682,0.38309280882250135,-56.02578891791769,nan,nan,nan,nan
144.10136712237414,nan,10.189007551887315,10.655169047103275,13.370424557275124,14.295348750103791,0.24370914494372192,0.3830018476455319,-56.434276893930985,nan,nan,nan,nan
145.11670556852283,nan,10.330338150885886,10.80650925915558,13.546819309814104,14.490773840803776,0.24420971194958813,0.38291578255332503,-56.84160120618557,nan,nan,nan,nan
146.13204401467155,nan,10.472596418229083,10.958923499477887,13.724129936797103,14.687360161215729,0.2447089208609513,0.3828342095508472,-57.24780775223749,nan,nan,nan,nan
147.14738246082027,nan,10.615781473226328,11.112411945084027,13.902350574368468,14.885102946431875,0.24520719785894618,0.38275670556092434,-57.65294516078099,nan,nan,nan,nan
148.16272090696899,nan,10.759892386711034,11.266974748845538,14.081475337275776,15.083997398172231,0.24570495533031844,0.3826828614060721,-58.057060071112204,nan,nan,nan,nan
149.1780593531177,nan,10.904928072427293,11.422611985399389,14.261498319083708,15.284038684946925,0.24620256096028484,0.3826123129515674,-58.46019267576604,nan,nan,nan,nan
150.19339779926642,nan,11.050887211234954,11.579323613400161,14.44241359238905,15.485221942220267,0.2467003161642413,0.38254476283838373,-58.86237360998199,nan,nan,nan,nan
151.20873624541514,nan,11.197768208133123,11.73710945411664,14.624215209036265,15.687542272575994,0.24719844385831918,0.3824799928059892,-59.263622187999296,nan,nan,nan,nan
152.22407469156386,nan,11.345569182102095,11.895969186372819,14.806897200333298,15.89099474588335,0.2476970855687894,0.38241786660500804,-59.66394598618125,nan,nan,nan,nan
153.23941313771257,nan,11.494287988763668,12.055902357833336,14.990453577268058,16.095574399464436,0.24819630788031452,0.382358323499745,-60.06334177296864,nan,nan,nan,nan
154.2547515838613,nan,11.643922275859918,12.216908412633336,15.17487833072572,16.301276238263025,0.2486961182230492,0.38230136236057344,-60.461797785662476,nan,nan,nan,nan
155.27009003001,nan,11.794469571550348,12.378986735352743,15.360165431705928,16.50809523501385,0.24919648999858837,0.38224701634618585,-60.85929735403582,nan,nan,nan,nan
156.28542847615873,nan,11.945927405183493,12.542136711163652,15.546308831541223,16.716026330413783,0.2496973969468805,0.38219531827433817,-61.255823856658424,nan,nan,nan,nan
157.30076692230745,nan,12.098293378382298,12.706357761232683,15.733302462115358,16.92506443329346,0.2501988333743652,0.3821462802392997,-61.65136363815647,nan,nan,nan,nan
158.31610536845616,nan,12.251565103215889,12.87164931192893,15.921140236082596,17.135204420790554,0.2507007965600614,0.3820999113400688,-62.04590347185528,nan,nan,nan,nan
159.33144381460488,nan,12.405740191753393,13.038010789621481,16.10981604708701,17.34644113852364,0.2512032837829876,0.3820562206756442,-62.43943013108026,nan,nan,nan,nan
160.3467822607536,nan,12.560816256063937,13.20544162067943,16.299323769982774,17.55876940076773,0.2517062923221628,0.3820152173450244,-62.831930389156724,nan,nan,nan,nan
161.36212070690232,nan,12.716790908216646,13.373941231471871,16.489657261054518,17.772183990630392,0.2522098194566057,0.38197691044720794,-63.22339101941002,nan,nan,nan,nan
162.37745915305103,nan,12.873661760280651,13.543509048367897,16.68081035823836,17.98667966022929,0.25271386246533495,0.38194130908119334,-63.61379879516555,nan,nan,nan,nan
163.39279759919972,nan,13.031426424325076,13.714144497736596,16.87277688134313,18.20225113087046,0.25321841862736943,0.3819084223459792,-64.00314048974863,nan,nan,nan,nan
164.40813604534844,nan,13.19008251241905,13.885847005947065,17.065550632272473,18.41889309322817,0.2537234852217279,0.3818782593405641,-64.39140287648462,nan,nan,nan,nan
165.42347449149716,nan,13.349627636631698,14.058615999368392,17.25912539524683,18.6366002075252,0.25422905952742914,0.38185082916394647,-64.77857272869889,nan,nan,nan,nan
166.43881293764588,nan,13.51005940903215,14.23245090436967,17.45349493702634,18.855367103714755,0.25473513882349186,0.38182614091512496,-65.16463681971678,nan,nan,nan,nan
167.4541513837946,nan,13.671375441689532,14.407351147319996,17.64865300713383,19.07518838166308,0.2552417203889349,0.3818042036930982,-65.54958192286367,nan,nan,nan,nan
168.4694898299433,nan,13.83357334667297,14.58331615458846,17.844593338078166,19.296058611333038,0.25574880150277696,0.38178502659686453,-65.9333948114649,nan,nan,nan,nan
169.48482827609203,nan,13.996650736051592,14.760345352544151,18.041309645578394,19.51797233296919,0.25625637944403684,0.38176861872542267,-66.31606225884579,nan,nan,nan,nan
170.50016672224075,nan,14.160605221894524,14.938438167556162,18.23879562878779,19.74092405728335,0.2567644514917333,0.3817549891777712,-66.69757103833174,nan,nan,nan,nan
171.51550516838947,nan,14.325434416270891,15.117594025993588,18.4370449705184,19.96490826564131,0.2572730149248852,0.3817441470529085,-67.07790792324809,nan,nan,nan,nan
172.53084361453818,nan,14.491135931249826,15.297812354225519,18.63605133746626,20.189919410250912,0.25778206702251116,0.3817361014498333,-67.45705968692022,nan,nan,nan,nan
173.5461820606869,nan,14.65770737890045,15.479092578621046,18.83580838043649,20.415951914350575,0.25829160506363,0.3817308614675441,-67.83501310267346,nan,nan,nan,nan
174.56152050683562,nan,14.825146371291893,15.661434125549265,19.036309734569105,20.643000172399272,0.25880162632726056,0.38172843620503927,-68.21175494383314,nan,nan,nan,nan
175.57685895298434,nan,14.993450520493283,15.844836421379261,19.23754901956491,20.871058550267133,0.25931212809242155,0.3817288347613177,-68.58727198372465,nan,nan,nan,nan
176.59219739913306,nan,15.162617438573747,16.02929889248014,19.43951983991169,21.100121385427116,0.25982310763813177,0.3817320662353777,-68.96155099567335,nan,nan,nan,nan
177.60753584528177,nan,15.332644737602411,16.21482096522098,19.642215785111166,21.330182987147982,0.26033456224340995,0.38173813972621795,-69.33457875300458,nan,nan,nan,nan
178.6228742914305,nan,15.503530029648399,16.401402065970878,19.84563042990561,21.56123763668767,0.2608464891872749,0.3817470643328369,-69.7063420290437,nan,nan,nan,nan
179.6382127375792,nan,15.675270926780842,16.589041621098925,20.049757334505088,21.793279587487895,0.26135888574874533,0.3817588491542332,-70.07682759711605,nan,nan,nan,nan
180.65355118372793,nan,15.847865041068864,16.77773905697422,20.2545900448151,22.026303065369838,0.26187174920684,0.3817735032894053,-70.44602223054699,nan,nan,nan,nan
181.66888962987662,nan,16.021309984581595,16.967493799965848,20.46012209266419,22.26030226873042,0.26238507684057777,0.38179103583735174,-70.81391270266191,nan,nan,nan,nan
182.68422807602533,nan,16.19560336938816,17.158305276442903,20.666346996032004,22.495271368739743,0.2628988659289773,0.3818114558970712,-71.18048578678612,nan,nan,nan,nan
183.69956652217405,nan,16.370742807557686,17.35017291277448,20.87325825927762,22.73120450953941,0.26341311375105747,0.3818347725675622,-71.54572825624498,nan,nan,nan,nan
184.71490496832277,nan,16.546725911159303,17.543096135329666,21.080849373367837,22.968095808441472,0.263927817585837,0.3818609949478232,-71.90962688436387,nan,nan,nan,nan
185.7302434144715,nan,16.723550292262132,17.737074370477558,21.289113816106322,23.205939356128905,0.26444297471233463,0.38189013213685286,-72.27216844446814,nan,nan,nan,nan
186.7455818606202,nan,16.90121356293531,17.932107044587244,21.498045052362155,23.444729216856185,0.26495858240956915,0.38192219323364973,-72.63333970988313,nan,nan,nan,nan
187.76092030676892,nan,17.07971333524796,18.12819358402782,21.707636534299304,23.68445942865137,0.2654746379565594,0.3819571873372123,-72.99312745393419,nan,nan,nan,nan
188.77625875291764,nan,17.2590472212692,18.32533341516838,21.917881701605765,23.925124003518576,0.265991138632324,0.3819951235465392,-73.35151844994671,nan,nan,nan,nan
189.79159719906636,nan,17.43921283306817,18.52352596437801,22.128773981723413,24.16671692764183,0.2665080817158818,0.3820360109606289,-73.70849947124601,nan,nan,nan,nan
190.80693564521508,nan,17.620207782713983,18.7227706580258,22.340306790077435,24.409232161589127,0.2670254644862516,0.38207985867847993,-74.06405729115747,nan,nan,nan,nan
191.8222740913638,nan,17.80202968227578,18.923066922480857,22.552473530306553,24.652663640517996,0.2675432842224521,0.382126675799091,-74.41817868300643,nan,nan,nan,nan
192.8376125375125,nan,17.984676143822682,19.124414184112258,22.765267594492926,24.897005274381364,0.26806153820350215,0.3821764714214605,-74.77085042011822,nan,nan,nan,nan
193.85295098366123,nan,18.16814477942382,19.326811869289102,22.97868236339252,25.14225094813462,0.26858022370842044,0.382229254644587,-75.12205927581826,nan,nan,nan,nan
194.86828942980995,nan,18.352433201148312,19.53025940438048,23.19271120666545,25.388394521943237,0.26909933801622576,0.3822850345674692,-75.47179202343185,nan,nan,nan,nan
195.88362787595867,nan,18.537539021065296,19.73475621575549,23.40734748310637,25.635429831391182,0.269618878405937,0.3823438202891055,-75.82003543628437,nan,nan,nan,nan
196.89896632210738,nan,18.723459851243888,19.94030172978321,23.62258454087541,25.88335068769052,0.2701388421565728,0.3824056209084945,-76.16677628770117,nan,nan,nan,nan
197.9143047682561,nan,18.910193303753218,20.146895372832745,23.838415717728683,26.13215087789125,0.2706592265471519,0.38247044552463483,-76.5120013510076,nan,nan,nan,nan
198.92964321440482,nan,19.097736990662423,20.35453657127318,24.054834341249453,26.3818241650925,0.2711800288566931,0.38253830323652493,-76.85569739952899,nan,nan,nan,nan
199.94498166055354,nan,19.286088524040615,20.56322475147361,24.27183372907865,26.632364288653687,0.2717012463642152,0.3826092031431633,-77.19785120659074,nan,nan,nan,nan
200.96032010670223,nan,19.475245515956928,20.772959339803126,24.4894071891464,26.88376496440746,0.272222876348737,0.3826831543435487,-77.5384495455182,nan,nan,nan,nan
201.97565855285094,nan,19.665205578480496,20.983739762630826,24.70754801990286,27.13601988487251,0.2727449160892772,0.3827601659366796,-77.8774791896367,nan,nan,nan,nan
202.99099699899966,nan,19.855966323680434,21.19556544632579,24.92624951054951,27.389122719467597,0.27326736286485453,0.3828402470215545,-78.21492691227162,nan,nan,nan,nan
204.00633544514838,nan,20.04752536362588,21.40843581725712,25.145504941270495,27.64306711472627,0.2737902139544879,0.38292340669717195,-78.55077948674828,nan,nan,nan,nan
205.0216738912971,nan,20.23988031038595,21.622350301793915,25.3653075834638,27.89784669451209,0.27431346663719597,0.3830096540625305,-78.88502368639207,nan,nan,nan,nan
206.03701233744582,nan,20.43302877602978,21.837308326305255,25.58565069997255,28.15345506023464,0.2748371181919975,0.38309899821662885,-79.21764628452834,nan,nan,nan,nan
207.05235078359453,nan,20.6269683726265,22.05330931716023,25.806527545316584,28.409885791066557,0.2753611658979114,0.3831914482584654,-79.54863405448245,nan,nan,nan,nan
208.06768922974325,nan,20.82169671224522,22.270352700727944,26.02793136592374,28.66713244416083,0.27588560703395626,0.38328701328703874,-79.87797376957971,nan,nan,nan,nan
209.08302767589197,nan,21.017211406955084,22.488437903377477,26.24985540036116,28.92518855486892,0.276410438879151,0.3833857024013474,-80.20565220314553,nan,nan,nan,nan
210.0983661220407,nan,21.213510068825215,22.707564351477934,26.472292879566876,29.184047636959743,0.2769356587125143,0.38348752470038994,-80.53165612850523,nan,nan,nan,nan
211.1137045681894,nan,21.410590309924732,22.927731471398396,26.69523702708103,29.443703182839034,0.2774612638130649,0.3835924892831649,-80.8559723189842,nan,nan,nan,nan
212.12904301433812,nan,21.60844974232277,23.148938689507958,26.91868105927737,29.70414866376958,0.27798725145982167,0.383700605248671,-81.17858754790777,nan,nan,nan,nan
213.14438146048684,nan,21.807085978088452,23.37118543217571,27.142618185594536,29.965377530092027,0.27851361893180326,0.3838118816959065,-81.49948858860125,nan,nan,nan,nan
214.15971990663556,nan,22.006496629290908,23.594471125770752,27.367041608767316,30.227383211446227,0.27904036350802847,0.38392632772387025,-81.81866221439009,nan,nan,nan,nan
215.17505835278428,nan,22.206679307999266,23.818795196662176,27.591944525058114,30.49015911699356,0.27956748246751617,0.3840439524315606,-82.13609519859958,nan,nan,nan,nan
216.190396798933,nan,22.40763162628265,24.044157071219068,27.817320124487726,30.753698635639196,0.28009497308928505,0.38416476491797613,-82.4517743145551,nan,nan,nan,nan
217.2057352450817,nan,22.609351196210188,24.27055617581052,28.04316159106705,31.017995136255937,0.2806228326523539,0.38428877428211555,-82.765686335582,nan,nan,nan,nan
218.22107369123043,nan,22.81183562985101,24.49799193680563,28.269462103027593,31.283041967907643,0.2811510584357415,0.3844159896229773,-83.07781803500563,nan,nan,nan,nan
219.23641213737912,nan,23.015082539274232,24.726463780573486,28.496214833052864,31.54883246007409,0.28167964771846654,0.38454642003955986,-83.38815618615135,nan,nan,nan,nan
220.25175058352784,nan,23.219089536548996,24.95597113348318,28.723412948508884,31.8153599228757,0.2822085977795479,0.38468007463086185,-83.69668756234452,nan,nan,nan,nan
221.26708902967655,nan,23.423854233744418,25.186513421903804,28.951049611675337,32.082617647299585,0.28273790589800424,0.3848169624958819,-84.00339893691047,nan,nan,nan,nan
222.28242747582527,nan,23.629374242929632,25.418090072204453,29.17911797997584,32.35059890542532,0.28326756935285435,0.38495709273361844,-84.30827708317457,nan,nan,nan,nan
223.297765921974,nan,23.83564717617376,25.65070051075422,29.40761120620881,32.61929695065212,0.28379758542311706,0.38510047444307005,-84.6113087744622,nan,nan,nan,nan
224.3131043681227,nan,24.04267064554594,25.884344163922197,29.636522438777618,32.888705017925815,0.28432795138781114,0.38524711672323536,-84.91248078409868,nan,nan,nan,nan
225.32844281427143,nan,24.250442263115282,26.119020458077465,29.86584482192105,33.15881632396693,0.2848586645259553,0.3853970286731129,-85.21177988540938,nan,nan,nan,nan
226.34378126042014,nan,24.458959640950923,26.354728819589134,30.095571495943307,33.42962406749894,0.2853897221165684,0.3855502193917011,-85.50919285171966,nan,nan,nan,nan
227.35911970656886,nan,24.66822039112199,26.591468674826288,30.32569559744382,33.70112142947698,0.28592112143866905,0.3857066979779986,-85.80470645635486,nan,nan,nan,nan
228.37445815271758,nan,24.878222125697604,26.829239450158013,30.556210259547296,33.97330157331756,0.28645285977127616,0.38586647353100406,-86.09830747264036,nan,nan,nan,nan
229.3897965988663,nan,25.088962456746906,27.06804057195341,30.787108612133167,34.2461576451282,0.28698493439340844,0.3860295551497159,-86.38998267390147,nan,nan,nan,nan
230.40513504501502,nan,25.300438996339008,27.307871466581567,31.018383782065108,34.51968277393795,0.2875173425840847,0.3861959519331327,-86.6797188334636,nan,nan,nan,nan
231.42047349116373,nan,25.51264935654304,27.548731560411575,31.2500288934199,34.79387007192787,0.28805008162232365,0.386365672980253,-86.96750272465206,nan,nan,nan,nan
232.43581193731245,nan,25.725591149428134,27.790620279812536,31.48203706771704,35.06871263466291,0.2885831487871441,0.38653872739007533,-87.25332112079224,nan,nan,nan,nan
233.45115038346117,nan,25.939261987063414,28.03353705115353,31.714401424146832,35.34420354132296,0.2891165413575648,0.38671512426159843,-87.53716079520945,nan,nan,nan,nan
234.4664888296099,nan,26.15365948151801,28.277481300803657,31.947115079799612,35.62033585493573,0.2896502566126046,0.3868948726938206,-87.8190085212291,nan,nan,nan,nan
235.4818272757586,nan,26.36878124486104,28.522452455132004,32.1801711498935,35.8971026226088,0.290184291831282,0.3870779817857405,-88.09885107217649,nan,nan,nan,nan
236.49716572190732,nan,26.584624889161645,28.76844994050766,32.41356274800298,36.17449687576312,0.2907186442926161,0.3872644606363567,-88.37667522137703,nan,nan,nan,nan
237.512504168056,nan,26.801188026488937,29.015473183299726,32.64728298628643,36.45251163036623,0.2912533112756256,0.3874543183446678,-88.65246774215603,nan,nan,nan,nan
238.52784261420473,nan,27.01846826891206,29.263521609877294,32.88132497571367,36.73113988716613,0.29178829005932916,0.38764756400967226,-88.92621540783887,nan,nan,nan,nan
239.54318106035345,nan,27.236463228500128,29.512594646609454,33.115681826293425,37.010374631925615,0.29232357792274555,0.3878442067303688,-89.1979049917509,nan,nan,nan,nan
240.55851950650217,nan,27.455170517322273,29.762691719865295,33.35034664730039,37.29020883565708,0.29285917214489365,0.3880442556057556,-89.46752326721749,nan,nan,nan,nan
241.57385795265088,nan,27.674587747447617,30.013812256013914,33.58531254750166,37.570635454857175,0.29339507000479204,0.38824771973483163,-89.73505700756397,nan,nan,nan,nan
242.5891963987996,nan,27.8947125309453,30.265955681424394,33.82057263538352,37.85164743174264,0.29393126878145975,0.3884546082165953,-90.00049298611569,nan,nan,nan,nan
243.60453484494832,nan,28.115542479884425,30.519121422465844,34.05612001937731,38.1332376944857,0.2944677657539153,0.388664930150045,-90.26381797619803,nan,nan,nan,nan
244.61987329109704,nan,28.33707520633415,30.773308905507335,34.29194780808536,38.41539915745034,0.2950045582011776,0.38887869463417946,-90.52501875113633,nan,nan,nan,nan
245.63521173724575,nan,28.559308338661573,31.02851756802119,34.52804911050654,38.69812472142878,0.2955416432824154,0.38909591090852985,-90.78408206402774,nan,nan,nan,nan
246.65055018339447,nan,28.782239668738892,31.28474695886956,34.764417036261165,38.981407273878055,0.29607901695443634,0.38931658962248117,-91.04099446503577,nan,nan,nan,nan
247.6658886295432,nan,29.005867025180407,31.54199665194563,35.00104469581615,39.2652396891573,0.29661667490385896,0.38954074174223474,-91.29574245872149,nan,nan,nan,nan
248.6812270756919,nan,29.23018797716596,31.800266044399635,35.237925200709185,39.54961482876497,0.2971546147250954,0.3897683759969678,-91.54831287164222,nan,nan,nan,nan
249.69656552184063,nan,29.455199613878772,32.05955420637814,35.475051663773016,39.834525541576646,0.2976928375422912,0.3899994969769943,-91.79869312610111,nan,nan,nan,nan
250.71190396798934,nan,29.68089840274784,32.31985978444994,35.712417199359066,40.11996466408287,0.29823134905176296,0.39023410391143243,-92.04687141608923,nan,nan,nan,nan
251.72724241413806,nan,29.907280126494904,32.581180958718505,35.95001492356081,40.405925020627436,0.2987701599849338,0.3904721901253797,-92.29283678541947,nan,nan,nan,nan
252.74258086028678,nan,30.134339898985925,32.843515453621,36.18783795443683,40.69239942364598,0.29930928599176676,0.3907137431765958,-92.53657910805254,nan,nan,nan,nan
253.7579193064355,nan,30.362072259887114,33.106860602413875,36.425879412233414,40.97938067390472,0.29984874694469665,0.390958745671692,-92.77808897061487,nan,nan,nan,nan
254.77325775258421,nan,30.59047134812551,33.37121346534505,36.66413241960642,41.26686156073923,0.3003885656630588,0.3912071767618288,-93.01735745710896,nan,nan,nan,nan
255.7885961987329,nan,30.819531154154106,33.63657100151264,36.902590101843444,41.55483486229402,0.300928766058017,0.3914590143179207,-93.25437583581513,nan,nan,nan,nan
256.8039346448816,nan,31.049245809823788,33.90293026634385,37.141245587084995,41.84329334576187,0.3014693710009422,0.3917142374301127,-93.48913519951833,nan,nan,nan,nan
257.81927309103037,nan,31.27960954522672,34.17028838219398,37.3800920065454,42.132229767623535,0.3020104026407723,0.3919728260356542,-93.7216265190717,nan,nan,nan,nan
258.83461153717906,nan,31.510616591717103,34.438642472278076,37.619122494733126,42.4216368738874,0.30255188311716474,0.3922347600826768,-93.95184076376205,nan,nan,nan,nan
259.84994998332775,nan,31.742261180649116,34.70798965981121,37.858330189671165,42.71150740033004,0.3030938345697768,0.3925000195193119,-94.17976890287619,nan,nan,nan,nan
260.8652884294765,nan,31.974537543376954,34.978327068008426,38.097708233116286,43.00183407273607,0.3036362791382659,0.3927685842936909,-94.40540190570087,nan,nan,nan,nan
261.88062687562524,nan,32.20743991125479,35.249651820084786,38.33724977077841,43.2926096071389,0.3041792389622895,0.3930404343539453,-94.62873074152293,nan,nan,nan,nan
262.89596532177393,nan,32.440962515636826,35.52196103925536,38.576947952538895,43.583826710061,0.30472273618150497,0.3933155496482066,-94.84974637962915,nan,nan,nan,nan
263.9113037679227,nan,32.675099587877234,35.79525184873519,38.816795932669194,43.87547807875515,0.30526679293556963,0.3935939101246061,-95.06843978930632,nan,nan,nan,nan
264.92664221407136,nan,32.90984535933021,36.06952137173933,39.05678687004798,44.167556401444834,0.30581143136414085,0.3938754957312754,-95.28480193984126,nan,nan,nan,nan
265.94198066022005,nan,33.14519406134994,36.34476673148284,39.29691392837891,44.460054357565824,0.3063566736068761,0.394160286416346,-95.49882380052074,nan,nan,nan,nan
266.9573191063688,nan,33.38113992529061,36.62098505118079,39.53717027640672,44.752964618006814,0.30690254180343274,0.39444826212794903,-95.71049634063155,nan,nan,nan,nan
267.9726575525175,nan,33.61767718250641,36.898173454048234,39.77754908813393,45.046279845351286,0.3074490580934681,0.39473940281421627,-95.9198105294605,nan,nan,nan,nan
268.98799599866624,nan,33.85480006435152,37.17632906330023,40.01804354303603,45.33999269411838,0.30799624461663966,0.395033688423279,-96.12675733629439,nan,nan,nan,nan
270.0033344448149,nan,34.09250280218014,37.45544900215182,40.25864682627685,45.63409581100471,0.3085441235126048,0.3953310989032688,-96.33132773042004,nan,nan,nan,nan
271.01867289096367,nan,34.330779627346445,37.73553039381808,40.49935212892314,45.92858183512595,0.30909271692102075,0.3956316142023171,-96.53351268112418,nan,nan,nan,nan
272.03401133711236,nan,34.56962477120462,38.01657036151405,40.740152648158585,46.223443398258404,0.30964204698154507,0.39593521426855516,-96.73330315769367,nan,nan,nan,nan
273.0493497832611,nan,34.80903246510887,38.298566028454815,40.981041587497124,46.51867312508062,0.3101921358338352,0.39624187905011465,-96.93069012941527,nan,nan,nan,nan
274.0646882294098,nan,35.04899694041336,38.5815145178554,41.22201215699612,46.81426363341544,0.3107430056175483,0.3965515884951269,-97.1256645655758,nan,nan,nan,nan
275.08002667555854,nan,35.28951242847229,38.86541295293088,41.46305757346853,47.110207534471606,0.31129467847234193,0.39686432255172344,-97.31821743546205,nan,nan,nan,nan
276.09536512170723,nan,35.53057316063983,39.15025845689631,41.70417106069484,47.406497433085775,0.3118471765378734,0.3971800611680357,-97.50833970836078,nan,nan,nan,nan
277.110703567856,nan,35.7721733682702,39.436048152966755,41.94534584963416,47.7031259279644,0.31240052195380014,0.3974987842921951,-97.69602235355885,nan,nan,nan,nan
278.12604201400467,nan,36.01430728271756,39.72277916435726,42.186575178634676,48.00008561192533,0.3129547368597795,0.3978204718723331,-97.88125634034299,nan,nan,nan,nan
279.1413804601534,nan,36.2569691353361,40.01044861428289,42.42785229364407,48.29736907214026,0.31350984339546895,0.3981451038565812,-98.06403263800004,nan,nan,nan,nan
280.1567189063021,nan,36.500153157480014,40.299053625958706,42.669170448418576,48.5949688903763,0.3140658637005257,0.3984726601930708,-98.2443422158168,nan,nan,nan,nan
281.17205735245085,nan,36.74385358050348,40.588591322599754,42.910522904731764,48.89287764323781,0.31462281991460733,0.3988031208299334,-98.42217604308003,nan,nan,nan,nan
282.18739579859954,nan,36.98806463576071,40.8790588274211,43.15190293258285,49.19108790240847,0.31518073417737114,0.39913646571530037,-98.59752508907656,nan,nan,nan,nan
283.2027342447483,nan,37.23278055460585,41.17045326363779,43.39330381040415,49.48959223489307,0.3157396286284745,0.3994726747973032,-98.77038032309315,nan,nan,nan,nan
284.218072690897,nan,37.47799556839312,41.462771754464896,43.634718825268,49.78838320325925,0.31629952540757483,0.3998117280240734,-98.94073271441663,nan,nan,nan,nan
285.23341113704566,nan,37.72370390847669,41.75601142311747,43.87614127309299,50.08745336587934,0.31686044665432955,0.4001536053437423,-99.1085732323338,nan,nan,nan,nan
286.2487495831944,nan,37.96989980621076,42.050169392810574,44.117564458849465,50.386795277171885,0.3174224145083959,0.40049828670444143,-99.27389284613142,nan,nan,nan,nan
287.2640880293431,nan,38.21657749294951,42.34524278675924,44.35898169676465,50.686401487843455,0.3179854511094315,0.4008457520543023,-99.43668252509632,nan,nan,nan,nan
288.27942647549185,nan,38.46373120004712,42.641228728178575,44.600386310526666,50.98626454512996,0.31854957859709354,0.4011959813414562,-99.59693323851529,nan,nan,nan,nan
289.29476492164054,nan,38.711355158857785,42.93812434028359,44.84177163348845,51.286376993038346,0.31911481911103945,0.4015489545140347,-99.75463595567511,nan,nan,nan,nan
290.3101033677893,nan,38.959443600735696,43.23592674628938,45.08313100887016,51.58673137258753,0.3196811947909267,0.4019046515201693,-99.90978164586261,nan,nan,nan,nan
291.32544181393797,nan,39.207990757035034,43.53463306941097,45.324457789962075,51.88732022205019,0.32024872777641256,0.4022630523079913,-100.06236127836453,nan,nan,nan,nan
292.3407802600867,nan,39.456990859109986,43.834240432863425,45.565745340325336,52.18813607719316,0.3208174402071545,0.40262413682563236,-100.21236582246772,nan,nan,nan,nan
293.3561187062354,nan,39.70643813831474,44.13474595986182,45.806987033993515,52.48917147151912,0.32138735422280995,0.4029878850212237,-100.35978624745894,nan,nan,nan,nan
294.37145715238415,nan,39.956326826003476,44.436146773621196,46.04817625567216,52.7904189365069,0.3219584919630363,0.4033542768428968,-100.50461352262502,nan,nan,nan,nan
295.38679559853284,nan,40.206651153530395,44.73843999735661,46.28930640093846,53.09187100185236,0.3225308755674907,0.4037232922387833,-100.64683861725273,nan,nan,nan,nan
296.4021340446816,nan,40.45740535224968,45.04162275428313,46.530370876439804,53.39352019570889,0.3231045271758307,0.40409491115701457,-100.78645250062887,nan,nan,nan,nan
297.4174724908303,nan,40.70858365351551,45.34569216761581,46.77136310009166,53.695359044927635,0.32367946892771376,0.4044691135457219,-100.92344614204023,nan,nan,nan,nan
298.432810936979,nan,40.96018028868208,45.65064536056971,47.01227650127511,53.99738007529805,0.32425572296279714,0.40484587935303695,-101.05781051077363,nan,nan,nan,nan
299.4481493831277,nan,41.212189489103565,45.95647945635987,47.253104521032796,54.299575811787335,0.3248333114207384,0.40522518852709105,-101.18953657611586,nan,nan,nan,nan
300.46348782927646,nan,41.46460548613416,46.26319157820137,47.493840612264755,54.601938778780415,0.32541225644119476,0.40560702101601576,-101.3186153073537,nan,nan,nan,nan
301.47882627542515,nan,41.71742251112806,46.570778849309264,47.73447823992379,54.90446150031988,0.32599258016382365,0.4059913567679424,-101.44503767377394,nan,nan,nan,nan
302.49416472157384,nan,41.970634795439445,46.87923839289859,47.975010881208966,55.207136500344724,0.32657430472828247,0.40637817573100243,-101.5687946446634,nan,nan,nan,nan
303.5095031677226,nan,42.224236570422505,47.18856733218443,48.215432025759355,55.5099563029298,0.32715745227422866,0.4067674578533275,-101.68987718930887,nan,nan,nan,nan
304.5248416138713,nan,42.47822206743141,47.49876279038182,48.455735175846804,55.81291343252482,0.3277420449413194,0.4071591830830488,-101.80827627699715,nan,nan,nan,nan
305.54018006002,nan,42.73258551782037,47.809821890705834,48.695913846567365,56.11600041419268,0.3283281048692124,0.40755333136829797,-101.92398287701502,nan,nan,nan,nan
306.5555185061687,nan,42.98732115294355,48.12174175637153,48.93596156603253,56.41920977384796,0.3289156541975648,0.40794988265720633,-102.03698795864926,nan,nan,nan,nan
307.57085695231746,nan,43.24242320415517,48.43451951059396,49.17587187555961,56.72253403849523,0.32950471506603407,0.4083488168979055,-102.14728249118673,nan,nan,nan,nan
308.58619539846615,nan,43.49788590280939,48.74815227658817,49.41563832986084,57.02596573646659,0.3300953096142775,0.40875011403852674,-102.25485744391415,nan,nan,nan,nan
309.6015338446149,nan,43.75370348026039,49.062637177569236,49.655254497232264,57.32949739765942,0.3306874599819527,0.40915375402720155,-102.35970378611839,nan,nan,nan,nan
310.6168722907636,nan,44.009870167862374,49.3779713367522,49.89471395974134,57.63312155377355,0.33128118830871683,0.4095597168120615,-102.46181248708619,nan,nan,nan,nan
311.6322107369123,nan,44.266380196969536,49.69415187735214,50.13401031341392,57.936830738548124,0.33187651673422747,0.4099679823412379,-102.56117451610437,nan,nan,nan,nan
312.647549183061,nan,44.523227798936055,50.01117592258409,50.37313716842061,58.240617487998584,0.3324734673981419,0.41037853056286233,-102.65778084245974,nan,nan,nan,nan
313.66288762920976,nan,44.780407205116106,50.32904059566313,50.61208814926191,58.54447434065268,0.33307206244011744,0.4107913414250661,-102.75162243543906,nan,nan,nan,nan
314.67822607535845,nan,45.03791264686389,50.647743019804295,50.850856894952464,58.84839383778642,0.33367232399981156,0.4112063948759807,-102.84269026432915,nan,nan,nan,nan
315.6935645215072,nan,45.29573835553359,50.96728031822266,51.08943705920508,59.15236852366001,0.3342742742168817,0.4116236708637377,-102.9309752984168,nan,nan,nan,nan
316.7089029676559,nan,45.55387856247938,51.28764961413328,51.3278223106131,59.45639094575283,0.33487793523098514,0.41204314933646835,-103.01646850698882,nan,nan,nan,nan
317.72424141380463,nan,45.81232749905546,51.608848030751204,51.56600633283249,59.76045365499858,0.33548332918177937,0.4124648102423043,-103.09916085933199,nan,nan,nan,nan
318.7395798599533,nan,46.07107939661603,51.9308726912915,51.80398282476288,60.06454920601982,0.3360904782089216,0.412888633529377,-103.1790433247331,nan,nan,nan,nan
319.75491830610207,nan,46.33012848651525,52.253720718969205,52.041745500727636,60.36867015736215,0.3366994044520694,0.4133145991458177,-103.25610687247895,nan,nan,nan,nan
320.77025675225076,nan,46.58946900010732,52.577389236999394,52.27928809065294,60.67280907172779,0.3373101300508801,0.4137426870397579,-103.33034247185634,nan,nan,nan,nan
321.78559519839945,nan,46.84909516874643,52.90187536859713,52.516604340246474,60.97695851620937,0.3379226771450111,0.4141728771593293,-103.40174109215206,nan,nan,nan,nan
322.8009336445482,nan,47.10900122378677,53.227176236977456,52.75368801117486,61.28111106252274,0.33853706787411975,0.41460514945266314,-103.47029370265295,nan,nan,nan,nan
323.8162720906969,nan,47.36918139658252,53.55328896535544,52.99053288123997,61.58525928723945,0.3391533243778635,0.41503948386789086,-103.53599127264576,nan,nan,nan,nan
324.83161053684563,nan,47.62962991848787,53.88021067694614,53.227132744554865,61.88939577201905,0.3397714687958997,0.41547586035314393,-103.59882477141728,nan,nan,nan,nan
325.8469489829943,nan,47.89034102085701,54.2079384949646,53.46348141171859,62.19351310384091,0.3403915232678857,0.41591425885655386,-103.65878516825433,nan,nan,nan,nan
326.86228742914307,nan,48.151308935044106,54.5364695426259,53.69957270998976,62.4976038752352,0.3410135099334789,0.41635465932625204,-103.7158634324437,nan,nan,nan,nan
327.87762587529176,nan,48.41252789240337,54.865800943145075,53.93540048345971,62.801660684513955,0.34163745093233666,0.41679704171036996,-103.77005053327218,nan,nan,nan,nan
328.8929643214405,nan,48.67399212428897,55.19592981973719,54.170958593224675,63.1056761360016,0.3422633684041164,0.41724138595703913,-103.82133744002658,nan,nan,nan,nan
329.9083027675892,nan,48.93569586205511,55.5268532956173,54.406240917556424,63.40964284026447,0.34289128448847567,0.41768767201439083,-103.86971512199368,nan,nan,nan,nan
330.92364121373794,nan,49.197633337055976,55.85856849400048,54.64124135207275,63.71355341434056,0.34352122132507157,0.41813587983055667,-103.91517454846029,nan,nan,nan,nan
331.9389796598866,nan,49.45979878064574,56.191072538101764,54.875953809906584,64.0174004819683,0.3441532010535616,0.418585989353668,-103.95770668871319,nan,nan,nan,nan
332.9543181060354,nan,49.72218642417859,56.52436255113622,55.11037222187421,64.32117667381512,0.3447872458136033,0.41903798053185637,-103.9973025120392,nan,nan,nan,nan
333.96965655218406,nan,49.98479049900873,56.8584356563189,55.344490536642446,64.6248746277052,0.3454233777448539,0.4194918333132531,-104.03395298772509,nan,nan,nan,nan
334.9849949983328,nan,50.247605236490344,57.19328897686489,55.57830272089543,64.92848698884728,0.34606161898697074,0.41994752764598975,-104.06764908505765,nan,nan,nan,nan
336.0003334444815,nan,50.5106248679776,57.5289196359892,55.811802759499514,65.23200641006122,0.3467019916796113,0.4204050434781978,-104.09838177332372,nan,nan,nan,nan
337.01567189063024,nan,50.77384362482471,57.865324756906915,56.04498465566787,65.53542555200445,0.34734451796243293,0.42086436075800865,-104.12614202181007,nan,nan,nan,nan
338.03101033677893,nan,51.03725573838584,58.2025014628331,56.277842431124085,65.83873708339809,0.347989219975093,0.4213254594335537,-104.15092079980349,nan,nan,nan,nan
339.0463487829277,nan,51.300855440015184,58.540446876982784,56.510370126264306,66.14193368125186,0.34863611985724907,0.42178831945296447,-104.17270907659079,nan,nan,nan,nan
340.06168722907637,nan,51.56463696106694,58.87915812257106,56.742561800318974,66.44500803108902,0.34928523974855835,0.4222529207643724,-104.19149782145877,nan,nan,nan,nan
341.07702567522506,nan,51.82859453289527,59.218632322812965,56.97441153151324,66.74795282717065,0.3499366017886782,0.4227192433159088,-104.2072780036942,nan,nan,nan,nan
342.0923641213738,nan,52.092722386854376,59.558866600923544,57.205913417226476,67.05076077271904,0.35059022811726603,0.4231872670557054,-104.22004059258389,nan,nan,nan,nan
343.1077025675225,nan,52.35701475429846,59.89985808011788,57.43706157415071,67.35342458014088,0.3512461408739793,0.42365697193189344,-104.22977655741462,nan,nan,nan,nan
344.12304101367124,nan,52.621465866581694,60.241603883611035,57.66785013844836,67.65593697124972,0.35190436219847543,0.4241283378926044,-104.23647686747323,nan,nan,nan,nan
345.13837945981993,nan,52.8860699557695,60.584101135616834,57.89827326590827,67.95829067748748,0.35256491423426073,0.42460134488661205,-104.24013249200368,nan,nan,nan,nan
346.1537179059687,nan,53.15082138407904,60.92734714312036,58.12832513210191,68.26047844014636,0.3532278198291675,0.42507597298020033,-104.24073439241641,nan,nan,nan,nan
347.16905635211737,nan,53.41571476160237,61.27133956119582,58.357999932537005,68.56249301058862,0.35389310317242245,0.4255522024634535,-104.23827351520285,nan,nan,nan,nan
348.1843947982661,nan,53.680744504086775,61.61607577200033,58.587291882811805,68.86432715046739,0.3545607874015405,0.4260300134509867,-104.23274081855156,nan,nan,nan,nan
349.1997332444148,nan,53.945904422817634,61.96155230884901,58.816195218766765,69.16597363194526,0.35523089238294425,0.42650938551166206,-104.22412729703237,nan,nan,nan,nan
350.21507169056355,nan,54.21118743922612,62.30776445544049,59.04470419663657,69.46742523791374,0.3559034331675414,0.42699029741091576,-104.21242399877339,nan,nan,nan,nan
351.23041013671224,nan,54.4765854242216,62.65470602023234,59.27281309320017,69.76867476221086,0.3565784191212599,0.42747272696569494,-104.19762203513133,nan,nan,nan,nan
352.245748582861,nan,54.74208916224876,63.00236928596681,59.50051620593017,70.0697150098388,0.35725585373054014,0.4279566510120061,-104.17971258285482,nan,nan,nan,nan
353.2610870290097,nan,55.00768844006952,63.35074513434668,59.72780785314113,70.37053879718054,0.3579357350827851,0.42844204548507386,-104.15868687874071,nan,nan,nan,nan
354.2764254751584,nan,55.27337226026971,63.69982334586128,59.95468237413676,70.67113895221601,0.3586180570217682,0.4289288856121108,-104.13453620678374,nan,nan,nan,nan
355.2917639213071,nan,55.539129179490416,64.04959307476261,60.18113412935621,70.97150831473752,0.3593028109779986,0.4294171462176974,-104.107251877819,nan,nan,nan,nan
356.30710236745585,nan,55.804947769586306,64.40004349666701,60.40715750051928,71.27163973656462,0.35998998846431485,0.4299068021401502,-104.07682520176594,nan,nan,nan,nan
357.32244081360454,nan,56.07081687457821,64.75116416939198,60.63274689077009,71.57152608175765,0.3606795824664035,0.4303978284635175,-104.04324747216299,nan,nan,nan,nan
358.33777925975323,nan,56.33672537512868,65.10294470221079,60.85789672482078,71.87116022683179,0.36137158616824105,0.43089020030493036,-104.00650998034307,nan,nan,nan,nan
359.353117705902,nan,56.602662151900255,65.45537470439669,61.08260144909289,72.17053506096912,0.3620659927538036,0.43138389278152,-103.96660401763923,nan,nan,nan,nan
360.36845615205067,nan,56.868616085555495,65.80844378522295,61.30685553185834,72.46964348623055,0.36276279540706746,0.43187888101041727,-103.92352087538443,nan,nan,nan,nan
361.3837945981994,nan,57.13457605675693,66.1621415539628,61.53065346337957,72.7684784177674,0.3634619873120088,0.43237514010875366,-103.87725184491167,nan,nan,nan,nan
362.3991330443481,nan,57.40053094616714,66.51645761988951,61.75398975604803,73.06703278403148,0.3641635616526039,0.43287264519366,-103.82778821755394,nan,nan,nan,nan
363.41447149049685,nan,57.666469634448646,66.87138159227632,61.97685894452174,73.36529952698481,0.36486751161282904,0.43337137138226756,-103.77512128464426,nan,nan,nan,nan
364.42980993664554,nan,57.93238100226401,67.22690308039651,62.19925558586216,73.66327160230874,0.36557383037666036,0.4338712937917074,-103.71924233751561,nan,nan,nan,nan
365.4451483827943,nan,58.19825393027578,67.5830116935233,62.421174259669385,73.960941979612,0.3662825111280742,0.4343723875391106,-103.66014266750099,nan,nan,nan,nan
366.460486828943,nan,58.464077299146496,67.93969704092997,62.64260956821692,74.25830364263835,0.3669935470510467,0.43487462774160834,-103.59781356593336,nan,nan,nan,nan
367.4758252750917,nan,58.72983998953872,68.29694873188974,62.86355613658444,74.55534958947281,0.3677069313295543,0.4353779895163317,-103.53224632414575,nan,nan,nan,nan
368.4911637212404,nan,58.99553088211498,68.65475637567589,63.08400861279047,74.8520728327479,0.368422657147573,0.43588244798041176,-103.46343223347114,nan,nan,nan,nan
369.50650216738916,nan,59.26113885753784,69.01310958156168,63.3039616679234,75.14846639984876,0.36914071768907913,0.4363879782509798,-103.39136258524252,nan,nan,nan,nan
370.52184061353785,nan,59.52665279646985,69.37199795882034,63.52340999627129,75.44452333311717,0.369861106138049,0.4368945554451667,-103.31602867079289,nan,nan,nan,nan
371.5371790596866,nan,59.792061579573556,69.73141111672514,63.74234831545088,75.74023669005523,0.37058381567845883,0.4374021546801037,-103.23742178145525,nan,nan,nan,nan
372.5525175058353,nan,60.0573540875115,70.09133866454933,63.960771366535596,76.03559954352814,0.37130883949428484,0.43791075107292193,-103.15553320856256,nan,nan,nan,nan
373.56785595198403,nan,60.32251920094623,70.45177021156616,64.17867391418177,76.33060498196576,0.37203617076950324,0.4384203197407526,-103.07035424344785,nan,nan,nan,nan
374.5831943981327,nan,60.58754580054032,70.81269536704887,64.39605074675464,76.62524610956406,0.37276580268809023,0.43893083580072656,-102.98187617744412,nan,nan,nan,nan
375.59853284428146,nan,60.85242276695628,71.17410374027075,64.61289667645245,76.91951604648496,0.3734977284340222,0.43944227436997507,-102.89009030188433,nan,nan,nan,nan
376.61387129043015,nan,61.11713898085668,71.53598494050502,64.8292065394301,77.2134079290561,0.3742319411912753,0.43995461056562934,-102.79498790810149,nan,nan,nan,nan
377.62920973657884,nan,61.38168332290406,71.89832857702494,65.04497519592105,77.50691490996905,0.37496843414382575,0.4404678195048204,-102.69656028742861,nan,nan,nan,nan
378.6445481827276,nan,61.646044673760976,72.26112425910377,65.26019753035837,77.80003015847706,0.37570720047564987,0.4409818763046792,-102.59479873119867,nan,nan,nan,nan
379.6598866288763,nan,61.910211914089984,72.62436159601478,65.47486845149501,78.09274686059216,0.3764482333707238,0.4414967560823372,-102.48969453074466,nan,nan,nan,nan
380.675225075025,nan,62.174173924553614,72.98803019703118,65.6889828925224,78.38505821928092,0.37719152601302397,0.44201243395492534,-102.38123897739956,nan,nan,nan,nan
381.6905635211737,nan,62.437919585814434,73.35211967142627,65.90253581118786,78.67695745465937,0.37793707158652634,0.44252888503957466,-102.26942336249637,nan,nan,nan,nan
382.70590196732246,nan,62.70143777853498,73.71661962847327,66.11552218991167,78.96843780418774,0.37868486327520734,0.4430460844534163,-102.1542389773681,nan,nan,nan,nan
383.72124041347115,nan,62.964717383377796,74.08151967744547,66.32793703590198,79.25949252286321,0.3794348942630432,0.44356400731358153,-102.03567711334773,nan,nan,nan,nan
384.7365788596199,nan,63.22774728100545,74.44680942761606,66.53977538126935,79.55011488341282,0.38018715773401013,0.44408262873720133,-101.91372906176827,nan,nan,nan,nan
385.7519173057686,nan,63.49051635208046,74.81247848825836,66.75103228313962,79.84029817648464,0.38094164687208437,0.4446019238414069,-101.7883861139627,nan,nan,nan,nan
386.76725575191733,nan,63.75301347726541,75.17851646864558,66.96170282376613,80.13003571083883,0.38169835486124215,0.4451218677433291,-101.65963956126402,nan,nan,nan,nan
387.782594198066,nan,64.01522753722281,75.544912978051,67.17178211064028,80.41932081353697,0.3824572748854598,0.4456424355600995,-101.52748069500521,nan,nan,nan,nan
388.79793264421477,nan,64.27714741261525,75.91165762574786,67.38126527660143,80.70814683013123,0.3832184001287135,0.4461636024088489,-101.39190080651929,nan,nan,nan,nan
389.81327109036346,nan,64.53876198410526,76.27874002100943,67.59014747994506,80.99650712485193,0.3839817237749794,0.4466853434067085,-101.25289118713923,nan,nan,nan,nan
390.8286095365122,nan,64.80006013235537,76.64614977310893,67.79842390453051,81.28439508079485,0.3847472390082338,0.4472076336708094,-101.11044312819804,nan,nan,nan,nan
391.8439479826609,nan,65.06103073802817,77.01387649131966,68.00608975988673,81.57180410010682,0.3855149390124531,0.4477304483182826,-100.9645479210287,nan,nan,nan,nan
392.85928642880964,nan,65.32166268178617,77.38190978491482,68.21314028131778,81.85872760417132,0.3862848169716133,0.4482537624662595,-100.8151968569642,nan,nan,nan,nan
393.87462487495833,nan,65.58194484429191,77.7502392631677,68.41957073000637,82.14515903379232,0.3870568660696908,0.44877755123187096,-100.66238122733755,nan,nan,nan,nan
394.8899633211071,nan,65.841866106208,78.11885453535155,68.62537639311648,82.43109184937732,0.38783107949066176,0.4493017897322481,-100.50609232348172,nan,nan,nan,nan
395.90530176725576,nan,66.10141534819691,78.48774521073959,68.83055258389521,82.71651953111989,0.3886074504185025,0.4498264530845223,-100.34632143672974,nan,nan,nan,nan
396.92064021340445,nan,66.36058145092126,78.85690089860512,69.03509464177299,83.00143557918084,0.38938597203718917,0.45035151640582427,-100.18305985841457,nan,nan,nan,nan
397.9359786595532,nan,66.61935329504354,79.22631120822138,69.23899793246272,83.28583351386837,0.390166637530698,0.45087695481328555,-100.01629887986921,nan,nan,nan,nan
398.9513171057019,nan,66.87771976122634,79.5959657488616,69.44225784805784,83.56970687581747,0.39094944008300536,0.4514027434240369,-99.84602979242666,nan,nan,nan,nan
399.96665555185064,nan,67.13566973013221,79.96585412979906,69.64486980712928,83.85304922616832,0.39173437287808743,0.4519288573552097,-99.67224388741991,nan,nan,nan,nan
400.9819939979993,nan,67.39319208242365,80.33596596030699,69.84682925482086,84.1358541467433,0.3925214290999204,0.45245527172393496,-99.49493245618199,nan,nan,nan,nan
401.99733244414807,nan,67.65027569876327,80.70629084965869,70.0481316629442,84.41811524022381,0.3933106019324806,0.45298196164734383,-99.31408679004583,nan,nan,nan,nan
403.01267089029676,nan,67.90690945981358,81.07681840712735,70.24877253007162,84.69982613032505,0.39410188455974415,0.45350890224256735,-99.12969818034449,nan,nan,nan,nan
404.0280093364455,nan,68.16308224623714,81.44753824198627,70.44874738162878,84.98098046197101,0.3948952701656875,0.4540360686267367,-98.94175791841089,nan,nan,nan,nan
405.0433477825942,nan,68.4187829386965,81.8184399635087,70.64805176998513,85.2615719014671,0.3956907519342866,0.454563435916983,-98.75025729557808,nan,nan,nan,nan
406.05868622874294,nan,68.6740004178542,82.18951318096785,70.84668127454401,85.54159413667277,0.396488323049518,0.4550909792304373,-98.55518760317904,nan,nan,nan,nan
407.07402467489163,nan,68.9287235643728,82.56074750363703,71.04463150183122,85.82104087717283,0.3972879766953577,0.45561867368423076,-98.35654013254675,nan,nan,nan,nan
408.0893631210404,nan,69.18294125891482,82.93213254078947,71.24189808558248,86.09990585444771,0.3980897060557821,0.4561464943954945,-98.15430617501421,nan,nan,nan,nan
409.10470156718907,nan,69.43664238214285,83.3036579016984,71.43847668682942,86.37818282204222,0.39889350431476733,0.45667441648135965,-97.94847702191441,nan,nan,nan,nan
410.1200400133378,nan,69.68981581471942,83.6753131956371,71.63436299398512,86.65586555573452,0.39969936465628964,0.4572024150589572,-97.73904396458038,nan,nan,nan,nan
411.1353784594865,nan,69.94245043730709,84.04708803187881,71.82955272292739,86.93294785370233,0.40050728026432536,0.45773046524541844,-97.52599829434504,nan,nan,nan,nan
412.15071690563525,nan,70.19453513056837,84.41897201969681,72.02404161708193,87.20942353668968,0.40131724432285065,0.4582585421578745,-97.30933130254147,nan,nan,nan,nan
413.16605535178394,nan,70.44605877516584,84.79095476836433,72.21782544750371,87.4852864481717,0.4021292500158418,0.45878662091345634,-97.0890342805026,nan,nan,nan,nan
414.1813937979326,nan,70.69701025176205,85.16302588715462,72.41090001295711,87.76053045451846,0.402943290527275,0.45931467662929515,-96.86509851956143,nan,nan,nan,nan
415.1967322440814,nan,70.94737844101954,85.53517498534096,72.60326113999521,88.03514944515794,0.40375935904112653,0.45984268442252196,-96.63751531105098,nan,nan,nan,nan
416.21207069023006,nan,71.19715222360087,85.90739167219657,72.79490468303766,88.30913733273789,0.4045774487413727,0.46037061941026813,-96.40627594630425,nan,nan,nan,nan
417.2274091363788,nan,71.44632048016858,86.27966555699473,72.9858265244474,88.58248805328645,0.4053975528119896,0.46089845670966456,-96.17137171665419,nan,nan,nan,nan
418.2427475825275,nan,71.69487209138521,86.65198624900867,73.17602257460634,88.85519556637193,0.40621966443695356,0.46142617143784237,-95.93279391343384,nan,nan,nan,nan
419.25808602867625,nan,71.94279593791332,87.02434335751167,73.36548877198959,89.12725385526143,0.40704377680024084,0.4619537387119328,-95.69053382797615,nan,nan,nan,nan
420.27342447482494,nan,72.19008090041544,87.39672649177695,73.55422108323864,89.39865692707805,0.4078698830858276,0.4624811336490669,-95.44458275161415,nan,nan,nan,nan
421.2887629209737,nan,72.43671585955414,87.76912526107779,73.74221550323335,89.66939881295744,0.40869797647769024,0.46300833136637576,-95.19493197568083,nan,nan,nan,nan
422.30410136712237,nan,72.682689695992,88.14152927468746,73.92946805516283,89.93947356820328,0.4095280501598048,0.46353530698099044,-94.94157279150916,nan,nan,nan,nan
423.3194398132711,nan,72.92799129039147,88.51392814187915,74.11597479059482,90.20887527244105,0.41036009731614764,0.4640620356100422,-94.68449649043215,nan,nan,nan,nan
424.3347782594198,nan,73.17260952341522,88.88631147192618,74.30173178954439,90.47759802977151,0.41119411113069493,0.46458849237066213,-94.42369436378279,nan,nan,nan,nan
425.35011670556855,nan,73.4165332757257,89.25866887410177,74.48673516054089,90.74563596892237,0.4120300847874231,0.46511465237998134,-94.15915770289408,nan,nan,nan,nan
426.36545515171724,nan,73.6597514279855,89.63098995767916,74.67098104069395,91.01298324339915,0.41286801147030816,0.46564049075513086,-93.890877799099,nan,nan,nan,nan
427.380793597866,nan,73.90225286085717,90.00326433193166,74.85446559575867,91.27963403163524,0.41370788436332645,0.46616598261324194,-93.61884594373055,nan,nan,nan,nan
428.3961320440147,nan,74.14402645500326,90.37548160613247,75.0371850201987,91.54558253714002,0.41454969665045427,0.46669110307144557,-93.34305342812172,nan,nan,nan,nan
429.4114704901634,nan,74.3850610910863,90.74763138955484,75.21913553724913,91.81082298864658,0.41539344151566765,0.4672158272468729,-93.06349154360552,nan,nan,nan,nan
430.4268089363121,nan,74.62534564976886,91.11970329147206,75.40031339897749,92.07534964025803,0.41623911214294307,0.46774013025665506,-92.78015158151493,nan,nan,nan,nan
431.44214738246086,nan,74.8648690117135,91.49168692115737,75.58071488634397,92.33915677159277,0.4170867017162567,0.46826398721792306,-92.49302483318296,nan,nan,nan,nan
432.45748582860955,nan,75.1036200575827,91.863571887884,75.76033630925988,92.60223868792811,0.41793620341958476,0.4687873732478082,-92.20210258994257,nan,nan,nan,nan
433.47282427475824,nan,75.34158766803908,92.23534780092527,75.93917400664601,92.86458972034386,0.4187876104369035,0.4693102634634415,-91.90737614312678,nan,nan,nan,nan
434.488162720907,nan,75.57876072374518,92.60700426955435,76.11722434648851,93.12620422586357,0.4196409159521891,0.4698326329819541,-91.60883678406857,nan,nan,nan,nan
435.5035011670557,nan,75.81512810536351,92.97853090304451,76.29448372589434,93.38707658759525,0.4204961131494178,0.4703544569204773,-91.30647580410096,nan,nan,nan,nan
436.5188396132044,nan,76.05067869355665,93.34991731066907,76.47094857114536,93.6472012148707,0.4213531952125661,0.47087571039614173,-91.0002844945569,nan,nan,nan,nan
437.5341780593531,nan,76.28540136898715,93.72115310170122,76.64661533775147,93.90657254338421,0.4222121553256099,0.47139636852607897,-90.69025414676943,nan,nan,nan,nan
438.54951650550186,nan,76.51928501231754,94.09222788541423,76.82148051050187,94.16518503532906,0.4230729866725257,0.47191640642741994,-90.37637605207152,nan,nan,nan,nan
439.56485495165055,nan,76.75231850421038,94.46313127108135,76.99554060351585,94.42303317953376,0.42393568243728946,0.47243579921729584,-90.05864150179615,nan,nan,nan,nan
440.5801933977993,nan,76.98449072532821,94.83385286797585,77.16879216029238,94.68011149159723,0.4248002358038776,0.4729545220128376,-89.73704178727633,nan,nan,nan,nan
441.595531843948,nan,77.2157905563336,95.20438228537095,77.34123175375746,94.93641451402128,0.4256666399562665,0.4734725499311766,-89.41156819984505,nan,nan,nan,nan
442.6108702900967,nan,77.4462068778891,95.57470913253994,77.51285598631203,95.19193681634427,0.42653488807843215,0.4739898580894437,-89.08221203083534,nan,nan,nan,nan
443.6262087362454,nan,77.6757285706572,95.94482301875605,77.68366148987721,95.44667299527158,0.4274049733543509,0.4745064216047702,-88.74896457158013,nan,nan,nan,nan
444.64154718239416,nan,77.90434451530052,96.31471355329255,77.8536449259388,95.70061767480578,0.42827688896799904,0.47502221559428714,-88.41181711341244,nan,nan,nan,nan
445.65688562854285,nan,78.13204357651253,96.68437040914264,78.02280298559093,95.95376550637549,0.4291506284448155,0.47553721520001246,-88.07076080752434,nan,nan,nan,nan
446.6722240746916,nan,78.35881447046029,97.05378385195326,78.19113238957821,96.20611116896312,0.430026188486154,0.4760513957954337,-87.72578550166972,nan,nan,nan,nan
447.6875625208403,nan,78.58464588629818,97.42294425515735,78.35862988833694,96.45764936923145,0.4309035663709728,0.47656473279613576,-87.37688080654578,nan,nan,nan,nan
448.70290096698903,nan,78.80952675045998,97.79184104539112,78.52529226203444,96.70837484164839,0.4317827543045318,0.47707720124791825,-87.02403841516389,nan,nan,nan,nan
449.7182394131377,nan,79.03344642266757,98.16046192037479,78.6911163206083,96.95828234861152,0.43266373522717017,0.477588775521327,-86.66725382298372,nan,nan,nan,nan
450.7335778592864,nan,79.25639482136982,98.52879234838426,78.85609890380361,97.20736668057086,0.43354648013207253,0.4780994291161653,-86.30652742873818,nan,nan,nan,nan
451.74891630543516,nan,79.47836247861116,98.89681534931313,79.02023688120927,97.45562265615024,0.4344309468920241,0.47860913457598464,-85.9418650159489,nan,nan,nan,nan
452.76425475158385,nan,79.69934052433003,99.26451155732565,79.18352715229307,97.7030451222679,0.4353170805951545,0.4791178635125546,-85.57327761513253,nan,nan,nan,nan
453.7795931977326,nan,79.91932060008708,99.63185956509977,79.34596664643598,97.94962895425587,0.43620481538967004,0.47962558674031197,-85.20078074669757,nan,nan,nan,nan
454.7949316438813,nan,80.13829470222328,99.99883654966149,79.5075523229644,98.1953690559776,0.4370940778375753,0.4801322745207899,-84.82439304453192,nan,nan,nan,nan
455.81027009003003,nan,80.35625495444789,100.36541917980915,79.66828117118234,98.44026035994506,0.4379847917773835,0.48063789691702574,-84.44413426028117,nan,nan,nan,nan
456.8256085361787,nan,80.57319335022234,100.73158464405883,79.82815021040159,98.6842978274342,0.4388768838326728,0.4811424241950401,-84.06002300256256,nan,nan,nan,nan
457.84094698232747,nan,80.78910179857425,101.09731046783598,79.9871564899708,98.92747644859901,0.43977028243245264,0.4816458267524387,-83.67207713902019,nan,nan,nan,nan
458.85628542847616,nan,81.00397220762648,101.46257418017663,80.14529708930402,99.16979124258508,0.4406649160250805,0.4821480749882373,-83.28031452935727,nan,nan,nan,nan
459.8716238746249,nan,81.2177964855018,101.82735331011679,80.30256911790731,99.41123725764112,0.4415607130589143,0.4826491393014518,-82.88475303327702,nan,nan,nan,nan
460.8869623207736,nan,81.43056654032301,102.1916253866925,80.45896971540483,99.65180957122983,0.44245760198231143,0.4831489900910979,-82.48541051048264,nan,nan,nan,nan
461.90230076692234,nan,81.64227428021294,102.55536793893972,80.61449605156294,99.89150329013698,0.4433555112436298,0.4836475977561915,-82.0823048206774,nan,nan,nan,nan
462.917639213071,nan,81.8529116132944,102.91855849589453,80.76914532631416,100.13031355057986,0.4442543692912271,0.4841449326957483,-81.67545382356448,nan,nan,nan,nan
463.9329776592198,nan,82.06247044769017,103.28117458659295,80.92291476977938,100.3682355183143,0.4451541045734607,0.4846409653087843,-81.26487537884711,nan,nan,nan,nan
464.94831610536846,nan,82.27094269152309,103.64319374007098,81.07580164228875,100.60526438873993,0.4460546455386888,0.48513566599431523,-80.85058734622851,nan,nan,nan,nan
465.9636545515172,nan,82.47832025291596,104.00459348536465,81.22780323440179,100.84139538700498,0.4469559206352686,0.48562900515135676,-80.43260758541192,nan,nan,nan,nan
466.9789929976659,nan,82.68459503999156,104.36535135150999,81.37891686692626,101.07662376810929,0.447857858311558,0.4861209531789249,-80.01095395610054,nan,nan,nan,nan
467.99433144381464,nan,82.88975896087274,104.72544486754299,81.52913989093594,101.31094481700646,0.4487603870159146,0.4866114804760353,-79.5856443179976,nan,nan,nan,nan
469.00966988996333,nan,83.09380392368227,105.08485156249972,81.67846968778693,101.54435384870436,0.4496634351966962,0.487100557441704,-79.1566965308063,nan,nan,nan,nan
470.025008336112,nan,83.29672183654299,105.44354896541617,81.82690366913293,101.77684620836438,0.4505669313022604,0.4875881544749465,-78.7241284542299,nan,nan,nan,nan
471.04034678226077,nan,83.49850460757767,105.80151460532831,81.97443927694015,102.00841727140035,0.4514708037809648,0.488074241974779,-78.28795794797159,nan,nan,nan,nan
472.05568522840946,nan,83.69914414490916,106.15872601127225,82.12107398349943,102.23906244357454,0.45237498108116725,0.4885587903402169,-77.8482028717346,nan,nan,nan,nan
473.0710236745582,nan,83.89863235666022,106.51516071228397,82.26680529143904,102.46877716109412,0.4532793916512254,0.4890417699702764,-77.40488108522214,nan,nan,nan,nan
474.0863621207069,nan,84.09696115095369,106.8707962373995,82.41163073373488,102.69755689070507,0.4541839639394968,0.489523151263973,-76.95801044813746,nan,nan,nan,nan
475.10170056685564,nan,84.29412243591239,107.22561011565486,82.55554787372071,102.92539712978572,0.45508862639433934,0.4900029046203227,-76.50760882018376,nan,nan,nan,nan
476.11703901300433,nan,84.49010811965908,107.57957987608606,82.69855430509604,103.1522934064382,0.4559933074641104,0.4904810004383412,-76.05369406106428,nan,nan,nan,nan
477.1323774591531,nan,84.68491011031661,107.93268304772914,82.84064765193412,103.3782412795796,0.45689793559716796,0.49095740911704444,-75.5962840304822,nan,nan,nan,nan
478.14771590530177,nan,84.87852031600775,108.28489715962009,82.98182556868804,103.60323633903096,0.4578024392418695,0.4914321010554482,-75.13539658814076,nan,nan,nan,nan
479.1630543514505,nan,85.07093064485534,108.63619974079495,83.1220857401958,103.82727420560569,0.45870674684657275,0.4919050466525682,-74.67104959374318,nan,nan,nan,nan
480.1783927975992,nan,85.26213300498219,108.98656832028975,83.2614258816843,104.05035053119602,0.45961078685963547,0.4923762163074202,-74.20326090699271,nan,nan,nan,nan
481.19373124374795,nan,85.45211930451109,109.3359804271405,83.39984373877247,104.2724609988589,0.4605144877294153,0.49284558041902016,-73.73204838759253,nan,nan,nan,nan
482.20906968989664,nan,85.64088145156484,109.68441359038323,83.53733708747279,104.49360132290016,0.46141777790426985,0.49331310938638395,-73.2574298952459,nan,nan,nan,nan
483.2244081360454,nan,85.82841135426628,110.03184533905394,83.67390373419231,104.71376724895767,0.4623205858325569,0.4937787736085273,-72.779423289656,nan,nan,nan,nan
484.2397465821941,nan,86.01470092073818,110.37825320218866,83.80954151573191,104.93295455408304,0.46322283996263414,0.49424254348446595,-72.29804643052609,nan,nan,nan,nan
485.2550850283428,nan,86.19974205910336,110.72361470882343,83.94424829928491,105.151159046822,0.46412446874285906,0.4947043894132158,-71.81331717755936,nan,nan,nan,nan
486.2704234744915,nan,86.38352667748464,111.06790738799424,84.07802198243434,105.36837656729382,0.4650254006215895,0.4951642817937928,-71.32525339045905,nan,nan,nan,nan
487.28576192064025,nan,86.56604668400482,111.41110876873712,84.21086049314923,105.58460298726912,0.4659255640471831,0.49562219102521243,-70.83387292892837,nan,nan,nan,nan
488.30110036678894,nan,86.7472939867867,111.75319638008811,84.34276178977981,105.79983421024669,0.46682488746799766,0.49607808750649063,-70.33919365267053,nan,nan,nan,nan
489.31643881293763,nan,86.92726049395307,112.09414775108323,84.47372386105131,106.01406617152848,0.46772329933239065,0.49653194163664344,-69.84123342138878,nan,nan,nan,nan
490.3317772590864,nan,87.10593811362679,112.43394041075848,84.6037447260574,106.22729483829458,0.4686207280887199,0.49698372381468636,-69.34001009478632,nan,nan,nan,nan
491.34711570523507,nan,87.28331875393064,112.77255188814989,84.7328224342514,106.43951620967498,0.46951710218534315,0.49743340443963535,-68.83554153256637,nan,nan,nan,nan
492.3624541513838,nan,87.45939432298741,113.1099597122935,84.86095506543761,106.65072631682193,0.4704123500706179,0.4978809539105063,-68.32784559443218,nan,nan,nan,nan
493.3777925975325,nan,87.63415672891995,113.4461414122253,84.98814072976064,106.86092122298002,0.47130640019290193,0.4983263426263148,-67.81694014008693,nan,nan,nan,nan
494.39313104368125,nan,87.80759787985102,113.78107451698132,85.11437756769435,107.0700970235553,0.4721991810005528,0.49876954098607695,-67.30284302923386,nan,nan,nan,nan
495.40846948982994,nan,87.97970968390345,114.11473655559759,85.23966375002877,107.2782498461823,0.47309062094192844,0.49921051938880834,-66.78557212157618,nan,nan,nan,nan
496.4238079359787,nan,88.15048404920005,114.4471050571101,85.36399747785725,107.48537585079174,0.47398064846538634,0.49964924823352486,-66.26514527681715,nan,nan,nan,nan
497.4391463821274,nan,88.31991288386361,114.77815755055492,85.48737698256139,107.69147122967465,0.4748691920192841,0.5000856979192424,-65.74158035465993,nan,nan,nan,nan
498.4544848282761,nan,88.48798809601695,115.10787156496806,85.60980052579549,107.89653220754684,0.4757561800519797,0.5005198388449766,-65.2148952148078,nan,nan,nan,nan
499.4698232744248,nan,88.65470159378289,115.4362246293855,85.73126639946965,108.10055504161117,0.47664154101183054,0.5009516414097435,-64.68510771696396,nan,nan,nan,nan
500.48516172057356,nan,88.82004528528421,115.76319427284331,85.85177292573216,108.30353602161925,0.47752520334719445,0.5013810760125585,-64.1522357208316,nan,nan,nan,nan
501.50050016672225,nan,88.98401107864375,116.08875802437747,85.97131845695047,108.50547146993118,0.478407095506429,0.501808113052438,-63.616297086113974,nan,nan,nan,nan
502.515838612871,nan,89.14659088198428,116.41289341302402,86.08990137569121,108.70635774157468,0.479287145937892,0.5022327229283974,-63.07730967251428,nan,nan,nan,nan
503.5311770590197,nan,89.30777660342864,116.73557796781898,86.20752009469933,108.90619122430216,0.480165283089941,0.5026548760394525,-62.53529133973578,nan,nan,nan,nan
504.54651550516843,nan,89.4675601510996,117.05678921779838,86.3241730568759,109.10496833864731,0.4810414354109338,0.5030745427846194,-61.990259947481654,nan,nan,nan,nan
505.5618539513171,nan,89.62593343312001,117.37650469199825,86.43985873525503,109.30268553797977,0.48191553134922804,0.5034916935629137,-61.442233355455144,nan,nan,nan,nan
506.5771923974658,nan,89.78288835761268,117.69470191945459,86.55457563298,109.49933930855927,0.4827874993531813,0.5039062987733514,-60.89122942335946,nan,nan,nan,nan
507.59253084361455,nan,89.93841683270036,118.0113584292034,86.6683222832778,109.69492616958746,0.4836572678711515,0.504318328814948,-60.337266010897835,nan,nan,nan,nan
508.60786928976324,nan,90.09251076650591,118.32645175028077,86.78109724943296,109.88944267325932,0.484524765351496,0.5047277540867197,-59.78036097777347,nan,nan,nan,nan
509.623207735912,nan,90.24516206715214,118.63995941172263,86.8928991247603,110.08288540481293,0.48538992024257277,0.5051345449876818,-59.2205321836896,nan,nan,nan,nan
510.6385461820607,nan,90.3963626427618,118.95185894256505,87.00372653257703,110.27525098257816,0.48625266099273934,0.5055386719168505,-58.65779748834945,nan,nan,nan,nan
511.6538846282094,nan,90.54610440145777,119.26212787184407,87.11357812617284,110.46653605802373,0.4871129160503534,0.5059401052732417,-58.09217475145624,nan,nan,nan,nan
512.6692230743581,nan,90.69437925136279,119.57074372859567,87.22245258878024,110.65673731580351,0.4879706138637726,0.506338815455871,-57.523681832713166,nan,nan,nan,nan
513.6845615205068,nan,90.84117910059972,119.87768404185591,87.33034863354263,110.84585147380085,0.48882568288135475,0.5067347728637541,-56.95233659182348,nan,nan,nan,nan
514.6998999666555,nan,90.98649585729135,120.1829263406608,87.4372650034826,111.03387528317256,0.4896780515514574,0.5071279478959072,-56.378156888490395,nan,nan,nan,nan
515.7152384128043,nan,91.13032142956048,120.48644815404634,87.543200471468,111.22080552839066,0.4905276483224384,0.5075183109513458,-55.80116058241711,nan,nan,nan,nan
516.730576858953,nan,91.27264772552992,120.78822701104855,87.64815384017804,111.40663902728339,0.4913744016426552,0.5079058324290857,-55.221365533306866,nan,nan,nan,nan
517.7459153051017,nan,91.41346665332249,121.08824044070349,87.75212394206784,111.59137263107526,0.4922182399604656,0.5082904827281429,-54.63878960086289,nan,nan,nan,nan
518.7612537512505,nan,91.55277012106097,121.38646597204715,87.85510963933177,111.77500322442461,0.49305909172422735,0.5086722322475331,-54.05345064478839,nan,nan,nan,nan
519.7765921973992,nan,91.6905500368682,121.68288113411553,87.95710982386674,111.95752772546162,0.493896885382298,0.5090510513862723,-53.465366524786596,nan,nan,nan,nan
520.7919306435479,nan,91.82679830886696,121.97746345594469,88.05812341723338,112.13894308582357,0.4947315493830352,0.5094269105433759,-52.87455510056073,nan,nan,nan,nan
521.8072690896965,nan,91.96150684518008,122.27019046657065,88.15814937061702,112.3192462906896,0.4955630121747968,0.5097997801178601,-52.28103423181399,nan,nan,nan,nan
522.8226075358453,nan,92.09466755393035,122.56103969502942,88.25718666478723,112.49843435881385,0.49639120220594046,0.5101696305087405,-51.68482177824963,nan,nan,nan,nan
523.837945981994,nan,92.22627234324057,122.84998867035698,88.35523431005683,112.67650434255796,0.49721604792482366,0.5105364321150331,-51.08593559957086,nan,nan,nan,nan
524.8532844281427,nan,92.3563131212336,123.13701492158944,88.45229134623935,112.85345332792112,0.4980374777798043,0.5109001553357536,-50.484393555480885,nan,nan,nan,nan
525.8686228742914,nan,92.48478179603217,123.42209597776275,88.54835684260615,113.02927843457022,0.4988554202192399,0.5112607705699178,-49.88021350568293,nan,nan,nan,nan
526.8839613204401,nan,92.61167027575914,123.70520936791294,88.64342989784224,113.20397681586788,0.4996698036914882,0.5116182482165417,-49.27341330988024,nan,nan,nan,nan
527.8992997665889,nan,92.73697046853732,123.98633262107606,88.737509640001,113.37754565889946,0.5004805566449071,0.5119725586746406,-48.664010827776025,nan,nan,nan,nan
528.9146382127376,nan,92.8606742824895,124.26544326628812,88.83059522645826,113.54998218449862,0.5012876075278538,0.512323672343231,-48.05202391907348,nan,nan,nan,nan
529.9299766588863,nan,92.98277362573847,124.54251883258513,88.92268584386537,113.72128364727206,0.5020908847886866,0.5126715596213282,-47.43747044347583,nan,nan,nan,nan
530.945315105035,nan,93.10326040640709,124.81753684900309,89.01378070810111,113.8914473356226,0.5028903168757626,0.5130161909079483,-46.82036826068635,nan,nan,nan,nan
531.9606535511838,nan,93.2221265326181,125.09047484457808,89.1038790642231,114.06047057177139,0.5036858322374398,0.5133575366021068,-46.2007352304082,nan,nan,nan,nan
532.9759919973325,nan,93.33936391249435,125.36131034834608,89.19298018641747,114.22835071177799,0.5044773593220757,0.5136955671028198,-45.578589212344625,nan,nan,nan,nan
533.9913304434812,nan,93.45496445415864,125.63002088934311,89.28108337794886,114.39508514556086,0.5052648265780282,0.5140302528091031,-44.95394806619884,nan,nan,nan,nan
535.0066688896299,nan,93.56892006573378,125.89658399660522,89.36818797110793,114.56067129691445,0.5060481624536548,0.5143615641199724,-44.326829651674075,nan,nan,nan,nan
536.0220073357787,nan,93.68122265534255,126.16097719916839,89.45429332715953,114.72510662352717,0.5068272953973132,0.5146894714344437,-43.69725182847355,nan,nan,nan,nan
537.0373457819273,nan,93.79186413110779,126.42317802606864,89.53939883628875,114.88838861699648,0.5076021538573612,0.5150139451515324,-43.06523245630047,nan,nan,nan,nan
538.052684228076,nan,93.90083640115229,126.68316400634205,89.62350391754669,115.05051480284371,0.5083726662821563,0.5153349556702548,-42.43078939485805,nan,nan,nan,nan
539.0680226742247,nan,94.0081313735989,126.94091266902458,89.70660801879507,115.21148274052712,0.5091387611200564,0.5156524733896265,-41.793940503849555,nan,nan,nan,nan
540.0833611203735,nan,94.11374095657035,127.19640154315229,89.78871061665008,115.37129002345411,0.5099003668194189,0.5159664687086633,-41.154703642978184,nan,nan,nan,nan
541.0986995665222,nan,94.21765705818952,127.44960815776116,89.8698112164251,115.52993427899168,0.5106574118286018,0.5162769120263808,-40.51309667194715,nan,nan,nan,nan
542.1140380126709,nan,94.31987158657918,127.70051004188727,89.94990935207299,115.68741316847631,0.5114098245959626,0.5165837737417953,-39.86913745045967,nan,nan,nan,nan
543.1293764588196,nan,94.42037644986215,127.94908472456659,90.0290045861271,115.84372438722228,0.512157533569859,0.5168870242539223,-39.22284383821897,nan,nan,nan,nan
544.1447149049683,nan,94.51916355616123,128.19530973483515,90.10709650964135,115.99886566452847,0.5129004671986488,0.5171866339617777,-38.57423369492829,nan,nan,nan,nan
545.1600533511171,nan,94.61622481126997,128.43916259805167,90.18418474212973,116.15283476368445,0.5136385539206288,0.5174825732566715,-37.92332487660845,nan,nan,nan,nan
546.1753917972658,nan,94.71155178631491,128.68062031121488,90.26026893150468,116.30562948197499,0.5143717207285974,0.517774811422777,-37.27013471019758,nan,nan,nan,nan
547.1907302434145,nan,94.80513545706941,128.91965893140207,90.33534875401479,116.4572476506834,0.5150998920438927,0.5180633157747341,-36.614679581426444,nan,nan,nan,nan
548.2060686895632,nan,94.89696730117137,129.1562553080157,90.4094239141817,116.60768713509428,0.5158229944555156,0.5183480552874389,-35.95697666943482,nan,nan,nan,nan
549.221407135712,nan,94.98704029853855,129.39038866220184,90.48249414473557,116.75694583449368,0.5165409610411376,0.5186290039055931,-35.29704552835103,nan,nan,nan,nan
550.2367455818606,nan,95.07534962554969,129.62204168279794,90.55455920655054,116.90502168216933,0.5172537343654208,0.5189061428401776,-34.63490918473859,nan,nan,nan,nan
551.2520840280093,nan,95.16189304299152,129.8512011388089,90.62561888857873,117.05191264540926,0.5179612681556441,0.5191794618518484,-33.97059475091047,nan,nan,nan,nan
552.267422474158,nan,95.2466709777714,130.0778580084121,90.69567300778372,117.19761672549889,0.5186635276546383,0.5194489595212575,-33.304133554110564,nan,nan,nan,nan
553.2827609203068,nan,95.32968629839587,130.30200712449135,90.76472140907286,117.34213195771733,0.5193604886510291,0.5197146425062958,-32.63556078156259,nan,nan,nan,nan
554.2980993664555,nan,95.4109437842151,130.52364633669936,90.83276396522918,117.48545641133218,0.520052135186789,0.5199765237862605,-31.964914641386407,nan,nan,nan,nan
555.3134378126042,nan,95.49044928843293,130.74277519004931,90.89980057684214,117.62758818959354,0.520738455942097,0.5202346198929456,-31.292235039381662,nan,nan,nan,nan
556.3287762587529,nan,95.56820860077067,130.95939312933064,90.96583117223761,117.76852542972614,0.521419439322937,0.5204889471481337,-30.61756178098709,nan,nan,nan,nan
557.3441147049017,nan,95.64422684965034,131.17349855529775,91.03085570740737,117.90826630292118,0.5220950708789983,0.5207395196859128,-29.94093362617817,nan,nan,nan,nan
558.3594531510504,nan,95.71850908064175,131.3850897379012,91.0948741659371,118.04680901432586,0.522765335802114,0.5209863513662819,-29.262389203947567,nan,nan,nan,nan
559.3747915971991,nan,95.79106033931474,131.59416494709163,91.15788655893432,118.18415180303293,0.5234302192841169,0.5212294560492396,-28.581967143287937,nan,nan,nan,nan
560.3901300433478,nan,95.86188567123918,131.80072245281954,91.21989292495513,118.3202929420682,0.5240897065168401,0.5214688475947847,-27.899706073191943,nan,nan,nan,nan
561.4054684894966,nan,95.93099012198488,132.00476052503546,91.28089332993014,118.45523073837708,0.5247437826921162,0.5217045398629159,-27.215644622652263,nan,nan,nan,nan
562.4208069356453,nan,95.9983787371217,132.20627743369005,91.34088786708968,118.58896353281006,0.5253924330017782,0.5219365467136319,-26.529821420661538,nan,nan,nan,nan
563.436145381794,nan,96.06405656221948,132.4052714487338,91.39987665688842,118.72148970010716,0.5260356426376593,0.5221648820069318,-25.842275096212425,nan,nan,nan,nan
564.4514838279426,nan,96.12802864284805,132.60174084011737,91.4578598469289,118.85280764888059,0.5266733967915922,0.5223895596028139,-25.153044278297592,nan,nan,nan,nan
565.4668222740913,nan,96.19030002457728,132.79568387779125,91.51483761188415,118.9829158215968,0.5273056806554097,0.5226105933612771,-24.46216759590971,nan,nan,nan,nan
566.4821607202401,nan,96.25087575297698,132.98709883170602,91.57081015342044,119.11181269455759,0.5279324794209451,0.5228279971423204,-23.769683678041424,nan,nan,nan,nan
567.4974991663888,nan,96.309760873617,133.17598397181226,91.62577770011805,119.23949677787895,0.5285537782800313,0.5230417848059423,-23.075631153685393,nan,nan,nan,nan
568.5128376125375,nan,96.3669604320672,133.36233756806052,91.67974050739227,119.36596661547036,0.5291695624245008,0.5232519702121414,-22.38004865183428,nan,nan,nan,nan
569.5281760586862,nan,96.4224794738974,133.5461578904014,91.7326988574127,119.49122078501095,0.5297798170461869,0.5234585672209169,-21.682974801480754,nan,nan,nan,nan
570.543514504835,nan,96.47632304467746,133.72744320878542,91.78465305902316,119.61525789792682,0.5303845273369224,0.5236615896922671,-20.984448231617478,nan,nan,nan,nan
571.5588529509837,nan,96.52849618997718,133.90619179316317,91.8356034476592,119.73807659936492,0.5309836784885402,0.523861051486191,-20.2845075712371,nan,nan,nan,nan
572.5741913971324,nan,96.57900395536647,134.08240191348526,91.88555038526638,119.85967556816755,0.5315772556928734,0.5240569664626874,-19.58319144933228,nan,nan,nan,nan
573.5895298432811,nan,96.62785138641513,134.25607183970217,91.93449426021674,119.98005351684473,0.5321652441417546,0.5242493484817548,-18.880538494895696,nan,nan,nan,nan
574.6048682894299,nan,96.67504352869301,134.42719984176455,91.98243548722526,120.0992091915459,0.532747629027017,0.5244382114033921,-18.176587336919994,nan,nan,nan,nan
575.6202067355786,nan,96.72058542776992,134.59578418962292,92.02937450726492,120.21714137202991,0.5333243955404936,0.5246235690875981,-17.47137660439784,nan,nan,nan,nan
576.6355451817273,nan,96.76448212921576,134.76182315322788,92.07531178748197,120.33384887163496,0.533895528874017,0.5248054353943716,-16.764944926321885,nan,nan,nan,nan
577.6508836278759,nan,96.80673867860033,134.92531500252994,92.12024782110942,120.44933053724608,0.5344610142194206,0.524983824183711,-16.0573309316848,nan,nan,nan,nan
578.6662220740247,nan,96.8473601214935,135.08625800747973,92.16418312738078,120.56358524926257,0.5350208367685367,0.5251587493156156,-15.348573249479252,nan,nan,nan,nan
579.6815605201734,nan,96.88635150346508,135.2446504380278,92.20711825144237,120.67661192156365,0.5355749817131988,0.5253302246500837,-14.638710508697898,nan,nan,nan,nan
580.6968989663221,nan,96.92371787008491,135.40049056412468,92.2490537642655,120.78840950147337,0.5361234342452396,0.5254982640471143,-13.927781338333377,nan,nan,nan,nan
581.7122374124708,nan,96.95946426692288,135.55377665572098,92.28999026255748,120.8989769697242,0.536666179556492,0.5256628813667059,-13.21582436737837,nan,nan,nan,nan
582.7275758586195,nan,96.9935957395488,135.70450698276724,92.32992836867251,121.0083133404198,0.5372032028387889,0.5258240904688576,-12.502878224825544,nan,nan,nan,nan
583.7429143047683,nan,97.02611733353251,135.85267981521406,92.36886873052123,121.11641766099619,0.5377344892839633,0.5259819052135679,-11.788981539667546,nan,nan,nan,nan
584.758252750917,nan,97.05703409444386,135.99829342301197,92.40681202148008,121.22328901218222,0.5382600240838481,0.5261363394608355,-11.074172940897029,nan,nan,nan,nan
585.7735911970657,nan,97.08635106785269,136.1413460761116,92.4437589403,121.32892650795893,0.5387797924302764,0.5262874070706592,-10.35849105750666,nan,nan,nan,nan
586.7889296432144,nan,97.11407329932882,136.28183604446343,92.47971021101435,121.43332929551781,0.5392937795150807,0.5264351219030381,-9.641974518489112,nan,nan,nan,nan
587.8042680893632,nan,97.14020583444213,136.41976159801808,92.5146665828455,121.53649655521733,0.5398019705300945,0.5265794978179703,-8.924661952837035,nan,nan,nan,nan
588.8196065355119,nan,97.16475371876243,136.5551210067261,92.54862883011262,121.6384275005398,0.5403043506671501,0.5267205486754551,-8.206591989543094,nan,nan,nan,nan
589.8349449816606,nan,97.18772199785957,136.68791254053806,92.58159775213663,121.73912137804574,0.5408009051180809,0.5268582883354912,-7.487803257599939,nan,nan,nan,nan
590.8502834278092,nan,97.20911571730343,136.81813446940455,92.61357417314602,121.83857746732775,0.5412916190747197,0.526992730658077,-6.768334386000248,nan,nan,nan,nan
591.865621873958,nan,97.22893992266378,136.9457850632761,92.64455894218128,121.93679508096344,0.5417764777288993,0.5271238895032115,-6.048224003736669,nan,nan,nan,nan
592.8809603201067,nan,97.24719965951053,137.07086259210334,92.6745529329994,122.03377356446728,0.5422554662724528,0.5272517787308935,-5.327510739801869,nan,nan,nan,nan
593.8962987662554,nan,97.26389997341347,137.19336532583674,92.70355704397707,122.12951229624117,0.5427285698972132,0.5273764122011216,-4.6062332231884975,nan,nan,nan,nan
594.9116372124041,nan,97.27904590994248,137.31329153442698,92.73157219801321,122.22401068752367,0.5431957737950132,0.5274978037738947,-3.8844300828892235,nan,nan,nan,nan
595.9269756585529,nan,97.29264251466736,137.4306394878245,92.75859934243198,122.31726818233929,0.5436570631576856,0.5276159673092113,-3.1621399478967205,nan,nan,nan,nan
596.9423141047016,nan,97.30469483315801,137.54540745597996,92.7846394488838,122.40928425744544,0.5441124231770638,0.5277309166670705,-2.439401447203637,nan,nan,nan,nan
597.9576525508503,nan,97.31520791098421,137.6575937088439,92.80969351324664,122.50005842227908,0.5445618390449805,0.5278426657074707,-1.7162532098026215,nan,nan,nan,nan
598.972990996999,nan,97.32418679371585,137.76719651636694,92.83376255552645,122.58959021890219,0.5450052959532685,0.527951228290411,-0.9927338646863477,nan,nan,nan,nan
599.9883294431477,nan,97.33163652692275,137.8742141484995,92.85684761975722,122.67787922194623,0.5454427790937608,0.5280566182758898,-0.26888204084748424,nan,nan,nan,nan
601.0036678892965,nan,97.33756215617476,137.97864487519232,92.87894977389999,122.76492503855538,0.5458742736582903,0.528158849523906,0.4552636327213211,nan,nan,nan,nan
602.0190063354452,nan,97.34196872704169,138.08048696639585,92.90007010974172,122.85072730832877,0.5462997648386901,0.5282579358944586,1.1796645270274175,nan,nan,nan,nan
603.0343447815939,nan,97.34486128509343,138.1797386920607,92.92020974279369,122.93528570326241,0.5467192378267931,0.528353891247546,1.9042820130781353,nan,nan,nan,nan
604.0496832277425,nan,97.3462448758998,138.27639832213748,92.93936981218867,123.01859992768873,0.5471326778144321,0.528446729443167,2.6290774618808017,nan,nan,nan,nan
605.0650216738914,nan,97.34612454503065,138.37046412657668,92.95755148057845,123.10066971821645,0.5475400699934398,0.5285364643413204,3.354012244442769,nan,nan,nan,nan
606.08036012004,nan,97.3445053380558,138.4619343753289,92.97475593402997,123.18149484366863,0.5479413995556498,0.528623109802005,4.07904773177137,nan,nan,nan,nan
607.0956985661887,nan,97.3413923005451,138.55080733834473,92.99098438192166,123.26107510502018,0.5483366516928944,0.5287066796852197,4.804145294873955,nan,nan,nan,nan
608.1110370123374,nan,97.33679047806842,138.6370812855747,93.00623805683857,123.339410335334,0.5487258115970068,0.528787187850963,5.529266304757847,nan,nan,nan,nan
609.1263754584862,nan,97.33070491619554,138.72075448696938,93.02051821446754,123.41650039969649,0.5491088644598199,0.5288646481592336,6.254372132430394,nan,nan,nan,nan
610.1417139046349,nan,97.32314066049638,138.80182521247937,93.0338261334913,123.49234519515153,0.5494857954731666,0.5289390744700304,6.979424148898931,nan,nan,nan,nan
611.1570523507836,nan,97.31410275654072,138.8802917320552,93.04616311548264,123.5669446506344,0.5498565898288799,0.5290104806433522,7.704383725170814,nan,nan,nan,nan
612.1723907969323,nan,97.30359624989843,138.95615231564747,93.0575304847976,123.64029872690371,0.5502212327187925,0.5290788805391977,8.42921223225336,nan,nan,nan,nan
613.1877292430811,nan,97.29162618613935,139.02940523320672,93.06792958846852,123.71240741647314,0.5505797093347375,0.5291442880175656,9.15387104115392,nan,nan,nan,nan
614.2030676892298,nan,97.27819761083333,139.10004875468357,93.07736179609601,123.78327074354166,0.5509320048685479,0.5292067169384547,9.878321522879833,nan,nan,nan,nan
615.2184061353785,nan,97.2633155695502,139.1680811500285,93.08582849974135,123.85288876392322,0.5512781045120566,0.5292661811618637,10.602525048438443,nan,nan,nan,nan
616.2337445815272,nan,97.24698510785979,139.23350068919214,93.09333111381744,123.92126156497528,0.5516179934570964,0.5293226945477914,11.326442988837083,nan,nan,nan,nan
617.249083027676,nan,97.22921127133195,139.29630564212502,93.0998710749798,123.98838926552621,0.5519516568955003,0.5293762709562365,12.050036715083081,nan,nan,nan,nan
618.2644214738247,nan,97.20999910553653,139.35649427877775,93.10544984201711,124.05427201580227,0.5522790800191014,0.5294269242471978,12.77326759818379,nan,nan,nan,nan
619.2797599199733,nan,97.18935365604337,139.41406486910086,93.11006889574121,124.11890999735314,0.5526002480197323,0.529474668280674,13.496097009146554,nan,nan,nan,nan
620.295098366122,nan,97.1672799684223,139.46901568304494,93.1137297388763,124.18230342297686,0.5529151460892261,0.529519516916664,14.218486318978707,nan,nan,nan,nan
621.3104368122707,nan,97.14378308824318,139.52134499056055,93.1164338959482,124.2444525366434,0.5532237594194158,0.5295614840151663,14.940396898687577,nan,nan,nan,nan
622.3257752584195,nan,97.11886806107584,139.5710510615982,93.11818291317296,124.305357613418,0.5535260732021341,0.5296005834361799,15.661790119280518,nan,nan,nan,nan
623.3411137045682,nan,97.09253993249013,139.61813216610858,93.11897835834478,124.36501895938284,0.5538220726292141,0.5296368290397033,16.382627351764874,nan,nan,nan,nan
624.3564521507169,nan,97.06480374805588,139.6625865740422,93.11882182072397,124.42343691155855,0.5541117428924889,0.5296702346857355,17.10286996714798,nan,nan,nan,nan
625.3717905968656,nan,97.03566455334294,139.70441255534956,93.11771491092405,124.48061183782409,0.554395069183791,0.5297008142342752,17.822479336437162,nan,nan,nan,nan
626.3871290430144,nan,97.00512739392116,139.74360837998134,93.11565926079851,124.53654413683613,0.5546720366949537,0.5297285815453209,18.541416830639776,nan,nan,nan,nan
627.4024674891631,nan,96.97319731536035,139.78017231788806,93.11265652332757,124.59123423794777,0.5549426306178097,0.5297535504788716,19.25964382076315,nan,nan,nan,nan
628.4178059353118,nan,96.9398793632304,139.81410263902023,93.10870837250371,124.64468260112567,0.5552068361441921,0.5297757348949261,19.97712167781463,nan,nan,nan,nan
629.4331443814605,nan,96.9051785831011,139.8453976133285,93.10381650321762,124.69688971686689,0.5554646384659336,0.5297951486534829,20.693811772801553,nan,nan,nan,nan
630.4484828276093,nan,96.86910002054233,139.8740555107634,93.09798263114314,124.74785610611477,0.5557160227748674,0.529811805614541,21.40967547673126,nan,nan,nan,nan
631.463821273758,nan,96.83164872112394,139.9000746012755,93.0912084926223,124.79758232017363,0.5559609742628262,0.5298257196380991,22.124674160611086,nan,nan,nan,nan
632.4791597199066,nan,96.79282973041572,139.92345315481538,93.08349584454943,124.84606894062293,0.556199478121643,0.5298369045841558,22.83876919544838,nan,nan,nan,nan
633.4944981660553,nan,96.75264809398755,139.94418944133355,93.07484646425554,124.89331657923063,0.5564315195431508,0.5298453743127098,23.551921952250474,nan,nan,nan,nan
634.5098366122041,nan,96.71110885740927,139.96228173078066,93.06526214939142,124.93932587786495,0.5566570837191825,0.5298511426837602,24.264093802024693,nan,nan,nan,nan
635.5251750583528,nan,96.66821706625072,139.97772829310725,93.05474471781142,124.98409750840656,0.5568761558415711,0.5298542235573055,24.975246115778397,nan,nan,nan,nan
636.5405135045015,nan,96.62397776608174,139.9905273982639,93.04329600745591,125.02763217265858,0.5570887211021494,0.5298546307933445,25.685340264518928,nan,nan,nan,nan
637.5558519506502,nan,96.57839600247215,140.00067731620112,93.03091787623423,125.06993060225695,0.5572947646927503,0.5298523782518759,26.394337619253616,nan,nan,nan,nan
638.5711903967989,nan,96.53147682099181,140.0081763168695,93.01761220190649,125.11099355857894,0.5574942718052067,0.5298474797928985,27.10219955098979,nan,nan,nan,nan
639.5865288429477,nan,96.4832252672106,140.0130226702196,93.00338088196558,125.15082183265152,0.5576872276313517,0.5298399492764111,27.808887430734803,nan,nan,nan,nan
640.6018672890964,nan,96.43364638669829,140.01521464620208,92.98822583351848,125.18941624505851,0.5578736173630182,0.5298298005624125,28.514362629496013,nan,nan,nan,nan
641.6172057352451,nan,96.38274522502479,140.0147505147674,92.97214899316772,125.22677764584742,0.5580534261920391,0.5298170475109013,29.218586518280734,nan,nan,nan,nan
642.6325441813938,nan,96.33052682775988,140.01162854586616,92.95515231689194,125.26290691443492,0.5582266393102472,0.5298017039818761,29.921520468096304,nan,nan,nan,nan
643.6478826275426,nan,96.27699624047344,140.0058470094489,92.93723777992616,125.29780495951148,0.5583932419094756,0.5297837838353361,30.62312584995007,nan,nan,nan,nan
644.6632210736913,nan,96.2221585087353,139.99740417546627,92.9184073766424,125.33147271894592,0.5585532191815571,0.5297633009312797,31.32336403484937,nan,nan,nan,nan
645.67855951984,nan,96.16601865909512,139.98629820135116,92.89866312042935,125.36391115968861,0.5587065559020575,0.5297402690924511,32.02219623159885,nan,nan,nan,nan
646.6938979659886,nan,96.1085815538662,139.97252627296547,92.87800704357167,125.3951212776738,0.5588532332521434,0.5297147018199073,32.71958224840911,nan,nan,nan,nan
647.7092364121374,nan,96.04985203236177,139.95608544010958,92.85644119712953,125.42510409772153,0.5589932319096114,0.5296866125696553,33.41548169734774,nan,nan,nan,nan
648.7245748582861,nan,95.98983519824236,139.9369743163805,92.83396765081741,125.45386067343863,0.55912653833764,0.5296560153154751,34.109856444814824,nan,nan,nan,nan
649.7399133044348,nan,95.9285366318037,139.91519433500127,92.81058849288274,125.48139208711866,0.5592531494308233,0.5296229249647253,34.80267242191654,nan,nan,nan,nan
650.7552517505835,nan,95.86596252524134,139.89075054900468,92.78630582998427,125.5076994496418,0.5593730754755092,0.5295873576232835,35.493900777991605,nan,nan,nan,nan
651.7705901967323,nan,95.80211974089246,139.86365197577265,92.76112178707018,125.53278390037319,0.55948634142445,0.5295493307096236,36.18351837729112,nan,nan,nan,nan
652.785928642881,nan,95.73701579245412,139.83391148593108,92.73503850725585,125.55664660706097,0.5595929864857587,0.5295088629180287,36.87150763881149,nan,nan,nan,nan
653.8012670890297,nan,95.67065874917884,139.80154523659903,92.7080581517014,125.57928876573345,0.5596930620261742,0.5294659740309401,37.55785571928047,nan,nan,nan,nan
654.8166055351784,nan,95.6030570630468,139.76657164899382,92.68018289948898,125.60071160059573,0.5597866277886342,0.5294206845804424,38.24255303929635,nan,nan,nan,nan
655.8319439813271,nan,95.53421931891504,139.72900993039104,92.65141494749992,125.62091636392533,0.559873746424157,0.5293730153588838,38.92559115262039,nan,nan,nan,nan
656.8472824274759,nan,95.46415395572232,139.68887842485896,92.62175651029118,125.63990433596716,0.5599544773902624,0.5293229868728047,39.60696036863475,nan,nan,nan,nan
657.8626208736246,nan,95.39286932410675,139.6461949541066,92.59120981997219,125.65767682482777,0.5600288782119622,0.5292706194557919,40.28665024370065,nan,nan,nan,nan
658.8779593197733,nan,95.32037377392966,139.6009773352478,92.55977712608114,125.67423516636924,0.5600970063972691,0.5292159334399111,40.96465032755504,nan,nan,nan,nan
659.893297765922,nan,95.24667565505234,139.55324338539637,92.5274606954607,125.68958072410159,0.560158919454195,0.5291589491572284,41.64095016993488,nan,nan,nan,nan
660.9086362120707,nan,95.17178331733618,139.5030109216662,92.49426281213414,125.70371488907523,0.5602146748907523,0.529099686939809,42.31553932057712,nan,nan,nan,nan
661.9239746582194,nan,95.09570511064246,139.45029776117107,92.46018577718107,125.71663907977256,0.5602643302149529,0.529038167119719,42.98840732921873,nan,nan,nan,nan
662.9393131043681,nan,95.01844938483251,139.39512172102488,92.42523190861252,125.72835474199861,0.5603079429348092,0.5289744100290236,43.65954374559667,nan,nan,nan,nan
663.9546515505168,nan,94.94002448976767,139.3375006183414,92.38940354124618,125.73886334877096,0.5603455705583336,0.5289084359997888,44.32893811944789,nan,nan,nan,nan
664.9699899966656,nan,94.86043877530925,139.2774522702345,92.35270302658176,125.74816640020968,0.5603772705935379,0.5288402653640801,44.996580000509354,nan,nan,nan,nan
665.9853284428143,nan,94.7797005913186,139.21499449381804,92.3151327326752,125.75626542342563,0.5604031005484348,0.5287699184539633,45.66245893851802,nan,nan,nan,nan
667.000666888963,nan,94.69781828765703,139.15014510620583,92.2766950440137,125.76316197240874,0.560423117931036,0.5286974156015039,46.32656448321085,nan,nan,nan,nan
668.0160053351117,nan,94.61480021418586,139.08292192451165,92.23739236139001,125.76885762791557,0.560437380249354,0.5286227771387675,46.9888861843248,nan,nan,nan,nan
669.0313437812605,nan,94.53065472076644,139.01334276584944,92.19722710177653,125.77335399735597,0.560445945011401,0.5285460233978201,47.64941359159682,nan,nan,nan,nan
670.0466822274092,nan,94.44539015726008,138.941425447333,92.15620169819957,125.77665271467924,0.560448869725189,0.528467174710727,48.30813625476387,nan,nan,nan,nan
671.0620206735579,nan,94.35901487352808,138.86718778607613,92.11431859961328,125.77875544026004,0.5604462118987303,0.5283862514095543,48.96504372356293,nan,nan,nan,nan
672.0773591197066,nan,94.27153721943182,138.7906475991927,92.07158027077296,125.77966386078246,0.5604380290400373,0.5283032738263671,49.620125547730936,nan,nan,nan,nan
673.0926975658554,nan,94.1829655448326,138.71182270379657,92.02798919210915,125.7793796891252,0.5604243786571219,0.5282182622932314,50.273371277004856,nan,nan,nan,nan
674.108036012004,nan,94.09330819959175,138.63073091700153,91.98354785960082,125.77790466424473,0.5604053182579967,0.5281312371422129,50.92477046112163,nan,nan,nan,nan
675.1233744581527,nan,94.00257353357058,138.54739005592148,91.9382587846485,125.77524055105835,0.5603809053506734,0.5280422187053773,51.574312649818246,nan,nan,nan,nan
676.1387129043014,nan,93.91076989663044,138.46181793767016,91.89212449394765,125.7713891403267,0.5603511974431646,0.52795122731479,52.22198739283165,nan,nan,nan,nan
677.1540513504501,nan,93.81790563863265,138.37403237936152,91.84514752936158,125.76635224853572,0.5603162520434825,0.5278582833025169,52.8677842398988,nan,nan,nan,nan
678.1693897965989,nan,93.72398910943855,138.28405119810932,91.79733044779415,125.7601317177776,0.560276126659639,0.5277634070006236,53.51169274075665,nan,nan,nan,nan
679.1847282427476,nan,93.62902865890942,138.19189221102738,91.74867582106299,125.75272941563192,0.5602308787996466,0.5276666187411757,54.15370244514217,nan,nan,nan,nan
680.2000666888963,nan,93.53303263690663,138.09757323522965,91.69918623577142,125.74414723504508,0.5601805659715173,0.5275679388562389,54.79380290279232,nan,nan,nan,nan
681.215405135045,nan,93.4360093932915,138.00111208782982,91.64886429318162,125.7343870942104,0.5601252456832635,0.5274673876778788,55.43198366344406,nan,nan,nan,nan
682.2307435811938,nan,93.33796727792533,137.90252658594184,91.59771260908666,125.7234509364468,0.5600649754428972,0.5273649855381612,56.06823427683432,nan,nan,nan,nan
683.2460820273425,nan,93.23891464066949,137.80183454667946,91.54573381368297,125.71134073007714,0.5599998127584308,0.5272607527691517,56.702544292700075,nan,nan,nan,nan
684.2614204734912,nan,93.13885983138526,137.6990537871566,91.4929305514425,125.6980584683062,0.5599298151378764,0.5271547097029161,57.3349032607783,nan,nan,nan,nan
685.2767589196399,nan,93.03781119993398,137.59420212448705,91.43930548098481,125.68360616909783,0.559855040089246,0.5270468766715197,57.965300730805936,nan,nan,nan,nan
686.2920973657887,nan,92.93577709617699,137.48729737578466,91.38486127494915,125.66798587505168,0.5597755451205523,0.5269372740070284,58.59372625251995,nan,nan,nan,nan
687.3074358119374,nan,92.83276586997563,137.3783573581633,91.32960061986662,125.65119965327978,0.5596913877398071,0.526825922041508,59.22016937565729,nan,nan,nan,nan
688.322774258086,nan,92.7287858711912,137.26739988873672,91.27352621603147,125.63324959528141,0.5596026254550227,0.5267128411070239,59.844619649954936,nan,nan,nan,nan
689.3381127042347,nan,92.62384544968502,137.15444278461882,91.21664077737373,125.61413781681918,0.5595093157742114,0.526598051535642,60.467066625149826,nan,nan,nan,nan
690.3534511503835,nan,92.51795295531846,137.03950386292345,91.15894703133017,125.59386645779298,0.5594115162053854,0.5264815736594278,61.087499850978915,nan,nan,nan,nan
691.3687895965322,nan,92.4111167379528,136.9226009407644,91.10044771871672,125.57243768211457,0.5593092842565569,0.526363427810447,61.70590887717917,nan,nan,nan,nan
692.3841280426809,nan,92.30334514744938,136.80375183525555,91.04114559359952,125.54985367758086,0.5592026774357379,0.5262436343207653,62.32228325348756,nan,nan,nan,nan
693.3994664888296,nan,92.19464653366951,136.6829743635107,90.98104342316694,125.52611665574729,0.5590917532509408,0.5261222135224481,62.93661252964104,nan,nan,nan,nan
694.4148049349783,nan,92.08502924647458,136.56028634264376,90.92014398760094,125.50122885180045,0.5589765692101779,0.5259991857475617,63.54888625537656,nan,nan,nan,nan
695.4301433811271,nan,91.97450163572584,136.43570558976845,90.85845007994858,125.47519252443004,0.5588571828214612,0.5258745713281712,64.15909398043108,nan,nan,nan,nan
696.4454818272758,nan,91.86307205128469,136.3092499219987,90.79596450599365,125.44800995570074,0.558733651592803,0.5257483905963424,64.76722525454157,nan,nan,nan,nan
697.4608202734245,nan,91.75074884301236,136.18093715644835,90.7326900841281,125.41968345092349,0.5586060330322153,0.525620663884141,65.37326962744498,nan,nan,nan,nan
698.4761587195732,nan,91.63754036077027,136.05078511023115,90.66862964522345,125.39021533852608,0.5584743846477107,0.5254914115236327,65.97721664887827,nan,nan,nan,nan
699.491497165722,nan,91.52345495441969,135.91881160046097,90.60378603250219,125.3596079699235,0.5583387639473011,0.5253606538468829,66.5790558685784,nan,nan,nan,nan
700.5068356118707,nan,91.40850097382197,135.78503444425172,90.5381621014093,125.32786371938776,0.5581992284389988,0.5252284111859578,67.17877683628231,nan,nan,nan,nan
701.5221740580193,nan,91.29268676883842,135.64947145871716,90.47176071948381,125.29498498391752,0.5580558356308161,0.5250947038729227,67.77636910172698,nan,nan,nan,nan
702.537512504168,nan,91.1760206893304,135.51214046097118,90.40458476622973,125.2609741831066,0.557908643030765,0.5249595522398431,68.37182221464937,nan,nan,nan,nan
703.5528509503168,nan,91.05851108515921,135.37305926812752,90.33663713298819,125.225833759013,0.557757708146858,0.524822976618785,68.96512572478642,nan,nan,nan,nan
704.5681893964655,nan,90.94016630618616,135.2322456973002,90.26792072280824,125.18956617602669,0.5576030884871069,0.524684997341814,69.55626918187511,nan,nan,nan,nan
705.5835278426142,nan,90.8209947022726,135.08971756560288,90.19843845031887,125.15217392073752,0.5574448415595242,0.5245456347409958,70.1452421356524,nan,nan,nan,nan
706.5988662887629,nan,90.70100462327987,134.94549269014948,90.12819324160003,125.11365950180229,0.557283024872122,0.5244049091483958,70.73203413585523,nan,nan,nan,nan
707.6142047349117,nan,90.58020441906929,134.79958888805382,90.05718803405445,125.07402544981181,0.5571176959329127,0.5242628408960798,71.31663473222054,nan,nan,nan,nan
708.6295431810604,nan,90.45860243950216,134.6520239764297,89.98542577627907,125.03327431715725,0.5569489122499082,0.5241194503161136,71.89903347448534,nan,nan,nan,nan
709.6448816272091,nan,90.33620703443981,134.50281577239105,89.9129094279366,124.9914086778963,0.5567767313311207,0.5239747577405627,72.47921991238655,nan,nan,nan,nan
710.6602200733578,nan,90.21302655374359,134.35198209305156,89.83964195962731,124.94843112761887,0.5566012106845628,0.5238287835014929,73.05718359566116,nan,nan,nan,nan
711.6755585195065,nan,90.08906934727482,134.19954075552525,89.76562635276062,124.90434428331253,0.5564224078182465,0.5236815479309698,73.63291407404611,nan,nan,nan,nan
712.6908969656553,nan,89.9643437648948,134.0455095769258,89.69086559942667,124.8591507832271,0.5562403802401839,0.5235330713610589,74.20640089727834,nan,nan,nan,nan
713.706235411804,nan,89.83885815646491,133.88990637436717,89.61536270226838,124.81285328673961,0.5560551854583873,0.5233833741238261,74.77763361509486,nan,nan,nan,nan
714.7215738579526,nan,89.71262087184641,133.7327489649631,89.53912067435317,124.76545447421836,0.5558668809808687,0.523232476551337,75.34660177723258,nan,nan,nan,nan
715.7369123041013,nan,89.58564026090069,133.57405516582745,89.46214253904498,124.71695704688698,0.5556755243156406,0.5230803989756574,75.91329493342846,nan,nan,nan,nan
716.7522507502501,nan,89.45792467348903,133.41384279407413,89.38443132987604,124.66736372668757,0.5554811729707151,0.5229271617288526,76.47770263341951,nan,nan,nan,nan
717.7675891963988,nan,89.32948245947279,133.2521296668169,89.30599009041914,124.61667725614417,0.5552838844541044,0.5227727851429885,77.03981442694263,nan,nan,nan,nan
718.7829276425475,nan,89.20032196871327,133.0889336011696,89.22682187415985,124.56490039822575,0.5550837162738206,0.5226172895501309,77.59961986373482,nan,nan,nan,nan
719.7982660886962,nan,89.0704515510718,132.9242724142461,89.14692974436853,124.51203593620833,0.554880725937876,0.5224606952823451,78.157108493533,nan,nan,nan,nan
720.813604534845,nan,88.93987955640971,132.7581639231602,89.06631677397296,124.45808667353766,0.5546749709542829,0.522303022671697,78.71226986607414,nan,nan,nan,nan
721.8289429809937,nan,88.80861433458836,132.59062594502575,88.98498604543053,124.40305543369075,0.5544665088310533,0.5221442920502523,79.26509353109523,nan,nan,nan,nan
722.8442814271424,nan,88.676664235469,132.42167629695663,88.90294065060085,124.34694506003748,0.5542553970761996,0.5219845237500765,79.8155690383332,nan,nan,nan,nan
723.8596198732911,nan,88.54403760891304,132.25133279606663,88.82018369061848,124.28975841570218,0.5540416931977339,0.5218237381032353,80.36368593752502,nan,nan,nan,nan
724.8749583194399,nan,88.41074280478175,132.07961325946962,88.73671827576551,124.23149838342424,0.5538254547036685,0.5216619554417947,80.90943377840765,nan,nan,nan,nan
725.8902967655886,nan,88.27678817293648,131.90653550427942,88.65254752534484,124.17216786541923,0.5536067391020155,0.5214991960978199,81.45280211071803,nan,nan,nan,nan
726.9056352117373,nan,88.14218206323855,131.73211734760986,88.56767456755263,124.11176978323881,0.5533856039007872,0.5213354804033767,81.99378048419314,nan,nan,nan,nan
727.920973657886,nan,88.00693282554928,131.5563766065748,88.48210253935181,124.05030707763146,0.5531621066079957,0.5211708286905311,82.53235844856992,nan,nan,nan,nan
728.9363121040348,nan,87.87104880973003,131.37933109828805,88.3958345863453,123.98778270840192,0.5529363047316532,0.5210052612913483,83.06852555358535,nan,nan,nan,nan
729.9516505501834,nan,87.73453836564207,131.20099863986343,88.30887386264921,123.92419965427086,0.552708255779772,0.5208387985378939,83.60227134897636,nan,nan,nan,nan
730.9669889963321,nan,87.59740984314678,131.0213970484148,88.22122353076655,123.85956091273442,0.5524780172603643,0.5206714607622341,84.13358538447994,nan,nan,nan,nan
731.9823274424808,nan,87.45967159210545,130.840544141056,88.13288676146084,123.79386949992322,0.5522456466814422,0.5205032682964343,84.66245720983302,nan,nan,nan,nan
732.9976658886295,nan,87.32133196237943,130.6584577349009,88.04386673363008,123.72712845046125,0.5520112015510179,0.52033424147256,85.18887637477258,nan,nan,nan,nan
734.0130043347783,nan,87.18239930383002,130.4751556470633,87.95416663418047,123.65934081732445,0.5517747393771038,0.520164400622677,85.71283242903556,nan,nan,nan,nan
735.028342780927,nan,87.04288196631859,130.29065569465706,87.86378965790075,123.59050967169908,0.5515363176677119,0.5199937660788511,86.23431492235896,nan,nan,nan,nan
736.0436812270757,nan,86.9027882997064,130.10497569479597,87.77273900733644,123.52063810283997,0.5512959939308546,0.5198223581731476,86.75331340447971,nan,nan,nan,nan
737.0590196732244,nan,86.76212665385484,129.9181334645939,87.6810178926645,123.44972921792865,0.5510538256745439,0.5196501972376325,87.26981742513475,nan,nan,nan,nan
738.0743581193732,nan,86.6209053786252,129.73014682116468,87.5886295315675,123.37778614193053,0.5508098704067921,0.5194773036043714,87.78381653406106,nan,nan,nan,nan
739.0896965655219,nan,86.47913282387884,129.54103358162217,87.49557714910901,123.3048120174531,0.5505641856356115,0.5193036976054299,88.2953002809956,nan,nan,nan,nan
740.1050350116706,nan,86.33681733947705,129.35081156308016,87.4018639776083,123.23081000460296,0.5503168288690142,0.5191293995728736,88.80425821567532,nan,nan,nan,nan
741.1203734578193,nan,86.19396727528118,129.15949858265253,87.30749325651556,123.15578328084281,0.5500678576150123,0.5189544298387684,89.31067988783718,nan,nan,nan,nan
742.1357119039681,nan,86.05059098115254,128.96711245745314,87.2124682322873,123.07973504084879,0.5498173293816183,0.5187788087351797,89.81455484721815,nan,nan,nan,nan
743.1510503501167,nan,85.90669680695247,128.77367100459574,87.11679215826206,123.00266849636698,0.5495653016768441,0.5186025565941733,90.31587264355517,nan,nan,nan,nan
744.1663887962654,nan,85.76229310254229,128.57919204119423,87.0204682945359,122.92458687607002,0.549311832008702,0.5184256937478148,90.81462282658521,nan,nan,nan,nan
745.1817272424141,nan,85.61738821860268,128.38369338636346,86.92349990783867,122.84549342541375,0.549056977894911,0.5182482405311499,91.31079494219867,nan,nan,nan,nan
746.1970656885629,nan,85.47199060045463,128.18719309034174,86.82589027141007,122.76539140649332,0.5488007979743464,0.518070217623413,91.8043780919968,nan,nan,nan,nan
747.2124041347116,nan,85.32610885064115,127.98970958732355,86.72764266487602,122.68428409789921,0.5485433527484165,0.5178916462756259,92.29536063950098,nan,nan,nan,nan
748.2277425808603,nan,85.17975142931932,127.79126096377894,86.62876037412536,122.6021747945736,0.548284701031753,0.5177125472209795,92.78373161666403,nan,nan,nan,nan
749.243081027009,nan,85.03292638543572,127.59186430194978,86.52924669118667,122.51906680766575,0.5480248967675787,0.5175329396971685,93.26948198586904,nan,nan,nan,nan
750.2584194731577,nan,84.88564117073196,127.39153522562819,86.42910491410517,122.43496346438793,0.5477639868243237,0.5173528407699649,93.75260551308051,nan,nan,nan,nan
751.2737579193065,nan,84.73790253658098,127.19028764821707,86.32833834682039,122.34986810787112,0.5475020097734941,0.5171722649580303,94.23309925214795,nan,nan,nan,nan
752.2890963654552,nan,84.58971651365329,126.98813372307313,86.22695029904322,122.26378409701998,0.5472389956487891,0.5169912241589663,94.71096364026184,nan,nan,nan,nan
753.3044348116039,nan,84.4410884744139,126.78508399613193,86.12494408613408,122.17671480636879,0.5469749666864712,0.5168097278766037,95.18620220456202,nan,nan,nan,nan
754.3197732577526,nan,84.29202327844948,126.58114776081521,86.02232302898071,122.08866362593619,0.5467099390469847,0.5166277837495306,95.65882087989874,nan,nan,nan,nan
755.3351117039014,nan,84.1425255006258,126.37633361522029,85.91909045387632,121.99963396108038,0.5464439255178258,0.5164453983808581,96.12882693774583,nan,nan,nan,nan
756.35045015005,nan,83.99259974000438,126.17065021653374,85.81524969239845,121.90962923235436,0.5461769391731267,0.5162625784616933,96.59622753598975,nan,nan,nan,nan
757.3657885961987,nan,83.84225077243417,125.96410665367912,85.71080408128734,121.81865287536056,0.5459089951813316,0.5160793313260854,97.06102900258799,nan,nan,nan,nan
758.3811270423474,nan,83.69148339435407,125.75671206586347,85.60575696232519,121.7267083406059,0.5456401089548052,0.5158956643829661,97.523237568838,nan,nan,nan,nan
759.3964654884962,nan,83.54030240220295,125.5484755922937,85.50011168221515,121.6337990933562,0.5453702959059116,0.5157115850412666,97.98285946603735,nan,nan,nan,nan
760.4118039346449,nan,83.38871259241978,125.33940637217682,85.39387159246137,121.53992861349143,0.545099571447015,0.5155271007099185,98.43990092548356,nan,nan,nan,nan
761.4271423807936,nan,83.23671876144341,125.12951354471979,85.28704004924803,121.44510039535943,0.54482795099048,0.5153422187978531,98.89436817847417,nan,nan,nan,nan
762.4424808269423,nan,83.08432570571279,124.91880624912963,85.17962041332038,121.3493179476316,0.5445554499486707,0.515156946714002,99.34626745630668,nan,nan,nan,nan
763.4578192730911,nan,82.93153822166684,124.70729362461327,85.07161604986402,121.25258479315619,0.5442820837339513,0.5149712918672966,99.79560499027863,nan,nan,nan,nan
764.4731577192398,nan,82.77836110574441,124.49498481037774,84.96303032838645,121.15490446881354,0.5440078677586863,0.5147852616666684,100.24238701168754,nan,nan,nan,nan
765.4884961653885,nan,82.62479915438445,124.28188894562999,84.85386662259762,121.05628052537028,0.5437328174352398,0.5145988635210488,100.68661975183096,nan,nan,nan,nan
766.5038346115372,nan,82.47085716402587,124.068015169577,84.74412831029085,120.95671652733336,0.5434569481759762,0.5144121048393693,101.12830944200638,nan,nan,nan,nan
767.5191730576859,nan,82.31653993110757,123.85337262142575,84.63381877322487,120.85621605280481,0.5431802753932597,0.5142249930305611,101.56746231351137,nan,nan,nan,nan
768.5345115038347,nan,82.16185225206846,123.63797044038323,84.5229413970053,120.75478269333577,0.5429028144994549,0.5140375355035558,102.00408459764344,nan,nan,nan,nan
769.5498499499834,nan,82.00679892334742,123.42181776565639,84.41149957096665,120.65242005378059,0.5426245809069254,0.513849739667285,102.43818252570009,nan,nan,nan,nan
770.565188396132,nan,81.85138474138341,123.20492373645223,84.29949668805523,120.54913175215178,0.5423455900280363,0.51366161293068,102.86976232897888,nan,nan,nan,nan
771.5805268422807,nan,81.69561450261533,122.98729749197773,84.186936144711,120.44492141947319,0.5420658572751513,0.5134731627026723,103.29883023877733,nan,nan,nan,nan
772.5958652884295,nan,81.53949300348206,122.76894817143989,84.07382134075146,120.3397926996352,0.5417853980606351,0.5132843963921933,103.72539248639296,nan,nan,nan,nan
773.6112037345782,nan,81.38302504042254,122.54988491404563,83.9601556792544,120.23374924924833,0.5415042277968519,0.5130953214081744,104.14945530312332,nan,nan,nan,nan
774.6265421807269,nan,81.22621540987565,122.33011685900202,83.84594256644176,120.12679473749783,0.5412223618961657,0.5129059451595471,104.5710249202659,nan,nan,nan,nan
775.6418806268756,nan,81.06906890828031,122.10965314551595,83.73118541156357,120.01893284599772,0.5409398157709411,0.512716275055243,104.99010756911825,nan,nan,nan,nan
776.6572190730244,nan,80.91159033207545,121.88850291279446,83.6158876267822,119.91016726864528,0.5406566048335422,0.5125263185041934,105.4067094809779,nan,nan,nan,nan
777.6725575191731,nan,80.75378447769994,121.66667530004449,83.5000526270571,119.80050171147514,0.5403727444963333,0.5123360829153296,105.82083688714235,nan,nan,nan,nan
778.6878959653218,nan,80.59565614159271,121.44417944647304,83.38368383002948,119.68993989251365,0.5400882501716788,0.5121455756975835,106.23249601890916,nan,nan,nan,nan
779.7032344114705,nan,80.43721012019267,121.22102449128708,83.26678465590794,119.57848554163346,0.5398031372719431,0.5119548042598859,106.64169310757583,nan,nan,nan,nan
780.7185728576193,nan,80.27845120993874,120.9972195736936,83.14935852735383,119.46614240040763,0.5395174212094902,0.5117637760111688,107.04843438443993,nan,nan,nan,nan
781.733911303768,nan,80.1193842072698,120.77277383289956,83.0314088693673,119.35291422196424,0.5392311173966846,0.5115724983603633,107.45272608079893,nan,nan,nan,nan
782.7492497499167,nan,79.96001390862477,120.54769640811199,82.91293910917358,119.2388047708409,0.5389442412458906,0.5113809787164011,107.85457442795041,nan,nan,nan,nan
783.7645881960653,nan,79.80034511044258,120.32199643853778,82.79395267610973,119.1238178228393,0.5386568081694723,0.5111892244882135,108.25398565719186,nan,nan,nan,nan
784.7799266422141,nan,79.64038260916212,120.09568306338399,82.6744530015114,119.0079571648798,0.538368833579794,0.5109972430847318,108.65096599982081,nan,nan,nan,nan
785.7952650883628,nan,79.48013120122229,119.86876542185757,82.55444351860064,118.89122659485629,0.5380803328892203,0.510805041914888,109.0455216871348,nan,nan,nan,nan
786.8106035345115,nan,79.31959568306202,119.64125265316548,82.43392766237302,118.77362992149065,0.5377913215101152,0.5106126283876129,109.43765895043136,nan,nan,nan,nan
787.8259419806602,nan,79.15878085112021,119.41315389651476,82.31290886948624,118.65517096418799,0.5375018148548432,0.5104200099118383,109.82738402100802,nan,nan,nan,nan
788.8412804268089,nan,78.99769150183577,119.18447829111231,82.19139057814827,118.53585355289138,0.5372118283357683,0.5102271938964956,110.21470313016228,nan,nan,nan,nan
789.8566188729577,nan,78.8363324316476,118.95523497616517,82.06937622800622,118.41568152793688,0.536921377365255,0.5100341877505161,110.59962250919168,nan,nan,nan,nan
790.8719573191064,nan,78.6747084369946,118.7254330908803,81.9468692600355,118.29465873990864,0.5366304773556676,0.5098409988828315,110.98214838939376,nan,nan,nan,nan
791.8872957652551,nan,78.51282431431574,118.49508177446464,81.8238731164296,118.17278904949457,0.5363391437193704,0.5096476347023731,111.36228700206607,nan,nan,nan,nan
792.9026342114038,nan,78.35068486004982,118.26419016612523,81.70039124048954,118.05007632734085,0.5360473918687276,0.5094541026180722,111.74004457850606,nan,nan,nan,nan
793.9179726575526,nan,78.18829487063587,118.03276740506902,81.57642707651475,117.92652445390836,0.5357552372161034,0.5092604100388605,112.11542735001132,nan,nan,nan,nan
794.9333111037013,nan,78.0256591425127,117.80082263050299,81.4519840696932,117.80213731932737,0.5354626951738622,0.5090665643736694,112.48844154787938,nan,nan,nan,nan
795.94864954985,nan,77.86278247211928,117.56836498163412,81.32706566599298,117.67691882325404,0.5351697811543685,0.5088725730314303,112.85909340340771,nan,nan,nan,nan
796.9639879959987,nan,77.69966965589448,117.3354035976694,81.20167531205344,117.55087287472566,0.5348765105699863,0.5086784434210745,113.22738914789389,nan,nan,nan,nan
797.9793264421475,nan,77.53632549027725,117.1019476178158,81.07581645507699,117.4240033920168,0.5345828988330799,0.5084841829515336,113.59333501263544,nan,nan,nan,nan
798.9946648882961,nan,77.37275477170647,116.86800618128031,80.94949254272167,117.29631430249565,0.5342889613560139,0.5082897990317392,113.95693722892985,nan,nan,nan,nan
800.0100033344448,nan,77.20896229662105,116.63358842726988,80.82270702299357,117.16780954247999,0.5339947135511521,0.5080952990706223,114.3182020280747,nan,nan,nan,nan
801.0253417805935,nan,77.0449528614599,116.39870349499151,80.69546334413988,117.03849305709373,0.5337001708308592,0.5079006904771148,114.6771356413675,nan,nan,nan,nan
802.0406802267423,nan,76.88073126266194,116.16336052365219,80.56776495454231,116.90836880012337,0.5334053486074994,0.507705980660148,115.03374430010575,nan,nan,nan,nan
803.056018672891,nan,76.71630229666607,115.92756865245892,80.43961530261109,116.7774407338749,0.5331102622934369,0.5075111770286533,115.388034235587,nan,nan,nan,nan
804.0713571190397,nan,76.55167075991122,115.69133702061862,80.31101783667907,116.64571282903057,0.5328149273010361,0.5073162869915623,115.74001167910879,nan,nan,nan,nan
805.0866955651884,nan,76.38684144883626,115.45467476733829,80.18197600489651,116.51318906450607,0.532519359042661,0.5071213179578061,116.08968286196861,nan,nan,nan,nan
806.1020340113371,nan,76.22181915988013,115.21759103182494,80.05249325512598,116.37987342730749,0.5322235729306763,0.5069262773363165,116.43705401546401,nan,nan,nan,nan
807.1173724574859,nan,76.05660868948172,114.9800949532855,79.92257303483812,116.24576991238915,0.531927584377446,0.5067311725360248,116.78213137089254,nan,nan,nan,nan
808.1327109036346,nan,75.89121483407993,114.74219567092699,79.79221879100723,116.11088252251086,0.5316314087953347,0.5065360109658624,117.12492115955168,nan,nan,nan,nan
809.1480493497833,nan,75.7256423901137,114.50390232395637,79.661433970008,115.97521526809605,0.5313350615967063,0.5063408000347609,117.465429612739,nan,nan,nan,nan
810.163387795932,nan,75.55989615402194,114.26522405158062,79.5302220175118,115.83877216708932,0.5310385581939252,0.5061455471516516,117.803662961752,nan,nan,nan,nan
811.1787262420808,nan,75.39398092224351,114.0261699930067,79.39858637838434,115.70155724481523,0.530741913999356,0.5059502597254659,118.1396274378882,nan,nan,nan,nan
812.1940646882294,nan,75.22790149121738,113.78674928744167,79.26653049658285,115.5635745338361,0.5304451444253626,0.5057549451651354,118.47332927244514,nan,nan,nan,nan
813.2094031343781,nan,75.06166265738241,113.5469710740924,79.13405781505453,115.42482807381123,0.5301482648843094,0.5055596108795914,118.80477469672036,nan,nan,nan,nan
814.2247415805268,nan,74.89526921717754,113.30684449216595,79.00117177563467,115.28532191135523,0.5298512907885609,0.5053642642777656,119.13396994201136,nan,nan,nan,nan
815.2400800266756,nan,74.72872596704168,113.06637868086925,78.86787581894568,115.14506009989724,0.5295542375504811,0.5051689127685892,119.46092123961569,nan,nan,nan,nan
816.2554184728243,nan,74.56203770341372,112.82558277940932,78.7341733842966,115.00404669954047,0.5292571205824345,0.5049735637609938,119.78563482083086,nan,nan,nan,nan
817.270756918973,nan,74.39520922273257,112.5844659269931,78.60006790958262,114.86228577692135,0.5289599552967853,0.5047782246639106,120.10811691695443,nan,nan,nan,nan
818.2860953651217,nan,74.22824532143714,112.34303726282761,78.46556283118552,114.71978140506954,0.5286627571058978,0.5045829028862715,120.42837375928389,nan,nan,nan,nan
819.3014338112705,nan,74.06115079596637,112.10130592611979,78.33066158387429,114.57653766326779,0.5283655414221364,0.5043876058370076,120.74641157911678,nan,nan,nan,nan
820.3167722574192,nan,73.89393044275913,111.85928105607665,78.19536760070616,114.43255863691228,0.528068323657865,0.5041923409250502,121.06223660775062,nan,nan,nan,nan
821.3321107035679,nan,73.72658905825433,111.61697179190514,78.05968431292828,114.28784841737296,0.5277711192254485,0.5039971155593311,121.37585507648296,nan,nan,nan,nan
822.3474491497166,nan,73.5591314388909,111.37438727281227,77.92361514987972,114.14241110185453,0.5274739435372507,0.5038019371487816,121.68727321661129,nan,nan,nan,nan
823.3627875958653,nan,73.39156238110775,111.131536638005,77.78716353889382,113.99625079325713,0.527176812005636,0.5036068131023334,121.99649725943317,nan,nan,nan,nan
824.3781260420141,nan,73.22388668134377,110.88842902669032,77.65033290520144,113.84937160003807,0.5268797400429689,0.5034117508289173,122.30353343624611,nan,nan,nan,nan
825.3934644881627,nan,73.05610913603788,110.6450735780752,77.51312667183392,113.70177763607283,0.5265827430616135,0.5032167577374653,122.60838797834768,nan,nan,nan,nan
826.4088029343114,nan,72.88823454162898,110.40147943136664,77.37554825952726,113.55347302051726,0.5262858364739341,0.5030218412369089,122.91106711703534,nan,nan,nan,nan
827.4241413804601,nan,72.72026769455599,110.15765572577158,77.23760108662634,113.40446187766958,0.5259890356922949,0.5028270087361791,123.21157708360664,nan,nan,nan,nan
828.4394798266089,nan,72.55221339125781,109.91361160049703,77.09928856898954,113.25474833683259,0.5256923561290605,0.5026322676442077,123.50992410935913,nan,nan,nan,nan
829.4548182727576,nan,72.38407642817334,109.66935619474997,76.9606141198943,113.10433653217672,0.525395813196595,0.5024376253699261,123.80611442559032,nan,nan,nan,nan
830.4701567189063,nan,72.21586160174152,109.42489864773734,76.82158114994246,112.95323060260245,0.5250994223072625,0.5022430893222656,124.10015426359772,nan,nan,nan,nan
831.485495165055,nan,72.04757370840122,109.18024809866617,76.68219306696668,112.80143469160394,0.5248031988734276,0.5020486669101577,124.39204985467887,nan,nan,nan,nan
832.5008336112038,nan,71.8792175445914,108.9354136867434,76.54245327593706,112.64895294713263,0.5245071583074545,0.5018543655425338,124.68180743013133,nan,nan,nan,nan
833.5161720573525,nan,71.71079790675091,108.69040455117604,76.40236517886824,112.4957895214608,0.5242113160217075,0.5016601926283256,124.96943322125259,nan,nan,nan,nan
834.5315105035012,nan,71.54231959131872,108.44522983117108,76.26193217472685,112.34194857104583,0.5239156874285507,0.5014661555764643,125.2549334593402,nan,nan,nan,nan
835.5468489496499,nan,71.37378739473367,108.19989866593545,76.12115765933983,112.18743425639482,0.5236202879403486,0.5012722617958815,125.53831437569167,nan,nan,nan,nan
836.5621873957987,nan,71.20520611343473,107.95442019467617,75.98004502530287,112.0322507419294,0.5233251329694656,0.5010785186955085,125.8195822016045,nan,nan,nan,nan
837.5775258419474,nan,71.03658054386078,107.7088035566002,75.83859766188935,111.87640219585047,0.5230302379282656,0.5008849336842768,126.09874316837627,nan,nan,nan,nan
838.592864288096,nan,70.86791548245074,107.46305789091451,75.69681895496,111.71989279000412,0.5227356182291133,0.5006915141711177,126.37580350730448,nan,nan,nan,nan
839.6082027342447,nan,70.69921572564348,107.21719233682612,75.55471228687281,111.56272669974709,0.5224412892843727,0.5004982675649631,126.65076944968666,nan,nan,nan,nan
840.6235411803934,nan,70.53048606987797,106.97121603354198,75.41228103639362,111.4049081038131,0.5221472665064082,0.500305201274744,126.92364722682035,nan,nan,nan,nan
841.6388796265422,nan,70.36173131159309,106.72513812026907,75.26952857860694,111.24644118417902,0.5218535653075842,0.500112322709392,127.19444307000305,nan,nan,nan,nan
842.6542180726909,nan,70.19295624722774,106.47896773621436,75.12645828482749,111.08733012593198,0.5215602011002649,0.49991963927783867,127.46316321053231,nan,nan,nan,nan
843.6695565188396,nan,70.02416567322084,106.23271402058485,74.9830735225122,110.92757911713623,0.5212671892968144,0.49972715838901516,127.72981387970567,nan,nan,nan,nan
844.6848949649883,nan,69.85536438601127,105.98638611258751,74.83937765517254,110.76719234870085,0.5209745453095973,0.49953488745185315,127.99440130882061,nan,nan,nan,nan
845.7002334111371,nan,69.68655719876823,105.73999318724924,74.69537404228761,110.60617401424743,0.5206822846327489,0.49934283391078726,128.25693172540684,nan,nan,nan,nan
846.7155718572858,nan,69.51774905894273,105.49354470709861,74.55106603921728,110.44452830997821,0.5203904234167269,0.4991510054952124,128.51741132675224,nan,nan,nan,nan
847.7309103034345,nan,69.3489449272947,105.24705016315887,74.40645699711652,110.28225943454503,0.5200989778770373,0.498959409962766,128.77584630714728,nan,nan,nan,nan
848.7462487495832,nan,69.18014954667362,105.0005185799004,74.26155026284945,110.11937158891776,0.5198079631641188,0.49876805460865736,129.03224290995843,nan,nan,nan,nan
849.761587195732,nan,69.01136727181363,104.75395815082689,74.11634917890456,109.9558689762539,0.5195173925314414,0.49857694590447466,129.28660746596032,nan,nan,nan,nan
850.7769256418807,nan,68.84260196136503,104.50737600731149,73.97085708330988,109.79175580176828,0.5192272768077963,0.49838608926906547,129.53894641765135,nan,nan,nan,nan
851.7922640880294,nan,68.67385693216222,104.26077812068311,73.8250773095491,109.6270362726029,0.5189376241737733,0.498195488971488,129.7892663295532,nan,nan,nan,nan
852.807602534178,nan,68.50513497572818,104.01416933756298,73.67901318647785,109.46171459769754,0.5186484402424288,0.49800514816603547,130.03757388449375,nan,nan,nan,nan
853.8229409803268,nan,68.33643843701523,103.76755354845103,73.53266803824084,109.29579498766061,0.5183597284441431,0.4978150690593322,130.28387586587382,nan,nan,nan,nan
854.8382794264755,nan,68.16776935538246,103.52093398956276,73.38604518418902,109.12928165464018,0.518071490715666,0.49762525320950207,130.52817912591735,nan,nan,nan,nan
855.8536178726242,nan,67.99912966780927,103.27431367791587,73.23914793879774,108.96217881219584,0.5177837284933527,0.497435701957409,130.7704905399054,nan,nan,nan,nan
856.8689563187729,nan,67.83052143205552,103.02769588912238,73.0919796115851,108.79449067517038,0.5174964438038898,0.49724641690022514,131.0108169559179,nan,nan,nan,nan
857.8842947649217,nan,67.6619467741332,102.78108404492434,72.9445435070309,108.62622145956242,0.5172096390075553,0.4970573997799608,131.24916520666352,nan,nan,nan,nan
858.8996332110704,nan,67.4934078205377,102.53448156809884,72.79684292449626,108.45737538239926,0.5169233164669907,0.4968686523396524,131.4855421247421,nan,nan,nan,nan
859.9149716572191,nan,67.32490669776448,102.28789188142304,72.64888115814347,108.28795666161,0.5166374785448371,0.4966801763223361,131.71995454275347,nan,nan,nan,nan
860.9303101033678,nan,67.15644553230898,102.04131840767403,72.50066149685641,108.11796951589909,0.5163521276037358,0.49649197347104834,131.9524092932975,nan,nan,nan,nan
861.9456485495165,nan,66.98802645066662,101.79476456962892,72.35218722416178,107.94741816462052,0.5160672660063281,0.4963040455288251,132.18291320897407,nan,nan,nan,nan
862.9609869956653,nan,66.81965157933286,101.54823379006487,72.20346161815047,107.7763068276522,0.5157828961152553,0.49611639423870313,132.4114731223829,nan,nan,nan,nan
863.976325441814,nan,66.65132304480312,101.30172949175895,72.05448795139961,107.60463972527086,0.5154990202931585,0.4959290213437183,132.6380958661239,nan,nan,nan,nan
864.9916638879627,nan,66.48304297357285,101.0552550974883,71.90526949089525,107.43242107802747,0.5152156409026791,0.49574192858690713,132.86278827279693,nan,nan,nan,nan
866.0070023341113,nan,66.31481349213746,100.80881403003005,71.75580949795518,107.25965510662265,0.5149327603064584,0.4955551177113058,133.08555717500175,nan,nan,nan,nan
867.0223407802602,nan,66.14663672699243,100.56240971216133,71.60611122815281,107.08634603178322,0.5146503808671375,0.4953685904599505,133.30640940533826,nan,nan,nan,nan
868.0376792264088,nan,65.97851480463316,100.3160455666592,71.45617793124116,106.9124980741387,0.5143685049473576,0.49518234857587784,133.52535179640626,nan,nan,nan,nan
869.0530176725575,nan,65.8104498515551,100.06972501630085,71.30601285107733,106.73811545409812,0.5140871349097604,0.49499639380212385,133.74239118080564,nan,nan,nan,nan
870.0683561187062,nan,65.6424439942537,99.82345148386335,71.15561922554811,106.56320239172796,0.5138062731169867,0.49481072788172487,133.95753439113616,nan,nan,nan,nan
871.083694564855,nan,65.47449935922437,99.57722839212384,71.00500028649498,106.3877631066294,0.5135259219316779,0.4946253525577171,134.17078825999772,nan,nan,nan,nan
872.0990330110037,nan,65.30661807296255,99.33105916385944,70.85415925964095,106.21180181781747,0.5132460837164754,0.494440269573137,134.38215961999015,nan,nan,nan,nan
873.1143714571524,nan,65.1388022619637,99.08494722184726,70.70309936451696,106.03532274359945,0.5129667608340204,0.4942554806710209,134.59165530371325,nan,nan,nan,nan
874.1297099033011,nan,64.97105405272323,98.83889598886444,70.5518238143892,105.8583301014542,0.512687955646954,0.4940709875944047,134.7992821437669,nan,nan,nan,nan
875.1450483494499,nan,64.80337557173661,98.59290888768805,70.40033581618668,105.68082810791181,0.5124096705179176,0.49388679208632513,135.0050469727509,nan,nan,nan,nan
876.1603867955986,nan,64.63576894549924,98.34698934109525,70.2486385704299,105.50282097843407,0.5121319078095525,0.4937028958898183,135.2089566232651,nan,nan,nan,nan
877.1757252417473,nan,64.46823630050658,98.10114077186319,70.09673527115952,105.32431292729507,0.5118546698845,0.49351930074792044,135.41101792790937,nan,nan,nan,nan
878.191063687896,nan,64.30077976325404,97.85536660276891,69.94462910586539,105.14530816746203,0.5115779591054012,0.493336008403668,135.6112377192835,nan,nan,nan,nan
879.2064021340447,nan,64.1334014602371,97.60967025658958,69.79232325541702,104.96581091047742,0.5113017778348974,0.49315302060009697,135.80962282998738,nan,nan,nan,nan
880.2217405801935,nan,63.96610351795117,97.3640551561023,69.63982089399344,104.78582536634053,0.5110261284356298,0.4929703390802439,136.00618009262078,nan,nan,nan,nan
881.2370790263421,nan,63.79888806289168,97.11852472408421,69.48712518901448,104.6053557433904,0.5107510132702399,0.4927879655871451,136.2009163397836,nan,nan,nan,nan
882.2524174724908,nan,63.63175722155408,96.87308238331238,69.33423930107203,104.42440624818867,0.5104764347013688,0.4926059018638367,136.39383840407564,nan,nan,nan,nan
883.2677559186395,nan,63.4647131204338,96.62773155656399,69.18116638386222,104.24298108540319,0.5102023950916579,0.492424149653355,136.58495311809673,nan,nan,nan,nan
884.2830943647883,nan,63.29775788602629,96.38247566661613,69.02790958411768,104.06108445769192,0.5099288968037481,0.4922427106987364,136.77426731444675,nan,nan,nan,nan
885.298432810937,nan,63.130893644826955,96.13731813624594,68.87447204154091,103.8787205655875,0.5096559422002811,0.49206158674301703,136.96178782572548,nan,nan,nan,nan
886.3137712570857,nan,62.96412252333127,95.8922623882305,68.72085688873757,103.69589360738222,0.509383533643898,0.49188077952923337,137.1475214845328,nan,nan,nan,nan
887.3291097032344,nan,62.79744664803465,95.64731184534696,68.56706725115072,103.51260777901336,0.5091116734972398,0.49170029080042144,137.33147512346855,nan,nan,nan,nan
888.3444481493832,nan,62.630868145432544,95.40246993037243,68.4131062469955,103.32886727394941,0.5088403641229482,0.49152012229961783,137.51365557513256,nan,nan,nan,nan
889.3597865955319,nan,62.46438914202037,95.15774006608402,68.25897698719432,103.14467628307642,0.5085696078836642,0.4913402757698587,137.69406967212467,nan,nan,nan,nan
890.3751250416806,nan,62.298011764293584,94.91312567525885,68.10468257531242,102.96003899458476,0.5082994071420293,0.4911607529541803,137.87272424704466,nan,nan,nan,nan
891.3904634878293,nan,62.13173813874761,94.66863018067406,67.95022610749423,102.77495959385689,0.5080297642606844,0.49098155559561896,138.04962613249242,nan,nan,nan,nan
892.4058019339781,nan,61.96557039187789,94.42425700510675,67.79561067240019,102.58944226335525,0.507760681602271,0.49080268543721095,138.22478216106782,nan,nan,nan,nan
893.4211403801268,nan,61.799510650179855,94.18000957133407,67.64083935114394,102.40349118251065,0.5074921615294302,0.4906241442219925,138.3981991653706,nan,nan,nan,nan
894.4364788262754,nan,61.63356104014895,93.93589130213307,67.48591521723023,102.21711052761134,0.5072242064048036,0.49044593369299994,138.56988397800075,nan,nan,nan,nan
895.4518172724241,nan,61.4677236882806,93.69190562028092,67.33084133649317,102.03030447169246,0.506956818591032,0.4902680555932696,138.73984343155797,nan,nan,nan,nan
896.4671557185728,nan,61.30200072107026,93.44805594855475,67.17562076703535,101.84307718442612,0.5066900004507571,0.4900905116658377,138.90808435864213,nan,nan,nan,nan
897.4824941647216,nan,61.13639426501335,93.20434570973165,67.02025655916721,101.65543283201207,0.5064237543466198,0.48991330365374053,139.07461359185308,nan,nan,nan,nan
898.4978326108703,nan,60.97090644660531,92.96077832658875,66.86475175534692,101.46737557706845,0.5061580826412616,0.4897364333000145,139.23943796379066,nan,nan,nan,nan
899.513171057019,nan,60.805539392341586,92.71735722190317,66.70910939012082,101.27890957852348,0.5058929876973237,0.4895599023476957,139.40256430705472,nan,nan,nan,nan
900.5285095031677,nan,60.640295228717605,92.47408581845202,66.55333249006476,101.09003899150792,0.5056284718774473,0.48938371253982066,139.56399945424505,nan,nan,nan,nan
901.5438479493165,nan,60.47517608222881,92.23096753901244,66.39742407372545,100.90076796724715,0.5053645375442738,0.4892078656194254,139.72375023796155,nan,nan,nan,nan
902.5591863954652,nan,60.31018407937064,91.98800580636151,66.24138715156259,100.71110065295471,0.5051011870604443,0.48903236332954636,139.881823490804,nan,nan,nan,nan
903.5745248416139,nan,60.14532134663852,91.74520404327639,66.08522472589154,100.52104119172591,0.5048384227886,0.4888572074132199,140.0382260453723,nan,nan,nan,nan
904.5898632877626,nan,59.980590010527905,91.50256567253419,65.92893979082656,100.33059372243216,0.5045762470913826,0.48868239961348214,140.1929647342662,nan,nan,nan,nan
905.6052017339114,nan,59.8159921975342,91.26009411691201,65.77253533222442,100.13976237961539,0.504314662331433,0.4885079416733694,140.34604639008563,nan,nan,nan,nan
906.6205401800601,nan,59.65153003415287,91.01779279918699,65.61601432762866,99.9485512933838,0.5040536708713923,0.488333835335918,140.49747784543038,nan,nan,nan,nan
907.6358786262088,nan,59.48720564687933,90.77566514213623,65.45937974621452,99.75696458930753,0.5037932750739023,0.4881600823441642,140.64726593290027,nan,nan,nan,nan
908.6512170723574,nan,59.323021162209045,90.53371456853687,65.30263454873393,99.56500638831483,0.5035334773016038,0.4879866844411444,140.7954174850952,nan,nan,nan,nan
909.6665555185062,nan,59.158978706637434,90.291944501166,65.14578168746174,99.37268080658944,0.5032742799171381,0.48781364336989474,140.94193933461491,nan,nan,nan,nan
910.6818939646549,nan,58.99508040665994,90.05035836280078,64.98882410614183,99.17999195546768,0.5030156852831467,0.4876409608734516,141.08683831405932,nan,nan,nan,nan
911.6972324108036,nan,58.83132838877199,89.80895957621829,64.8317647399341,98.98694394133673,0.5027576957622708,0.48746863869485124,141.23012125602824,nan,nan,nan,nan
912.7125708569523,nan,58.667724779469026,89.56775156419565,64.67460651536196,98.79354086553305,0.5025003137171514,0.4872966785771299,141.3717949931215,nan,nan,nan,nan
913.7279093031011,nan,58.504271705246495,89.32673774951002,64.51735235026025,98.59978682424166,0.50224354151043,0.48712508226332396,141.51186635793897,nan,nan,nan,nan
914.7432477492498,nan,58.34097129259982,89.0859215549385,64.36000515372376,98.4056859083957,0.501987381504748,0.4869538514964697,141.65034218308045,nan,nan,nan,nan
915.7585861953985,nan,58.17782566802443,88.84530640325816,64.20256782605634,98.21124220357672,0.5017318360627464,0.4867829880196032,141.7872293011458,nan,nan,nan,nan
916.7739246415472,nan,58.01483695801578,88.6048957172462,64.0450432587203,98.0164597899155,0.5014769075470665,0.486612493575761,141.92253454473484,nan,nan,nan,nan
917.7892630876959,nan,57.852007289069306,88.3646929196797,63.8874343342867,97.8213427419934,0.5012225983203495,0.4864423699079793,142.0562647464474,nan,nan,nan,nan
918.8046015338447,nan,57.68933878768043,88.12470143333573,63.729743926385844,97.6258951287442,0.500968910745237,0.4862726187592944,142.18842673888335,nan,nan,nan,nan
919.8199399799934,nan,57.5268335803446,87.8849246809915,63.57197489965866,97.43012101335691,0.5007158471843699,0.4861032418727425,142.3190273546425,nan,nan,nan,nan
920.835278426142,nan,57.364493793557244,87.64536608542407,63.4141301097081,97.23402445317832,0.5004634100003897,0.48593424099136007,142.4480734263247,nan,nan,nan,nan
921.8506168722907,nan,57.20232155381382,87.40602906941061,63.25621240305156,97.03760949961696,0.5002116015559376,0.4857656178581831,142.5755717865298,nan,nan,nan,nan
922.8659553184395,nan,57.04031898760974,87.16691705572816,63.0982246170736,96.8408801980472,0.4999604242136547,0.4855973742162482,142.7015292678576,nan,nan,nan,nan
923.8812937645882,nan,56.87848822144044,86.92803346715391,62.940169579979205,96.64384058771405,0.49970988033618247,0.48542951180859145,142.82595270290795,nan,nan,nan,nan
924.8966322107369,nan,56.716831381801384,86.68938172646493,62.782050110747655,96.44649470163841,0.499459972286162,0.4852620323782493,142.94884892428072,nan,nan,nan,nan
925.9119706568856,nan,56.555350595187974,86.45096525643838,62.623869019086726,96.24884656652293,0.4992107024262348,0.48509493766825784,143.07022476457573,nan,nan,nan,nan
926.9273091030344,nan,56.39404798809568,86.21278747985136,62.465629105387706,96.05090020265862,0.49896207311904195,0.4849282294216535,143.19008705639283,nan,nan,nan,nan
927.9426475491831,nan,56.23292568701993,85.97485181948097,62.30733316068069,95.85265962383178,0.4987140867272246,0.48476190938147257,143.30844263233175,nan,nan,nan,nan
928.9579859953318,nan,56.07198581845613,85.73716169810436,62.14898396659059,95.65412883723168,0.4984667456134242,0.48459597929075116,143.4252983249925,nan,nan,nan,nan
929.9733244414805,nan,55.91123050889975,85.49972053849865,61.99058429529353,95.45531184335876,0.49822005214028187,0.48443044089252574,143.5406609669748,nan,nan,nan,nan
930.9886628876293,nan,55.75066188484621,85.26253176344093,61.83213690947369,95.25621263593328,0.4979740086704391,0.4842652959298326,143.65453739087852,nan,nan,nan,nan
932.004001333778,nan,55.59028207279097,85.02559879570835,61.673644562281055,95.05683520180497,0.497728617566537,0.48410054614570786,143.7669344293035,nan,nan,nan,nan
933.0193397799267,nan,55.43009319922943,84.78892505807801,61.515109997289365,94.85718352086283,0.4974838811912169,0.48393619328318804,143.87785891484955,nan,nan,nan,nan
934.0346782260754,nan,55.27009739065706,84.55251397332702,61.35653594845431,94.65726156594528,0.4972398019071199,0.4837722390853092,143.98731768011658,nan,nan,nan,nan
935.050016672224,nan,55.110296773569274,84.31636896423251,61.197925140073174,94.45707330275205,0.49699638207688746,0.48360868529510775,144.09531755770433,nan,nan,nan,nan
936.0653551183728,nan,54.950693474461524,84.08049345357162,61.039280286743875,94.25662268975508,0.4967536240631607,0.48344553365562,144.20186538021272,nan,nan,nan,nan
937.0806935645215,nan,54.79128961982924,83.84489086412144,60.88060409332557,94.05591367811151,0.4965115302285811,0.4832827859098821,144.30696798024155,nan,nan,nan,nan
938.0960320106702,nan,54.632087336167864,83.6095646186591,60.7218992548988,93.85495021157598,0.4962701029357895,0.48312044380093055,144.41063219039066,nan,nan,nan,nan
939.1113704568189,nan,54.473088749972824,83.37451813996172,60.563168456726956,93.65373622641441,0.49602934454742753,0.48295850907180154,144.5128648432599,nan,nan,nan,nan
940.1267089029677,nan,54.314295987739555,83.13975485080641,60.40441437421775,93.45227565131786,0.49578925742613633,0.48279698346553124,144.61367277144907,nan,nan,nan,nan
941.1420473491164,nan,54.15571117596351,82.90527817397029,60.24563967288564,93.25057240731746,0.49554984393455737,0.48263586872515596,144.71306280755806,nan,nan,nan,nan
942.1573857952651,nan,53.99733644114011,82.67109153223052,60.08684700831419,93.0486304076993,0.4953111064353315,0.48247516659371215,144.81104178418664,nan,nan,nan,nan
943.1727242414138,nan,53.839173909764796,82.43719834836415,59.92803902611956,92.84645355792051,0.4950730472911003,0.482314878814236,144.9076165339347,nan,nan,nan,nan
944.1880626875626,nan,53.681225708333,82.20360204514833,59.769218361914206,92.64404575552564,0.4948356688645049,0.4821550071297638,145.00279388940208,nan,nan,nan,nan
945.2034011337113,nan,53.52349396376448,81.97030604608078,59.61038764127086,92.44141089006344,0.49459897351916093,0.48199555328390975,145.0965806836093,nan,nan,nan,nan
946.21873957986,nan,53.365980843153196,81.73731384288436,59.45154947968759,92.23855284300484,0.49436296371093275,0.48183651907500435,145.1889837894081,nan,nan,nan,nan
947.2340780260087,nan,53.20868857589598,81.50462903308679,59.29270648255293,92.03547548766093,0.49412764203874604,0.48167790638623303,145.28001014142131,nan,nan,nan,nan
948.2494164721575,nan,53.05161933079691,81.27225511131512,59.1338612451117,91.8321826891019,0.4938930109623919,0.4815197170182556,145.36966661419626,nan,nan,nan,nan
949.2647549183062,nan,52.8947751074577,81.04019528485134,58.9750163524312,91.6286783040762,0.4936590725531357,0.481361952541282,145.45795991452226,nan,nan,nan,nan
950.2800933644548,nan,52.73815766135458,80.80845234639536,58.81617437936812,91.42496618093094,0.4934258283216768,0.4812046141930293,145.54489650714729,nan,nan,nan,nan
951.2954318106035,nan,52.58176846260148,80.57702860403535,58.65733789053579,91.22105015953208,0.49319327912345995,0.4810477028225581,145.630482573893,nan,nan,nan,nan
952.3107702567522,nan,52.42560868839967,80.34592586842535,58.49850944027197,91.0169340711859,0.4929614251413376,0.48089121887998876,145.714724006169,nan,nan,nan,nan
953.326108702901,nan,52.26967924917366,80.11514549717037,58.33969157260726,90.81262173856085,0.49273026594558433,0.48073516245209824,145.79762643088554,nan,nan,nan,nan
954.3414471490497,nan,52.11398084839371,79.88468849641862,58.18088682123381,90.60811697560972,0.49249980063126175,0.48057953334379677,145.87919526976518,nan,nan,nan,nan
955.3567855951984,nan,51.95851407608447,79.65455567966129,58.0220977094747,90.4034235874928,0.49227002803293574,0.4804243312054845,145.95943583205354,nan,nan,nan,nan
956.3721240413471,nan,51.80327953494766,79.42474788191824,57.8633267502538,90.19854537050156,0.4920409470142813,0.4802695557048272,146.03835343956496,nan,nan,nan,nan
957.3874624874959,nan,51.64827789865784,79.19526605873764,57.70457644606595,89.99348611198258,0.4918125566019427,0.48011520660615425,146.1159534844808,nan,nan,nan,nan
958.4028009336446,nan,51.4935098485644,78.96611117870144,57.54584928894814,89.78824959026299,0.49158485584018735,0.4799612836842476,146.1922413665917,nan,nan,nan,nan
959.4181393797933,nan,51.33897606601673,78.73728421039152,57.387147760450375,89.58283957457506,0.49135784377328273,0.4798077867138896,146.2672224856883,nan,nan,nan,nan
960.433477825942,nan,51.18467723236424,78.50878612238981,57.228474331607856,89.37725982498294,0.4911315194454964,0.47965471546986227,146.3409022415613,nan,nan,nan,nan
961.4488162720908,nan,51.03061402895632,78.28061788327823,57.069831462913164,89.17151409230895,0.4909058819010956,0.479502069726948,146.41328603400135,nan,nan,nan,nan
962.4641547182395,nan,50.87678713714237,78.05278046163866,56.911221604289146,88.96560611806092,0.4906809301843479,0.4793498492599287,146.48437926279905,nan,nan,nan,nan
963.4794931643881,nan,50.723197238271794,77.82527482605303,56.75264719506212,88.75953963435995,0.49045666333952065,0.4791980538435866,146.55418732774513,nan,nan,nan,nan
964.4948316105368,nan,50.56984501369397,77.59810194510324,56.59411066393584,88.55331836386915,0.4902330804108813,0.4790466832527039,146.6227156286302,nan,nan,nan,nan
965.5101700566856,nan,50.4167311447583,77.3712627873712,56.435614428965636,88.34694601972224,0.4900101804426974,0.4788957372620627,146.68996956524492,nan,nan,nan,nan
966.5255085028343,nan,50.26385631281421,77.14475832143884,56.277160897533456,88.14042630545387,0.4897879624792363,0.4787452156464453,146.75595453737995,nan,nan,nan,nan
967.540846948983,nan,50.11122119921105,76.91858951588804,56.11875246632286,87.93376291492923,0.4895664255647655,0.4785951181806336,146.820675944826,nan,nan,nan,nan
968.5561853951317,nan,49.958826485298246,76.69275733930074,55.96039152129479,87.72695953227517,0.4893455687435523,0.47844544463940997,146.88413918737365,nan,nan,nan,nan
969.5715238412805,nan,49.80667285242518,76.46726276025882,55.80208043766415,87.52001983181202,0.48912539105986436,0.47829619479755653,146.94634966481362,nan,nan,nan,nan
970.5868622874292,nan,49.65476098194128,76.2421067473442,55.64382157987638,87.31294747798545,0.48890589155796893,0.4781473684298554,147.00731277693654,nan,nan,nan,nan
971.6022007335779,nan,49.503091555195894,76.01729026913878,55.485617301584504,87.10574612529898,0.4886870692821336,0.47799896531108876,147.06703392353302,nan,nan,nan,nan
972.6175391797266,nan,49.35166525353846,75.79281429422451,55.327469945627136,86.89841941824771,0.4884689232766257,0.47785098521603875,147.12551850439377,nan,nan,nan,nan
973.6328776258753,nan,49.20048275831836,75.56867979118326,55.16938184400641,86.69097099125193,0.4882514525857127,0.4777034279194876,147.18277191930946,nan,nan,nan,nan
974.6482160720241,nan,49.049544750884984,75.34488772859694,55.011355317866816,86.48340446859181,0.4880346562536619,0.4775562931962174,147.23879956807073,nan,nan,nan,nan
975.6635545181728,nan,48.89885191258773,75.12143907504749,54.853392677474424,86.27572346434262,0.4878185333247411,0.47740958082101037,147.2936068504682,nan,nan,nan,nan
976.6788929643214,nan,48.74840492477601,74.89833479911678,54.69549622219625,86.06793158231034,0.48760308284321746,0.4772632905686486,147.34719916629263,nan,nan,nan,nan
977.6942314104701,nan,48.59820446879921,74.67557586938676,54.537668240480485,85.86003241596799,0.48738830385335846,0.4771174222139143,147.39958191533455,nan,nan,nan,nan
978.7095698566189,nan,48.44825122600673,74.45316325443932,54.37991100983737,85.65202954839307,0.48717419539943163,0.47697197553158954,147.45076049738466,nan,nan,nan,nan
979.7249083027676,nan,48.298545877747955,74.23109792285636,54.2222267968197,85.44392655220443,0.48696075652570436,0.4768269502964566,147.5007403122337,nan,nan,nan,nan
980.7402467489163,nan,48.1490891053723,74.0093808432198,54.06461785700468,85.23572698950098,0.486747986276444,0.47668234628329764,147.5495267596722,nan,nan,nan,nan
981.755585195065,nan,47.999881590229144,73.78801298411156,53.90708643497602,85.02743441180044,0.48653588369591816,0.4765381632668947,147.59712523949094,nan,nan,nan,nan
982.7709236412138,nan,47.85092401366789,73.56699531411353,53.74963476430602,84.81905235997846,0.4863244478283942,0.47639440102203,147.64354115148046,nan,nan,nan,nan
983.7862620873625,nan,47.702217057037956,73.34632880180763,53.59226506753891,84.6105843642091,0.4861136777181395,0.47625105932348566,147.68877989543148,nan,nan,nan,nan
984.8016005335112,nan,47.5537614016887,73.12601441577577,53.434979556173936,84.40203394390501,0.4859035724094215,0.47610813794604395,147.73284687113465,nan,nan,nan,nan
985.8169389796599,nan,47.40555772896954,72.90605312459984,53.277780430649365,84.193404607659,0.48569413094650776,0.47596563666448694,147.77574747838065,nan,nan,nan,nan
986.8322774258087,nan,47.25760672022989,72.6864458968618,53.12066988032684,83.98469985318573,0.48548535237366575,0.4758235552535969,147.81748711696008,nan,nan,nan,nan
987.8476158719574,nan,47.10990905681911,72.46719370114351,52.96365008347607,83.77592316726431,0.4852772357351627,0.4756818934881558,147.85807118666366,nan,nan,nan,nan
988.8629543181061,nan,46.96246542008663,72.2482975060269,52.80672320726003,83.56707802568106,0.48506978007526624,0.47554065114294597,147.89750508728198,nan,nan,nan,nan
989.8782927642548,nan,46.81527649138182,72.02975828009389,52.649891407720744,83.35816789317346,0.48486298443824366,0.4753998279927495,147.9357942186058,nan,nan,nan,nan
990.8936312104034,nan,46.6683429520541,71.81157699192636,52.49315682976552,83.14919622337445,0.48465684786836255,0.47525942381234854,147.97294398042567,nan,nan,nan,nan
991.9089696565522,nan,46.52166548345286,71.59375461010623,52.33652160715336,82.94016645875708,0.48445136940989025,0.47511943837652526,148.0089597725323,nan,nan,nan,nan
992.9243081027009,nan,46.37524476692748,71.37629210321543,52.17998786248213,82.7310820305802,0.48424654810709433,0.47497987146006193,148.04384699471632,nan,nan,nan,nan
993.9396465488496,nan,46.22908148382737,71.15919043983585,52.02355770717614,82.5219463588345,0.48404238300424196,0.47484072283774037,148.07761104676842,nan,nan,nan,nan
994.9549849949983,nan,46.08317631550193,70.9424505885494,51.86723324147392,82.31276285218918,0.4838388731456008,0.4747019922843432,148.11025732847924,nan,nan,nan,nan
995.9703234411471,nan,45.93752994330055,70.72607351793803,51.711016554416794,82.10353490793923,0.4836360175754384,0.4745636795746522,148.14179123963945,nan,nan,nan,nan
996.9856618872958,nan,45.792143048572626,70.5100601965836,51.55490972383763,81.89426591195343,0.4834338153380218,0.47442578448344974,148.17221818003966,nan,nan,nan,nan
998.0010003334445,nan,45.647016312667574,70.29441159306802,51.398914816350235,81.68495923862282,0.4832322654776189,0.474288306785518,148.20154354947059,nan,nan,nan,nan
999.0163387795932,nan,45.50215041693477,70.07912867597322,51.24303388733902,81.47561825080984,0.48303136703849686,0.4741512462556389,148.22977274772285,nan,nan,nan,nan
1000.031677225742,nan,45.3575460427236,69.8642124138811,51.08726898094908,81.26624629979784,0.48283111906492315,0.47401460266859485,148.25691117458712,nan,nan,nan,nan
1001.0470156718907,nan,45.2132038713835,69.64966377537358,50.93162213007718,81.05684672524188,0.4826315206011653,0.4738783757991679,148.2829642298541,nan,nan,nan,nan
1002.0623541180394,nan,45.06912458426383,69.43548372903255,50.77609535636234,80.84742285511913,0.4824325706914907,0.47374256542214027,148.30793731331434,nan,nan,nan,nan
1003.077692564188,nan,44.925308862714004,69.22167324343997,50.620690670177694,80.63797800568071,0.4822342683801668,0.473607171312294,148.3318358247586,nan,nan,nan,nan
1004.0930310103369,nan,44.78175738808342,69.00823328717769,50.46541007062215,80.42851548140358,0.48203661271146103,0.4734721932444114,148.35466516397747,nan,nan,nan,nan
1005.1083694564855,nan,44.63847084172147,68.79516482882764,50.310255545513044,80.21903857494368,0.4818396027296408,0.4733376309932746,148.37643073076165,nan,nan,nan,nan
1006.1237079026342,nan,44.49544990497755,68.58246883697174,50.15522907137865,80.00955056708877,0.48164323747897364,0.4732034843336656,148.39713792490176,nan,nan,nan,nan
1007.1390463487829,nan,44.35269525920105,68.3701462801919,50.00033261345145,79.80005472671243,0.4814475160037269,0.4730697530403667,148.4167921461885,nan,nan,nan,nan
1008.1543847949316,nan,44.21020758574139,68.15819812707001,49.845568125661984,79.59055431072903,0.481252437348168,0.4729364368881601,148.4353987944125,nan,nan,nan,nan
1009.1697232410804,nan,44.06798756594793,67.946625346188,49.69093755063264,79.38105256404825,0.48105800055656456,0.4728035356518278,148.45296326936443,nan,nan,nan,nan
1010.1850616872291,nan,43.92603588117011,67.73542890612777,49.53644281967231,79.17155271953104,0.4808642046731839,0.4726710491061521,148.46949097083493,nan,nan,nan,nan
1011.2004001333778,nan,43.784353212757296,67.52460977547122,49.382085852771354,78.96205799794615,0.4806710487422934,0.4725389770259152,148.48498729861467,nan,nan,nan,nan
1012.2157385795265,nan,43.642940242058884,67.31416892280028,49.22786855859669,78.75257160792657,0.4804785318081605,0.47240731918589907,148.4994576524943,nan,nan,nan,nan
1013.2310770256753,nan,43.501797650424294,67.10410731669685,49.07379283448775,78.5430967459273,0.4802866529150528,0.472276075360886,148.51290743226448,nan,nan,nan,nan
1014.246415471824,nan,43.360926119202915,66.89442592574284,48.91986056645263,78.33363659618345,0.48009541110723764,0.47214524532565816,148.5253420377159,nan,nan,nan,nan
1015.2617539179727,nan,43.220326329744125,66.68512571852015,48.766073629164616,78.12419433066886,0.4799048054289824,0.4720148288549976,148.53676686863912,nan,nan,nan,nan
1016.2770923641214,nan,43.07999896339734,66.47620766361072,48.61243388595919,77.91477310905532,0.47971483492455463,0.4718848257236866,148.5471873248249,nan,nan,nan,nan
1017.2924308102702,nan,42.93994470151195,66.26767272959643,48.458943188831206,77.70537607867216,0.4795254986382217,0.47175523570650724,148.55660880606388,nan,nan,nan,nan
1018.3077692564189,nan,42.80016422543735,66.05952188505921,48.30560337843326,77.49600637446748,0.479336795614251,0.47162605857824175,148.56503671214665,nan,nan,nan,nan
1019.3231077025675,nan,42.66065821652293,65.85175609858094,48.15241628407336,77.28666711896847,0.4791487248969102,0.47149729411367214,148.57247644286394,nan,nan,nan,nan
1020.3384461487162,nan,42.521427356118124,65.64437633874356,47.99938372371369,77.07736142224302,0.47896128553046646,0.47136894208758084,148.57893339800637,nan,nan,nan,nan
1021.353784594865,nan,42.38247232557228,65.43738357412896,47.846507503969704,76.86809238186231,0.4787744765591874,0.47124100227474974,148.58441297736462,nan,nan,nan,nan
1022.3691230410137,nan,42.24379380623482,65.23077877331906,47.693789420109695,76.65886308286359,0.4785882970273405,0.47111347444996116,148.58892058072934,nan,nan,nan,nan
1023.3844614871624,nan,42.10539247945513,65.02456290489579,47.541231256054125,76.44967659771295,0.47840274597919297,0.4709863583879972,148.5924616078912,nan,nan,nan,nan
1024.399799933311,nan,41.96726902658263,64.81873693744102,47.38883478437637,76.24053598627006,0.47821782245901245,0.47085965386364004,148.59504145864082,nan,nan,nan,nan
1025.41513837946,nan,41.82942412896669,64.61330183953667,47.236601766302925,76.03144429575201,0.4780335255110663,0.4707333606516718,148.5966655327689,nan,nan,nan,nan
1026.4304768256086,nan,41.69185846795672,64.40825857976468,47.08453395171476,75.82240456069903,0.47784985417962206,0.4706074785268748,148.59733923006604,nan,nan,nan,nan
1027.4458152717573,nan,41.554572724902116,64.20360812670692,46.93263307914837,75.61341980293965,0.477666807508947,0.4704820072640309,148.59706795032295,nan,nan,nan,nan
1028.461153717906,nan,41.41756758115228,63.99935144894532,46.780900875797855,75.40449303155744,0.47748438454330877,0.4703569466379225,148.59585709333027,nan,nan,nan,nan
1029.4764921640547,nan,41.28084371805659,63.79548951506179,46.62933905751675,75.19562724285726,0.4773025843269746,0.47023229642333164,148.59371205887865,nan,nan,nan,nan
1030.4918306102034,nan,41.144401816964454,63.592023293638235,46.47794932882088,74.98682542033328,0.47712140590421204,0.4701080563950406,148.59063824675877,nan,nan,nan,nan
1031.507169056352,nan,41.008242559225266,63.38895375325656,46.3267333828912,74.77809053463668,0.4769408483192885,0.46998422632783143,148.58664105676124,nan,nan,nan,nan
1032.522507502501,nan,40.87236662618843,63.18628186249869,46.175692901576916,74.56942554354406,0.4767609106164715,0.46986080599648633,148.58172588867674,nan,nan,nan,nan
1033.5378459486496,nan,40.73677469920334,62.9840085899465,46.02482955539954,74.36083339192702,0.47658159184002835,0.46973779517578734,148.57589814229598,nan,nan,nan,nan
1034.5531843947983,nan,40.601467459619386,62.782134904181945,45.87414500355661,74.15231701172146,0.4764028910342265,0.46961519364051685,148.56916321740954,nan,nan,nan,nan
1035.568522840947,nan,40.46644558878597,62.580661773786915,45.7236408939263,73.94387932189792,0.4762248072433336,0.4694930011654569,148.5615265138081,nan,nan,nan,nan
1036.5838612870957,nan,40.331709768052505,62.37959016734332,45.5733188630722,73.73552322843263,0.4760473395116168,0.4693712175253897,148.55299343128237,nan,nan,nan,nan
1037.5991997332444,nan,40.197260678768366,62.178921053433086,45.423180536248466,73.52725162427858,0.4758704868833439,0.46924984249509727,148.54356936962296,nan,nan,nan,nan
1038.614538179393,nan,40.063099002282954,61.978655400638075,45.27322752740539,73.31906738933779,0.47569424840278196,0.4691288758493619,148.5332597286205,nan,nan,nan,nan
1039.6298766255418,nan,39.929225419945666,61.77879417754025,45.12346143919545,73.11097339043386,0.4755186231141987,0.4690083173629658,148.5220699080657,nan,nan,nan,nan
1040.6452150716907,nan,39.7956406131059,61.579338352721486,44.97388386297925,72.90297248128459,0.4753436100618613,0.4688881668106909,148.5100053077492,nan,nan,nan,nan
1041.6605535178394,nan,39.66234526311305,61.38028889476371,44.824496378832556,72.69506750247632,0.47516920829003745,0.46876842396731955,148.49707132746164,nan,nan,nan,nan
1042.675891963988,nan,39.529340051316524,61.18164677224882,44.675300555553065,72.48726128143767,0.4749954168429944,0.4686490886076339,148.48327336699367,nan,nan,nan,nan
1043.6912304101368,nan,39.396625659065705,60.98341295375873,44.52629795066764,72.27955663241418,0.47482223476499974,0.46853016050641605,148.468616826136,nan,nan,nan,nan
1044.7065688562855,nan,39.26420276771,60.78558840787538,44.37749011044047,72.07195635644435,0.4746496611003208,0.4684116394384481,148.45310710467925,nan,nan,nan,nan
1045.7219073024341,nan,39.132072063439175,60.58817410994798,44.22887856988067,71.8644632413347,0.4744776948951642,0.46829352518189626,148.43674961299303,nan,nan,nan,nan
1046.7372457485828,nan,39.000234268594355,60.391171085869246,44.08046485275093,71.65708006163669,0.47430633521021914,0.4681758175402001,148.41954984045805,nan,nan,nan,nan
1047.7525841947315,nan,38.86869010764808,60.1945803645118,43.93225047157617,71.4498095786234,0.4741355811070288,0.4680585163182892,148.40151328111347,nan,nan,nan,nan
1048.7679226408802,nan,38.73744024588134,59.99840289199218,43.78423692765288,71.24265454026754,0.4739654316234234,0.4679416212797124,148.38264529963126,nan,nan,nan,nan
1049.7832610870291,nan,38.606485244395515,59.80263946877291,43.636425711058195,71.0356176812188,0.47379588575549747,0.46782513211518595,148.36295103299236,nan,nan,nan,nan
1050.7985995331778,nan,38.47582553170395,59.60729070994434,43.48881830066028,70.82870172278345,0.4736269424462291,0.46770904842273375,148.34243532839793,nan,nan,nan,nan
1051.8139379793265,nan,38.345461391903015,59.41235702868667,43.341416164127715,70.6219093729024,0.4734586005807413,0.4675933696994174,148.32110271741638,nan,nan,nan,nan
1052.8292764254752,nan,38.215392969422744,59.21783864291179,43.19422075794058,70.41524332613172,0.4732908589882048,0.46747809534465723,148.29895742636646,nan,nan,nan,nan
1053.844614871624,nan,38.08562029035697,59.02373560508503,43.04723352740106,70.20870626362263,0.4731237164503833,0.4673632246751447,148.2760034229354,nan,nan,nan,nan
1054.8599533177726,nan,37.956143300373085,58.83004785522713,42.900455906644545,70.00230085310224,0.47295717171682095,0.4672487569513446,148.2522444990334,nan,nan,nan,nan
1055.8752917639213,nan,37.826961919201295,58.63677529709585,42.75388931865119,69.79602974885496,0.4727912235266708,0.46713469141558905,148.22768438988308,nan,nan,nan,nan
1056.89063021007,nan,37.69807609946806,58.443917880441404,42.60753517525774,69.5898955917044,0.47262587063226474,0.4670210273332084,148.20232690260406,nan,nan,nan,nan
1057.9059686562189,nan,37.569485811163425,58.251475579290116,42.46139487716961,69.3839010089957,0.47246111179289074,0.46690776398167133,148.17617588226517,nan,nan,nan,nan
1058.9213071023676,nan,37.441191024374206,58.05944836780365,42.315469813973365,69.1780486145784,0.4722969457678755,0.46679490063851464,148.14923517414672,nan,nan,nan,nan
1059.9366455485163,nan,37.3131917091872,57.86783622014359,42.16976136414966,68.97234100879027,0.47213337131654554,0.46668243658127495,148.12150862352902,nan,nan,nan,nan
1060.951983994665,nan,37.18548783568923,57.6766391104716,42.024270895085955,68.76678077844062,0.47197038719822765,0.4665703710874888,148.0930000756924,nan,nan,nan,nan
1061.9673224408136,nan,37.058079373967104,57.48585701294928,41.87899976309043,68.56137049679558,0.47180799217224867,0.46645870343469287,148.06371337591713,nan,nan,nan,nan
1062.9826608869623,nan,36.93096629410762,57.29548990173828,41.73394931340552,68.35611272356275,0.47164618499793515,0.4663474329004238,148.03365236948358,nan,nan,nan,nan
1063.997999333111,nan,36.80414856619758,57.10553775100019,41.58912088022176,68.15101000487662,0.47148496443461374,0.46623655876221826,148.002820901672,nan,nan,nan,nan
1065.0133377792597,nan,36.67762616032381,56.916000534896654,41.44451578669257,67.94606487328511,0.4713243292416112,0.4661260802976127,147.97122281776274,nan,nan,nan,nan
1066.0286762254084,nan,36.5513990465731,56.726878227589296,41.300135344948714,67.74127984773592,0.4711642781782542,0.466015996784144,147.9388619630361,nan,nan,nan,nan
1067.0440146715573,nan,36.425467195032276,56.53817080323974,41.1559808561131,67.53665743356343,0.4710048100038694,0.4659063074993486,147.90574218277237,nan,nan,nan,nan
1068.059353117706,nan,36.29983057578814,56.34987823600962,41.01205361031671,67.33220012247719,0.47084592347778353,0.4657970117207632,147.87186732225192,nan,nan,nan,nan
1069.0746915638547,nan,36.1744891589275,56.16200050006056,40.86835488671348,67.12791039254903,0.47068761735932324,0.4656881087259245,147.83724122675503,nan,nan,nan,nan
1070.0900300100034,nan,36.04944291453717,55.97453756955418,40.724885953496575,66.92379070820233,0.47052989040781534,0.465579597792369,147.801867741562,nan,nan,nan,nan
1071.105368456152,nan,35.924691812703955,55.787489418652115,40.58164806791457,66.71984352020121,0.47037274138258633,0.4654714781976334,147.76575071195316,nan,nan,nan,nan
1072.1207069023008,nan,35.80023582351466,55.60085602151598,40.438642476287896,66.51607126563998,0.47021616904296304,0.4653637492192543,147.72889398320876,nan,nan,nan,nan
1073.1360453484494,nan,35.676074917056084,55.41463735230741,40.29587041402574,66.31247636793371,0.470060172148272,0.4652564101347683,147.6913014006092,nan,nan,nan,nan
1074.1513837945981,nan,35.55220906341506,55.22883338518801,40.15333310564294,66.10906123680854,0.4699047494578401,0.4651494602217121,147.6529768094348,nan,nan,nan,nan
1075.166722240747,nan,35.42863823267838,55.043444094319426,40.011031764777584,65.90582826829313,0.4697498997309939,0.46504289875762234,147.61392405496576,nan,nan,nan,nan
1076.1820606868957,nan,35.30536239493285,54.85846945386329,39.868967594208506,65.70277984471032,0.46959562172706015,0.4649367250200356,147.5741469824825,nan,nan,nan,nan
1077.1973991330444,nan,35.182381520265295,54.6739094379812,39.72714178587342,65.49991833466949,0.46944191420536546,0.46483093828648847,147.53364943726527,nan,nan,nan,nan
1078.2127375791931,nan,35.059695578762515,54.48976402083482,39.585555520886906,65.29724609305887,0.4692887759252367,0.46472553783451753,147.4924352645944,nan,nan,nan,nan
1079.2280760253418,nan,34.93730454051131,54.30603317658574,39.44420996955922,65.09476546103924,0.4691362056460004,0.4646205229416597,147.45050830975026,nan,nan,nan,nan
1080.2434144714905,nan,34.8152083755985,54.12271687939561,39.30310629141488,64.89247876603729,0.4689842021269832,0.4645158928854513,147.40787241801306,nan,nan,nan,nan
1081.2587529176392,nan,34.69340705411089,53.93981510342604,39.16224563521184,64.69038832173996,0.46883276412751196,0.4644116469434292,147.36453143466315,nan,nan,nan,nan
1082.2740913637879,nan,34.57190054613529,53.757327822838654,39.02162913896086,64.48849642808909,0.4686818904069132,0.46430778439312975,147.32048920498087,nan,nan,nan,nan
1083.2894298099366,nan,34.4506888217585,53.57525501179509,38.88125792994507,64.28680537127654,0.46853157972451365,0.4642043045120898,147.2757495742465,nan,nan,nan,nan
1084.3047682560855,nan,34.32977185106733,53.39359664445696,38.74113312473986,64.0853174237399,0.46838183083964013,0.46410120657784587,147.2303163877404,nan,nan,nan,nan
1085.3201067022342,nan,34.20914960414859,53.21235269498591,38.601255829233274,63.88403484415876,0.4682326425116192,0.4639984898679346,147.18419349074279,nan,nan,nan,nan
1086.3354451483829,nan,34.088822051089096,53.031523137543545,38.461627138646016,63.682959877450934,0.46808401349977763,0.4638961536598928,147.13738472853407,nan,nan,nan,nan
1087.3507835945315,nan,33.968789161975664,52.851107946291506,38.32224813755256,63.48209475477001,0.467935942563442,0.4637941972312568,147.0898939463945,nan,nan,nan,nan
1088.3661220406802,nan,33.84905090689509,52.67110709539142,38.18311989990189,63.281441693502586,0.467788428461939,0.4636926198595634,147.0417249896044,nan,nan,nan,nan
1089.381460486829,nan,33.72960725593418,52.4915205590049,38.04424348903873,63.081002897266465,0.46764146995459555,0.46359142082234917,146.99288170344414,nan,nan,nan,nan
1090.3967989329776,nan,33.61045817917974,52.31234831129356,37.905619957725165,62.88078055590925,0.4674950658007381,0.4634905993971509,146.94336793319394,nan,nan,nan,nan
1091.4121373791263,nan,33.49160364671858,52.13359032641906,37.76725034816223,62.68077684550718,0.4673492147596934,0.4633901548615051,146.8931875241342,nan,nan,nan,nan
1092.4274758252752,nan,33.373043628637525,51.955246578543,37.62913569201185,62.480993928364505,0.4672039155907881,0.4632900864929483,146.84234432154514,nan,nan,nan,nan
1093.442814271424,nan,33.25477809502336,51.77731704182702,37.491277010419424,62.28143395301392,0.46705916705334904,0.4631903935690172,146.79084217070715,nan,nan,nan,nan
1094.4581527175726,nan,33.136807015962916,51.59980169043273,37.35367531403575,62.08209905421614,0.46691496790670267,0.4630910753672485,146.73868491690047,nan,nan,nan,nan
1095.4734911637213,nan,33.019130361542985,51.42270049852177,37.21633160304021,61.8829913529614,0.4667713169101758,0.4629921311651787,146.68587640540548,nan,nan,nan,nan
1096.48882960987,nan,32.90174810185039,51.246013440255766,37.07924686716369,61.68411295647068,0.4666282128230953,0.4628935602403446,146.6324204815025,nan,nan,nan,nan
1097.5041680560187,nan,32.78466020697193,51.069740489796345,36.94242208571159,61.48546595819713,0.4664856544047875,0.4627953618702827,146.57832099047175,nan,nan,nan,nan
1098.5195065021674,nan,32.6678666469944,50.89388162130511,36.80585822758748,61.287052437828635,0.46634364041457943,0.46269753533252966,146.52358177759362,nan,nan,nan,nan
1099.534844948316,nan,32.551367392004636,50.71843680894371,36.669556251316635,61.08887446129018,0.4662021696117975,0.46260007990462215,146.4682066881484,nan,nan,nan,nan
1100.5501833944647,nan,32.435162412089426,50.543406026873754,36.53351710507013,60.890934080747286,0.4660612407557686,0.46250299486409674,146.4121995674164,nan,nan,nan,nan
1101.5655218406137,nan,32.319251677335586,50.368789249256885,36.397741726688984,60.69323333460951,0.4659208526058194,0.46240627948849,146.3555642606779,nan,nan,nan,nan
1102.5808602867623,nan,32.20363515782992,50.19458645025472,36.262231043708475,60.49577424753427,0.4657810039212764,0.4623099330553388,146.2983046132133,nan,nan,nan,nan
1103.596198732911,nan,32.088312823659244,50.020797604028886,36.126985973382766,60.29855883043148,0.46564169346146655,0.46221395484217953,146.24042447030286,nan,nan,nan,nan
1104.6115371790597,nan,31.973284644910375,49.84742268474102,35.992007422709854,60.10158908046835,0.46550291998571636,0.46211834412654895,146.18192767722684,nan,nan,nan,nan
1105.6268756252084,nan,31.858550591670102,49.67446166655273,35.85729628845653,59.904866981074825,0.4653646822533526,0.4620231001859836,146.12281807926564,nan,nan,nan,nan
1106.642214071357,nan,31.74411063402524,49.50191452362565,35.72285345718381,59.70839450194923,0.46522697902370197,0.46192822229802,146.06309952169948,nan,nan,nan,nan
1107.6575525175058,nan,31.629964742062604,49.329781230121384,35.58867980527232,59.51217359906465,0.46508980905609104,0.4618337097401951,146.00277584980876,nan,nan,nan,nan
1108.6728909636545,nan,31.516112885868992,49.15806176020159,35.45477619894821,59.316206214675496,0.4649531711098466,0.4617395617900452,145.94185090887373,nan,nan,nan,nan
1109.6882294098034,nan,31.402555035531222,48.98675608802788,35.32114349430891,59.120494277324504,0.4648170639442953,0.4616457777251073,145.88032854417474,nan,nan,nan,nan
1110.703567855952,nan,31.2892911611361,48.815864187761875,35.18778253734945,58.925039701850345,0.4646814863187638,0.46155235682291773,145.81821260099213,nan,nan,nan,nan
1111.7189063021008,nan,31.176321232770427,48.64538603356521,35.05469416398874,58.72984438939545,0.46454643699257886,0.46145929836101307,145.7555069246061,nan,nan,nan,nan
1112.7342447482495,nan,31.063645220521018,48.47532159959951,34.9218792000963,58.53491022741457,0.46441191472506715,0.4613666016169302,145.6922153602971,nan,nan,nan,nan
1113.7495831943982,nan,30.95126309447469,48.305670860026396,34.789338461518824,58.340239089683145,0.46427791827555537,0.46127426586820564,145.62834175334532,nan,nan,nan,nan
1114.7649216405468,nan,30.83917482471824,48.136433789007505,34.657072754107446,58.14583283630699,0.46414444640337027,0.461182290392376,145.56388994903114,nan,nan,nan,nan
1115.7802600866955,nan,30.727380381338477,47.96761036070444,34.52508287374478,57.95169331373151,0.4640114978678383,0.4610906744669779,145.49886379263484,nan,nan,nan,nan
1116.7955985328442,nan,30.61587973442221,47.799200549278844,34.393369606372325,57.75782235475185,0.46387907142828644,0.46099941736954797,145.43326712943679,nan,nan,nan,nan
1117.8109369789931,nan,30.504672854056253,47.63120432889234,34.26193372801812,57.56422177852329,0.4637471658440412,0.4609085183776229,145.3671038047172,nan,nan,nan,nan
1118.8262754251418,nan,30.39375971032741,47.46362167370654,34.130776004824654,57.37089339057233,0.46361577987442937,0.46081797676873926,145.30037766375648,nan,nan,nan,nan
1119.8416138712905,nan,30.283140273322488,47.2964525578831,33.99989719307666,57.17783898280758,0.4634849122787774,0.4607277918204337,145.23309255183494,nan,nan,nan,nan
1120.8569523174392,nan,30.1728145131283,47.129696955583626,33.869298039229314,56.98506033353144,0.4633545618164123,0.46063796281024283,145.16525231423282,nan,nan,nan,nan
1121.872290763588,nan,30.06278239983167,46.96335484096974,33.73897927993677,56.79255920745243,0.46322472724666064,0.4605484890157033,145.09686079623046,nan,nan,nan,nan
1122.8876292097366,nan,29.953043903519372,46.797426188203076,33.60894164208068,56.60033735569743,0.4630954073288491,0.46045936971435175,145.0279218431082,nan,nan,nan,nan
1123.9029676558853,nan,29.84359899427823,46.63191097144526,33.47918584279875,56.40839651582443,0.4629666008223043,0.46037060418372466,144.9584393001463,nan,nan,nan,nan
1124.918306102034,nan,29.734447642195057,46.46680916485791,33.349712589514,56.216738411836126,0.462838306486353,0.46028219170135887,144.8884170126251,nan,nan,nan,nan
1125.9336445481827,nan,29.625589817356662,46.30212074260264,33.22052257996359,56.02536475419309,0.46271052308032184,0.46019413154479094,144.81785882582494,nan,nan,nan,nan
1126.9489829943316,nan,29.51702548984985,46.1378456788411,33.09161650222827,55.83427723982817,0.46258324936353756,0.4601064229915576,144.7467685850261,nan,nan,nan,nan
1127.9643214404803,nan,29.408754629761425,45.973983947734915,32.9629950347618,55.64347755216068,0.4624564840953269,0.46001906531919523,144.67515013550886,nan,nan,nan,nan
1128.979659886629,nan,29.3007772071782,45.810535523445694,32.83465884642061,55.452967361111305,0.4623302260350164,0.4599320578052406,144.60300732255365,nan,nan,nan,nan
1129.9949983327776,nan,29.193093192186986,45.647500380135085,32.70660859649367,55.26274832311727,0.46220447394193287,0.45984539972723026,144.53034399144062,nan,nan,nan,nan
1131.0103367789263,nan,29.085702554874597,45.48487849196469,32.578844934732295,55.072822081147656,0.462079226575403,0.459759090362701,144.4571639874502,nan,nan,nan,nan
1132.025675225075,nan,28.97860526532783,45.32266983309616,32.45136850138055,54.88319026471976,0.4619544826947534,0.4596731289891894,144.38347115586265,nan,nan,nan,nan
1133.0410136712237,nan,28.871801293633496,45.16087437769109,32.32417992720537,54.69385448991494,0.4618302410593108,0.45958751488423194,144.30926934195833,nan,nan,nan,nan
1134.0563521173724,nan,28.765290609878406,44.99949209991112,32.19727983352722,54.504816359395754,0.46170650042840194,0.4595022473253655,144.23456239101748,nan,nan,nan,nan
1135.0716905635213,nan,28.659073184149367,44.83852297391789,32.070668832250554,54.31607746242253,0.46158325956135343,0.4594173255901265,144.15935414832046,nan,nan,nan,nan
1136.08702900967,nan,28.553148986533184,44.677966973873,31.944347525894916,54.12763937487134,0.46146051721749193,0.4593327489560516,144.08364845914758,nan,nan,nan,nan
1137.1023674558187,nan,28.447517987116676,44.5178240739381,31.818316507625475,53.939503659251045,0.46133827215614426,0.45924851670067746,144.00744916877915,nan,nan,nan,nan
1138.1177059019674,nan,28.34218015598665,44.358094248274796,31.692576361284587,53.75167186472218,0.461216523136637,0.4591646281015408,143.93076012249546,nan,nan,nan,nan
1139.133044348116,nan,28.237135463229905,44.198777471044735,31.56712766142283,53.564145527115016,0.4610952689182968,0.4590810824361782,143.85358516557685,nan,nan,nan,nan
1140.1483827942648,nan,28.132383878933258,44.039873716409524,31.441970973330463,53.376926168948486,0.4609745082604505,0.45899787898212613,143.77592814330362,nan,nan,nan,nan
1141.1637212404135,nan,28.027925373183507,43.88138295853079,31.31710685306907,53.190015299449506,0.4608542399224247,0.4589150170169214,143.69779290095602,nan,nan,nan,nan
1142.1790596865621,nan,27.923759916067468,43.723305171570175,31.192535847503272,53.00341441457252,0.4607344626635461,0.45883249581810054,143.6191832838145,nan,nan,nan,nan
1143.1943981327108,nan,27.819887477671955,43.56564032968927,31.068258494332497,52.8171249970192,0.4606151752431414,0.45875031466320026,143.54010313715926,nan,nan,nan,nan
1144.2097365788597,nan,27.716308028083763,43.40838840704974,30.944275322123076,52.63114851625896,0.4604963764205372,0.45866847282975715,143.46055630627063,nan,nan,nan,nan
1145.2250750250084,nan,27.613021537517042,43.251549377974435,30.82058685034062,52.44548642854977,0.46037806495505135,0.4585869695953524,143.38054663686316,nan,nan,nan,nan
1146.2404134711571,nan,27.510027986231705,43.09512322950798,30.697193589381783,52.26014017695835,0.4602602396052885,0.45850580424108706,143.30007800890857,nan,nan,nan,nan
1147.2557519173058,nan,27.407327369024113,42.93910996710363,30.574096040607266,52.075111191382334,0.46014289912882206,0.45842497605315513,143.21915435194936,nan,nan,nan,nan
1148.2710903634545,nan,27.304919665510134,42.7835095769904,30.451294696373985,51.89040088857125,0.46002604228430277,0.45834448431243213,143.13777954376104,nan,nan,nan,nan
1149.2864288096032,nan,27.202804814236014,42.628321993387644,30.32879004006799,51.70601067214885,0.45990966783329507,0.4582643282854036,143.05595732206717,nan,nan,nan,nan
1150.3017672557519,nan,27.1009826948725,42.47354707595613,30.20658254613725,51.52194193263536,0.45979377454154136,0.4581845072179273,142.97369122381946,nan,nan,nan,nan
1151.3171057019006,nan,26.999453118492312,42.31918459748559,30.084672680124545,51.33819604746987,0.45967836117965133,0.4581050203318263,142.8909845520429,nan,nan,nan,nan
1152.3324441480495,nan,26.89821582593091,42.165234241818915,29.963060898700576,51.15477438103349,0.4595634265232186,0.45802586682431473,142.80784037024588,nan,nan,nan,nan
1153.3477825941982,nan,26.797270494230595,42.01169561201272,29.84174764969744,50.97167828467287,0.459448969352363,0.4579470458702556,142.72426152439505,nan,nan,nan,nan
1154.3631210403469,nan,26.69661675116788,41.858568248734564,29.72073337214149,50.78890909672318,0.45933498845070053,0.4578685566272507,142.64025069245548,nan,nan,nan,nan
1155.3784594864956,nan,26.596254197864226,41.70585165889664,29.600018496287188,50.60646814253259,0.4592214826037381,0.4577903982435627,142.55581046149558,nan,nan,nan,nan
1156.3937979326442,nan,26.496182439158197,41.5535453541184,29.479603443650458,50.42435673448614,0.45910845059671906,0.45771256986875664,142.4709434312595,nan,nan,nan,nan
1157.409136378793,nan,26.396401096678947,41.4016488672825,29.35948862704254,50.24257617203056,0.45899589121369544,0.4576350706582806,142.38565225874916,nan,nan,nan,nan
1158.4244748249416,nan,26.296909793739133,41.25016173340357,29.239674450603783,50.0611277416991,0.4588838032385998,0.4575578997681722,142.2999396067073,nan,nan,nan,nan
1159.4398132710903,nan,26.197708153651423,41.09908348749626,29.120161309837393,49.880012717136474,0.45877218545536436,0.45748105635446934,142.21380813787684,nan,nan,nan,nan
1160.455151717239,nan,26.0987957997285,40.9484136645752,29.000949591643685,49.6992323591246,0.45866103664792185,0.45740453957320987,142.12726051500061,nan,nan,nan,nan
1161.470490163388,nan,26.000172355283016,40.79815179965503,28.882039674354132,49.51878791560829,0.45855035560020474,0.4573283485804315,142.04029940082148,nan,nan,nan,nan
1162.4858286095366,nan,25.901837443627663,40.6482974277504,28.76343192776559,49.3386806217213,0.45844014109614534,0.4572524825321721,141.95292745808229,nan,nan,nan,nan
1163.5011670556853,nan,25.803790688075097,40.498850083875936,28.645126713174697,49.15891169981271,0.4583303919196764,0.45717694058446956,141.86514734952584,nan,nan,nan,nan
1164.516505501834,nan,25.706031711937992,40.3498093030463,28.52712438341242,48.97948235947389,0.45822110685473016,0.4571017218933615,141.77696173789502,nan,nan,nan,nan
1165.5318439479827,nan,25.608560138529015,40.201174620276106,28.409425282878384,48.80039379756499,0.45811228468523923,0.45702682561488595,141.6883732859327,nan,nan,nan,nan
1166.5471823941314,nan,25.511375591160842,40.05294557058,28.292029747575764,48.621647198242606,0.45800392419513614,0.4569522509050805,141.59938465638172,nan,nan,nan,nan
1167.56252084028,nan,25.414477693146125,39.90512168897263,28.174938105145927,48.44324373298716,0.4578960241683534,0.456877996919983,141.50999851198492,nan,nan,nan,nan
1168.5778592864287,nan,25.317866067797553,39.75770251046862,28.05815067490332,48.26518456063083,0.45778858338882333,0.4568040628156314,141.4202175154852,nan,nan,nan,nan
1169.5931977325777,nan,25.22154033842778,39.61068757008261,27.941667767870467,48.08747082738574,0.45768160064047847,0.4567304477480634,141.3300443296253,nan,nan,nan,nan
1170.6085361787264,nan,25.12550012834949,39.46407640282926,27.825489686812897,47.91010366687215,0.45757507470725145,0.4566571508733167,141.23948161714816,nan,nan,nan,nan
1171.623874624875,nan,25.029745060875346,39.31786854372319,27.709616726274373,47.73308420014744,0.45746900437307464,0.4565841713474294,141.1485320407966,nan,nan,nan,nan
1172.6392130710237,nan,24.934274759318015,39.172063527779045,27.594049172612063,47.556413535734805,0.4573633884218806,0.4565115083264391,141.05719826331355,nan,nan,nan,nan
1173.6545515171724,nan,24.83908884699018,39.02666089001147,27.47878730403187,47.380092769652755,0.45725822563760177,0.4564391609663835,140.96548294744173,nan,nan,nan,nan
1174.669889963321,nan,24.744186947204497,38.88166016543509,27.363831390623748,47.20412298544442,0.4571535148041706,0.45636712842330074,140.87338875592405,nan,nan,nan,nan
1175.6852284094698,nan,24.649568683273635,38.737060889064566,27.249181694397347,47.02850525420754,0.4570492547055197,0.45629540985322836,140.78091835150337,nan,nan,nan,nan
1176.7005668556185,nan,24.55523367851027,38.592862595914504,27.134838469317394,46.85324063462439,0.45694544412558136,0.4562240044122042,140.68807439692253,nan,nan,nan,nan
1177.7159053017672,nan,24.461181556227064,38.44906482099957,27.020801961339384,46.67833017299212,0.45684208184828823,0.4561529112562661,140.59485955492437,nan,nan,nan,nan
1178.731243747916,nan,24.367411939736698,38.30566709933438,26.907072408445252,46.50377490325324,0.45673916665757286,0.4560821295414519,140.50127648825176,nan,nan,nan,nan
1179.7465821940648,nan,24.27392445235183,38.1626689659336,26.79365004067926,46.32957584702678,0.4566366973373676,0.4560116584237994,140.40732785964755,nan,nan,nan,nan
1180.7619206402135,nan,24.18071871738514,38.02006995581185,26.68053508018381,46.15573401363914,0.45653467267160497,0.4559414970593464,140.31301633185458,nan,nan,nan,nan
1181.7772590863622,nan,24.087794358149296,37.87786960398378,26.56772774123524,45.98225040015533,0.4564330914442175,0.4558716446041307,140.2183445676157,nan,nan,nan,nan
1182.7925975325109,nan,23.995150997956962,37.73606744546403,26.455228230279992,45.80912599141085,0.4563319524391376,0.4558021002141901,140.1233152296738,nan,nan,nan,nan
1183.8079359786595,nan,23.90278826012081,37.59466301526723,26.343036745970622,45.63636176004342,0.4562312544402978,0.4557328630455624,140.02793098077166,nan,nan,nan,nan
1184.8232744248082,nan,23.810705767953507,37.45365584840802,26.231153479201886,45.46395866652503,0.45613099623163067,0.4556639322542854,139.93219448365218,nan,nan,nan,nan
1185.838612870957,nan,23.71890314476773,37.31304547990104,26.11957861314697,45.291917659194354,0.4560311765970685,0.4555953069963969,139.83610840105817,nan,nan,nan,nan
1186.8539513171058,nan,23.627380013876138,37.17283144476093,26.00831232329378,45.12023967428937,0.455931794320544,0.45552698642793477,139.73967539573255,nan,nan,nan,nan
1187.8692897632545,nan,23.536135998591412,37.03301327800233,25.89735477748124,44.948925635980174,0.45583284818598957,0.4554589697049368,139.64289813041808,nan,nan,nan,nan
1188.8846282094032,nan,23.445170722226216,36.89359051463988,25.78670613593559,44.77797645640188,0.4557343369773377,0.45539125598344077,139.5457792678577,nan,nan,nan,nan
1189.899966655552,nan,23.354483808093217,36.75456268968823,25.676366551306884,44.6073930356881,0.45563625947852093,0.4553238444194845,139.4483214707942,nan,nan,nan,nan
1190.9153051017006,nan,23.264074879505095,36.615929338162005,25.566336168705554,44.437176262004485,0.4555386144734716,0.45525673416910584,139.35052740197045,nan,nan,nan,nan
1191.9306435478493,nan,23.173943559774514,36.47768999507584,25.456615125738775,44.2673270115823,0.4554414007461223,0.4551899243883425,139.25239972412933,nan,nan,nan,nan
1192.945981993998,nan,23.08408947221414,36.339844195444385,25.347203552547242,44.09784614875267,0.4553446170804056,0.4551234142332323,139.15394110001364,nan,nan,nan,nan
1193.9613204401467,nan,22.99451224013664,36.202391474282265,25.23810157184171,43.92873452598062,0.4552482622602537,0.4550572028598131,139.05515419236622,nan,nan,nan,nan
1194.9766588862954,nan,22.905211486854686,36.06533136660412,25.129309298939635,43.7599929838994,0.4551523350695996,0.4549912894241227,138.95604166393,nan,nan,nan,nan
1195.9919973324443,nan,22.816186835680952,35.92866340742461,25.020826841801995,43.591622351345336,0.4550568342923753,0.454925673082199,138.85660617744776,nan,nan,nan,nan
1197.007335778593,nan,22.727437909928106,35.79238713175836,24.912654301070162,43.423623445392785,0.4549617587125135,0.45486035299007954,138.75685039566235,nan,nan,nan,nan
1198.0226742247416,nan,22.63896433290882,35.65650207462001,24.804791770102533,43.255997071388926,0.4548671071139466,0.45479532830380237,138.65677698131668,nan,nan,nan,nan
1199.0380126708903,nan,22.550765727935765,35.521007771024195,24.69723933501146,43.08874402298914,0.4547728782806072,0.4547305981794052,138.55638859715359,nan,nan,nan,nan
1200.053351117039,nan,22.462841718321602,35.38590375598556,24.589997074700285,42.9218650821928,0.4546790709964278,0.45466616177292585,138.45568790591585,nan,nan,nan,nan
1201.0686895631877,nan,22.37519192737901,35.25118956451875,24.48306506090007,42.75536101937848,0.4545856840453407,0.45460201824040214,138.35467757034635,nan,nan,nan,nan
1202.0840280093364,nan,22.287815978420646,35.116864731638394,24.37644335820676,42.58923259334035,0.4544927162112786,0.4545381667378719,138.253360253188,nan,nan,nan,nan
1203.099366455485,nan,22.200713494759192,34.982928792359125,24.27013202411805,42.42348055132389,0.4544001662781739,0.4544746064213729,138.1517386171836,nan,nan,nan,nan
1204.114704901634,nan,22.113884099707313,34.8493812816956,24.164131109070645,42.258105629062705,0.45430803302995915,0.454411336446943,138.049815325076,nan,nan,nan,nan
1205.1300433477827,nan,22.027327416577677,34.71622173466243,24.058440656477117,42.093108550814506,0.4542163152505667,0.45434835597061984,137.94759303960808,nan,nan,nan,nan
1206.1453817939314,nan,21.94104306868296,34.58344968627429,23.953060702763114,41.92849002939815,0.45412501172392916,0.45428566414844146,137.84507442352268,nan,nan,nan,nan
1207.16072024008,nan,21.855030679335822,34.4510646715458,23.847991277404482,41.76425076623041,0.454034121233979,0.45422326013644543,137.7422621395626,nan,nan,nan,nan
1208.1760586862288,nan,21.769289871848947,34.3190662254916,23.743232402964395,41.60039145136306,0.45394364256464864,0.4541611430906698,137.63915885047078,nan,nan,nan,nan
1209.1913971323775,nan,21.68382026953499,34.187453883126345,23.638784095130703,41.43691276352036,0.4538535744998707,0.4540993121671522,137.53576721898997,nan,nan,nan,nan
1210.2067355785261,nan,21.59862149570663,34.05622717946464,23.534646362752927,41.27381537013629,0.45376391582357756,0.4540377665219306,137.4320899078631,nan,nan,nan,nan
1211.2220740246748,nan,21.51369317367653,33.92538564952115,23.430819207879566,41.11109992739217,0.45367466531970174,0.45397650531104256,137.32812957983293,nan,nan,nan,nan
1212.2374124708235,nan,21.42903492675736,33.794928828310496,23.32730262579547,40.94876708025476,0.45358582177217566,0.4539155276905261,137.22388889764244,nan,nan,nan,nan
1213.2527509169724,nan,21.344646378261793,33.66485625084733,23.224096605058914,40.786817462513966,0.453497383964932,0.45385483281641903,137.1193705240344,nan,nan,nan,nan
1214.2680893631211,nan,21.2605271515025,33.5351674521463,23.121201127539035,40.62525169682122,0.45340935068190313,0.45379441984475893,137.01457712175167,nan,nan,nan,nan
1215.2834278092698,nan,21.176676869792146,33.40586196722202,23.01861616845315,40.46407039472785,0.4533217207070215,0.4537342879315839,136.9095113535371,nan,nan,nan,nan
1216.2987662554185,nan,21.093095156443404,33.27693933108915,22.916341696403858,40.303274156723305,0.4532344928242196,0.45367443623293163,136.8041758821336,nan,nan,nan,nan
1217.3141047015672,nan,21.00978163476895,33.14839907876233,22.814377673416708,40.14286357227434,0.45314766581743,0.45361486390483985,136.6985733702839,nan,nan,nan,nan
1218.329443147716,nan,20.926735928081442,33.02024074525619,22.71272405497719,39.9828392198634,0.45306123847058516,0.45355557010334635,136.59270648073095,nan,nan,nan,nan
1219.3447815938646,nan,20.84395765969355,32.89246386558536,22.611380790068342,39.82320166702792,0.45297520956761755,0.4534965539844891,136.48657787621752,nan,nan,nan,nan
1220.3601200400133,nan,20.761446452917948,32.76506797476449,22.51034782120796,39.66395147039941,0.4528895778924596,0.45343781470430583,136.38019021948656,nan,nan,nan,nan
1221.3754584861622,nan,20.679201931067304,32.63805260780822,22.40962508448609,39.50508917574294,0.4528043422290439,0.4533793514188343,136.2735461732808,nan,nan,nan,nan
1222.3907969323109,nan,20.597223717454295,32.51141729973119,22.309212509602258,39.34661531799643,0.4527195013613029,0.4533211632841123,136.16664840034323,nan,nan,nan,nan
1223.4061353784596,nan,20.51551143539158,32.38516158554803,22.209110019902937,39.188530421310446,0.4526350540731691,0.45326324945617785,136.05949956341658,nan,nan,nan,nan
1224.4214738246083,nan,20.43406470819184,32.259285000273394,22.10931753241887,39.03083499908796,0.4525509991485751,0.45320560909106844,135.9521023252438,nan,nan,nan,nan
1225.436812270757,nan,20.35288315916774,32.13378707892191,22.009834957902388,38.87352955402418,0.4524673353714531,0.4531482413448221,135.84445934856765,nan,nan,nan,nan
1226.4521507169056,nan,20.27196641163194,32.00866735650823,21.910662200865065,38.716614578147144,0.45238406152573585,0.4530911453734766,135.73657329613104,nan,nan,nan,nan
1227.4674891630543,nan,20.19131408889712,31.883925368046967,21.8117991596146,38.56009055285719,0.45230117639535583,0.4530343203330697,135.6284468306768,nan,nan,nan,nan
1228.482827609203,nan,20.110925814275944,31.759560648552778,21.713245726292655,38.403957948968035,0.4522186787642454,0.4529777653796392,135.5200826149478,nan,nan,nan,nan
1229.498166055352,nan,20.030801211081087,31.635572733040306,21.61500178691187,38.24821722674687,0.452136567416337,0.45292147966922297,135.41148331168685,nan,nan,nan,nan
1230.5135045015006,nan,19.950939902625215,31.511961156524173,21.517067221393496,38.09286883595539,0.45205484113556327,0.45286546235785874,135.30265158363682,nan,nan,nan,nan
1231.5288429476493,nan,19.871341512221,31.388725454019035,21.41944190360446,37.93791321589023,0.4519734987058566,0.4528097126015843,135.19359009354056,nan,nan,nan,nan
1232.544181393798,nan,19.79200566318111,31.265865160539526,21.322125701394956,37.783350795424205,0.45189253891114967,0.4527542295564376,135.08430150414094,nan,nan,nan,nan
1233.5595198399467,nan,19.712931978818222,31.14337981110028,21.225118476635522,37.62918199304712,0.45181196053537476,0.4526990123784564,134.9747884781808,nan,nan,nan,nan
1234.5748582860954,nan,19.634120082444998,31.02126894071595,21.12842008525458,37.475407216907236,0.45173176236246443,0.4526440602236784,134.86505367840297,nan,nan,nan,nan
1235.590196732244,nan,19.555569597374106,30.89953208440116,21.032030377275476,37.322026864852255,0.45165194317635116,0.45258937224814155,134.75509976755035,nan,nan,nan,nan
1236.6055351783928,nan,19.47728014691822,30.77816877717055,20.935949196854054,37.1690413244712,0.4515725017609674,0.4525349476078835,134.64492940836573,nan,nan,nan,nan
1237.6208736245414,nan,19.39925135439,30.657178554038758,20.8401763823157,37.01645097313566,0.4514934369002458,0.4524807854589421,134.53454526359198,nan,nan,nan,nan
1238.6362120706904,nan,19.321482843102128,30.536560950020434,20.744711766192584,36.86425617804148,0.4514147473781186,0.4524268849573553,134.42394999597198,nan,nan,nan,nan
1239.651550516839,nan,19.24397423636727,30.41631550013021,20.649555175261096,36.712457296250896,0.45133643197851847,0.45237324525916073,134.31314626824852,nan,nan,nan,nan
1240.6668889629877,nan,19.16672515749809,30.296441739382722,20.554706430578722,36.56105467473391,0.45125848948537783,0.45231986552039627,134.20213674316452,nan,nan,nan,nan
1241.6822274091364,nan,19.089735229807268,30.176939202792617,20.460165347521528,36.41004865041089,0.4511809186826293,0.4522667448970997,134.09092408346277,nan,nan,nan,nan
1242.6975658552851,nan,19.013004076607466,30.05780742537454,20.3659317358211,36.25943955019431,0.45110371835420515,0.452213882545309,133.9795109518862,nan,nan,nan,nan
1243.7129043014338,nan,18.93653132121136,29.939045942143117,20.272005399601824,36.109227691031236,0.45102688728403806,0.45216127762106173,133.8679000111776,nan,nan,nan,nan
1244.7282427475825,nan,18.86031658693161,29.82065428811298,20.1783861374179,35.959413379945595,0.45095042425606036,0.4521089292803959,133.7560939240798,nan,nan,nan,nan
1245.7435811937312,nan,18.784359498131664,29.702631999642293,20.085073742290458,35.80999691408065,0.4508743280528117,0.45205683667890806,133.64409536011368,nan,nan,nan,nan
1246.75891963988,nan,18.708659686484552,29.5849786224353,19.992068001744556,35.6609785807415,0.4507985974471417,0.45200499896912627,133.53190703595033,nan,nan,nan,nan
1247.7742580860288,nan,18.633216783805587,29.467693702378135,19.899368697846313,35.512358657437964,0.450723231211711,0.45195341530351885,133.41953166917867,nan,nan,nan,nan
1248.7895965321775,nan,18.558030409825317,29.35077676990533,19.806975607239707,35.36413741192702,0.450648228135201,0.45190208483962757,133.3069718994352,nan,nan,nan,nan
1249.8049349783262,nan,18.4831001632481,29.234227328567247,19.71488850118377,35.21631510225602,0.4505735870341661,0.4518510067438207,133.1942302307275,nan,nan,nan,nan
1250.8202734244749,nan,18.408425616131986,29.118044847844182,19.62310714558925,35.06889197680529,0.450499306760485,0.45180018019365353,133.08130899518196,nan,nan,nan,nan
1251.8356118706236,nan,18.33400631158997,29.0022287602072,19.531631301055683,34.92186827433143,0.4504253862044069,0.45174960437883216,132.9682103382158,nan,nan,nan,nan
1252.8509503167722,nan,18.25984176481257,28.886778462425553,19.440460722908178,34.77524422401037,0.4503518242931972,0.4516992785007849,132.85493622513306,nan,nan,nan,nan
1253.866288762921,nan,18.185931467411752,28.771693321120903,19.349595161234184,34.62902004548054,0.4502786199853779,0.45164920177083856,132.74148846914494,nan,nan,nan,nan
1254.8816272090696,nan,18.112274895086177,28.656972682568092,19.259034360920385,34.48319594888628,0.4502057722605667,0.4515993734070007,132.6278687808144,nan,nan,nan,nan
1255.8969656552185,nan,18.038871518607795,28.54261588674266,19.168778061689217,34.33777213492101,0.4501332801049124,0.45154979262934675,132.51407883892472,nan,nan,nan,nan
1256.9123041013672,nan,17.96572081547366,28.42862228221887,19.078825998135848,34.19274879487108,0.45006114249564866,0.4515004586551293,132.4001203656393,nan,nan,nan,nan
1257.927642547516,nan,17.89282226649692,28.314991221810978,18.989177899764528,34.04812611065888,0.449989358405613,0.45145137070020835,132.28599510451204,nan,nan,nan,nan
1258.9429809936646,nan,17.82017535250487,28.201722058351308,18.89983349102542,33.903904254886776,0.44991792680762455,0.4514025279804384,132.1717047991878,nan,nan,nan,nan
1259.9583194398133,nan,17.74777955432478,28.08881414467217,18.810792491350963,33.76008339088056,0.44984684667450187,0.45135392971167376,132.05725119331157,nan,nan,nan,nan
1260.973657885962,nan,17.675634352783938,27.976266833605884,18.722054615192587,33.61666367273349,0.44977611697906406,0.4513055751097689,131.94263603052838,nan,nan,nan,nan
1261.9889963321107,nan,17.60373922870962,27.864079477984763,18.63361957205705,33.47364524534993,0.44970573669413005,0.451257463390578,131.82786105448304,nan,nan,nan,nan
1263.0043347782594,nan,17.532093662929114,27.752251430641124,18.545487066542837,33.331028244489275,0.44963570479251863,0.4512095937699553,131.71292800882063,nan,nan,nan,nan
1264.0196732244083,nan,17.460697136269708,27.64078204440729,18.45765679837664,33.18881279681002,0.4495660202470488,0.4511619654637553,131.59783863718604,nan,nan,nan,nan
1265.035011670557,nan,17.389549129558674,27.52967067211557,18.370128462449497,33.04699901991361,0.44949668203053933,0.45111457768783225,131.48259468322428,nan,nan,nan,nan
1266.0503501167057,nan,17.3186491236233,27.418916666598292,18.282901748853305,32.90558702238883,0.44942768911580927,0.45106742965804064,131.3671978905803,nan,nan,nan,nan
1267.0656885628543,nan,17.24799659929087,27.308519380687773,18.195976342916786,32.76457690385565,0.4493590404756773,0.45102052059023456,131.25165000289897,nan,nan,nan,nan
1268.081027009003,nan,17.17759103738867,27.19847816721633,18.109351925241754,32.62396875500956,0.4492907350829626,0.45097384970026855,131.13595276382534,nan,nan,nan,nan
1269.0963654551517,nan,17.107431918743977,27.088792379016276,18.023028171739284,32.483762657666,0.4492227719104838,0.4509274162039967,131.0201079170044,nan,nan,nan,nan
1270.1117039013004,nan,17.03751872418407,26.979461368919928,17.937004753665605,32.34395868480436,0.44915514993106,0.45088121931727343,130.90411720608103,nan,nan,nan,nan
1271.127042347449,nan,16.96785093453624,26.8704844897596,17.85128133765817,32.20455690061258,0.4490878681175099,0.4508352582559533,130.78798237470016,nan,nan,nan,nan
1272.1423807935978,nan,16.898428030627763,26.761861094367617,17.76585758577166,32.06555736053158,0.4490209254426526,0.45078953223589036,130.67170516650685,nan,nan,nan,nan
1273.1577192397467,nan,16.829249493285925,26.653590535576292,17.680733155513696,31.9269601112996,0.44895432087930687,0.45074404047293903,130.555287325146,nan,nan,nan,nan
1274.1730576858954,nan,16.760314803338005,26.545672166217948,17.595907699880822,31.788765190996887,0.4488880534002915,0.45069878218295367,130.43873059426255,nan,nan,nan,nan
1275.188396132044,nan,16.691623441611295,26.438105339124895,17.51138086739409,31.65097262909005,0.44882212197842564,0.45065375658178863,130.32203671750153,nan,nan,nan,nan
1276.2037345781928,nan,16.62317488893307,26.330889407129465,17.427152302134825,31.513582446476725,0.44875652558652795,0.45060896288529806,130.2052074385078,nan,nan,nan,nan
1277.2190730243415,nan,16.554968626130616,26.224023723063965,17.343221643780325,31.376594655530468,0.4486912631974176,0.45056440030933664,130.08824450092644,nan,nan,nan,nan
1278.2344114704902,nan,16.487004134031217,26.11750763976071,17.25958852763927,31.240009260145037,0.44862633378391326,0.45052006806975836,129.97114964840227,nan,nan,nan,nan
1279.2497499166388,nan,16.41928089346215,26.011340510052015,17.1762525846873,31.103826255779374,0.44856173631883384,0.45047596538241774,129.85392462458032,nan,nan,nan,nan
1280.2650883627875,nan,16.351798385250703,25.905521686770207,17.093213441602437,30.96804562950223,0.44849746977499827,0.450432091463169,129.73657117310555,nan,nan,nan,nan
1281.2804268089365,nan,16.284556090224147,25.800050522747593,17.010470720800438,30.832667360037046,0.4484335331252255,0.45038844552786655,129.61909103762292,nan,nan,nan,nan
1282.2957652550851,nan,16.21755348920978,25.6949263708165,16.92802404047008,30.6976914178067,0.44836992534233444,0.4503450267923647,129.50148596177738,nan,nan,nan,nan
1283.3111037012338,nan,16.150790063034883,25.590148583809246,16.84587301460845,30.563117764978422,0.4483066453991439,0.4503018344725178,129.3837576892139,nan,nan,nan,nan
1284.3264421473825,nan,16.08426529252673,25.485716514558145,16.764017253055922,30.428946355508465,0.4482436922684728,0.4502588677841801,129.2659079635774,nan,nan,nan,nan
1285.3417805935312,nan,16.017978658512614,25.38162951589552,16.682456361531425,30.295177135187238,0.44818106492314,0.45021612594320604,129.14793852851287,nan,nan,nan,nan
1286.35711903968,nan,15.95192964181981,25.27788694065368,16.60118994166735,30.16181004168409,0.44811876233596454,0.45017360816544993,129.0298511276653,nan,nan,nan,nan
1287.3724574858286,nan,15.8861177232756,25.174488141664945,16.52021759104451,30.028845004592238,0.4480567834797651,0.45013131366676606,128.91164750467956,nan,nan,nan,nan
1288.3877959319773,nan,15.820542383707272,25.071432471761625,16.439538903227017,29.896281945473813,0.4479951273273608,0.45008924166300873,128.79332940320066,nan,nan,nan,nan
1289.403134378126,nan,15.755203103942105,24.96871928377605,16.359153467797043,29.764120777904743,0.44793379285157037,0.4500473913700324,128.67489856687354,nan,nan,nan,nan
1290.4184728242749,nan,15.69009936480738,24.866347930540535,16.279060870389536,29.632361407519756,0.4478727790252128,0.4500057620036913,128.55635673934322,nan,nan,nan,nan
1291.4338112704236,nan,15.625230647130383,24.764317764887387,16.199260692726888,29.501003732057455,0.4478120848211069,0.4499643527798397,128.43770566425457,nan,nan,nan,nan
1292.4491497165723,nan,15.560596431738396,24.662628139648945,16.119752512653367,29.370047641405137,0.44775170921207164,0.4499231629143321,128.3189470852526,nan,nan,nan,nan
1293.464488162721,nan,15.496196199458709,24.56127840765751,16.04053590416979,29.239493017644083,0.4476916511709258,0.4498821916230227,128.20008274598226,nan,nan,nan,nan
1294.4798266088696,nan,15.43202943111859,24.460267921745405,15.961610437467792,29.10933973509445,0.4476319096704885,0.44984143812176586,128.08111439008852,nan,nan,nan,nan
1295.4951650550183,nan,15.368095607545335,24.359596034744943,15.882975678964089,28.97958766036016,0.44757248368357844,0.44980090162641595,127.96204376121628,nan,nan,nan,nan
1296.510503501167,nan,15.304394209566215,24.259262099488442,15.804631191334895,28.850236652374264,0.44751337218301457,0.44976058135282726,127.84287260301056,nan,nan,nan,nan
1297.5258419473157,nan,15.240924718008522,24.159265468808222,15.726576533549927,28.72128656244373,0.4474545741416158,0.4497204765168541,127.7236026591163,nan,nan,nan,nan
1298.5411803934646,nan,15.177686613699537,24.0596054955366,15.648811260906513,28.59273723429459,0.447396088532201,0.4496805863343509,127.60423567317847,nan,nan,nan,nan
1299.5565188396133,nan,15.114679377466537,23.960281532505892,15.571334925063622,28.464588504116975,0.4473379143275891,0.4496409100211718,127.48477338884197,nan,nan,nan,nan
1300.571857285762,nan,15.051902490136811,23.86129293254842,15.494147074075736,28.33684020061015,0.447280050500599,0.4496014467931714,127.36521754975182,nan,nan,nan,nan
1301.5871957319107,nan,14.98935543253764,23.762639048496496,15.41724725242665,28.209492145027593,0.4472224960240496,0.4495621958662037,127.24556989955298,nan,nan,nan,nan
1302.6025341780594,nan,14.927037685496309,23.664319233182447,15.340635001063207,28.08254415122189,0.4471652498707598,0.4495231564561235,127.12583218189036,nan,nan,nan,nan
1303.617872624208,nan,14.864948729840101,23.566332839438587,15.264309857429014,27.955996025689963,0.4471083110135484,0.44948432777878466,127.00600614040899,nan,nan,nan,nan
1304.6332110703568,nan,14.803088046396288,23.468679220097222,15.188271355497857,27.82984756761785,0.4470516784252343,0.4494457090500417,126.88609351875374,nan,nan,nan,nan
1305.6485495165055,nan,14.741455115992164,23.371357727990677,15.112519025807421,27.704098568926117,0.44699535107863664,0.449407299485749,126.76609606056961,nan,nan,nan,nan
1306.6638879626541,nan,14.680049419455006,23.27436771595127,15.03705239549234,27.57874881431428,0.4469393279465739,0.44936909830176086,126.64601550950157,nan,nan,nan,nan
1307.679226408803,nan,14.618870437612099,23.177708536811323,14.961870988317713,27.453798081306203,0.44688360800186544,0.44933110471393156,126.52585360919457,nan,nan,nan,nan
1308.6945648549518,nan,14.557917651290726,23.081379543403145,14.886974324712327,27.329246140295023,0.44682819021732983,0.44929331793811544,126.40561210329356,nan,nan,nan,nan
1309.7099033011004,nan,14.49719054131817,22.985380088559054,14.81236192180161,27.205092754587945,0.44677307356578605,0.44925573719016687,126.2852927354435,nan,nan,nan,nan
1310.7252417472491,nan,14.436688588521713,22.88970952511138,14.738033293440717,27.081337680451178,0.446718257020053,0.4492183616859402,126.16489724928937,nan,nan,nan,nan
1311.7405801933978,nan,14.376411273728639,22.794367205892435,14.66398795024755,26.957980667155073,0.44666373955294963,0.4491811906412897,126.0444273884761,nan,nan,nan,nan
1312.7559186395465,nan,14.316358077766232,22.69935248373453,14.590225399635434,26.835021457018723,0.4466095201372948,0.4491442232720698,125.92388489664864,nan,nan,nan,nan
1313.7712570856952,nan,14.256528481461768,22.604664711469983,14.516745145845917,26.71245978545491,0.44655559774590736,0.44910745879413466,125.80327151745198,nan,nan,nan,nan
1314.786595531844,nan,14.196921965642531,22.510303241931112,14.443546689981458,26.590295381015075,0.4465019713516063,0.44907089642333875,125.68258899453107,nan,nan,nan,nan
1315.8019339779928,nan,14.13753801113581,22.41626742795024,14.370629530037922,26.468527965433974,0.4464486399272104,0.4490345353755364,125.56183907153081,nan,nan,nan,nan
1316.8172724241415,nan,14.078376098768883,22.322556622359677,14.297993160937047,26.347157253674528,0.44639560244553866,0.4489983748665818,125.44102349209626,nan,nan,nan,nan
1317.8326108702902,nan,14.019435709369032,22.229170177991747,14.225637074558822,26.226182953972607,0.44634285787940997,0.44896241411232957,125.3201439998723,nan,nan,nan,nan
1318.8479493164389,nan,13.960716323763545,22.136107447678768,14.153560759773702,26.10560476788166,0.446290405201643,0.4489266523286336,125.19920233850394,nan,nan,nan,nan
1319.8632877625876,nan,13.902217422779703,22.04336778425306,14.081763702474689,25.985422390317307,0.446238243385057,0.44889108873134864,125.07820025163608,nan,nan,nan,nan
1320.8786262087363,nan,13.84393848724479,21.950950540546934,14.010245385609638,25.865635509602377,0.44618637140247064,0.4488557225363289,124.95713948291375,nan,nan,nan,nan
1321.893964654885,nan,13.785878997986078,21.858855069392707,13.939005289212902,25.746243807511004,0.4461347882267029,0.4488205529594286,124.83602177598182,nan,nan,nan,nan
1322.9093031010336,nan,13.728038435830861,21.767080723622698,13.86804289043754,25.627246959313773,0.44608349283057264,0.44878557921650203,124.71484887448534,nan,nan,nan,nan
1323.9246415471823,nan,13.670416281606416,21.675626856069222,13.797357663586718,25.5086446338217,0.4460324841868987,0.4487508005234038,124.5936225220692,nan,nan,nan,nan
1324.9399799933312,nan,13.613012016140027,21.5844928195646,13.726949080145605,25.39043649343107,0.44598176126850014,0.448716216095988,124.47234446237837,nan,nan,nan,nan
1325.95531843948,nan,13.55582512025898,21.493677966941146,13.656816608812864,25.27262219416785,0.4459313230481957,0.44868182515010896,124.35101643905782,nan,nan,nan,nan
1326.9706568856286,nan,13.498855074790555,21.403181651031183,13.586959715532132,25.155201385732095,0.4458811684988043,0.4486476269016212,124.22964019575251,nan,nan,nan,nan
1327.9859953317773,nan,13.442101360562035,21.31300322466703,13.517377863523249,25.038173711542093,0.44583129659314497,0.4486136205663789,124.10821747610741,nan,nan,nan,nan
1329.001333777926,nan,13.385563458400705,21.223142040680997,13.448070513313706,24.92153880877911,0.44578170630403635,0.44857980536023634,123.98675002376746,nan,nan,nan,nan
1330.0166722240747,nan,13.329240849133845,21.133597451905416,13.37903712276963,24.80529630843133,0.44573239660429764,0.44854618049904804,123.86523958237763,nan,nan,nan,nan
1331.0320106702234,nan,13.273133013588733,21.044368811172582,13.310277147126852,24.68944583533812,0.44568336646674755,0.44851274519866813,123.74368789558284,nan,nan,nan,nan
1332.047349116372,nan,13.21723943259266,20.95545547131482,13.241790039021932,24.57398700823439,0.445634614864205,0.4484794986749511,123.62209670702808,nan,nan,nan,nan
1333.062687562521,nan,13.161559586972906,20.866856785164455,13.173575248522805,24.458919439794432,0.4455861407694889,0.44844644014375123,123.50046776035833,nan,nan,nan,nan
1334.0780260086697,nan,13.10609295755675,20.778572105553803,13.105632223159715,24.344242736676275,0.44553794315541817,0.44841356882092287,123.37880279921852,nan,nan,nan,nan
1335.0933644548184,nan,13.05083902517148,20.69060078531518,13.03796040795574,24.229956499565617,0.44549002099481166,0.44838088392232023,123.25710356725358,nan,nan,nan,nan
1336.108702900967,nan,12.99579727064438,20.60294217728091,12.970559245457174,24.11606032321951,0.44544237326048824,0.4483483846637978,123.13537180810853,nan,nan,nan,nan
1337.1240413471157,nan,12.94096717480273,20.515595634283294,12.903428175764137,24.00255379651069,0.4453949989252669,0.4483160702612098,123.01360926542829,nan,nan,nan,nan
1338.1393797932644,nan,12.886348218473811,20.428560509154664,12.83656663656076,23.889436502471174,0.4453478969619665,0.4482839399304106,122.8918176828578,nan,nan,nan,nan
1339.1547182394131,nan,12.831939882484905,20.341836154727336,12.769974063145279,23.776708018335917,0.4453010663434058,0.4482519928872546,122.76999880404207,nan,nan,nan,nan
1340.1700566855618,nan,12.777741647663296,20.255421923833616,12.703649888460372,23.66436791558698,0.445254506042404,0.448220228347596,122.64815437262605,nan,nan,nan,nan
1341.1853951317107,nan,12.723752994836266,20.16931716930583,12.637593543122783,23.552415759996606,0.4452082150317797,0.44818864552728926,122.52628613225464,nan,nan,nan,nan
1342.2007335778594,nan,12.669973404831099,20.083521243976296,12.571804455453501,23.440851111671382,0.44516219228435194,0.44815724364218856,122.40439582657284,nan,nan,nan,nan
1343.216072024008,nan,12.616402358475082,19.998033500677334,12.50628205150724,23.32967352509529,0.44511643677293966,0.4481260219081484,122.28248519922562,nan,nan,nan,nan
1344.2314104701568,nan,12.56303933659549,19.91285329224126,12.44102575510222,23.21888254917347,0.4450709474703616,0.44809497954102295,122.16055599385791,nan,nan,nan,nan
1345.2467489163055,nan,12.509883820027724,19.827979971523536,12.376034987849579,23.108477727275364,0.445025723349377,0.44806411575660987,122.03860995443867,nan,nan,nan,nan
1346.2620873624542,nan,12.456935290148154,19.743412892922805,12.31130916918301,22.998458597278496,0.44498076337876424,0.4480334297669163,121.91664884653531,nan,nan,nan,nan
1347.2774258086029,nan,12.404193229063077,19.65915141291994,12.246847716387702,22.888824691611095,0.4449360665219302,0.44800292077883563,121.79467446485836,nan,nan,nan,nan
1348.2927642547515,nan,12.351657118060116,19.57519488566042,12.182650044629844,22.779575537295806,0.4448916317483062,0.44797258800499695,121.67268857143212,nan,nan,nan,nan
1349.3081027009002,nan,12.29932643627717,19.4915426591574,12.118715566985484,22.6707106559925,0.44484745804314296,0.4479424306730907,121.55069284245185,nan,nan,nan,nan
1350.3234411470492,nan,12.24720065978975,19.40819407268824,12.055043694469575,22.562229564041363,0.4448035444142264,0.4479124480322631,121.42868883184562,nan,nan,nan,nan
1351.3387795931978,nan,12.1952792611167,19.32514845538448,11.991633836064878,22.45413177250607,0.4447598898955153,0.447882639356579,121.30667795153931,nan,nan,nan,nan
1352.3541180393465,nan,12.143561709144269,19.2424051260153,11.928485398750551,22.346416787216373,0.4447164935476997,0.44785300394555405,121.18466146842592,nan,nan,nan,nan
1353.3694564854952,nan,12.092047469468596,19.159963393964432,11.86559778753077,22.239084108810935,0.4446733544556806,0.44782354112175476,121.0626405180385,nan,nan,nan,nan
1354.384794931644,nan,12.040736005156528,19.077822561400538,11.802970405463405,22.132133232780344,0.44463047172297165,0.4477942502254686,120.94061613492718,nan,nan,nan,nan
1355.4001333777926,nan,11.989626777924844,18.995981926641058,11.740602653688171,22.02556364950941,0.44458784446302113,0.44776513060644174,120.8185892997399,nan,nan,nan,nan
1356.4154718239413,nan,11.938719249717334,18.914440788651003,11.678493931455039,21.919374844319947,0.44454547178760684,0.4477361816128299,120.69656100218793,nan,nan,nan,nan
1357.43081027009,nan,11.888012883333534,18.8331984488365,11.616643636152352,21.813566297513187,0.44450335280220954,0.4477074025867934,120.57453226614888,nan,nan,nan,nan
1358.446148716239,nan,11.83750714165242,18.752254208830273,11.555051163334836,21.70813748441219,0.44446148661172513,0.4476787928699359,120.45250411867168,nan,nan,nan,nan
1359.4614871623876,nan,11.78720148755296,18.671607370265047,11.493715906751516,21.60308787540413,0.44441987232104996,0.44765035180386115,120.33047758680532,nan,nan,nan,nan
1360.4768256085363,nan,11.737095383914124,18.591257234773536,11.432637258373559,21.498416935982576,0.4443785090350799,0.4476220787301725,120.2084536975988,nan,nan,nan,nan
1361.492164054685,nan,11.687188293614888,18.51120310398847,11.371814608421891,21.394124126789595,0.44433739585871124,0.447593972990474,120.08643347810109,nan,nan,nan,nan
1362.5075025008337,nan,11.637479679534227,18.431444279542568,11.31124734539482,21.290208903657856,0.4442965318968398,0.4475660339263693,119.96441795536116,nan,nan,nan,nan
1363.5228409469823,nan,11.587969004551104,18.351980063068556,11.250934856095405,21.186670717652472,0.4442559162543619,0.4475382608794619,119.84240815642802,nan,nan,nan,nan
1364.538179393131,nan,11.538655731544493,18.272809756199145,11.190876525658853,21.083509015113016,0.4442155480361735,0.44751065319135563,119.72040510835063,nan,nan,nan,nan
1365.5535178392797,nan,11.489539323393364,18.193932660567057,11.131071737579711,20.980723237695276,0.44417542634717067,0.4474832102036541,119.59840983817799,nan,nan,nan,nan
1366.5688562854284,nan,11.440619242976691,18.11534807780503,11.071519873738922,20.878312822412877,0.44413555029224966,0.447455931257961,119.47642337295905,nan,nan,nan,nan
1367.5841947315773,nan,11.391894953173448,18.03705530954577,11.012220314430792,20.776277201678912,0.4440959189763063,0.4474288156958801,119.35444673974283,nan,nan,nan,nan
1368.599533177726,nan,11.343365916862602,17.95905365742201,10.953172438389918,20.67461580334755,0.4440565315042369,0.44740186285901495,119.23248096557828,nan,nan,nan,nan
1369.6148716238747,nan,11.295031596923128,17.881342423066464,10.894375622817867,20.573328050755364,0.4440173869809374,0.4473750720889693,119.1105270775144,nan,nan,nan,nan
1370.6302100700234,nan,11.246891456233996,17.80392090811186,10.835829243409673,20.47241336276248,0.44397848451130395,0.44734844272734686,118.98858610260017,nan,nan,nan,nan
1371.645548516172,nan,11.198944957674177,17.726788414190917,10.777532674380517,20.3718711537941,0.4439398232002326,0.44732197411575125,118.86665906788457,nan,nan,nan,nan
1372.6608869623208,nan,11.151191564122643,17.649944242936357,10.719485288491974,20.27170083388141,0.4439014021526195,0.4472956655957862,118.74474700041657,nan,nan,nan,nan
1373.6762254084695,nan,11.103630738458364,17.573387695980905,10.66168645707832,20.171901808702735,0.4438632204733607,0.44726951650905544,118.62285092724517,nan,nan,nan,nan
1374.6915638546182,nan,11.056261943560315,17.497118074957275,10.604135550072584,20.072473479624286,0.4438252772673522,0.4472435261971625,118.50097187541937,nan,nan,nan,nan
1375.706902300767,nan,11.009084642307464,17.421134681498195,10.54683193603263,19.97341524374114,0.4437875716394903,0.44721769400171124,118.3791108719881,nan,nan,nan,nan
1376.7222407469158,nan,10.96209829757878,17.34543681723639,10.489774982167027,19.874726493917937,0.44375010269467086,0.4471920192643052,118.25726894400039,nan,nan,nan,nan
1377.7375791930644,nan,10.915302372253244,17.270023783804575,10.43296405436073,19.776406618829352,0.4437128695377901,0.4471665013265482,118.13544711850521,nan,nan,nan,nan
1378.7529176392131,nan,10.86869632920982,17.194894882835477,10.376398517200798,19.678455003000725,0.4436758712737441,0.4471411395300438,118.01364642255152,nan,nan,nan,nan
1379.7682560853618,nan,10.822279631327484,17.120049415961816,10.320077734001963,19.580871026848587,0.44363910700742876,0.44711593321639576,117.89186788318831,nan,nan,nan,nan
1380.7835945315105,nan,10.776051741485208,17.045486684816318,10.264001066831831,19.48365406672059,0.4436025758437403,0.4470908817272077,117.77011252746456,nan,nan,nan,nan
1381.7989329776592,nan,10.730012122561956,16.9712059910317,10.208167876536368,19.38680349493608,0.443566276887575,0.4470659844040834,117.64838138242928,nan,nan,nan,nan
1382.814271423808,nan,10.684160237436704,16.897206636240682,10.152577522764934,19.290318679826008,0.44353020924382863,0.4470412405886265,117.52667547513144,nan,nan,nan,nan
1383.8296098699566,nan,10.638495548988422,16.82348792207599,10.097229363995291,19.19419898577284,0.44349437201739744,0.4470166496224406,117.40499583261999,nan,nan,nan,nan
1384.8449483161055,nan,10.593017520096085,16.750049150170344,10.042122757558587,19.0984437732506,0.44345876431317743,0.4469922108471295,117.28334348194394,nan,nan,nan,nan
1385.8602867622542,nan,10.547725613638661,16.676889622156466,9.987257059664122,19.003052398864558,0.44342338523606484,0.4469679236042967,117.16171945015228,nan,nan,nan,nan
1386.8756252084029,nan,10.502619292495126,16.604008639667082,9.932631625423907,18.908024215390736,0.4433882338909556,0.44694378723554623,117.04012476429398,nan,nan,nan,nan
1387.8909636545516,nan,10.457698019544448,16.531405504334913,9.878245808877317,18.813358571815666,0.44335330938274586,0.4469198010824814,116.91856045141799,nan,nan,nan,nan
1388.9063021007003,nan,10.4129612576656,16.45907951779268,9.824098963015455,18.719054813375685,0.44331861081633167,0.44689596448670627,116.79702753857337,nan,nan,nan,nan
1389.921640546849,nan,10.368408469737556,16.387029981673106,9.770190439805372,18.625112281596163,0.4432841372966091,0.44687227678982416,116.67552705280903,nan,nan,nan,nan
1390.9369789929976,nan,10.32403911863928,16.315256197608907,9.716519590214412,18.531530314331025,0.4432498879284744,0.4468487373334389,116.554060021174,nan,nan,nan,nan
1391.9523174391463,nan,10.279852667249749,16.24375746723281,9.663085764233996,18.43830824580135,0.4432158618168235,0.44682534545915426,116.43262747071722,nan,nan,nan,nan
1392.9676558852952,nan,10.235848578447932,16.172533092177535,9.609888310903763,18.34544540663477,0.4431820580665524,0.4468021005085738,116.3112304284877,nan,nan,nan,nan
1393.982994331444,nan,10.192026315112802,16.101582374075804,9.556926578335215,18.25294112390403,0.44314847578255734,0.4467790018233011,116.18986992153441,nan,nan,nan,nan
1394.9983327775926,nan,10.14838534012333,16.03090461456034,9.504199913735471,18.160794721165896,0.44311511406973436,0.4467560487449402,116.06854697690633,nan,nan,nan,nan
1396.0136712237413,nan,10.10492511635849,15.960499115263872,9.45170766343072,18.06900551849961,0.44308197203297955,0.44673324061509445,115.94726262165247,nan,nan,nan,nan
1397.02900966989,nan,10.061645106697254,15.890365177819115,9.399449172889758,17.977572832545576,0.443049048777189,0.44671057677536774,115.82601788282179,nan,nan,nan,nan
1398.0443481160387,nan,10.01854477401859,15.82050210385879,9.347423786747159,17.88649597654355,0.4430163434072588,0.44668805656736366,115.70481378746325,nan,nan,nan,nan
1399.0596865621874,nan,9.97562358120147,15.750909195015621,9.29563084882649,17.795774260370948,0.442983855028085,0.44666567933268597,115.58365136262589,nan,nan,nan,nan
1400.075025008336,nan,9.932880991124865,15.681585752922327,9.244069702163369,17.705406990581015,0.4429515827445637,0.44664344441293813,115.46253163535862,nan,nan,nan,nan
1401.0903634544848,nan,9.890316466667747,15.61253107921163,9.19273968902838,17.615393470440846,0.442919525661591,0.4466213511497241,115.34145563271048,nan,nan,nan,nan
1402.1057019006337,nan,9.847929470709088,15.543744475516256,9.141640150949828,17.525732999969165,0.442887682884063,0.44659939888464734,115.2204243817304,nan,nan,nan,nan
1403.1210403467824,nan,9.80571946612786,15.475225243468923,9.090770428736512,17.43642487597434,0.44285605351687574,0.4465775869593117,115.09943890946741,nan,nan,nan,nan
1404.136378792931,nan,9.763685915803034,15.40697268470236,9.04012986250009,17.347468392091635,0.44282463666492533,0.44655591471532086,114.97850024297048,nan,nan,nan,nan
1405.1517172390797,nan,9.721828282613584,15.338986100849283,8.989717791677649,17.258862838821056,0.44279343143310784,0.4465343814942784,114.85760940928859,nan,nan,nan,nan
1406.1670556852284,nan,9.680146029438479,15.271264793542418,8.939533555053943,17.1706075035646,0.44276243692631934,0.44651298663778805,114.73676743547071,nan,nan,nan,nan
1407.1823941313771,nan,9.63863861915669,15.203808064414483,8.889576490783584,17.08270167066358,0.442731652249456,0.4464917294874535,114.61597534856583,nan,nan,nan,nan
1408.1977325775258,nan,9.597305514647191,15.136615215098201,8.839845936413022,16.99514462143566,0.44270107650741386,0.4464706093848785,114.49523417562294,nan,nan,nan,nan
1409.2130710236745,nan,9.55614617878895,15.069685547226292,8.790341228902564,16.907935634212024,0.44267070880508896,0.4464496256716666,114.374544943691,nan,nan,nan,nan
1410.2284094698234,nan,9.515160074460939,15.003018362431481,8.741061704648072,16.821073984374117,0.4426405482473775,0.44642877768942146,114.25390867981902,nan,nan,nan,nan
1411.243747915972,nan,9.47434666454213,14.936612962346489,8.692006699502715,16.734558944390518,0.44261059393917535,0.4464080647797469,114.13332641105598,nan,nan,nan,nan
1412.2590863621208,nan,9.433705411911498,14.870468648604039,8.64317554879839,16.648389783853393,0.4425808449853788,0.4463874862842466,114.01279916445083,nan,nan,nan,nan
1413.2744248082695,nan,9.393235779448013,14.804584722836854,8.594567587367298,16.562565769515214,0.4425513004908838,0.4463670415445242,113.89232796705258,nan,nan,nan,nan
1414.2897632544182,nan,9.352937230030646,14.738960486677655,8.546182149563112,16.47708616532497,0.4425219595605866,0.4463467299021834,113.7719138459102,nan,nan,nan,nan
1415.3051017005669,nan,9.312809226538366,14.673595241759166,8.498018569282234,16.391950232464513,0.4424928212993831,0.4463265506988278,113.65155782807267,nan,nan,nan,nan
1416.3204401467156,nan,9.272851231850149,14.608488289714103,8.450076179984745,16.307157229384522,0.4424638848121696,0.4463065032760612,113.53126094058902,nan,nan,nan,nan
1417.3357785928642,nan,9.23306270884496,14.543638932175188,8.402354314715383,16.222706411840583,0.44243514920384186,0.4462865869754872,113.41102421050815,nan,nan,nan,nan
1418.351117039013,nan,9.193443120401776,14.479046470775149,8.354852306124359,16.138597032929052,0.4424066135792962,0.44626680113870953,113.29084866487909,nan,nan,nan,nan
1419.3664554851619,nan,9.153991929399568,14.414710207146705,8.307569486487953,16.054828343122672,0.4423782770434288,0.44624714510733177,113.17073533075077,nan,nan,nan,nan
1420.3817939313105,nan,9.114708598717305,14.350629442922575,8.260505187729114,15.971399590306195,0.4423501387011355,0.4462276182229578,113.05068523517228,nan,nan,nan,nan
1421.3971323774592,nan,9.075592591233962,14.286803479735486,8.21365874143787,15.888310019811872,0.4423221976573125,0.44620821982719117,112.93069940519254,nan,nan,nan,nan
1422.412470823608,nan,9.036643369828509,14.223231619218165,8.167029478891607,15.805558874454697,0.4422944530168559,0.44618894926163555,112.8107788678605,nan,nan,nan,nan
1423.4278092697566,nan,8.997860397379915,14.159913163003324,8.120616731075218,15.723145394567538,0.4422669038846617,0.4461698058678948,112.69092465022517,nan,nan,nan,nan
1424.4431477159053,nan,8.959243136767157,14.096847412723687,8.074419828701188,15.641068818036253,0.44223954936562615,0.4461507889875724,112.57113777933556,nan,nan,nan,nan
1425.458486162054,nan,8.920791050869202,14.03403367001198,8.028438102229522,15.559328380334643,0.44221238856464523,0.44613189796227204,112.45141928224061,nan,nan,nan,nan
1426.4738246082027,nan,8.88250360256502,13.971471236500918,7.982670881887513,15.477923314559092,0.4421854205866149,0.4461131321335975,112.33177018598931,nan,nan,nan,nan
1427.4891630543516,nan,8.844380254733588,13.909159413823229,7.937117497689355,15.396852851463168,0.4421586445364315,0.44609449084315245,112.21219151763066,nan,nan,nan,nan
1428.5045015005003,nan,8.806420470253874,13.847097503611632,7.8917772794558685,15.31611621949238,0.4421320595189909,0.4460759734325406,112.09268430421363,nan,nan,nan,nan
1429.519839946649,nan,8.76862371200485,13.78528480749885,7.846649556833677,15.23571264481813,0.4421056646391894,0.44605757924336537,111.97324957278721,nan,nan,nan,nan
1430.5351783927977,nan,8.73098944286549,13.723720627117608,7.801733659314761,15.155641351372346,0.4420794590019228,0.4460393076172309,111.85388835040038,nan,nan,nan,nan
1431.5505168389464,nan,8.693517125714763,13.66240426410063,7.7570289162554,15.075901560881174,0.44205344171208755,0.4460211578957405,111.73460166410212,nan,nan,nan,nan
1432.565855285095,nan,8.656206223431642,13.60133502008063,7.712534656895402,14.996492492899218,0.44202761187457934,0.446003129420498,111.61539054094139,nan,nan,nan,nan
1433.5811937312437,nan,8.619056198895095,13.540512196690333,7.668250210376907,14.917413364843139,0.4420019685942946,0.44598522153310716,111.49625600796722,nan,nan,nan,nan
1434.5965321773924,nan,8.582066514984097,13.47993509556246,7.6241749057632715,14.83866339202543,0.44197651097612917,0.4459674335751716,111.37719909222855,nan,nan,nan,nan
1435.611870623541,nan,8.54523663457762,13.419603018329735,7.5803080720577265,14.76024178768791,0.4419512381249793,0.44594976488829485,111.2582208207744,nan,nan,nan,nan
1436.62720906969,nan,8.50856602055463,13.359515266624877,7.53664903822189,14.682147763035033,0.44192614914574085,0.4459322148140808,111.13932222065371,nan,nan,nan,nan
1437.6425475158387,nan,8.472054135794107,13.299671142080612,7.49319713319428,14.604380527267258,0.44190124314331014,0.44591478269413304,111.02050431891547,nan,nan,nan,nan
1438.6578859619874,nan,8.435700443175016,13.240069946329658,7.449951685908531,14.526939287613978,0.4418765192225832,0.4458974678700553,110.90176814260867,nan,nan,nan,nan
1439.673224408136,nan,8.39950440557633,13.180710981004747,7.4069120253116685,14.449823249366625,0.441851976488456,0.4458802696834512,110.78311471878229,nan,nan,nan,nan
1440.6885628542848,nan,8.363465485877022,13.121593547738588,7.364077480382085,14.373031615911344,0.4418276140458248,0.44586318747592446,110.66454507448535,nan,nan,nan,nan
1441.7039013004335,nan,8.327583146956062,13.06271694816391,7.321447380147559,14.296563588761789,0.4418034309995855,0.44584622058907875,110.54606023676678,nan,nan,nan,nan
1442.7192397465822,nan,8.291856851692424,13.004080483913434,7.279021053703041,14.22041836759159,0.4417794264546343,0.4458293683645177,110.42766123267558,nan,nan,nan,nan
1443.7345781927309,nan,8.256286062965074,12.945683456619879,7.236797830228355,14.144595150266753,0.4417555995158674,0.4458126301438452,110.30934908926073,nan,nan,nan,nan
1444.7499166388798,nan,8.22087024365299,12.887525167915971,7.194777039005723,14.069093132877807,0.44173194928818066,0.44579600526866475,110.19112483357121,nan,nan,nan,nan
1445.7652550850285,nan,8.185608856153893,12.829604919104735,7.152958009437336,13.99391150977213,0.44170847487491277,0.44577949307932163,110.07298949697318,nan,nan,nan,nan
1446.7805935311771,nan,8.15050135974485,12.771922009351314,7.111340071062496,13.919049473585538,0.4416851753693034,0.4457630929080012,109.95494413882746,nan,nan,nan,nan
1447.7959319773258,nan,8.115547213763726,12.714475737862493,7.069922553575056,13.844506215274544,0.44166204986478874,0.4457468040870476,109.83698981794947,nan,nan,nan,nan
1448.8112704234745,nan,8.080745882762166,12.657265407416906,7.028704786840296,13.770280924147613,0.4416390974716779,0.4457306259624384,109.71912754638308,nan,nan,nan,nan
1449.8266088696232,nan,8.046096840262521,12.600290326938818,6.987686100912013,13.696372787896937,0.4416163173293115,0.4457145579036079,109.6013582556979,nan,nan,nan,nan
1450.841947315772,nan,8.011599571108098,12.543549813108234,6.946865826049297,13.622780992629659,0.4415937086136671,0.44569859930959344,109.48368277590598,nan,nan,nan,nan
1451.8572857619206,nan,7.9772535724067275,12.487043191007313,6.906243292733319,13.549504722899236,0.441571270540413,0.4456827496115017,109.36610182699712,nan,nan,nan,nan
1452.8726242080695,nan,7.943058353067633,12.430769793803087,6.865817831683826,13.476543161736334,0.44154900236340955,0.44566700827129857,109.24861602309362,nan,nan,nan,nan
1453.8879626542182,nan,7.909013431931636,12.37472896146651,6.825588773875812,13.403895490680103,0.44152690336865796,0.44565137477691935,109.13122588922363,nan,nan,nan,nan
1454.903301100367,nan,7.875118334494668,12.318920038527802,6.785555450555617,13.331560889808495,0.44150497286369694,0.44563584863370154,109.01393189071389,nan,nan,nan,nan
1455.9186395465156,nan,7.841372588224605,12.26334237086812,6.74571719325741,13.25953853776934,0.4414832101624467,0.4456204293521388,108.89673447520128,nan,nan,nan,nan
1456.9339779926643,nan,7.807775717687903,12.207995302380926,6.70607333381912,13.187827611810524,0.44146161456943794,0.4456051164351382,108.77963411635069,nan,nan,nan,nan
1457.949316438813,nan,7.774327246114431,12.152878176044005,6.6666232043985705,13.116427287810575,0.4414401853848757,0.44558990938211185,108.66263129981719,nan,nan,nan,nan
1458.9646548849616,nan,7.741026696729845,12.097990334832268,6.627366137489297,13.045336740308741,0.4414189219089517,0.4455748076924608,108.5457265112935,nan,nan,nan,nan
1459.9799933311103,nan,7.707873592759816,12.043331121720625,6.588301465936316,12.974555142535078,0.4413978234418573,0.44555981086558594,108.42892023647244,nan,nan,nan,nan
1460.995331777259,nan,7.674867457430003,11.988899879683988,6.5494285229517475,12.90408166644032,0.44137688928378416,0.4455449184008885,108.31221296104681,nan,nan,nan,nan
1462.010670223408,nan,7.642007813966071,11.934695951697265,6.510746642130386,12.83391548272573,0.44135611873492364,0.4455301297977694,108.19560517070937,nan,nan,nan,nan
1463.0260086695566,nan,7.609294185593686,11.88071868073537,6.472255157465069,12.764055760872651,0.4413355110954674,0.44551544455562964,108.07909735115294,nan,nan,nan,nan
1464.0413471157053,nan,7.576726095538511,11.826967409773216,6.433953403361948,12.694501669171935,0.4413150656656071,0.4455008621738705,107.96268998807027,nan,nan,nan,nan
1465.056685561854,nan,7.544303067026211,11.77344148178571,6.395840714655698,12.625252374753352,0.4412947817455341,0.44548638215189285,107.84638356715413,nan,nan,nan,nan
1466.0720240080027,nan,7.512024623282445,11.720140239747765,6.357916426624519,12.556307043614689,0.44127465863544,0.4454720039890978,107.73017857409738,nan,nan,nan,nan
1467.0873624541514,nan,7.47989028753288,11.66706302663429,6.320179875005131,12.487664840650849,0.44125469563551634,0.44545772718488635,107.61407549459273,nan,nan,nan,nan
1468.1027009003,nan,7.447899583003178,11.614209185420194,6.2826303960074865,12.419324929682567,0.4412348920459547,0.44544355123865964,107.49807481433298,nan,nan,nan,nan
1469.1180393464488,nan,7.416052032919003,11.56157805908039,6.24526732632958,12.351286473485345,0.4412152471669465,0.4454294756498186,107.38217701901094,nan,nan,nan,nan
1470.1333777925977,nan,7.384347160506019,11.509168990589785,6.208090003171937,12.28354863381784,0.44119576029868335,0.44541549991776436,107.26638259431937,nan,nan,nan,nan
1471.1487162387464,nan,7.35278448898989,11.456981322923296,6.171097764252123,12.216110571450402,0.4411764307413569,0.44540162354189794,107.15069202595106,nan,nan,nan,nan
1472.164054684895,nan,7.321363541596279,11.40501439905583,6.1342899478191075,12.148971446193372,0.44115725779515846,0.4453878460216204,107.0351057995988,nan,nan,nan,nan
1473.1793931310438,nan,7.290083841550851,11.353267561962298,6.097665892667426,12.082130416925082,0.4411382407602798,0.4453741668563327,106.91962440095534,nan,nan,nan,nan
1474.1947315771924,nan,7.25894491207927,11.301740154617612,6.061224938151325,12.015586641619905,0.44111937893691233,0.4453605855454361,106.80424831571352,nan,nan,nan,nan
1475.2100700233411,nan,7.227946276407197,11.250431519996685,6.024966424198785,11.94933927737613,0.44110067162524746,0.4453471015883314,106.6889780295661,nan,nan,nan,nan
1476.2254084694898,nan,7.197087457760297,11.19934100107442,5.988889691325391,11.883387480443611,0.44108211812547704,0.44533371448441983,106.57381402820585,nan,nan,nan,nan
1477.2407469156385,nan,7.166367979364232,11.148467940825732,5.952994080648058,11.817730406251238,0.4410637177377925,0.4453204237331023,106.45875679732558,nan,nan,nan,nan
1478.2560853617872,nan,7.135787364444669,11.09781168222553,5.917278933898742,11.7523672094344,0.4410454697623851,0.44530722883378004,106.34380682261806,nan,nan,nan,nan
1479.2714238079361,nan,7.105345136227269,11.047371568248728,5.881743593437927,11.687297043862165,0.44102737349944676,0.44529412928585393,106.22896458977608,nan,nan,nan,nan
1480.2867622540848,nan,7.075040817937697,10.997146941870234,5.846387402268097,11.622519062664413,0.4410094282491689,0.44528112458872515,106.11423058449242,nan,nan,nan,nan
1481.3021007002335,nan,7.044873932801616,10.94713714606496,5.8112097040470045,11.558032418258719,0.44099163331174296,0.4452682142417945,105.99960529245986,nan,nan,nan,nan
1482.3174391463822,nan,7.014844004044691,10.897341523807821,5.776209843100868,11.49383626237713,0.44097398798736054,0.4452553977444633,105.88508919937118,nan,nan,nan,nan
1483.3327775925309,nan,6.984950554892585,10.847759418073721,5.74138716443749,11.429929746092863,0.4409564915762132,0.44524267459613254,105.7706827909192,nan,nan,nan,nan
1484.3481160386796,nan,6.95519310857096,10.798390171837571,5.706741013759171,11.36631201984671,0.4409391433784925,0.44523004429620316,105.65638655279665,nan,nan,nan,nan
1485.3634544848283,nan,6.925571188305479,10.749233128074282,5.672270737475602,11.302982233473399,0.4409219426943899,0.4452175063440763,105.54220097069637,nan,nan,nan,nan
1486.378792930977,nan,6.89608431732181,10.700287629758769,5.637975682716617,11.239939536227839,0.44090488882409706,0.44520506023915307,105.42812653031109,nan,nan,nan,nan
1487.3941313771259,nan,6.866732018845612,10.651553019865936,5.603855197344795,11.177183076811056,0.4408879810678053,0.44519270548083434,105.31416371733363,nan,nan,nan,nan
1488.4094698232745,nan,6.83751381610255,10.6030286413707,5.569908629967972,11.11471200339611,0.44087121872570634,0.44518044156852127,105.20031301745675,nan,nan,nan,nan
1489.4248082694232,nan,6.80842923231829,10.55471383724797,5.536135329951706,11.052525463653904,0.4408546010979917,0.44516826800161485,105.08657491637328,nan,nan,nan,nan
1490.440146715572,nan,6.779477790718495,10.506607950472654,5.5025346474314745,10.9906226047786,0.4408381274848529,0.44515618427951625,104.97294989977594,nan,nan,nan,nan
1491.4554851617206,nan,6.7506590145288285,10.458710324019666,5.469105933324954,10.929002573513223,0.4408217971864814,0.44514418990162635,104.85943845335757,nan,nan,nan,nan
1492.4708236078693,nan,6.721972426974952,10.411020300863917,5.435848539344057,10.867664516174877,0.44080560950306896,0.4451322843673463,104.74604106281093,nan,nan,nan,nan
1493.486162054018,nan,6.69341755128253,10.363537223980316,5.402761818006889,10.806607578679875,0.4407895637348068,0.44512046717607723,104.6327582138288,nan,nan,nan,nan
1494.5015005001667,nan,6.664993910677227,10.316260436343768,5.3698451226496005,10.745830906568713,0.4407736591818868,0.44510873782721994,104.51959039210396,nan,nan,nan,nan
1495.5168389463154,nan,6.636701028384705,10.269189280929194,5.337097807438129,10.685333645030905,0.44075789514450026,0.4450970958201757,104.40653808332922,nan,nan,nan,nan
1496.5321773924643,nan,6.608538427630628,10.222323100711495,5.304519227379879,10.625114938929752,0.44074227092283874,0.4450855406543454,104.29360177319735,nan,nan,nan,nan
1497.547515838613,nan,6.580505631640662,10.17566123866559,5.272108738335162,10.565173932826722,0.4407267858170939,0.4450740718291303,104.18078194740113,nan,nan,nan,nan
1498.5628542847617,nan,6.55260216364047,10.129203037766384,5.239865697028706,10.505509771005999,0.44071143912745725,0.4450626888439313,104.06807909163334,nan,nan,nan,nan
1499.5781927309104,nan,6.5248275468557155,10.082947840988794,5.207789461060887,10.446121597498603,0.4406962301541202,0.44505139119814946,103.95549369158678,nan,nan,nan,nan
1500.593531177059,nan,6.497181304512061,10.036894991307726,5.175879388918985,10.38700855610655,0.4406811581972744,0.4450401783911858,103.84302623295423,nan,nan,nan,nan
1501.6088696232077,nan,6.469662959835169,9.991043831698091,5.144134839988228,10.328169790426719,0.4406662225571114,0.4450290499224414,103.73067720142846,nan,nan,nan,nan
1502.6242080693564,nan,6.442272036050706,9.9453937051348,5.112555174562827,10.26960444387473,0.4406514225338226,0.4450180052913174,103.61844708270226,nan,nan,nan,nan
1503.6395465155051,nan,6.415008056384334,9.89994395459276,5.081139753856795,10.21131165970847,0.4406367574275998,0.44500704399721464,103.50633636246845,nan,nan,nan,nan
1504.654884961654,nan,6.387870544061717,9.854693923046888,5.049887940014789,10.153290581051722,0.44062222653863425,0.44499616553953436,103.39434552641976,nan,nan,nan,nan
1505.6702234078027,nan,6.360859022308517,9.80964295347209,5.018799096122723,10.095540350917412,0.4406078291671177,0.4449853694176776,103.282475060249,nan,nan,nan,nan
1506.6855618539514,nan,6.333973014350402,9.76479038884328,4.987872586218346,10.038060112230825,0.4405935646132415,0.44497465513104517,103.17072544964896,nan,nan,nan,nan
1507.7009003001,nan,6.307212043413033,9.72013557213537,4.957107775301669,9.980849007852614,0.4405794321771974,0.44496402217903847,103.05909718031239,nan,nan,nan,nan
1508.7162387462488,nan,6.280575632722073,9.675677846323268,4.926504029345376,9.9239061806018,0.44056543115917685,0.44495347006105823,102.94759073793213,nan,nan,nan,nan
1509.7315771923975,nan,6.254063305503187,9.631416554381886,4.896060715304969,9.867230773278354,0.4405515608593713,0.44494299827650574,102.83620660820092,nan,nan,nan,nan
1510.7469156385462,nan,6.2276745849820365,9.58735103928613,4.865777201129031,9.810821928686009,0.4405378205779724,0.44493260632478193,102.72494527681157,nan,nan,nan,nan
1511.7622540846949,nan,6.201408994384288,9.543480644010915,4.835652855769142,9.7546787896545,0.44052420961517164,0.4449222937052878,102.61380722945684,nan,nan,nan,nan
1512.7775925308435,nan,6.175266056935602,9.49980471153115,4.805687049189887,9.698800499062015,0.4405107272711606,0.4449120599174245,102.50279295182953,nan,nan,nan,nan
1513.7929309769925,nan,6.149245295861643,9.456322584821745,4.775879152378653,9.643186199857281,0.44049737284613083,0.4449019044605931,102.3919029296224,nan,nan,nan,nan
1514.8082694231412,nan,6.123346234388078,9.413033606857613,4.746228537355358,9.587835035081595,0.44048414564027377,0.44489182683419454,102.2811376485283,nan,nan,nan,nan
1515.8236078692898,nan,6.097568395740566,9.369937120613665,4.7167345771820575,9.532746147890638,0.440471044953781,0.44488182653762987,102.17049759423995,nan,nan,nan,nan
1516.8389463154385,nan,6.071911303144775,9.327032469064811,4.687396645972517,9.477918681576309,0.4404580700868441,0.4448719030703003,102.05998325245017,nan,nan,nan,nan
1517.8542847615872,nan,6.0463744798263654,9.284318995185961,4.658214118901535,9.423351779588096,0.44044522033965466,0.44486205593160666,101.94959510885172,nan,nan,nan,nan
1518.869623207736,nan,6.020957449011004,9.241796041952028,4.629186372214358,9.369044585554686,0.4404324950124041,0.44485228462095017,101.83933364913739,nan,nan,nan,nan
1519.8849616538846,nan,5.99565973392435,9.19946295233792,4.6003127832358315,9.314996243305126,0.4404198934052841,0.44484258863773174,101.72919935899996,nan,nan,nan,nan
1520.9003001000333,nan,5.970480857792069,9.157319069318545,4.5715927303795265,9.261205896889953,0.4404074148184859,0.4448329674813525,101.61919272413223,nan,nan,nan,nan
1521.9156385461822,nan,5.945420343839825,9.115363735868817,4.543025593156785,9.207672690602251,0.4403950585522014,0.4448234206512136,101.50931423022698,nan,nan,nan,nan
1522.930976992331,nan,5.920477715293282,9.073596294963647,4.514610752185577,9.154395768998366,0.440382823906622,0.4448139476467159,101.39956436297697,nan,nan,nan,nan
1523.9463154384796,nan,5.895652495378105,9.032016089577947,4.4863475891993705,9.101374276918706,0.4403707101819392,0.4448045479672605,101.28994360807502,nan,nan,nan,nan
1524.9616538846283,nan,5.870944207319955,8.990622462686627,4.458235487055776,9.048607359508148,0.4403587166783445,0.44479522111224845,101.18045245121391,nan,nan,nan,nan
1525.976992330777,nan,5.846352374344497,8.949414757264597,4.430273829745245,8.996094162236577,0.44034684269602953,0.4447859665810809,101.07109137808641,nan,nan,nan,nan
1526.9923307769257,nan,5.821876519677396,8.908392316286767,4.4024620023995205,8.943833830919036,0.4403350875351858,0.4447767838731588,100.96186087438534,nan,nan,nan,nan
1528.0076692230743,nan,5.797516166544311,8.867554482728046,4.374799391300096,8.891825511735874,0.44032345049600485,0.4447676724878831,100.85276142580341,nan,nan,nan,nan
1529.023007669223,nan,5.773270838170909,8.826900599563347,4.347285383886497,8.840068351252652,0.4403119308786782,0.44475863192465503,100.74379351803344,nan,nan,nan,nan
1530.0383461153717,nan,5.749140057782853,8.786430009767582,4.3199193687645465,8.788561496440034,0.44030052798339747,0.44474966168287566,100.63495763676823,nan,nan,nan,nan
1531.0536845615206,nan,5.725123348605807,8.746142056315655,4.292700735714443,8.737304094693352,0.44028924111035406,0.44474076126194584,100.52625426770055,nan,nan,nan,nan
1532.0690230076693,nan,5.701220233865435,8.706036082182486,4.265628875698849,8.686295293852261,0.4402780695597396,0.44473193016126683,100.41768389652319,nan,nan,nan,nan
1533.084361453818,nan,5.6774302367874,8.66611143034298,4.238703180870792,8.635534242220029,0.44026701263174567,0.44472316788023947,100.30924700892895,nan,nan,nan,nan
1534.0996998999667,nan,5.6537528805973665,8.626367443772052,4.211923044581479,8.58502008858276,0.44025606962656383,0.444714473918265,100.20094409061059,nan,nan,nan,nan
1535.1150383461154,nan,5.630187688520996,8.58680346544461,4.185287861388066,8.534751982228524,0.44024523984438535,0.4447058477747444,100.09277562726092,nan,nan,nan,nan
1536.130376792264,nan,5.606734183783956,8.547418838335563,4.158797027061327,8.484729072966335,0.4402345225854021,0.44469728894907856,99.98474210457269,nan,nan,nan,nan
1537.1457152384128,nan,5.583391889611906,8.508212905419825,4.132449938593146,8.43495051114487,0.44022391714980547,0.4446887969406689,99.87684400823869,nan,nan,nan,nan
1538.1610536845615,nan,5.560160329230511,8.4691850096723,4.106245994204029,8.385415447671203,0.44021342283778697,0.444680371248916,99.76908182395172,nan,nan,nan,nan
1539.1763921307104,nan,5.537039025865435,8.430334494067907,4.080184593350447,8.336123034029313,0.4402030389495382,0.4446720113732212,99.66145603740458,nan,nan,nan,nan
1540.191730576859,nan,5.514027502742342,8.39166070158155,4.0542651367321385,8.287072422298495,0.4401927647852506,0.44466371681298555,99.55396713429,nan,nan,nan,nan
1541.2070690230078,nan,5.4911252830868955,8.353162975188145,4.0284870262992065,8.238262765171458,0.44018259964511597,0.44465548706761,99.44661560030082,nan,nan,nan,nan
1542.2224074691565,nan,5.468331890124759,8.314840657862602,4.0028496652592835,8.189693215972563,0.4401725428293255,0.4446473216364957,99.33940192112979,nan,nan,nan,nan
1543.2377459153051,nan,5.445646847081597,8.27669309257983,3.977352458084505,8.141362928675745,0.440162593638071,0.44463922001904355,99.23232658246972,nan,nan,nan,nan
1544.2530843614538,nan,5.423069677183072,8.238719622314742,3.9519948105183964,8.093271057922292,0.4401527513715438,0.44463118171465466,99.1253900700134,nan,nan,nan,nan
1545.2684228076025,nan,5.400599903599899,8.200919589987521,3.9267761295826986,8.045416759038536,0.4401430153298388,0.44462320622263474,99.01859286966047,nan,nan,nan,nan
1546.2837612537512,nan,5.378237046370277,8.163292335398808,3.9016958235840584,7.99779918805334,0.4401333848075283,0.44461529303684877,98.91193547910585,nan,nan,nan,nan
1547.2990996999,nan,5.355980621594174,8.125837194427294,3.8767533021207132,7.950417501715586,0.44012385909224233,0.4446074416443222,98.80541841087341,nan,nan,nan,nan
1548.3144381460488,nan,5.333830150117818,8.0885535076783,3.8519479760889452,7.90327085751127,0.4401144374799779,0.4445996515403231,98.69904215961553,nan,nan,nan,nan
1549.3297765921975,nan,5.311785164903417,8.051440627823002,3.8272792576896446,7.856358413680823,0.4401051192880906,0.4445919222411632,98.59280717436292,nan,nan,nan,nan
1550.3451150383462,nan,5.289845216066769,8.014497924615185,3.8027465604345685,7.809679329235888,0.44009590386417546,0.44458425329294576,98.48671383955616,nan,nan,nan,nan
1551.3604534844949,nan,5.26800987358274,7.977724787585548,3.77834929915266,7.7632327639762595,0.44008679059083583,0.44457664427626536,98.38076246485838,nan,nan,nan,nan
1552.3757919306436,nan,5.246278727658638,7.94112062641352,3.7540868899962003,7.717017878506488,0.44007777888634214,0.44456909480685575,98.27495328374934,nan,nan,nan,nan
1553.3911303767923,nan,5.224651386775461,7.904684868976615,3.729958750446954,7.671033834252557,0.4400688682011785,0.4445616045321884,98.16928646090105,nan,nan,nan,nan
1554.406468822941,nan,5.203127473397032,7.868416957077319,3.705964299322106,7.6252797934781595,0.440060058010479,0.4445541731240198,98.06376210833446,nan,nan,nan,nan
1555.4218072690896,nan,5.1817066173470145,7.832316339847514,3.6821029567802737,7.579754919301152,0.4400513478023516,0.444546800266889,97.9583803103578,nan,nan,nan,nan
1556.4371457152386,nan,5.160388446992717,7.796382464968742,3.6583741443272197,7.534458375709459,0.4400427370623373,0.44453948564280565,97.85314115676297,nan,nan,nan,nan
1557.4524841613872,nan,5.139172586010099,7.76061477545062,3.6347772848217352,7.489389327577341,0.4400342252677066,0.4445322289256314,97.74804475500682,nan,nan,nan,nan
1558.467822607536,nan,5.1180586576726625,7.725012713901961,3.6113118024811723,7.444546940681034,0.4400258118950209,0.44452502978852926,97.64309121406153,nan,nan,nan,nan
1559.4831610536846,nan,5.097046285253905,7.6895757229315755,3.587977122887112,7.399930381714637,0.44001749642084126,0.444517887904662,97.53828064289934,nan,nan,nan,nan
1560.4984994998333,nan,5.076135092027325,7.654303245148281,3.5647726729907796,7.355538818305562,0.440009278321729,0.44451080294719214,97.43361315049242,nan,nan,nan,nan
1561.513837945982,nan,5.055324701266421,7.619194723160888,3.541697881118547,7.311371419030207,0.44000115707424525,0.44450377458928275,97.32908884581305,nan,nan,nan,nan
1562.5291763921307,nan,5.03461473624469,7.584249599578207,3.5187521769771424,7.2674273534290315,0.4399931321549512,0.4444968025040965,97.2247078378334,nan,nan,nan,nan
1563.5445148382794,nan,5.014004820235632,7.549467317009057,3.49593499165897,7.22370579202193,0.43998520304040817,0.44448988636479625,97.12047023552572,nan,nan,nan,nan
1564.5598532844283,nan,4.993494576512746,7.51484731806225,3.4732457576472187,7.180205906323181,0.4399773692071772,0.4444830258445446,97.01637614786222,nan,nan,nan,nan
1565.575191730577,nan,4.9730836283495305,7.480389045346598,3.450683908820958,7.136926868856435,0.43996963013181967,0.4444762206165046,96.91242568381509,nan,nan,nan,nan
1566.5905301767257,nan,4.952771599019484,7.446091941470916,3.428248880460114,7.093867853169449,0.4399619852908966,0.4444694703538388,96.80861895235658,nan,nan,nan,nan
1567.6058686228744,nan,4.932558111796105,7.411955449044017,3.4059401092503814,7.051028033848788,0.4399544341609693,0.4444627747297102,96.70495606245889,nan,nan,nan,nan
1568.621207069023,nan,4.912442789952894,7.377979010674716,3.383757033288028,7.008406586534275,0.4399469762185989,0.44445613341728146,96.60143712309426,nan,nan,nan,nan
1569.6365455151717,nan,4.892425256763348,7.3441620689718246,3.361699092084674,6.966002687933451,0.4399396109403467,0.4444495460897154,96.4980622432349,nan,nan,nan,nan
1570.6518839613204,nan,4.872505135500963,7.310504066544155,3.3397657265719314,6.923815515835811,0.4399323378027739,0.4444430124201747,96.39483153185301,nan,nan,nan,nan
1571.6672224074691,nan,4.852682049439241,7.277004446000522,3.317956379105959,6.88184424912684,0.4399251562824417,0.4444365320818223,96.29174509792084,nan,nan,nan,nan
1572.6825608536178,nan,4.832955621851678,7.243662649949739,3.2962704934720475,6.840088067802192,0.4399180658559113,0.4444301047478211,96.18880305041057,nan,nan,nan,nan
1573.6978992997667,nan,4.813325476011776,7.2104781210006195,3.2747075148889295,6.798546152981316,0.43991106599974383,0.4444237300913335,96.08600549829443,nan,nan,nan,nan
1574.7132377459154,nan,4.793791235193031,7.177450301761976,3.253266890013218,6.757217686921378,0.4399041561905005,0.44441740778552263,95.98335255054464,nan,nan,nan,nan
1575.728576192064,nan,4.774352522668942,7.144578634842624,3.2319480669436205,6.71610185303076,0.4398973359047426,0.4444111375035511,95.88084431613343,nan,nan,nan,nan
1576.7439146382128,nan,4.75500896171301,7.1118625628513765,3.2107504952251427,6.675197835882562,0.4398906046190313,0.4444049189185818,95.778480904033,nan,nan,nan,nan
1577.7592530843615,nan,4.735760175598731,7.079301528397046,3.1896736258531693,6.634504821227893,0.4398839618099277,0.44439875170377746,95.6762624232156,nan,nan,nan,nan
1578.7745915305102,nan,4.716605787599605,7.046894974088448,3.1687169112775533,6.594021996009182,0.4398774069539932,0.4443926355323009,95.57418898265341,nan,nan,nan,nan
1579.7899299766589,nan,4.697545420989128,7.014642342534393,3.1478798054064936,6.55374854837313,0.43987093952778894,0.44438657007731486,95.47226069131867,nan,nan,nan,nan
1580.8052684228076,nan,4.678578699040802,6.9825430763436955,3.127161763610478,6.513683667683766,0.439864559007876,0.44438055501198215,95.37047765818357,nan,nan,nan,nan
1581.8206068689565,nan,4.659705245028123,6.95059661812517,3.1065622427260253,6.473826544535186,0.4398582648708158,0.44437459000946566,95.26883999222036,nan,nan,nan,nan
1582.8359453151052,nan,4.6409246822245915,6.918802410487627,3.0860807010594837,6.434176370764366,0.43985205659316934,0.4443686747429279,95.16734780240125,nan,nan,nan,nan
1583.8512837612539,nan,4.622236633903705,6.887159896039884,3.0657165983906047,6.3947323394636015,0.4398459336514978,0.44436280888553203,95.06600119769845,nan,nan,nan,nan
1584.8666222074025,nan,4.6036407233389625,6.855668517390752,3.0454693959761703,6.355493644993047,0.43983989552236263,0.44435699211044055,94.96480028708417,nan,nan,nan,nan
1585.8819606535512,nan,4.585136573803863,6.824327717149046,3.025338556553446,6.316459482992934,0.4398339416823248,0.4443512240908164,94.86374517953065,nan,nan,nan,nan
1586.8972990997,nan,4.566723808571906,6.793136937923579,3.005323544343669,6.277629050395894,0.43982807160794557,0.44434550449982235,94.7628359840101,nan,nan,nan,nan
1587.9126375458486,nan,4.548402050916587,6.762095622323163,2.985423825055337,6.23900154543889,0.43982228477578633,0.44433983301062097,94.66207280949473,nan,nan,nan,nan
1588.9279759919973,nan,4.530170924111407,6.731203212956611,2.965638865887537,6.200576167675257,0.439816580662408,0.4443342092963754,94.56145576495675,nan,nan,nan,nan
1589.943314438146,nan,4.512030051429864,6.700459152432739,2.945968135533127,6.162352117986464,0.43981095874437204,0.44432863303024817,94.46098495936837,nan,nan,nan,nan
1590.958652884295,nan,4.493979056145456,6.669862883360359,2.9264111041818697,6.124328598593815,0.4398054184982394,0.4443231038854022,94.36066050170187,nan,nan,nan,nan
1591.9739913304436,nan,4.476017561531683,6.639413848348287,2.906967243523508,6.086504813070021,0.4397999594005715,0.4443176215350002,94.26048250092941,nan,nan,nan,nan
1592.9893297765923,nan,4.458145190862043,6.609111490005331,2.8876360267507515,6.048879966350664,0.4397945809279294,0.44431218565220504,94.16045106602323,nan,nan,nan,nan
1594.004668222741,nan,4.440361567410035,6.578955250940311,2.8684169285621652,6.011453264745426,0.4397892825568744,0.4443067959101795,94.06056630595555,nan,nan,nan,nan
1595.0200066688897,nan,4.422666314449156,6.548944573762036,2.8493094251650954,5.974223915949469,0.4397840637639676,0.4443014519820862,93.96082832969856,nan,nan,nan,nan
1596.0353451150384,nan,4.405059055252907,6.519078901079321,2.8303129942783585,5.937191129054306,0.43977892402577035,0.44429615354108815,93.8612372462245,nan,nan,nan,nan
1597.050683561187,nan,4.3875394130947845,6.489357675500978,2.811427115135016,5.900354114558909,0.4397738628188438,0.44429090026034807,93.76179316450558,nan,nan,nan,nan
1598.0660220073357,nan,4.370107011248287,6.459780339635822,2.792651268484981,5.863712084380457,0.4397688796197491,0.44428569181302857,93.66249619351402,nan,nan,nan,nan
1599.0813604534846,nan,4.352761472986915,6.430346336092665,2.773984936597588,5.827264251865068,0.4397639739050474,0.4442805278722927,93.56334644222204,nan,nan,nan,nan
1600.0966988996333,nan,4.335502421584166,6.401055107480321,2.7554276032641374,5.791009831798454,0.43975914515130005,0.44427540811130317,93.46434401960187,nan,nan,nan,nan
1601.112037345782,nan,4.318329480313539,6.371906096407605,2.736978753800282,5.754948040416316,0.4397543928350681,0.44427033220322254,93.36548903462571,nan,nan,nan,nan
1602.1273757919307,nan,4.301242272448532,6.34289874548333,2.7186378750483966,5.7190780954147,0.43974971643291305,0.444265299821214,93.26678159626579,nan,nan,nan,nan
1603.1427142380794,nan,4.284240421262646,6.314032497316308,2.7004044553799127,5.683399215960295,0.4397451154213957,0.44426031063844007,93.16822181349428,nan,nan,nan,nan
1604.158052684228,nan,4.267323550029377,6.285306794515356,2.6822779846975364,5.647910622700524,0.4397405892770776,0.4442553643280637,93.06980979528348,nan,nan,nan,nan
1605.1733911303768,nan,4.250491282022224,6.256721079689283,2.664257954437376,5.612611537773475,0.43973613747651974,0.4442504605632474,92.97154565060556,nan,nan,nan,nan
1606.1887295765255,nan,4.233743240514685,6.228274795446904,2.6463438575711145,5.5775011848179155,0.4397317594962834,0.4442455990171542,92.87342948843275,nan,nan,nan,nan
1607.2040680226742,nan,4.21707904878026,6.199967384397031,2.628535188607984,5.54257878898294,0.43972745481292985,0.4442407793629468,92.77546141773725,nan,nan,nan,nan
1608.219406468823,nan,4.200498330092446,6.17179828914848,2.610831443596764,5.507843576937675,0.4397232229030201,0.4442360012737881,92.67764154749129,nan,nan,nan,nan
1609.2347449149718,nan,4.184000707724744,6.143766952310063,2.5932321201276856,5.4732947768808105,0.4397190632431155,0.44423126442284067,92.57996998666708,nan,nan,nan,nan
1610.2500833611205,nan,4.16758580495065,6.1158728164905956,2.575736717334256,5.438931618549986,0.4397149753097773,0.44422656848326736,92.48244684423685,nan,nan,nan,nan
1611.2654218072691,nan,4.151253245043666,6.08811532429889,2.5583447358950515,5.404753333231116,0.43971095857956655,0.4442219131282311,92.38507222917282,nan,nan,nan,nan
1612.2807602534178,nan,4.135002651277287,6.060493918343759,2.5410556780354407,5.370759153767603,0.43970701252904454,0.4442172980308947,92.28784625044722,nan,nan,nan,nan
1613.2960986995665,nan,4.1188336469250135,6.033008041234016,2.5238690475291996,5.336948314569341,0.43970313663477256,0.4442127228644207,92.19076901703221,nan,nan,nan,nan
1614.3114371457152,nan,4.102745855260345,6.005657135578476,2.5067843497001485,5.303320051621771,0.43969933037331166,0.4442081873019722,92.09384063790007,nan,nan,nan,nan
1615.326775591864,nan,4.086738899556777,5.978440643985948,2.4898010914236175,5.269873602494598,0.4396955932212231,0.44420369101671175,91.997061222023,nan,nan,nan,nan
1616.3421140380128,nan,4.070812403087811,5.951358009065251,2.472918781127978,5.236608206350669,0.4396919246550682,0.44419923368180225,91.90043087837319,nan,nan,nan,nan
1617.3574524841615,nan,4.054965989126944,5.924408673425195,2.456136928795991,5.203523103954484,0.4396883241514079,0.4441948149704064,91.8039497159229,nan,nan,nan,nan
1618.3727909303102,nan,4.039199280947676,5.897592079674597,2.43945504596619,5.17061753768078,0.4396847911868036,0.44419043455568696,91.70761784364433,nan,nan,nan,nan
1619.388129376459,nan,4.023511901823505,5.870907670422267,2.42287264573413,5.137890751522872,0.43968132523781656,0.44418609211080695,91.61143537050967,nan,nan,nan,nan
1620.4034678226076,nan,4.00790347502793,5.844354888277021,2.406389242753624,5.10534199110097,0.4396779257810079,0.4441817873089289,91.51540240549119,nan,nan,nan,nan
1621.4188062687563,nan,3.9923736238344487,5.817933175847671,2.3900043532379187,5.072970503670378,0.4396745922929387,0.44417751982321574,91.41951905756108,nan,nan,nan,nan
1622.434144714905,nan,3.9769219715165596,5.791641975743029,2.373717494960751,5.040775538129473,0.4396713242501704,0.4441732893268302,91.32378543569155,nan,nan,nan,nan
1623.4494831610536,nan,3.9615481413477616,5.76548073057191,2.357528187257463,5.00875634502781,0.439668121129264,0.44416909549293504,91.22820164885482,nan,nan,nan,nan
1624.4648216072023,nan,3.946251756601553,5.739448882943127,2.341435951025921,4.976912176573824,0.43966498240678076,0.44416493799469314,91.13276780602311,nan,nan,nan,nan
1625.4801600533513,nan,3.9310324405514336,5.713545875465494,2.3254403087274826,4.945242286642673,0.43966190755928203,0.44416081650526723,91.03748401616863,nan,nan,nan,nan
1626.4954984995,nan,3.9158898164709006,5.687771150747825,2.3095407843878517,4.913745930783819,0.43965889606332875,0.4441567306978201,90.94235038826363,nan,nan,nan,nan
1627.5108369456486,nan,3.9008235076334543,5.662124151398932,2.2937369035979014,4.882422366228591,0.4396559473954823,0.44415268024551446,90.84736703128033,nan,nan,nan,nan
1628.5261753917973,nan,3.885833137312593,5.6366043200276295,2.2780281935143987,4.851270851897527,0.43965306103230384,0.4441486648215134,90.7525340541909,nan,nan,nan,nan
1629.541513837946,nan,3.870918328781814,5.611211099242732,2.262414182860762,4.820290648407819,0.43965023645035467,0.44414468409897934,90.65785156596759,nan,nan,nan,nan
1630.5568522840947,nan,3.8560787053146166,5.585943931653052,2.2468944019276518,4.789481018080399,0.4396474731261959,0.4441407377510752,90.56331967558262,nan,nan,nan,nan
1631.5721907302434,nan,3.8413138901845,5.560802259867401,2.2314683825735804,4.758841224947091,0.43964477053638884,0.4441368254509639,90.46893849200818,nan,nan,nan,nan
1632.587529176392,nan,3.826623506664961,5.535785526494595,2.216135658225446,4.728370534757609,0.43964212815749437,0.44413294687180804,90.37470812421651,nan,nan,nan,nan
1633.602867622541,nan,3.812007178029499,5.510893174143446,2.200895763879007,4.698068214986439,0.4396395454660741,0.44412910168677044,90.28062868117982,nan,nan,nan,nan
1634.6182060686897,nan,3.7974645275516146,5.486124645422768,2.1857482360993084,4.667933534839633,0.43963702193868903,0.44412528956901404,90.18670027187034,nan,nan,nan,nan
1635.6335445148384,nan,3.782995178504804,5.4614793829413735,2.170692613021065,4.637965765261525,0.43963455705190035,0.44412151019170143,90.09292300526029,nan,nan,nan,nan
1636.648882960987,nan,3.768598754162566,5.436956829308077,2.155728434348942,4.608164178941232,0.43963215028226926,0.44411776322799557,89.99929699032185,nan,nan,nan,nan
1637.6642214071358,nan,3.7542748777984016,5.412556427131696,2.1408552413578565,4.578528050319216,0.4396298011063571,0.44411404835105905,89.90582233602728,nan,nan,nan,nan
1638.6795598532844,nan,3.7400231726858078,5.388277619021036,2.1260725768931668,4.549056655593618,0.4396275090007249,0.4441103652340548,89.8124991513488,nan,nan,nan,nan
1639.6948982994331,nan,3.725843262098282,5.364119847584915,2.1113799853708417,4.519749272726551,0.439625273441934,0.44410671355014564,89.71932754525861,nan,nan,nan,nan
1640.7102367455818,nan,3.711734769309325,5.340082555432145,2.096777012777568,4.490605181450287,0.4396230939065456,0.4441030929724943,89.6263076267289,nan,nan,nan,nan
1641.7255751917305,nan,3.6976973175924335,5.316165185171542,2.082263206670796,4.461623663273303,0.43962096987112087,0.4440995031742635,89.53343950473194,nan,nan,nan,nan
1642.7409136378794,nan,3.6837305302211067,5.292367179411916,2.0678381161787396,4.432804001486255,0.43961890081222094,0.44409594382861606,89.44072328823992,nan,nan,nan,nan
1643.7562520840281,nan,3.669834030468844,5.268687980762082,2.0535012920003695,4.404145481167925,0.4396168862064071,0.44409241460871485,89.34815908622505,nan,nan,nan,nan
1644.7715905301768,nan,3.6560074416091437,5.2451270318308545,2.0392522864052536,4.3756473891908865,0.4396149255302405,0.44408891518772264,89.25574700765958,nan,nan,nan,nan
1645.7869289763255,nan,3.6422503859901085,5.221683774111677,2.0250906532334634,4.3473090142272754,0.4396130182586153,0.44408544523769594,89.16348716344513,nan,nan,nan,nan
1646.8022674224742,nan,3.6285624803624015,5.198357642351455,2.011015947895359,4.319129646754344,0.4396111638563418,0.44408200442400037,89.07137967615381,nan,nan,nan,nan
1647.8176058686229,nan,3.614943341801327,5.175148071688383,1.9970277273713308,4.291108579059909,0.43960936178881516,0.44407859241238945,88.97942466768096,nan,nan,nan,nan
1648.8329443147716,nan,3.601392596840819,5.152054508661047,1.9831255502115357,4.263245105247812,0.43960761153847017,0.44407520887992336,88.88762224020081,nan,nan,nan,nan
1649.8482827609203,nan,3.5879098881137876,5.129076419211954,1.9693089765355163,4.235538521243117,0.4396059126167442,0.4440718535229069,88.79597246232183,nan,nan,nan,nan
1650.8636212070692,nan,3.574494878486122,5.1062132936702165,1.9555775680318455,4.207988124797388,0.439604264571524,0.4440685260618308,88.70447536046723,nan,nan,nan,nan
1651.8789596532179,nan,3.5611472526843686,5.08346464871337,1.9419308879576884,4.180593215493783,0.43960266699007844,0.4440652262433177,88.61313091548149,nan,nan,nan,nan
1652.8942980993666,nan,3.5478667164170723,5.060830026308339,1.9283685011382752,4.153353094751972,0.4396011194974758,0.44406195383907165,88.52193906446217,nan,nan,nan,nan
1653.9096365455152,nan,3.534652992989791,5.038308989631538,1.914889973966421,4.1262670658331535,0.4395996217504848,0.44405870864183195,88.43089970781762,nan,nan,nan,nan
1654.924974991664,nan,3.52150581741377,5.01590111596813,1.9014948744019222,4.099334433844819,0.4395981734269624,0.4440554904583307,88.34001272155018,nan,nan,nan,nan
1655.9403134378126,nan,3.5084249280082878,4.993605986590415,1.888182771970928,4.072554505745469,0.43959677421072496,0.44405229909925426,88.24927797476496,nan,nan,nan,nan
1656.9556518839613,nan,3.495410057835866,4.971423176434779,1.874953237765293,4.045926590349285,0.4395954237761184,0.44404913436900517,88.15869534752738,nan,nan,nan,nan
1657.97099033011,nan,3.4824609376966853,4.949352257710832,1.8618058444418393,4.019449998330619,0.4395941217934136,0.4440459960692815,88.0682647246197,nan,nan,nan,nan
1658.9863287762587,nan,3.469577298385909,4.927392802622136,1.8487401662216203,3.993124042228498,0.43959286793287194,0.44404288400177566,87.97798599083464,nan,nan,nan,nan
1660.0016672224076,nan,3.4567588706986996,4.905544383372253,1.8357557788890804,3.9669480364508978,0.43959166186475507,0.4440397979681797,87.8878590309649,nan,nan,nan,nan
1661.0170056685563,nan,3.4440053854302217,4.883806572164744,1.8228522597912618,3.9409212972791177,0.43959050325932447,0.44403673777018593,87.79788372980326,nan,nan,nan,nan
1662.032344114705,nan,3.431316573375638,4.862178941203172,1.8100291878368489,3.9150431428718298,0.43958939178684175,0.44403370320948643,87.70805997214245,nan,nan,nan,nan
1663.0476825608537,nan,3.418692165330111,4.840661062691101,1.797286143495292,3.889312893269284,0.43958832711756834,0.4440306940877734,87.61838764277516,nan,nan,nan,nan
1664.0630210070024,nan,3.4061318920888057,4.819252508832091,1.784622708795789,3.8637298703972154,0.4395873089217661,0.44402771020673926,87.52886662649416,nan,nan,nan,nan
1665.078359453151,nan,3.3936354844468832,4.797952851829705,1.7720384673262948,3.8382933980708196,0.43958633686969606,0.44402475136807584,87.43949680809217,nan,nan,nan,nan
1666.0936978992997,nan,3.3812026731995086,4.776761663887504,1.7595330042324164,3.8130028019984827,0.4395854106316203,0.4440218173734758,87.35027807236193,nan,nan,nan,nan
1667.1090363454484,nan,3.368833189141844,4.75567851720905,1.7471059062163639,3.787857409785622,0.43958452987780017,0.44401890802463084,87.26121030409614,nan,nan,nan,nan
1668.1243747915973,nan,3.356526763069053,4.734702983997906,1.7347567615357566,3.7628565509382415,0.43958369427849714,0.44401602312323346,87.17229338808755,nan,nan,nan,nan
1669.139713237746,nan,3.3442831257762977,4.713834636457634,1.7224851600024775,3.7379995568665625,0.4395829035039729,0.4440131624709758,87.0835272091289,nan,nan,nan,nan
1670.1550516838947,nan,3.332102008058744,4.693073046791796,1.710290692981401,3.7132857608884127,0.43958215722448885,0.4440103258695499,86.99491165201292,nan,nan,nan,nan
1671.1703901300434,nan,3.319983140711553,4.672417787203955,1.698172953389163,3.688714498232686,0.43958145511030666,0.44400751312064834,86.90644660153234,nan,nan,nan,nan
1672.185728576192,nan,3.3079262545298898,4.651868429897673,1.6861315356928275,3.6642851060425894,0.4395807968316878,0.4440047240259629,86.81813194247985,nan,nan,nan,nan
1673.2010670223408,nan,3.2959310803089155,4.631424547076511,1.674166035908563,3.6399969233789147,0.43958018205889404,0.4440019583871861,86.72996755964826,nan,nan,nan,nan
1674.2164054684895,nan,3.283997348843795,4.611085710944032,1.6622760516002335,3.615849291223114,0.4395796104621865,0.4439992160060099,86.64195333783024,nan,nan,nan,nan
1675.2317439146382,nan,3.2721247909296896,4.590851493703796,1.6504611818779862,3.591841552480387,0.43957908171182725,0.44399649668412655,86.55408916181854,nan,nan,nan,nan
1676.2470823607869,nan,3.2603131373617655,4.570721467559368,1.6387210273967903,3.567973051982642,0.4395785954780775,0.4439938002232284,86.46637491640587,nan,nan,nan,nan
1677.2624208069358,nan,3.2485621189351828,4.550695204714309,1.6270551903549095,3.544243136491335,0.43957815143119894,0.4439911264250075,86.37881048638499,nan,nan,nan,nan
1678.2777592530845,nan,3.2368714664451073,4.530772277372181,1.6154632744924085,3.5206511547003596,0.439577749241453,0.443988475091156,86.29139575654864,nan,nan,nan,nan
1679.2930976992332,nan,3.2252409106866997,4.5109522577365455,1.6039448850895235,3.4971964572386613,0.43957738857910134,0.4439858460233663,86.20413061168952,nan,nan,nan,nan
1680.3084361453818,nan,3.213670182455127,4.491234718010967,1.5924996289650868,3.473878396672957,0.4395770691144055,0.4439832390233306,86.1170149366004,nan,nan,nan,nan
1681.3237745915305,nan,3.2021590125455495,4.471619230399005,1.5811271144748613,3.45069632751026,0.4395767905176271,0.4439806538927408,86.03004861607397,nan,nan,nan,nan
1682.3391130376792,nan,3.1907071317531317,4.452105367104224,1.569826951509852,3.4276496062003576,0.4395765524590276,0.4439780904332893,85.94323153490299,nan,nan,nan,nan
1683.354451483828,nan,3.1793142708730358,4.432692700330183,1.5585987514945774,3.4047375911381987,0.43957635460886846,0.4439755484466683,85.85656357788017,nan,nan,nan,nan
1684.3697899299766,nan,3.1679801607004254,4.413380802280447,1.5474421273853345,3.381959642666261,0.4395761966374115,0.4439730277345699,85.77004462979824,nan,nan,nan,nan
1685.3851283761255,nan,3.156704532030464,4.394169245158575,1.5363566936683637,3.3593151230767035,0.43957607821491795,0.4439705280986865,85.68367457544994,nan,nan,nan,nan
1686.4004668222742,nan,3.145487115658315,4.375057601168132,1.525342066358076,3.336803396613655,0.4395759990116496,0.44396804934071005,85.59745329962801,nan,nan,nan,nan
1687.415805268423,nan,3.1343276423791413,4.35604544251268,1.5143978629951302,3.314423829475171,0.4395759586978679,0.4439655912623329,85.51138068712518,nan,nan,nan,nan
1688.4311437145716,nan,3.123225842988107,4.3371323413957805,1.5035237026445767,3.292175789815324,0.43957595694383444,0.4439631536652473,85.42545662273417,nan,nan,nan,nan
1689.4464821607203,nan,3.1121814482803742,4.318317870020996,1.4927192058938952,3.270058647746085,0.43957599341981085,0.4439607363511453,85.33968099124772,nan,nan,nan,nan
1690.461820606869,nan,3.101194189051107,4.299601600591887,1.481983994851063,3.2480717753392336,0.4395760677960585,0.44395833912171906,85.25405367745854,nan,nan,nan,nan
1691.4771590530177,nan,3.0902637960954684,4.280983105312018,1.4713176931425294,3.2262145466280927,0.43957617974283913,0.44395596177866103,85.1685745661594,nan,nan,nan,nan
1692.4924974991663,nan,3.0793900002086207,4.262461956384948,1.460719925911198,3.2044863376092585,0.4395763289304141,0.44395360412366314,85.08324354214298,nan,nan,nan,nan
1693.5078359453153,nan,3.0685725321857285,4.244037726014241,1.4501903198143489,3.1828865262442037,0.43957651502904505,0.4439512659584177,84.99806049020208,nan,nan,nan,nan
1694.523174391464,nan,3.0578111228219544,4.22570998640346,1.4397285030215643,3.1614144924608754,0.43957673770899375,0.44394894708461696,84.91302529512936,nan,nan,nan,nan
1695.5385128376126,nan,3.047105502912462,4.2074783097561665,1.429334105212578,3.1400696181551386,0.4395769966405214,0.44394664730395306,84.82813784171759,nan,nan,nan,nan
1696.5538512837613,nan,3.0364554032524156,4.189342268275922,1.4190067575751295,3.118851287192208,0.43957729149388974,0.4439443664181183,84.74339801475952,nan,nan,nan,nan
1697.56918972991,nan,3.025860554636977,4.17130143416629,1.408746092802771,3.09775888540798,0.43957762193936034,0.4439421042288046,84.65880569904783,nan,nan,nan,nan
1698.5845281760587,nan,3.0153206878613092,4.153355379630833,1.3985517450926508,3.0767918006103177,0.43957798764719475,0.4439398605377045,84.5743607793753,nan,nan,nan,nan
1699.5998666222074,nan,3.004835533720576,4.1355036768731095,1.388423350143237,3.0559494225801846,0.4395783882876544,0.4439376351465099,84.49006314053462,nan,nan,nan,nan
1700.615205068356,nan,2.9944048230099405,4.117745898096684,1.3783605451520715,3.0352311430728474,0.43957882353100086,0.4439354278569132,84.40591266731853,nan,nan,nan,nan
1701.6305435145048,nan,2.984028286524566,4.100081615505118,1.3683629688134382,3.0146363558188853,0.4395792930474959,0.4439332384706065,84.32190924451979,nan,nan,nan,nan
1702.6458819606537,nan,2.973705655059616,4.082510401301974,1.3584302613160097,2.99416445652515,0.4395797965074008,0.44393106678928207,84.2380527569311,nan,nan,nan,nan
1703.6612204068024,nan,2.9634366594102537,4.065031827690815,1.3485620643405118,2.9738148428757527,0.43958033358097726,0.4439289126146321,84.15434308934519,nan,nan,nan,nan
1704.676558852951,nan,2.953221030371642,4.047645466875203,1.3387580210572891,2.953586914532831,0.4395809039384868,0.4439267757483487,84.07078012655481,nan,nan,nan,nan
1705.6918972990998,nan,2.943058498738945,4.030350891058698,1.329017776123896,2.9334800731373694,0.4395815072501911,0.44392465599212416,83.9873637533527,nan,nan,nan,nan
1706.7072357452485,nan,2.9329487953073254,4.013147672444865,1.319340975682627,2.9134937223098754,0.43958214318635136,0.4439225531476506,83.90409385453158,nan,nan,nan,nan
1707.7225741913971,nan,2.9228916508719465,3.996035383237264,1.3097272673580551,2.8936272676510675,0.43958281141722955,0.4439204670166203,83.82097031488416,nan,nan,nan,nan
1708.7379126375458,nan,2.912886796227971,3.9790135956394588,1.3001763002544942,2.8738801167423937,0.43958351161308695,0.4439183974007255,83.7379930192032,nan,nan,nan,nan
1709.7532510836945,nan,2.902933962170563,3.96208188185501,1.2906877249534758,2.8542516791465706,0.43958424344418534,0.44391634410165814,83.65516185228142,nan,nan,nan,nan
1710.7685895298434,nan,2.893032879494885,3.9452398140874796,1.2812611935111764,2.8347413664080117,0.43958500658078603,0.4439143069211106,83.57247669891154,nan,nan,nan,nan
1711.7839279759921,nan,2.8831832789961007,3.928486964540431,1.2718963594558395,2.8153485920532235,0.4395858006931507,0.4439122856607751,83.48993744388632,nan,nan,nan,nan
1712.7992664221408,nan,2.8733848914693736,3.9118229054174254,1.2625928777851274,2.79607277159107,0.4395866254515408,0.4439102801223438,83.40754397199845,nan,nan,nan,nan
1713.8146048682895,nan,2.863637447709867,3.895247208922026,1.253350404963507,2.7769133225130624,0.4395874805262181,0.443908290107509,83.3252961680407,nan,nan,nan,nan
1714.8299433144382,nan,2.8539406785127435,3.878759447257795,1.2441685989195608,2.757869664293515,0.4395883655874439,0.4439063154179627,83.24319391680578,nan,nan,nan,nan
1715.8452817605869,nan,2.844294314673167,3.8623591926282925,1.2350471190433063,2.738941218389689,0.43958928030547995,0.4439043558553972,83.16123710308642,nan,nan,nan,nan
1716.8606202067356,nan,2.8346980869863003,3.8460460172370823,1.2259856261834468,2.7201274082417846,0.4395902243505877,0.44390241122150487,83.07942561167538,nan,nan,nan,nan
1717.8759586528843,nan,2.8251517262473076,3.829819493287726,1.2169837826446626,2.701427659273015,0.43959119739302877,0.44390048131797755,82.99775932736536,nan,nan,nan,nan
1718.891297099033,nan,2.81565496325135,3.813679192983785,1.2080412521848134,2.682841398889471,0.4395921991030646,0.4438985659465076,82.91623813494908,nan,nan,nan,nan
1719.9066355451819,nan,2.8062075287935926,3.7976246885288223,1.19915770001216,2.66436805648003,0.43959322915095683,0.4438966649087873,82.83486191921932,nan,nan,nan,nan
1720.9219739913306,nan,2.796809153669198,3.781655552126401,1.1903327927825302,2.6460070634161177,0.439594287206967,0.44389477800650884,82.75363056496876,nan,nan,nan,nan
1721.9373124374792,nan,2.78745956867333,3.7657713559800814,1.1815661985965,2.6277578530515093,0.43959537294135664,0.44389290504136425,82.67254395699015,nan,nan,nan,nan
1722.952650883628,nan,2.778158504601152,3.7499716722934275,1.172857586996504,2.6096198607219603,0.43959648602438733,0.4438910458150459,82.59160198007625,nan,nan,nan,nan
1723.9679893297766,nan,2.768905692247826,3.734256073269999,1.164206628963962,2.5915925237448585,0.43959762612632064,0.44388920012924604,82.51080451901976,nan,nan,nan,nan
1724.9833277759253,nan,2.7597008624085166,3.718624131113361,1.1556129969163704,2.573675281418796,0.4395987929174181,0.44388736778565663,82.43015145861341,nan,nan,nan,nan
1725.998666222074,nan,2.750543745878386,3.7030754180270726,1.1470763647043618,2.5558675750230626,0.4395999860679413,0.44388554858597,82.34964268364993,nan,nan,nan,nan
1727.0140046682227,nan,2.7414340734525986,3.687609506214698,1.138596407608754,2.538168847817095,0.4396012052481517,0.44388374233187844,82.26927807892207,nan,nan,nan,nan
1728.0293431143716,nan,2.732371575926316,3.6722259678797986,1.1301728023375668,2.520578545039859,0.439602450128311,0.4438819488250739,82.18905752922257,nan,nan,nan,nan
1729.0446815605203,nan,2.7233559840947033,3.6569243752259357,1.1218052270230383,2.50309611390921,0.43960372037868056,0.44388016786724893,82.10898091934412,nan,nan,nan,nan
1730.060020006669,nan,2.7143870287529226,3.641704300456673,1.113493361218589,2.4857210036211335,0.43960501566952215,0.44387839926009526,82.02904813407949,nan,nan,nan,nan
1731.0753584528177,nan,2.7054644406961375,3.626565315775572,1.1052368858957988,2.4684526653490027,0.4396063356710971,0.4438766428053056,81.94925905822139,nan,nan,nan,nan
1732.0906968989664,nan,2.696587950719511,3.611506993386196,1.0970354834413283,2.451290552242701,0.4396076800536672,0.4438748983045718,81.86961357656253,nan,nan,nan,nan
1733.106035345115,nan,2.6877572896182076,3.596528905492105,1.0888888376538535,2.4342341194277646,0.4396090484874937,0.44387316555958606,81.7901115738957,nan,nan,nan,nan
1734.1213737912637,nan,2.6789721881873887,3.581630624296862,1.08079663374095,2.4172828240044,0.43961044064283844,0.44387144437204085,81.71075293501359,nan,nan,nan,nan
1735.1367122374124,nan,2.6702323772222183,3.5668117220040276,1.0727585583159853,2.4004361250465185,0.4396118561899628,0.4438697345436281,81.63153754470892,nan,nan,nan,nan
1736.1520506835611,nan,2.66153758751786,3.5520717708171663,1.0647742993949678,2.3836934836006436,0.4396132947991284,0.44386803587604007,81.55246528777445,nan,nan,nan,nan
1737.16738912971,nan,2.652887549869477,3.5374103429398396,1.0568435463934012,2.3670543626848426,0.43961475614059686,0.44386634817096915,81.4735360490029,nan,nan,nan,nan
1738.1827275758587,nan,2.6442819950722316,3.5228270105756088,1.0489659901230886,2.3505182272875187,0.4396162398846296,0.4438646712301072,81.39474971318701,nan,nan,nan,nan
1739.1980660220074,nan,2.6357206539212887,3.508321345928037,1.0411413227889466,2.33408454436622,0.4396177457014883,0.4438630048551466,81.31610616511949,nan,nan,nan,nan
1740.213404468156,nan,2.6272032572118103,3.4938929212006866,1.0333692379857868,2.3177527828463647,0.43961927326143446,0.44386134884777967,81.2376052895931,nan,nan,nan,nan
1741.2287429143048,nan,2.618729535738961,3.479541308597119,1.025649430695082,2.301522413619918,0.43962082223472954,0.4438597030096984,81.15924697140056,nan,nan,nan,nan
1742.2440813604535,nan,2.610299220297902,3.4652660803208963,1.0179815972817108,2.2853929095440124,0.43962239229163524,0.44385806714259507,81.0810310953346,nan,nan,nan,nan
1743.2594198066022,nan,2.601912041683798,3.4510668085755807,1.0103654354907052,2.269363745439561,0.439623983102413,0.4438564410481619,81.00295754618794,nan,nan,nan,nan
1744.2747582527509,nan,2.5935677306918117,3.4369430655647335,1.0028006444439375,2.25343439808972,0.4396255943373245,0.4438548245280911,80.92502620875332,nan,nan,nan,nan
1745.2900966988998,nan,2.585266018055783,3.422894423407194,0.9952869246368383,2.2376043462384163,0.439627225666535,0.4438532173839931,80.84723696788997,nan,nan,nan,nan
1746.3054351450485,nan,2.577006631489044,3.408920450048719,0.9878239779350705,2.2218730705887584,0.43962887675547296,0.44385161941345586,80.7695897117326,nan,nan,nan,nan
1747.3207735911972,nan,2.5687892951701805,3.3950207085515114,0.980411507571187,2.2062400538013978,0.4396305472640232,0.4438500304093598,80.69208433224908,nan,nan,nan,nan
1748.3361120373459,nan,2.5606137378589384,3.3811947683070382,0.9730492181412861,2.1907047804928808,0.43963223685925534,0.4438484501706864,80.61472071643935,nan,nan,nan,nan
1749.3514504834945,nan,2.5524796997010677,3.367442214437477,0.9657368156016397,2.1752667372339127,0.4396339452260951,0.4438468785115808,80.53749873895626,nan,nan,nan,nan
1750.3667889296432,nan,2.5443869368651493,3.353762654201886,0.9584740072653023,2.159925412547582,0.43963567207459664,0.4438453152675267,80.46041825707718,nan,nan,nan,nan
1751.382127375792,nan,2.5363352240114203,3.340155720407094,0.9512605017987239,2.1446802969075702,0.4396374171438141,0.4438437602986346,80.38347910802692,nan,nan,nan,nan
1752.3974658219406,nan,2.5283243545925895,3.326621071823296,0.9440960092183245,2.1295308827362636,0.4396391802022733,0.44384221349004205,80.30668110865143,nan,nan,nan,nan
1753.4128042680893,nan,2.520354138986645,3.3131583906043764,0.9369802408870621,2.114476664402842,0.4396409610450438,0.44384067474942757,80.23002405744263,nan,nan,nan,nan
1754.4281427142382,nan,2.5124244004616525,3.2997673767129405,0.9299129095110045,2.099517138221357,0.43964275948741016,0.443839144001636,80.15350773891426,nan,nan,nan,nan
1755.443481160387,nan,2.5045349689725516,3.2864477393500646,0.9228937291358524,2.0846518024486933,0.4396445753551439,0.4438376211804177,80.07713193032869,nan,nan,nan,nan
1756.4588196065356,nan,2.496685672944949,3.273199185603928,0.9159224151434668,2.069880157282521,0.43964640847161807,0.44383610621748637,80.00089641060674,nan,nan,nan,nan
1757.4741580526843,nan,2.4888763365205455,3.260021416644134,0.9089986842483948,2.055201704859235,0.43964825865348744,0.44383459903885036,79.92480096331474,nan,nan,nan,nan
1758.489496498833,nan,2.481106783502034,3.2469141331719182,0.9021222544943601,2.0406159492517957,0.4396501257168751,0.44383309957006667,79.84884537238668,nan,nan,nan,nan
1759.5048349449817,nan,2.4733768376921077,3.2338770358885167,0.8952928452507429,2.0261223964675406,0.43965200947790417,0.44383160773669217,79.77302942175652,nan,nan,nan,nan
1760.5201733911304,nan,2.46568632289346,3.2209098254951654,0.8885101772090659,2.011720554445987,0.4396539097526977,0.4438301234642839,79.69735289535825,nan,nan,nan,nan
1761.535511837279,nan,2.458035062908783,3.2080122026931006,0.8817739723794408,1.9974099330565362,0.4396558263573788,0.4438286466783987,79.62181557712582,nan,nan,nan,nan
1762.550850283428,nan,2.4504228815407707,3.195183868183559,0.8750839540870223,1.9831900440961825,0.43965775910807053,0.44382717730459387,79.54641725099319,nan,nan,nan,nan
1763.5661887295767,nan,2.4428496025921165,3.1824245226677768,0.8684398469684398,1.9690604012871502,0.4396597078208958,0.44382571526842585,79.47115770089435,nan,nan,nan,nan
1764.5815271757253,nan,2.4353150498655127,3.1697338668469897,0.8618413769682185,1.9550205202745021,0.439661672311978,0.4438242604954521,79.39603671076328,nan,nan,nan,nan
1765.596865621874,nan,2.4278190471636534,3.157111601422434,0.8552882713351921,1.9410699186237061,0.4396636523974401,0.44382281291122905,79.32105406453394,nan,nan,nan,nan
1766.6122040680227,nan,2.420361418289232,3.1445574270953465,0.8487802586189003,1.9272081158181567,0.4396656478934051,0.44382137244131414,79.24620954614029,nan,nan,nan,nan
1767.6275425141714,nan,2.4129419870449405,3.1320710445669624,0.8423170686659688,1.9134346332566452,0.4396676586159962,0.44381993901126415,79.17150293951632,nan,nan,nan,nan
1768.64288096032,nan,2.405560577233472,3.1196521545385183,0.8358984326164969,1.8997489942508263,0.43966968438133625,0.4438185125466359,79.09693402859598,nan,nan,nan,nan
1769.6582194064688,nan,2.3982170126575206,3.1073004577112497,0.8295240829004082,1.8861507240225908,0.4396717250055485,0.4438170929729865,79.02250259731325,nan,nan,nan,nan
1770.6735578526175,nan,2.3909111171197788,3.0950156547863936,0.8231937532338153,1.8726393497014509,0.4396737803047562,0.4438156802158728,78.9482084296021,nan,nan,nan,nan
1771.6888962987664,nan,2.38364271442294,3.082797446465185,0.8169071786153552,1.8592144003218523,0.43967585009508225,0.443814274200852,78.87405130939652,nan,nan,nan,nan
1772.704234744915,nan,2.3764116283696968,3.070645533448862,0.81066409532253,1.8458754068204717,0.43967793419264956,0.4438128748534807,78.80003102063043,nan,nan,nan,nan
1773.7195731910638,nan,2.369217682762743,3.058559616438659,0.8044642409080148,1.8326219020334351,0.43968003241358145,0.4438114820993161,78.72614734723786,nan,nan,nan,nan
1774.7349116372125,nan,2.362060701404772,3.046539396135814,0.7983073541959862,1.819453420693561,0.439682144574001,0.44381009586391507,78.65240007315276,nan,nan,nan,nan
1775.7502500833612,nan,2.3549405080984767,3.0345845732415615,0.7921931752784094,1.8063694994274984,0.4396842704900313,0.4438087160728346,78.57878898230909,nan,nan,nan,nan
1776.7655885295098,nan,2.3478569266465508,3.022694848457138,0.7861214455113498,1.7933696767529008,0.4396864099777953,0.4438073426516316,78.50531385864082,nan,nan,nan,nan
1777.7809269756585,nan,2.3408097808516857,3.01086992248378,0.7800919075112351,1.7804534930754767,0.4396885628534163,0.44380597552586315,78.43197448608194,nan,nan,nan,nan
1778.7962654218072,nan,2.3337988945165753,2.999109496022723,0.7741043051511494,1.7676204906860908,0.43969072893301714,0.443804614621086,78.3587706485664,nan,nan,nan,nan
1779.8116038679561,nan,2.326824091443913,2.987413269775204,0.7681583835570847,1.754870213757766,0.4396929080327209,0.44380325986285724,78.28570213002817,nan,nan,nan,nan
1780.8269423141048,nan,2.319885195436392,2.9757809444424588,0.7622538891042107,1.7422022083426882,0.43969509996865086,0.44380191117673384,78.21276871440122,nan,nan,nan,nan
1781.8422807602535,nan,2.312982030296706,2.9642122207257238,0.7563905694131109,1.7296160223691466,0.43969730455693,0.44380056848827276,78.13997018561956,nan,nan,nan,nan
1782.8576192064022,nan,2.3061144198275474,2.9527067993262355,0.750568173346035,1.7171112056384683,0.4396995216136813,0.4437992317230308,78.06730632761712,nan,nan,nan,nan
1783.872957652551,nan,2.2992821878316096,2.9412643809452295,0.7447864510031227,1.704687309821894,0.43970175095502817,0.4437979008065651,77.99477692432788,nan,nan,nan,nan
1784.8882960986996,nan,2.292485158111586,2.929884666283942,0.739045153718631,1.69234388845743,0.4397039923970933,0.4437965756644326,77.92238175968583,nan,nan,nan,nan
1785.9036345448483,nan,2.285723154470169,2.918567356043609,0.7333440340571563,1.6800804969466794,0.43970624575600004,0.44379525622219007,77.8501206176249,nan,nan,nan,nan
1786.918972990997,nan,2.2789960007100523,2.907312150925467,0.7276828458098371,1.6678966925516119,0.43970851084787144,0.44379394240539466,77.77799328207908,nan,nan,nan,nan
1787.9343114371457,nan,2.272303520633929,2.896118751630751,0.7220613439905624,1.6557920343913273,0.4397107874888304,0.44379263413960324,77.70599953698235,nan,nan,nan,nan
1788.9496498832946,nan,2.2656455380444918,2.8849868588606986,0.7164792848321629,1.6437660834387693,0.4397130754950001,0.44379133135037274,77.63413916626868,nan,nan,nan,nan
1789.9649883294433,nan,2.259021876744434,2.8739161733165455,0.7109364257826112,1.6318184025174338,0.43971537468250366,0.4437900339632602,77.56241195387203,nan,nan,nan,nan
1790.980326775592,nan,2.252432360536449,2.862906395699528,0.7054325255011815,1.6199485562979818,0.4397176848674642,0.4437887419038226,77.49081768372636,nan,nan,nan,nan
1791.9956652217406,nan,2.24587681322323,2.8519572267108817,0.6999673438546509,1.6081561112949132,0.4397200058660048,0.4437874550976168,77.4193561397657,nan,nan,nan,nan
1793.0110036678893,nan,2.2393550586074706,2.841068367051844,0.6945406419134518,1.5964406358631291,0.4397223374942484,0.44378617347019983,77.34802710592396,nan,nan,nan,nan
1794.026342114038,nan,2.232866920491863,2.8302395174236503,0.6891521819478481,1.5848017001945207,0.4397246795683183,0.4437848969471285,77.27683036613512,nan,nan,nan,nan
1795.0416805601867,nan,2.2264122226791008,2.8194703785275363,0.6838017274240835,1.5732388763144816,0.4397270319043374,0.44378362545396,77.20576570433316,nan,nan,nan,nan
1796.0570190063354,nan,2.2199907889718773,2.8087606510647394,0.6784890430005416,1.561751738078428,0.43972939431842883,0.44378235891625106,77.13483290445207,nan,nan,nan,nan
1797.0723574524843,nan,2.213602443172885,2.798110035736494,0.673213894523884,1.550339861168257,0.43973176662671565,0.4437810972595588,77.06403175042578,nan,nan,nan,nan
1798.087695898633,nan,2.207247009084817,2.7875182332440374,0.6679760490252071,1.5390028230888215,0.439734148645321,0.4437798404094401,76.9933620261883,nan,nan,nan,nan
1799.1030343447817,nan,2.200924310510368,2.776984944288606,0.6627752747161619,1.5277402031643106,0.43973654019036795,0.4437785882914518,76.92282351567356,nan,nan,nan,nan
1800.1183727909304,nan,2.19463417125223,2.7665098695714354,0.6576113409851054,1.5165515825346836,0.4397389410779795,0.44377734083115117,76.85241600281556,nan,nan,nan,nan
1801.133711237079,nan,2.1883764151130958,2.756092709793762,0.652484018393205,1.505436544151977,0.4397413511242788,0.44377609795409484,76.78213927154826,nan,nan,nan,nan
1802.1490496832278,nan,2.182150865895659,2.745733165656822,0.6473930786705826,1.494394672776687,0.4397437701453891,0.44377485958583995,76.71199310580565,nan,nan,nan,nan
1803.1643881293764,nan,2.175957347402613,2.735430937861851,0.6423382947124244,1.4834255549740556,0.4397461979574333,0.44377362565194345,76.64197728952168,nan,nan,nan,nan
1804.1797265755251,nan,2.16979568343665,2.7251857271100857,0.6373194405750924,1.4725287791103396,0.4397486343765344,0.44377239607796215,76.57209160663031,nan,nan,nan,nan
1805.195065021674,nan,2.1636656978004645,2.7149972341027624,0.6323362914722428,1.4617039353490868,0.4397510792188156,0.44377117078945316,76.50233584106554,nan,nan,nan,nan
1806.2104034678227,nan,2.1575672142967486,2.7048651595411166,0.627388623770933,1.4509506156473586,0.43975353230040004,0.4437699497119735,76.43270977676133,nan,nan,nan,nan
1807.2257419139714,nan,2.151500056728196,2.6947892041263852,0.6224762149877132,1.4402684137519044,0.4397559934374106,0.44376873277107987,76.36321319765165,nan,nan,nan,nan
1808.2410803601201,nan,2.1454640488975,2.684769068559804,0.6175988437847432,1.4296569251953761,0.43975846244597067,0.4437675198923293,76.29384588767047,nan,nan,nan,nan
1809.2564188062688,nan,2.139459014607353,2.67480445354261,0.6127562899658796,1.419115747292458,0.43976093914220304,0.443766311001279,76.22460763075176,nan,nan,nan,nan
1810.2717572524175,nan,2.133484777660449,2.664895059776039,0.6079483344727674,1.4086444791359838,0.4397634233422309,0.4437651060234856,76.1554982108295,nan,nan,nan,nan
1811.2870956985662,nan,2.1275411618594804,2.6550405879613255,0.6031747593809457,1.3982427215930724,0.4397659148621773,0.44376390488450634,76.08651741183763,nan,nan,nan,nan
1812.3024341447149,nan,2.12162799100714,2.645240738799707,0.5984353478959166,1.3879100773011648,0.4397684135181654,0.4437627075098979,76.01766501771016,nan,nan,nan,nan
1813.3177725908636,nan,2.115745088906122,2.6354952129924194,0.5937298843492478,1.3776461506641091,0.4397709191263183,0.44376151382521745,75.94894081238103,nan,nan,nan,nan
1814.3331110370125,nan,2.1098922793591193,2.625803711240699,0.5890581541946412,1.3674505478481636,0.439773431502759,0.4437603237560218,75.88034457978422,nan,nan,nan,nan
1815.3484494831612,nan,2.1040693861688244,2.6161659342457826,0.5844199440040336,1.3573228767780419,0.4397759504636106,0.443759137227868,75.8118761038537,nan,nan,nan,nan
1816.3637879293099,nan,2.098276233137932,2.6065815827089054,0.5798150414636561,1.3472627471328569,0.43977847582499624,0.4437579541663129,75.74353516852347,nan,nan,nan,nan
1817.3791263754586,nan,2.0925126440691337,2.597050357331304,0.5752432353701278,1.3372697703421166,0.4397810074030388,0.44375677449691353,75.67532155772746,nan,nan,nan,nan
1818.3944648216072,nan,2.086778442765123,2.587571958814215,0.5707043156265168,1.3273435595816312,0.43978354501386163,0.4437555981452268,75.60723505539966,nan,nan,nan,nan
1819.409803267756,nan,2.0810734530285933,2.578146087858874,0.5661980732384294,1.3174837297694661,0.4397860884735878,0.44375442503680984,75.53927544547403,nan,nan,nan,nan
1820.4251417139046,nan,2.0753974986622374,2.5687724451665166,0.5617243003100716,1.3076898975618116,0.43978863759834014,0.44375325509721947,75.47144251188455,nan,nan,nan,nan
1821.4404801600533,nan,2.069750403468749,2.55945073143838,0.55728279004033,1.2979616813488823,0.4397911922042419,0.4437520882520126,75.4037360385652,nan,nan,nan,nan
1822.4558186062022,nan,2.0641319912508203,2.5501806473756994,0.5528733367188339,1.288298701250747,0.4397937521074162,0.44375092442674624,75.33615580944992,nan,nan,nan,nan
1823.471157052351,nan,2.058542085811146,2.540961893679712,0.5484957357220357,1.2787005791131933,0.43979631712398604,0.44374976354697737,75.26870160847271,nan,nan,nan,nan
1824.4864954984996,nan,2.052980510952418,2.5317941710516534,0.544149783509268,1.269166938503512,0.43979888707007453,0.4437486055382629,75.20137321956753,nan,nan,nan,nan
1825.5018339446483,nan,2.047447090477329,2.52267718019276,0.5398352776188203,1.2596974047063114,0.4398014617618048,0.44374745032615986,75.13417042666836,nan,nan,nan,nan
1826.517172390797,nan,2.0419416481885744,2.513610621804268,0.5355520166640043,1.250291604719285,0.43980404101529985,0.4437462978362251,75.06709301370915,nan,nan,nan,nan
1827.5325108369457,nan,2.0364640078888447,2.5045941965874134,0.5312998003292249,1.240949167248977,0.43980662464668274,0.44374514799401565,75.0001407646239,nan,nan,nan,nan
1828.5478492830944,nan,2.0310139933808347,2.495627605243432,0.5270784293660434,1.2316697227065079,0.43980921247207666,0.44374400072508835,74.93331346334655,nan,nan,nan,nan
1829.563187729243,nan,2.025591428467237,2.4867105484735603,0.5228877055892486,1.222452903203301,0.4398118043076047,0.4437428559550003,74.86661089381109,nan,nan,nan,nan
1830.5785261753917,nan,2.020196136950745,2.4778427269790346,0.5187274318729244,1.213298342546783,0.4398143999693898,0.44374171360930836,74.80003283995148,nan,nan,nan,nan
1831.5938646215407,nan,2.0148279426340507,2.4690238414610906,0.5145974121465141,1.204205676236059,0.4398169992735552,0.44374057361356967,74.73357908570169,nan,nan,nan,nan
1832.6092030676894,nan,2.009486669319849,2.4602535926209645,0.5104974513908938,1.1951745414575843,0.43981960203622383,0.44373943589334097,74.66724941499571,nan,nan,nan,nan
1833.624541513838,nan,2.0041721408108324,2.451531681159893,0.5064273556344453,1.1862045770808254,0.439822208073519,0.4437383003741792,74.6010436117675,nan,nan,nan,nan
1834.6398799599867,nan,1.9988841809096938,2.442857807779113,0.5023869319491118,1.1772954236538542,0.4398248172015635,0.4437371669816415,74.53496145995103,nan,nan,nan,nan
1835.6552184061354,nan,1.9936226134191262,2.434231673179859,0.4983759884464843,1.1684467233990015,0.43982742923648066,0.44373603564128467,74.46900274348026,nan,nan,nan,nan
1836.670556852284,nan,1.988387262141823,2.425652978063368,0.49439433427386764,1.1596581202084364,0.4398300439943934,0.44373490627866585,74.40316724628917,nan,nan,nan,nan
1837.6858952984328,nan,1.9831779508804774,2.4171214231308755,0.49044177961034835,1.1509292596397396,0.43983266129142495,0.44373377881934173,74.33745475231171,nan,nan,nan,nan
1838.7012337445815,nan,1.9779945034377824,2.4086367090836185,0.48651813566287794,1.1422597889114876,0.4398352809436982,0.4437326531888694,74.27186504548189,nan,nan,nan,nan
1839.7165721907304,nan,1.9728367436164311,2.400198536622833,0.482623214662343,1.1336493568987915,0.43983790276733636,0.4437315293128059,74.20639790973367,nan,nan,nan,nan
1840.731910636879,nan,1.967704495219117,2.3918066064497543,0.4787568298596452,1.1250976141288371,0.4398405265784624,0.44373040711670814,74.14105312900101,nan,nan,nan,nan
1841.7472490830278,nan,1.962597582048533,2.38346061926562,0.47491879552178023,1.116604212776403,0.4398431521931997,0.44372928652613297,74.07583048721787,nan,nan,nan,nan
1842.7625875291765,nan,1.9575158279073723,2.375160275771665,0.4711089269279163,1.108168806659365,0.43984577942767106,0.4437281674666374,74.01072976831824,nan,nan,nan,nan
1843.7779259753252,nan,1.9524590565983284,2.3669052766691268,0.46732704036547534,1.0997910512341778,0.4398484080979996,0.4437270498637784,73.9457507562361,nan,nan,nan,nan
1844.7932644214739,nan,1.947427091924094,2.3586953226592406,0.46357295312622904,1.0914706035913808,0.4398510380203084,0.4437259336431131,73.88089323490539,nan,nan,nan,nan
1845.8086028676225,nan,1.9424197570413226,2.3505301134490395,0.45984648350237173,1.083207122451029,0.4398536690096702,0.44372481872990355,73.81615698845029,nan,nan,nan,nan
1846.8239413137712,nan,1.9374368714595545,2.342409343132941,0.4561474507826178,1.0750002681581572,0.4398563008752275,0.4437237050477494,73.75154180206864,nan,nan,nan,nan
1847.83927975992,nan,1.9324782550391895,2.3343327063453074,0.4524756752482918,1.0668497026782164,0.43985893342669324,0.4437225925204098,73.68704746085501,nan,nan,nan,nan
1848.8546182060688,nan,1.9275437338795318,2.3262999073216757,0.44883097816942424,1.0587550895924966,0.4398615664839247,0.44372148107448905,73.62267374806726,nan,nan,nan,nan
1849.8699566522175,nan,1.9226331445876728,2.3183106664682254,0.4452131818008458,1.050716094093532,0.4398641998838648,0.44372037064138253,73.5584204438698,nan,nan,nan,nan
1850.8852950983662,nan,1.9177463369230394,2.310364724431526,0.441622109378294,1.0427323829805146,0.43986683348484146,0.443719261158483,73.49428732455513,nan,nan,nan,nan
1851.900633544515,nan,1.912883174817602,2.3024618436685618,0.4380575851145062,1.0348036246546557,0.4398694671682267,0.4437181525696451,73.4302741622434,nan,nan,nan,nan
1852.9159719906636,nan,1.9080435357717545,2.294601807517026,0.4345194341953342,1.0269294891145815,0.4398721008374551,0.44371704482491064,73.36638072506034,nan,nan,nan,nan
1853.9313104368123,nan,1.9032273086258482,2.2867844167659053,0.4310074827758482,1.019109647951682,0.439874734414399,0.4437159378794923,73.30260677779322,nan,nan,nan,nan
1854.946648882961,nan,1.8984343897073974,2.2790094837263273,0.4275215579764532,1.0113437743454703,0.43987736783310494,0.4437148316920164,73.23895208302515,nan,nan,nan,nan
1855.9619873291097,nan,1.8936646773539452,2.2712768238026944,0.4240614878790038,1.0036315430589224,0.43988000103088776,0.44371372622202604,73.17541640274754,nan,nan,nan,nan
1856.9773257752586,nan,1.8889180664446392,2.263586247077213,0.42062710152292393,0.995972630433804,0.43988263393943905,0.44371262142748713,73.11199949996988,nan,nan,nan,nan
1857.9926642214073,nan,1.884194450468238,2.255937561492395,0.417218228901327,0.9883667143859841,0.4398852664881896,0.4437115172657318,73.048701138111,nan,nan,nan,nan
1859.008002667556,nan,1.8794937229114537,2.2483305749876017,0.4138347009571477,0.9808134744007536,0.43988789860656674,0.4437104136940912,72.98552108059036,nan,nan,nan,nan
1860.0233411137046,nan,1.8748157772609986,2.240765095502194,0.4104763495792717,0.9733125915281196,0.43989053022399827,0.4437093106698965,72.92245909082737,nan,nan,nan,nan
1861.0386795598533,nan,1.8701605070035843,2.233240930975533,0.40714300759866495,0.9658637483780849,0.4398931612699113,0.4437082081504786,72.85951493224147,nan,nan,nan,nan
1862.054018006002,nan,1.8655278056259226,2.225757889346979,0.40383450878452043,0.9584666291159412,0.4398957916737335,0.4437071060931689,72.79668836825209,nan,nan,nan,nan
1863.0693564521507,nan,1.8609175666147255,2.218315778555893,0.4005506878403988,0.9511209194575353,0.4398984213648923,0.4437060044552984,72.73397916227867,nan,nan,nan,nan
1864.0846948982994,nan,1.8563296834567051,2.2109144065416366,0.3972913804003746,0.9438263066645255,0.43990105027281523,0.44370490319419825,72.67138707774066,nan,nan,nan,nan
1865.100033344448,nan,1.851764049638573,2.20355358124357,0.39405642302518396,0.9365824795396257,0.4399036783269296,0.4437038022671995,72.60891187805743,nan,nan,nan,nan
1866.115371790597,nan,1.8472205586470412,2.1962331106010544,0.39084565319839093,0.9293891284218705,0.43990630545666315,0.4437027016316335,72.54655332664849,nan,nan,nan,nan
1867.1307102367457,nan,1.8426991039688216,2.1889528025534513,0.387658909322542,0.9222459451818338,0.43990893159144323,0.44370160124483116,72.48431118693324,nan,nan,nan,nan
1868.1460486828944,nan,1.838199579090626,2.181712465040121,0.384496030715332,0.9151526232168601,0.43991155666069726,0.44370050106412373,72.42218522233111,nan,nan,nan,nan
1869.161387129043,nan,1.8337218774991673,2.1745119060004248,0.38135685760577553,0.9081088574462827,0.4399141805938527,0.44369940104684225,72.36017519626157,nan,nan,nan,nan
1870.1767255751918,nan,1.8292658926811562,2.167350933373724,0.3782412311303829,0.9011143443066367,0.4399168033203372,0.44369830115031794,72.298280872144,nan,nan,nan,nan
1871.1920640213405,nan,1.8248315181233048,2.1602293550993785,0.3751489933293391,0.8941687817468618,0.439919424769578,0.4436972013318819,72.23650201339787,nan,nan,nan,nan
1872.2074024674891,nan,1.8204186473123254,2.15314697911675,0.37207998714269236,0.8872718692235033,0.43992204487100284,0.4436961015488653,72.17483838344262,nan,nan,nan,nan
1873.2227409136378,nan,1.8160271737349296,2.1461036133651996,0.369034056406542,0.8804233076958989,0.43992466355403903,0.4436950017585992,72.11328974569767,nan,nan,nan,nan
1874.2380793597868,nan,1.8116569908778295,2.1390990657840874,0.3660110458492363,0.8736227996213632,0.439927280748114,0.44369390191841473,72.05185586358243,nan,nan,nan,nan
1875.2534178059354,nan,1.8073079922277369,2.1321331443127747,0.36301080108757283,0.8668700489503653,0.43992989638265534,0.443692801985643,71.99053650051637,nan,nan,nan,nan
1876.2687562520841,nan,1.802980071271364,2.125205656890623,0.3600331686230078,0.8601647611217029,0.43993251038709047,0.4436917019176152,71.92933141991892,nan,nan,nan,nan
1877.2840946982328,nan,1.7986731214954221,2.118316411456993,0.3570779958378628,0.8535066430576554,0.4399351226908469,0.44369060167166247,71.8682403852095,nan,nan,nan,nan
1878.2994331443815,nan,1.794387036386624,2.111465215951246,0.3541451309915523,0.846895403159164,0.4399377332233521,0.44368950120511585,71.80726315980756,nan,nan,nan,nan
1879.3147715905302,nan,1.790121709431681,2.104651878312742,0.3512344232168012,0.8403307513009713,0.43994034191403353,0.44368840047530655,71.74639950713252,nan,nan,nan,nan
1880.330110036679,nan,1.785877034117305,2.097876206480843,0.34834572251587637,0.8338123988267726,0.43994294869231865,0.44368729943956575,71.68564919060381,nan,nan,nan,nan
1881.3454484828276,nan,1.7816529039302078,2.0911380083949083,0.34547887975682134,0.8273400585443589,0.4399455534876349,0.44368619805522447,71.6250119736409,nan,nan,nan,nan
1882.3607869289763,nan,1.7774492123571015,2.0844370919943,0.34263374666969965,0.8209134447207568,0.43994815622940986,0.44368509627961394,71.56448761966317,nan,nan,nan,nan
1883.3761253751252,nan,1.773265852884698,2.077773265218379,0.3398101758428455,0.814532273077371,0.4399507568470709,0.4436839940700651,71.5040758920901,nan,nan,nan,nan
1884.3914638212739,nan,1.7691027189997097,2.0711463360065068,0.3370080207191148,0.8081962607851048,0.43995335527004553,0.4436828913839093,71.44377655434108,nan,nan,nan,nan
1885.4068022674226,nan,1.7649597041888474,2.064556112298044,0.3342271355921433,0.8019051264594828,0.4399559514277614,0.4436817881784776,71.38358936983559,nan,nan,nan,nan
1886.4221407135713,nan,1.760836701938824,2.0580024020323506,0.3314673756026191,0.7956585901557838,0.4399585452496457,0.443680684411101,71.32351410199304,nan,nan,nan,nan
1887.43747915972,nan,1.7567336057363512,2.051485013148789,0.3287285967345542,0.7894563733641545,0.43996113666512615,0.44367958003911084,71.26355051423289,nan,nan,nan,nan
1888.4528176058686,nan,1.752650309068141,2.045003753586719,0.3260106558115601,0.7832981990047166,0.43996372560363006,0.4436784750198381,71.20369836997453,nan,nan,nan,nan
1889.4681560520173,nan,1.7485867054209043,2.0385584312855016,0.32331341049314155,0.777183791422692,0.439966311994585,0.44367736931061397,71.14395743263745,nan,nan,nan,nan
1890.483494498166,nan,1.7445426882813544,2.032148854184499,0.32063671927098464,0.7711128763835,0.4399688957674184,0.44367626286876966,71.084327465641,nan,nan,nan,nan
1891.498832944315,nan,1.7405181511362025,2.025774830223071,0.3179804414652596,0.76508518106787,0.43997147685155763,0.4436751556516361,71.02480823240472,nan,nan,nan,nan
1892.5141713904636,nan,1.73651298747216,2.0194361673405785,0.31534443722092625,0.7591004340669404,0.43997405517643035,0.4436740476165446,70.96539949634796,nan,nan,nan,nan
1893.5295098366123,nan,1.7325270907759402,2.013132673476383,0.312728567504048,0.7531583653773579,0.43997663067146403,0.44367293872082614,70.90610102089019,nan,nan,nan,nan
1894.544848282761,nan,1.7285603545342538,2.0068641565698453,0.31013269409811084,0.7472587063963735,0.43997920326608597,0.443671828921812,70.84691256945084,nan,nan,nan,nan
1895.5601867289097,nan,1.7246126722338135,2.0006304245603266,0.3075566796003563,0.7414011899169481,0.4399817728897239,0.4436707181768331,70.78783390544933,nan,nan,nan,nan
1896.5755251750584,nan,1.7206839373613312,1.9944312853871875,0.305000387418111,0.7355855501228341,0.43998433947180504,0.44366960644322084,70.72886479230512,nan,nan,nan,nan
1897.590863621207,nan,1.7167740434035177,1.9882665469897887,0.302463681765133,0.7298115225836779,0.4399869029417569,0.4436684936783062,70.67000499343763,nan,nan,nan,nan
1898.6062020673558,nan,1.712882883847086,1.9821360173074911,0.29994642765795815,0.7240788442501028,0.4399894632290072,0.44366737983942023,70.6112542722663,nan,nan,nan,nan
1899.6215405135044,nan,1.7090103521787476,1.9760395042796564,0.29744849091225767,0.7183872534487987,0.43999202026298323,0.4436662648838942,70.55261239221053,nan,nan,nan,nan
1900.6368789596534,nan,1.7051563418852145,1.9699768158456448,0.29496973813920535,0.7127364898776185,0.4399945739731125,0.44366514876905927,70.49407911668982,nan,nan,nan,nan
1901.652217405802,nan,1.7013207464531983,1.9639477599448176,0.2925100367418476,0.7071262946006612,0.4399971242888224,0.4436640314522463,70.43565420912356,nan,nan,nan,nan
1902.6675558519507,nan,1.6975034593694116,1.9579521445165353,0.29006925491147895,0.7015564100433481,0.4399996711395404,0.44366291289078685,70.37733743293118,nan,nan,nan,nan
1903.6828942980994,nan,1.693704374120566,1.9519897775001605,0.2876472616240369,0.6960265799875285,0.44000221445469423,0.44366179304201164,70.31912855153213,nan,nan,nan,nan
1904.6982327442481,nan,1.689923384193373,1.9460604668350523,0.2852439266364874,0.6905365495665418,0.4400047541637111,0.4436606718632521,70.26102732834586,nan,nan,nan,nan
1905.7135711903968,nan,1.6861603830745449,1.9401640204605726,0.2828591204832364,0.6850860652603269,0.4400072901960186,0.44365954931183915,70.20303352679177,nan,nan,nan,nan
1906.7289096365455,nan,1.6824152642507937,1.9343002463160814,0.28049271447253354,0.6796748748904892,0.44000982248104414,0.443658425345104,70.14514691028931,nan,nan,nan,nan
1907.7442480826942,nan,1.678687921208831,1.9284689523409408,0.2781445806828945,0.6743027276153977,0.4400123509482152,0.44365729992037783,70.08736724225791,nan,nan,nan,nan
1908.759586528843,nan,1.674978247435369,1.9226699464745105,0.2758145919595233,0.6689693739252607,0.44001487552695945,0.4436561729949917,70.029694286117,nan,nan,nan,nan
1909.7749249749918,nan,1.6712861364171192,1.9169030366561526,0.27350262191075064,0.6636745656372237,0.4400173961467041,0.44365504452627674,69.97212780528605,nan,nan,nan,nan
1910.7902634211405,nan,1.6676114816407939,1.9111680308252277,0.27120854490447177,0.6584180558904446,0.4400199127368768,0.4436539144715641,69.91466756318442,nan,nan,nan,nan
1911.8056018672892,nan,1.663954176593105,1.9054647369210969,0.2689322360646004,0.6531995991411904,0.44002242522690493,0.44365278278818493,69.85731332323162,nan,nan,nan,nan
1912.8209403134379,nan,1.660314114760764,1.899792962883121,0.2666735712675256,0.6480189511579229,0.44002493354621597,0.44365164943347046,69.80006484884706,nan,nan,nan,nan
1913.8362787595865,nan,1.656691189630484,1.8941525166506605,0.2644324271385783,0.6428758690163884,0.44002743762423746,0.4436505143647516,69.74292190345017,nan,nan,nan,nan
1914.8516172057352,nan,1.6530852946889754,1.8885432061630771,0.2622086810485076,0.637770111094711,0.44002993739039686,0.44364937753935957,69.68588425046038,nan,nan,nan,nan
1915.866955651884,nan,1.6494963234229507,1.8829648393597314,0.2600022111099614,0.6327014370684811,0.44003243277412163,0.44364823891462557,69.62895165329712,nan,nan,nan,nan
1916.8822940980328,nan,1.6459241693191218,1.8774172241799836,0.257812896173982,0.6276696079058565,0.4400349237048392,0.44364709844788064,69.57212387537983,nan,nan,nan,nan
1917.8976325441815,nan,1.6423687258642008,1.8719001685631955,0.2556406158265043,0.6226743858626572,0.44003741011197706,0.44364595609645585,69.51540068012795,nan,nan,nan,nan
1918.9129709903302,nan,1.6388298865448996,1.8664134804487282,0.25348525038486325,0.6177155344774582,0.4400398919249628,0.44364481181768256,69.4587818309609,nan,nan,nan,nan
1919.928309436479,nan,1.6353075448479297,1.8609569677759425,0.2513466808943156,0.6127928185667032,0.4400423690732237,0.4436436655688917,69.40226709129813,nan,nan,nan,nan
1920.9436478826276,nan,1.6318015942600037,1.8555304384841995,0.24922478912456025,0.6079060042197926,0.4400448414861875,0.4436425173074144,69.34585622455909,nan,nan,nan,nan
1921.9589863287763,nan,1.6283119282678329,1.8501337005128597,0.24711945756627673,0.6030548587941994,0.4400473090932814,0.4436413669905819,69.28954899416317,nan,nan,nan,nan
1922.974324774925,nan,1.624838440358129,1.8447665618012845,0.2450305694276675,0.5982391509105751,0.4400497718239331,0.44364021457572533,69.23334516352983,nan,nan,nan,nan
1923.9896632210737,nan,1.6213810240176048,1.8394288302888344,0.2429580086310079,0.5934586504478558,0.44005222960756996,0.4436390600201757,69.1772444960785,nan,nan,nan,nan
1925.0050016672224,nan,1.6179395727329715,1.83412031391487,0.24090165980921405,0.5887131285383932,0.4400546823736194,0.4436379032812643,69.12124675522863,nan,nan,nan,nan
1926.0203401133713,nan,1.6145139799909414,1.828840820618753,0.2388614083024017,0.584002357563045,0.44005713005150904,0.4436367443163221,69.0653517043996,nan,nan,nan,nan
1927.03567855952,nan,1.611104139278226,1.8235901583398442,0.2368371401544766,0.5793261111463245,0.4400595725706662,0.44363558308268025,69.00955910701092,nan,nan,nan,nan
1928.0510170056687,nan,1.6077099440815372,1.818368135017504,0.2348287421097124,0.5746841641515017,0.44006200986051847,0.44363441953766997,68.95386872648197,nan,nan,nan,nan
1929.0663554518173,nan,1.6043312878875877,1.8131745585910948,0.23283610160935284,0.570076292675743,0.4400644418504933,0.4436332536386224,68.89828032623221,nan,nan,nan,nan
1930.081693897966,nan,1.600968064183089,1.8080092369999758,0.23085910678821633,0.5655022740452412,0.44006686847001814,0.44363208534286847,68.84279366968107,nan,nan,nan,nan
1931.0970323441147,nan,1.5976201664547522,1.8028719781835092,0.22889764647131083,0.5609618868103505,0.44006928964852055,0.4436309146077396,68.78740852024798,nan,nan,nan,nan
1932.1123707902634,nan,1.5942874881892906,1.7977625900810554,0.2269516101704549,0.5564549107407191,0.44007170531542794,0.44362974139056677,68.73212464135237,nan,nan,nan,nan
1933.127709236412,nan,1.5909699228734149,1.7926808806319752,0.22502088808091592,0.5519811268204453,0.4400741154001677,0.44362856564868103,68.67694179641369,nan,nan,nan,nan
1934.143047682561,nan,1.5876673639938372,1.78762665777563,0.22310537107804723,0.5475403172432131,0.44007651983216745,0.44362738733941365,68.62185974885135,nan,nan,nan,nan
1935.1583861287097,nan,1.5843797050372703,1.78259972945138,0.22120495071394353,0.5431322654074529,0.4400789185408546,0.44362620642009576,68.5668782620848,nan,nan,nan,nan
1936.1737245748584,nan,1.5811068394904253,1.777599903598587,0.21931951921409945,0.5387567559114949,0.44008131145565665,0.4436250228480583,68.51199709953346,nan,nan,nan,nan
1937.189063021007,nan,1.5778486608400144,1.772626988156612,0.21744896947408082,0.5344135745487307,0.44008369850600104,0.44362383658063265,68.45721602461678,nan,nan,nan,nan
1938.2044014671558,nan,1.5746050625727495,1.7676807910648156,0.2155931950562023,0.5301025083027784,0.44008607962131524,0.4436226475751498,68.40253480075421,nan,nan,nan,nan
1939.2197399133045,nan,1.5713759381753425,1.7627611202625586,0.2137520901862189,0.5258233453426578,0.44008845473102687,0.44362145578894097,68.34795319136515,nan,nan,nan,nan
1940.2350783594532,nan,1.5681611811345053,1.757867783689202,0.21192554975002198,0.5215758750179625,0.44009082376456315,0.44362026117933706,68.29347095986904,nan,nan,nan,nan
1941.2504168056018,nan,1.5649606849369495,1.7530005892841065,0.21011346929034927,0.5173598878540474,0.4400931866513518,0.4436190637036695,68.23908786968533,nan,nan,nan,nan
1942.2657552517505,nan,1.5617743430693873,1.7481593449866333,0.2083157450035002,0.5131751755472099,0.4400955433208201,0.44361786331926917,68.18480368423344,nan,nan,nan,nan
1943.2810936978995,nan,1.5586020490185308,1.7433438587361438,0.20653227373606176,0.5090215309598815,0.44009789370239577,0.44361665998346744,68.13061816693283,nan,nan,nan,nan
1944.2964321440481,nan,1.5554436962710916,1.7385539384719984,0.2047629529816503,0.5048987481158382,0.44010023772550605,0.4436154536535952,68.0765310812029,nan,nan,nan,nan
1945.3117705901968,nan,1.552299178277302,1.7337893920722318,0.20300768087764984,0.5008066221953871,0.44010257531953567,0.44361424428694307,68.02254219044327,nan,nan,nan,nan
1946.3271090363455,nan,1.5491683869208754,1.7290500247813994,0.201266356201974,0.49674494953059006,0.4401049064120325,0.4436130318390538,67.96865125720218,nan,nan,nan,nan
1947.3424474824942,nan,1.5460512123811379,1.7243356389788025,0.19953887836982878,0.49271352760047504,0.44010723092854553,0.4436118162635689,67.91485804310153,nan,nan,nan,nan
1948.357785928643,nan,1.5429475472155327,1.7196460410416066,0.1978251474304864,0.4887121550262546,0.44010954879741254,0.4436105975167829,67.86116231105572,nan,nan,nan,nan
1949.3731243747916,nan,1.539857289744004,1.7149810470343354,0.1961250640640731,0.4847406315665616,0.44011185995372865,0.4436093755614185,67.80756382711095,nan,nan,nan,nan
1950.3884628209403,nan,1.5367803463477345,1.710340486573292,0.19443852957836072,0.48079875811267747,0.440114164342042,0.443608150369192,67.75406236169468,nan,nan,nan,nan
1951.4038012670892,nan,1.533716632682249,1.705724204865907,0.19276544590557018,0.47688633668377106,0.4401164619177762,0.44360692192216566,67.70065769027475,nan,nan,nan,nan
1952.4191397132379,nan,1.5306660738048714,1.7011320629250104,0.1911057155991932,0.47300317042216494,0.44011875264737976,0.4436056902128902,67.64734959342883,nan,nan,nan,nan
1953.4344781593866,nan,1.5276286032165478,1.6965639359580358,0.18945924183080456,0.4691490635885625,0.4401210365072028,0.4436044552433359,67.59413785632353,nan,nan,nan,nan
1954.4498166055353,nan,1.5246041608180239,1.6920197099311407,0.18782592838690595,0.4653238215573322,0.4401233134810999,0.44360321702261296,67.5410222676037,nan,nan,nan,nan
1955.465155051684,nan,1.5215926897803858,1.6874992763082663,0.18620567966576224,0.4615272508117594,0.44012558355676057,0.44360197556347924,67.48800261769159,nan,nan,nan,nan
1956.4804934978326,nan,1.5185941324221721,1.6830025251201313,0.18459840067426034,0.4577591589393338,0.4401278467208748,0.4436007308777422,67.43507869654606,nan,nan,nan,nan
1957.4958319439813,nan,1.515608428957362,1.6785293428594732,0.18300399702476972,0.4540193546270255,0.4401301029576646,0.44359948297486107,67.38225029298218,nan,nan,nan,nan
1958.51117039013,nan,1.5126355194466332,1.6740796157613127,0.18142237493201882,0.45030764765658016,0.440132352251172,0.44359823186412395,67.32951719573173,nan,nan,nan,nan
1959.5265088362787,nan,1.5096753439506627,1.6696532300606703,0.17985344120997446,0.44662384889980866,0.4401345945854393,0.44359697755481936,67.27687919352647,nan,nan,nan,nan
1960.5418472824276,nan,1.5067278425301283,1.6652500719925674,0.1782971032687381,0.4429677703138966,0.44013682994450853,0.4435957200562355,67.22433607509814,nan,nan,nan,nan
1961.5571857285763,nan,1.503792955245707,1.6608700277920239,0.17675326911144928,0.4393392249367177,0.4401390583124222,0.4435944593776608,67.17188762917851,nan,nan,nan,nan
1962.572524174725,nan,1.500870622158076,1.6565129836940604,0.17522184733119792,0.4357380268821498,0.44014127967322225,0.4435931955283834,67.11953364449936,nan,nan,nan,nan
1963.5878626208737,nan,1.4979607833279132,1.652178825933698,0.1737027471079498,0.4321639913354081,0.4401434940109509,0.44359192851769164,67.06727390979243,nan,nan,nan,nan
1964.6032010670224,nan,1.4950633788158956,1.6478674407459575,0.17219587820547813,0.428616934548375,0.44014570130965036,0.44359065835487393,67.0151082137895,nan,nan,nan,nan
1965.618539513171,nan,1.4921783486827003,1.6435787143658587,0.17070115096830893,0.42509667383494776,0.4401479015533629,0.4435893850492185,66.96303634522232,nan,nan,nan,nan
1966.6338779593198,nan,1.489305632989005,1.639312533028423,0.1692184763186741,0.4216030275663876,0.44015009472613065,0.44358810861001363,66.91105809282267,nan,nan,nan,nan
1967.6492164054685,nan,1.4864451717954865,1.6350687829686705,0.16774776575347664,0.41813581516668363,0.4401522808119958,0.44358682904654767,66.8591732453223,nan,nan,nan,nan
1968.6645548516174,nan,1.4835969051628226,1.6308473504216225,0.16628893134126282,0.41469485710791476,0.4401544597950007,0.4435855463681089,66.80738159145295,nan,nan,nan,nan
1969.679893297766,nan,1.4807607731516907,1.6266481216222992,0.16484188571921016,0.41127997490563595,0.44015663165918717,0.4435842605839856,66.75568291994641,nan,nan,nan,nan
1970.6952317439147,nan,1.4779367158227674,1.622470982805721,0.1634065420901193,0.4078909911142555,0.4401587963885979,0.44358297170346617,66.70407701953442,nan,nan,nan,nan
1971.7105701900634,nan,1.4751246732367314,1.618315820206909,0.1619828142194187,0.40452772932243003,0.44016095396727467,0.44358167973583884,66.65256367894878,nan,nan,nan,nan
1972.7259086362121,nan,1.4723245854542586,1.6141825200608841,0.16057061643218143,0.4011900141484696,0.4401631043792599,0.44358038469039196,66.60114268692122,nan,nan,nan,nan
1973.7412470823608,nan,1.469536392536027,1.6100709686026664,0.15916986361014965,0.397877671235747,0.44016524760859566,0.44357908657641376,66.5498138321835,nan,nan,nan,nan
1974.7565855285095,nan,1.4667600345427139,1.605981052067277,0.1577804711887697,0.39459052724811755,0.4401673836393242,0.44357778540319254,66.4985769034674,nan,nan,nan,nan
1975.7719239746582,nan,1.4639954515349967,1.6019126566897355,0.15640235515424009,0.39132840986535233,0.44016951245548774,0.4435764811800167,66.44743168950465,nan,nan,nan,nan
1976.7872624208069,nan,1.4612425835735525,1.5978656687050636,0.15503543204056452,0.3880911477785688,0.44017163404112847,0.4435751739161745,66.39637797902705,nan,nan,nan,nan
1977.8026008669558,nan,1.4585013707190586,1.5938399743482816,0.1536796189266204,0.3848785706856828,0.44017374838028855,0.4435738636209542,66.34541556076636,nan,nan,nan,nan
1978.8179393131045,nan,1.4557717530321925,1.58983545985441,0.1523348334332365,0.3816905092868679,0.4401758554570101,0.44357255030364406,66.29454422345431,nan,nan,nan,nan
1979.8332777592532,nan,1.4530536705736314,1.5858520114584698,0.15100099372027762,0.3785267952800138,0.44017795525533554,0.44357123397353254,66.24376375582267,nan,nan,nan,nan
1980.8486162054019,nan,1.4503470634040525,1.5818895153954813,0.1496780184837422,0.3753872613562031,0.44018004775930675,0.44356991463990786,66.19307394660322,nan,nan,nan,nan
1981.8639546515506,nan,1.4476518715841338,1.5779478579004658,0.1483658269528731,0.37227174119520223,0.4401821329529662,0.44356859231205825,66.14247458452772,nan,nan,nan,nan
1982.8792930976992,nan,1.4449680351745517,1.5740269252084431,0.14706433888727144,0.3691800694609456,0.440184210820356,0.4435672669992722,66.0919654583279,nan,nan,nan,nan
1983.894631543848,nan,1.4422954942359842,1.570126603554434,0.14577347457402867,0.36611208179704763,0.4401862813455183,0.4435659387108378,66.04154635673557,nan,nan,nan,nan
1984.9099699899966,nan,1.4396341888291082,1.5662467791734596,0.14449315482486397,0.3630676148223126,0.4401883445124954,0.44356460745604354,65.99121706848246,nan,nan,nan,nan
1985.9253084361455,nan,1.4369840590146015,1.5623873383005398,0.14322330097327146,0.36004650612625283,0.4401904003053293,0.44356327324417755,65.94097738230033,nan,nan,nan,nan
1986.9406468822942,nan,1.4343450448531407,1.558548167170696,0.1419638348716845,0.3570485942646332,0.4401924487080623,0.4435619360845284,65.89082708692095,nan,nan,nan,nan
1987.955985328443,nan,1.431717086405404,1.5547291520189486,0.14071467888864153,0.35407371875500326,0.44019448970473674,0.44356059598638403,65.84076597107608,nan,nan,nan,nan
1988.9713237745916,nan,1.4291001237320684,1.550930179080318,0.1394757559059664,0.3511217200722511,0.44019652327939457,0.44355925295903303,65.7907938234975,nan,nan,nan,nan
1989.9866622207403,nan,1.4264940968938111,1.547151134589825,0.1382469893159628,0.34819243964417357,0.44019854941607806,0.44355790701176356,65.74091043291696,nan,nan,nan,nan
1991.002000666889,nan,1.4238989459513092,1.5433919047824907,0.13702830301861205,0.34528571984704165,0.44020056809882946,0.44355655815386397,65.6911155880662,nan,nan,nan,nan
1992.0173391130377,nan,1.4213146109652404,1.539652375893335,0.13581962141878476,0.34240140400118435,0.440202579311691,0.4435552063946226,65.64140907767701,nan,nan,nan,nan
1993.0326775591864,nan,1.4187410319962819,1.5359324341573788,0.13462086942346646,0.3395393363665899,0.4402045830387047,0.4435538517433276,65.59179069048112,nan,nan,nan,nan
1994.048016005335,nan,1.416178149105111,1.5322319658096428,0.13343197243898394,0.33669936213849516,0.44020657926391293,0.44355249420926757,65.54226021521035,nan,nan,nan,nan
1995.063354451484,nan,1.4136259023524052,1.5285508570851476,0.1322528563682539,0.33388132744301385,0.4402085679713578,0.4435511338017305,65.49281744059638,nan,nan,nan,nan
1996.0786928976327,nan,1.4110842317988415,1.524888994218914,0.13108344760803317,0.3310850793327538,0.4402105491450815,0.443549770530005,65.44346215537104,nan,nan,nan,nan
1997.0940313437814,nan,1.4085530775050976,1.5212462634459625,0.1299236730461824,0.3283104657824519,0.4402125227691264,0.44354840440337895,65.39419414826608,nan,nan,nan,nan
1998.10936978993,nan,1.4060323795318506,1.5176225510013142,0.1287734600589414,0.32555733568462264,0.44021448882753444,0.443547035431141,65.34501320801323,nan,nan,nan,nan
1999.1247082360787,nan,1.403522077939778,1.514017743119989,0.127632736508213,0.32282553884521314,0.44021644730434795,0.4435456636225794,65.29591912334429,nan,nan,nan,nan
2000.1400466822274,nan,1.4010221127895566,1.5104317260370075,0.12650143073885753,0.3201149259792687,0.4402183981836091,0.4435442889869824,65.246911682991,nan,nan,nan,nan
2001.155385128376,nan,1.3985324241418642,1.5068643859873911,0.12537947157599957,0.3174253487066142,0.44022034144936,0.44354291153363823,65.1979906756851,nan,nan,nan,nan
2002.1707235745248,nan,1.3960529520573783,1.50331560920616,0.12426678832234157,0.31475665954753684,0.4402222770856429,0.4435415312718353,65.1491558901584,nan,nan,nan,nan
2003.1860620206737,nan,1.3935836365967758,1.4997852819283346,0.123163310755493,0.31210871191849315,0.44022420507650006,0.44354014821086196,65.10040711514263,nan,nan,nan,nan
2004.2014004668224,nan,1.391124417820734,1.496273290388936,0.122068969125305,0.3094813601278144,0.4402261254059736,0.44353876236000633,65.05174413936956,nan,nan,nan,nan
2005.216738912971,nan,1.3886752357899308,1.4927795208229846,0.12098369415121847,0.30687445937143065,0.44022803805810584,0.44353737372855695,65.00316675157096,nan,nan,nan,nan
2006.2320773591198,nan,1.3862360305650432,1.4893038594655015,0.11990741701962013,0.304287865728599,0.4402299430169388,0.443535982325802,64.95467474047858,nan,nan,nan,nan
2007.2474158052685,nan,1.3838067422067486,1.4858461925515067,0.11884006938121305,0.30172143615765445,0.44023184026651474,0.4435345881610298,64.90626789482418,nan,nan,nan,nan
2008.2627542514172,nan,1.381387310775724,1.4824064063160214,0.11778158334839224,0.29917502849175714,0.44023372979087594,0.4435331912435286,64.85794600333953,nan,nan,nan,nan
2009.2780926975659,nan,1.378977676332647,1.4789843869940653,0.11673189149263619,0.2966485014346656,0.44023561157406454,0.44353179158258677,64.8097088547564,nan,nan,nan,nan
2010.2934311437145,nan,1.3765777789381948,1.4755800208206602,0.11569092684190398,0.29414171455650834,0.44023748560012266,0.44353038918749255,64.76155623780653,nan,nan,nan,nan
2011.3087695898632,nan,1.3741875586530448,1.4721931940308262,0.11465862287804565,0.2916545282895752,0.4402393518530926,0.44352898406753427,64.7134879412217,nan,nan,nan,nan
2012.3241080360121,nan,1.371806955537874,1.468823792859584,0.11363491353422331,0.2891868039241189,0.4402412103170164,0.4435275762320003,64.66550375373366,nan,nan,nan,nan
2013.3394464821608,nan,1.3694359096533606,1.465471703541954,0.11261973319234092,0.28673840360416575,0.44024306097593635,0.44352616569017883,64.61760346407416,nan,nan,nan,nan
2014.3547849283095,nan,1.367074361060181,1.462136812312957,0.1116130166804829,0.28430919032333274,0.44024490381389475,0.44352475245135825,64.569786860975,nan,nan,nan,nan
2015.3701233744582,nan,1.364722249819013,1.458819005407614,0.11061469927036971,0.2818990279206726,0.4402467388149336,0.44352333652482684,64.52205373316791,nan,nan,nan,nan
2016.385461820607,nan,1.3623795159905339,1.4555181690609453,0.10962471667481716,0.2795077810765143,0.4402485659630953,0.44352191791987283,64.47440386938466,nan,nan,nan,nan
2017.4008002667556,nan,1.360046099635421,1.4522341895079713,0.10864300504520685,0.2771353153083167,0.4402503852424219,0.44352049664578463,64.42683705835701,nan,nan,nan,nan
2018.4161387129043,nan,1.3577219408143515,1.4489669529837133,0.10766950096897276,0.2747814969665484,0.4402521966369556,0.44351907271185054,64.37935308881673,nan,nan,nan,nan
2019.431477159053,nan,1.3554069795880026,1.445716345723191,0.10670414146708984,0.272446193230558,0.44025400013073857,0.44351764612735883,64.33195174949557,nan,nan,nan,nan
2020.446815605202,nan,1.353101156017052,1.442482253961426,0.10574686399158106,0.2701292721044774,0.44025579570781304,0.44351621690159776,64.2846328291253,nan,nan,nan,nan
2021.4621540513506,nan,1.3508044101621768,1.4392645639334383,0.10479760642302646,0.26783060241311446,0.4402575833522212,0.44351478504385566,64.23739611643771,nan,nan,nan,nan
2022.4774924974993,nan,1.3485166820840542,1.436063161874249,0.10385630706809106,0.2655500537978801,0.4402593630480053,0.4435133505634209,64.19024140016448,nan,nan,nan,nan
2023.492830943648,nan,1.346237911843362,1.4328779340188786,0.10292290465705825,0.2632874967127149,0.4402611347792076,0.44351191346958174,64.14316846903745,nan,nan,nan,nan
2024.5081693897966,nan,1.3439680395007771,1.4297087666023476,0.10199733834137167,0.2610428024200216,0.44026289852987016,0.44351047377162645,64.09617711178834,nan,nan,nan,nan
2025.5235078359453,nan,1.341707005116977,1.426555545859677,0.10107954769119394,0.25881584298662846,0.44026465428403516,0.44350903147884335,64.04926711714896,nan,nan,nan,nan
2026.538846282094,nan,1.3394547487526394,1.423418158025887,0.1001694726929688,0.2566064912797448,0.44026640202574485,0.4435075866005208,64.002438273851,nan,nan,nan,nan
2027.5541847282427,nan,1.3372112104684408,1.4202964893359984,0.09926705374699792,0.25441462096294104,0.4402681417390414,0.44350613914594705,63.95569037062629,nan,nan,nan,nan
2028.5695231743916,nan,1.3349763303250588,1.4171904260250314,0.09837223166502716,0.2522401064921384,0.4402698734079671,0.44350468912441043,63.90902319620655,nan,nan,nan,nan
2029.5848616205403,nan,1.3327500483831711,1.4140998543280077,0.09748494766784169,0.25008282311160646,0.440271597016564,0.4435032365451992,63.86243653932355,nan,nan,nan,nan
2030.600200066689,nan,1.3305323047034547,1.411024660479947,0.09660514338287322,0.24794264684997852,0.44027331254887436,0.44350178141760166,63.81593018870906,nan,nan,nan,nan
2031.6155385128377,nan,1.3283230393465872,1.4079647307158707,0.09573276084181458,0.2458194545162708,0.44027501998894036,0.4435003237509061,63.76950393309483,nan,nan,nan,nan
2032.6308769589864,nan,1.3261221923732456,1.404919951270799,0.09486774247825043,0.24371312369592946,0.44027671932080414,0.44349886355440093,63.72315756121264,nan,nan,nan,nan
2033.646215405135,nan,1.3239297038441076,1.4018902083797524,0.09401003112528959,0.24162353274686763,0.440278410528508,0.4434974008373743,63.67689086179425,nan,nan,nan,nan
2034.6615538512838,nan,1.3217455138198502,1.3988753882777516,0.09315957001321686,0.23955056079553816,0.4402800935960941,0.4434959356091147,63.630703623571385,nan,nan,nan,nan
2035.6768922974325,nan,1.3195695623611505,1.3958753771998174,0.09231630276714696,0.23749408773299846,0.44028176850760464,0.44349446787891045,63.584595635275846,nan,nan,nan,nan
2036.6922307435811,nan,1.3174017895286863,1.3928900613809705,0.09148017340469491,0.235453994211003,0.44028343524708186,0.44349299765604955,63.538566685639374,nan,nan,nan,nan
2037.70756918973,nan,1.315242135383135,1.3899193270562313,0.09065112633365223,0.23343016163809757,0.44028509379856784,0.4434915249498205,63.49261656339375,nan,nan,nan,nan
2038.7229076358788,nan,1.3130905399851736,1.3869630604606202,0.0898291063496769,0.23142247217573467,0.4402867441461048,0.4434900497695117,63.44674505727072,nan,nan,nan,nan
2039.7382460820274,nan,1.3109469433954795,1.3840211478291589,0.08901405863398852,0.229430808734389,0.440288386273735,0.4434885721244113,63.40095195600206,nan,nan,nan,nan
2040.7535845281761,nan,1.3088112856747303,1.381093475396867,0.08820592875108035,0.22745505496970206,0.44029002016550056,0.44348709202380765,63.35523704831952,nan,nan,nan,nan
2041.7689229743248,nan,1.306683506883603,1.378179929398766,0.08740466264643561,0.2254950952786247,0.4402916458054438,0.44348560947698906,63.30960012295486,nan,nan,nan,nan
2042.7842614204735,nan,1.304563547082775,1.3752803960698758,0.08661020664425631,0.2235508147955783,0.4402932631776068,0.4434841244932439,63.26404096863986,nan,nan,nan,nan
2043.7995998666222,nan,1.3024513463329233,1.3723947616452175,0.0858225074452032,0.22162209938863037,0.4402948722660318,0.4434826370818603,63.21855937410626,nan,nan,nan,nan
2044.814938312771,nan,1.3003468446947264,1.3695229123598112,0.0850415121241431,0.2197088356556769,0.4402964730547609,0.44348114725212673,63.17315512808583,nan,nan,nan,nan
2045.8302767589198,nan,1.298249981944192,1.3666647339355995,0.08426716812790948,0.21781091092064397,0.4402980655275197,0.44347965501334374,63.127828018914,nan,nan,nan,nan
2046.8456152050685,nan,1.296160696356793,1.363820109389989,0.08349942327306996,0.2159282132296954,0.4402996496663648,0.44347816037487675,63.08257783283711,nan,nan,nan,nan
2047.8609536512172,nan,1.2940789264093921,1.3609889221033722,0.08273822574370736,0.21406063134746095,0.44030122545357664,0.4434766633460824,63.03740435638188,nan,nan,nan,nan
2048.876292097366,nan,1.2920046131798195,1.3581710601440604,0.08198352408920542,0.21220805475326354,0.4403027928743288,0.4434751639362051,62.99230737969619,nan,nan,nan,nan
2049.8916305435146,nan,1.2899377020820268,1.3553664193956925,0.08123526722205182,0.21037037363737823,0.44030435191861794,0.44347366215430206,62.94728669896482,nan,nan,nan,nan
2050.9069689896633,nan,1.287878143935602,1.352574905484896,0.08049340441564364,0.20854747889728428,0.4403059025824534,0.44347215800919665,62.90234211789848,nan,nan,nan,nan
2051.922307435812,nan,1.2858258953696353,1.349796434509213,0.07975788530211009,0.2067392621339481,0.4403074448683067,0.44347065150946163,62.857473448296076,nan,nan,nan,nan
2052.9376458819606,nan,1.2837809185609446,1.3470309325652774,0.07902865987013828,0.204945615648102,0.4403089787848199,0.44346914266342985,62.81268050968027,nan,nan,nan,nan
2053.9529843281093,nan,1.2817431803066532,1.3442783340772548,0.07830567846281439,0.20316643243654897,0.44031050434577446,0.44346763147923496,62.76796312800627,nan,nan,nan,nan
2054.968322774258,nan,1.2797126504311258,1.341538578925539,0.07758889177547108,0.2014016061884712,0.44031202156831883,0.4434661179648795,62.72332113344394,nan,nan,nan,nan
2055.9836612204067,nan,1.2776892995272568,1.3388116083757051,0.07687825085354698,0.19965103128175635,0.44031353047045635,0.443464602128333,62.67875435723309,nan,nan,nan,nan
2056.9989996665554,nan,1.2756730967516958,1.336097361104673,0.07617370709045568,0.19791460277933637,0.44031503106859315,0.4434630839776269,62.63426262861395,nan,nan,nan,nan
2058.014338112704,nan,1.2736640107217516,1.3333957748172673,0.07547521222546368,0.19619221642553597,0.440316523378535,0.4434615635208161,62.58984577607587,nan,nan,nan,nan
2059.029676558853,nan,1.2716620100542473,1.3307067872174383,0.07478271834157926,0.19448376864243688,0.4403180074160873,0.44346004076595535,62.54550362810751,nan,nan,nan,nan
2060.045015005002,nan,1.269667063366006,1.3280303360091361,0.07409617786345096,0.19278915652625472,0.44031948319705555,0.4434585157210996,62.50123601319754,nan,nan,nan,nan
2061.0603534511506,nan,1.2676791392738518,1.3253663588963105,0.07341554355527408,0.19110827784372356,0.44032095073724514,0.44345698839430353,62.45704275983463,nan,nan,nan,nan
2062.0756918972993,nan,1.2656982063946078,1.322714793582912,0.07274076851871084,0.1894410310285035,0.4403224100524614,0.4434554587936221,62.412923696507455,nan,nan,nan,nan
2063.091030343448,nan,1.2637242333450975,1.3200755777728903,0.0720718061908164,0.1877873151775907,0.44032386115850997,0.44345392692711005,62.36887865170466,nan,nan,nan,nan
2064.1063687895967,nan,1.2617571887421437,1.3174486491701958,0.07140861034197722,0.1861470300477476,0.44032530407119597,0.4434523928028222,62.32490745391493,nan,nan,nan,nan
2065.1217072357454,nan,1.2597970412025696,1.3148339454787779,0.07075113507385676,0.18452007605193882,0.44032673880632506,0.44345085642881343,62.281009931626926,nan,nan,nan,nan
2066.137045681894,nan,1.2578437593431993,1.312231404402587,0.07009933481735416,0.18290635425578927,0.44032816537970254,0.44344931781313857,62.23718591332931,nan,nan,nan,nan
2067.1523841280427,nan,1.2558973117808558,1.309640963645573,0.0694531643305694,0.1813057663740463,0.44032958380713383,0.4434477769638525,62.19343522751076,nan,nan,nan,nan
2068.1677225741914,nan,1.2539576671323625,1.307062560911686,0.06881257869678034,0.1797182147670606,0.4403309941044244,0.44344623388900983,62.14975770265991,nan,nan,nan,nan
2069.18306102034,nan,1.2520247940145421,1.3044961339048757,0.06817753332242828,0.17814360243727684,0.4403323962873795,0.44344468859666575,62.106153167265475,nan,nan,nan,nan
2070.198399466489,nan,1.2500986610442186,1.3019416203290928,0.06754798393511291,0.17658183302573704,0.44033379037180487,0.44344314109487476,62.06262144981608,nan,nan,nan,nan
2071.2137379126375,nan,1.2481792368382152,1.2993989578882865,0.06692388658159927,0.1750328108086024,0.44033517637350555,0.4434415913916919,62.01916237880042,nan,nan,nan,nan
2072.229076358786,nan,1.246266490013355,1.2968680842864075,0.06630519762582955,0.1734964406936766,0.4403365543082872,0.44344003949517186,61.97577578270716,nan,nan,nan,nan
2073.244414804935,nan,1.2443603891864619,1.2943489372274055,0.06569187374695017,0.17197262821695544,0.44033792419195517,0.4434384854133696,61.93246149002492,nan,nan,nan,nan
2074.2597532510836,nan,1.2424609029743585,1.2918414544152306,0.06508387193734384,0.17046127953917953,0.4403392860403149,0.44343692915433985,61.88921932924244,nan,nan,nan,nan
2075.2750916972323,nan,1.2405679999938686,1.2893455735538326,0.06448114950067446,0.16896230144240615,0.4403406398691717,0.4434353707261376,61.84604912884833,nan,nan,nan,nan
2076.2904301433814,nan,1.238681648861815,1.286861232347162,0.06388366404993748,0.1674756013265857,0.44034198569433114,0.4434338101368174,61.802950717331285,nan,nan,nan,nan
2077.30576858953,nan,1.2368018181950218,1.2843883684991684,0.06329137350552512,0.16600108720616363,0.44034332353159855,0.4434322473944342,61.75992392317995,nan,nan,nan,nan
2078.321107035679,nan,1.2349284766103121,1.2819269197138023,0.06270423609329663,0.1645386677066843,0.4403446533967793,0.443430682507043,61.71696857488301,nan,nan,nan,nan
2079.3364454818275,nan,1.233061592724509,1.2794768236950131,0.06212221034265877,0.16308825206140995,0.440345975305679,0.44342911548269837,61.67408450092912,nan,nan,nan,nan
2080.351783927976,nan,1.231201135154436,1.2770380181467516,0.06154525508465866,0.16164975010795993,0.4403472892741027,0.44342754632945536,61.631271529806966,nan,nan,nan,nan
2081.367122374125,nan,1.2293470725169167,1.2746104407729675,0.0609733294500817,0.1602230722849517,0.44034859531785625,0.44342597505536874,61.5885294900052,nan,nan,nan,nan
2082.3824608202735,nan,1.2274993734287738,1.2721940292776104,0.060406392867562116,0.15880812962866384,0.4403498934527449,0.4434244016684933,61.5458582100125,nan,nan,nan,nan
2083.397799266422,nan,1.2256580065068308,1.269788721364631,0.05984440506170193,0.15740483376970835,0.4403511836945738,0.4434228261768838,61.503257518317504,nan,nan,nan,nan
2084.413137712571,nan,1.2238229403679117,1.267394454737979,0.0592873260511973,0.15601309692971224,0.4403524660591488,0.4434212485885952,61.46072724340891,nan,nan,nan,nan
2085.4284761587196,nan,1.221994143628839,1.265011167101604,0.05873511614697842,0.154632831918022,0.440353740562275,0.44341966891168233,61.41826721377537,nan,nan,nan,nan
2086.4438146048683,nan,1.2201715849064363,1.2626387961594565,0.05818773595035415,0.15326395212840957,0.44035500721975795,0.44341808715419995,61.37587725790555,nan,nan,nan,nan
2087.459153051017,nan,1.2183552328175267,1.2602772796154866,0.05764514635116881,0.15190637153579928,0.4403562660474031,0.4434165033242028,61.33355720428811,nan,nan,nan,nan
2088.4744914971657,nan,1.2165450559789344,1.2579265551736443,0.057107308525966884,0.15056000469300337,0.44035751706101567,0.44341491742974587,61.291306881411735,nan,nan,nan,nan
2089.4898299433144,nan,1.2147410230074818,1.255586560537879,0.056574183936167664,0.14922476672747317,0.4403587602764012,0.44341332947888396,61.24912611776507,nan,nan,nan,nan
2090.505168389463,nan,1.2129431025199924,1.2532572334121417,0.05604573432624861,0.14790057333806142,0.44035999570936524,0.44341173947967194,61.207014741836794,nan,nan,nan,nan
2091.5205068356117,nan,1.21115126313329,1.2509385115003815,0.05552192172193777,0.14658734079179755,0.44036122337571293,0.4434101474401645,61.16497258211558,nan,nan,nan,nan
2092.5358452817604,nan,1.2093654734641972,1.248630332506549,0.05500270842841591,0.14528498592067757,0.44036244329124996,0.4434085533684166,61.12299946709009,nan,nan,nan,nan
2093.5511837279096,nan,1.2075857021295378,1.2463326341345942,0.05448805702852676,0.14399342611846336,0.4403636554717815,0.443406957272483,61.08109522524897,nan,nan,nan,nan
2094.5665221740583,nan,1.2058119177461353,1.244045354088467,0.05397793038099839,0.14271257933750184,0.4403648599331132,0.4434053591604187,61.03925968508092,nan,nan,nan,nan
2095.581860620207,nan,1.2040440889308128,1.2417684300721177,0.053472291618670016,0.1414423640855455,0.44036605669105033,0.44340375904027823,60.9974926750746,nan,nan,nan,nan
2096.5971990663556,nan,1.202282184300394,1.239501799789496,0.05297110414673173,0.14018269942259784,0.4403672457613984,0.44340215692011664,60.95579402371866,nan,nan,nan,nan
2097.6125375125043,nan,1.2005261724717013,1.237245400944552,0.052474331640971594,0.13893350495776635,0.44036842715996266,0.4434005528079887,60.914163559501766,nan,nan,nan,nan
2098.627875958653,nan,1.198776022061559,1.2349991712412358,0.05198193804602951,0.13769470084612304,0.4403696009025487,0.4433989467119491,60.87260111091261,nan,nan,nan,nan
2099.6432144048017,nan,1.1970317016867902,1.2327630483834975,0.05149388757366519,0.13646620778559054,0.4403707670049618,0.44339733864005293,60.83110650643982,nan,nan,nan,nan
2100.6585528509504,nan,1.195293179964218,1.2305369700752866,0.051010144701029304,0.13524794701382747,0.44037192548300746,0.4433957286003549,60.789679574572105,nan,nan,nan,nan
2101.673891297099,nan,1.1935604255106658,1.2283208740205538,0.0505306741689484,0.1340398403051377,0.44037307635249107,0.4433941166009099,60.7483201437981,nan,nan,nan,nan
2102.689229743248,nan,1.1918334069429568,1.226114697923249,0.05005544098021497,0.1328418099673838,0.4403742196292181,0.4433925026497726,60.70702804260648,nan,nan,nan,nan
2103.7045681893965,nan,1.1901120928779145,1.2239183794873216,0.04958441039788856,0.13165377883891882,0.44037535532899386,0.443390886754998,60.66580309948591,nan,nan,nan,nan
2104.719906635545,nan,1.1883964519323624,1.2217318564167226,0.0491175479436054,0.13047567028552973,0.44037648346762376,0.4433892689246408,60.624645142925075,nan,nan,nan,nan
2105.735245081694,nan,1.1866864527231236,1.2195550664154011,0.04865481939589571,0.1293074081973912,0.4403776040609134,0.443387649166756,60.583554001412615,nan,nan,nan,nan
2106.7505835278425,nan,1.1849820638670217,1.2173879471873077,0.048196190788511215,0.12814891698603542,0.44037871712466803,0.4433860274893982,60.54252950343722,nan,nan,nan,nan
2107.765921973991,nan,1.1832832539808795,1.2152304364363924,0.04774162840876048,0.12700012158133286,0.4403798226746931,0.4433844039006224,60.50157147748753,nan,nan,nan,nan
2108.78126042014,nan,1.1815899916815205,1.213082471866605,0.04729109879585362,0.12586094742848689,0.440380920726794,0.4433827784084834,60.46067975205223,nan,nan,nan,nan
2109.7965988662886,nan,1.1799022455857684,1.2109439911818956,0.04684456873925418,0.12473132048503775,0.44038201129677623,0.44338115102103604,60.41985415561999,nan,nan,nan,nan
2110.8119373124377,nan,1.178219984310446,1.2088149320862138,0.04640200527704203,0.1236111672178848,0.4403830944004452,0.44337952174633505,60.37909451667946,nan,nan,nan,nan
2111.8272757585864,nan,1.1765431764723773,1.2066952322835105,0.04596337569428343,0.12250041460031828,0.4403841700536062,0.4433778905924355,60.33840066371932,nan,nan,nan,nan
2112.842614204735,nan,1.174871790688385,1.2045848294777353,0.045528647521409414,0.12139899010906255,0.44038523827206477,0.44337625756739185,60.29777242522823,nan,nan,nan,nan
2113.857952650884,nan,1.1732057955752928,1.2024836613728382,0.045097788532603225,0.12030682172133335,0.4403862990716263,0.44337462267925926,60.257209629694856,nan,nan,nan,nan
2114.8732910970325,nan,1.171545159749924,1.2003916656727696,0.04467076674419733,0.11922383791191048,0.4403873524680961,0.4433729859360924,60.21671210560788,nan,nan,nan,nan
2115.888629543181,nan,1.169889851829102,1.198308780081479,0.04424755041307666,0.1181499676502172,0.44038839847727973,0.4433713473459461,60.17627968145595,nan,nan,nan,nan
2116.90396798933,nan,1.16823984042965,1.1962349423029164,0.043828108035092656,0.117085140397418,0.4403894371149826,0.4433697069168753,60.13591218572775,nan,nan,nan,nan
2117.9193064354786,nan,1.1665950941683911,1.1941700900410321,0.043412408343484886,0.116029286103527,0.44039046839700996,0.4433680646569347,60.09560944691192,nan,nan,nan,nan
2118.9346448816273,nan,1.164955581662149,1.1921141609997763,0.0430004203073096,0.11498233520452468,0.4403914923391674,0.4433664205741792,60.05537129349713,nan,nan,nan,nan
2119.949983327776,nan,1.163321271527747,1.1900670928830988,0.04259211312988001,0.11394421861949607,0.44039250895726023,0.4433647746766636,60.01519755397209,nan,nan,nan,nan
2120.9653217739246,nan,1.1616921323820084,1.1880288233949496,0.04218745624721193,0.11291486774777364,0.440393518267094,0.44336312697244273,59.97508805682543,nan,nan,nan,nan
2121.9806602200733,nan,1.1600681328417566,1.1859992902392786,0.04178641932647857,0.11189421446609453,0.440394520284474,0.44336147746957155,59.93504263054581,nan,nan,nan,nan
2122.995998666222,nan,1.1584492415238146,1.1839784311200363,0.041388972264475084,0.11088219112577431,0.4403955150252057,0.44335982617610475,59.895061103621906,nan,nan,nan,nan
2124.0113371123707,nan,1.1568354270450056,1.1819661837411721,0.04099508518609002,0.10987873054988938,0.44039650250509443,0.44335817310009723,59.855143304542395,nan,nan,nan,nan
2125.0266755585194,nan,1.1552266580221537,1.1799624858066362,0.04060472844278452,0.1088837660304707,0.44039748273994567,0.44335651824960365,59.81528906179593,nan,nan,nan,nan
2126.042014004668,nan,1.1536229030720815,1.1779672750203787,0.04021787261108158,0.10789723132571459,0.4403984557455649,0.44335486163267906,59.775498203871194,nan,nan,nan,nan
2127.057352450817,nan,1.1520241308116126,1.1759804890863497,0.0398344884910621,0.1069190606572022,0.44039942153775746,0.44335320325737815,59.73577055925683,nan,nan,nan,nan
2128.072690896966,nan,1.1504303098575706,1.1740020657084993,0.039454547104869654,0.10594918870713306,0.4404003801323288,0.44335154313175595,59.696105956441514,nan,nan,nan,nan
2129.0880293431146,nan,1.1488414088267782,1.1720319425907775,0.03907801969522376,0.10498755061557147,0.44040133154508426,0.44334988126386704,59.65650422391391,nan,nan,nan,nan
2130.1033677892633,nan,1.1472573963360593,1.1700700574371337,0.03870487772394009,0.10403408197770271,0.44040227579182933,0.4433482176617663,59.61696519016271,nan,nan,nan,nan
2131.118706235412,nan,1.145678241002237,1.168116347951519,0.03833509287046008,0.10308871884110461,0.4404032128883695,0.4433465523335087,59.57748868367656,nan,nan,nan,nan
2132.1340446815607,nan,1.1441039114421352,1.166170751837883,0.037968637030388115,0.10215139770303024,0.44040414285050994,0.443344885287149,59.53807453294412,nan,nan,nan,nan
2133.1493831277094,nan,1.1425343762725764,1.1642332068001757,0.03760548231403667,0.10122205550770269,0.44040506569405635,0.44334321653074193,59.49872256645407,nan,nan,nan,nan
2134.164721573858,nan,1.140969604110384,1.162303650542347,0.03724560104497963,0.10030062964362287,0.44040598143481396,0.44334154607234244,59.45943261269506,nan,nan,nan,nan
2135.1800600200067,nan,1.139409563572382,1.1603820207683468,0.03688896575861318,0.09938705794088787,0.4404068900885882,0.4433398739200054,59.42020450015577,nan,nan,nan,nan
2136.1953984661554,nan,1.1378542232753932,1.1584682551821255,0.03653554920072581,0.09848127866852528,0.44040779167118455,0.44333820008178554,59.38103805732487,nan,nan,nan,nan
2137.210736912304,nan,1.136303551836241,1.1565622914876328,0.03618532432607427,0.09758323053183401,0.44040868619840845,0.4433365245657377,59.341933112691024,nan,nan,nan,nan
2138.226075358453,nan,1.1347575178717486,1.1546640673888189,0.03583826429697006,0.09669285266974462,0.44040957368606515,0.4433348473799167,59.302889494742885,nan,nan,nan,nan
2139.2414138046015,nan,1.1332160899987398,1.152773520589634,0.03549434248187137,0.0958100846521851,0.4404104541499603,0.44333316853237736,59.26390703196914,nan,nan,nan,nan
2140.25675225075,nan,1.1316792368340376,1.1508905887940277,0.03515353245398379,0.09493486647746167,0.4404113276058991,0.4433314880311746,59.22498555285844,nan,nan,nan,nan
2141.272090696899,nan,1.1301469269944653,1.1490152097059503,0.03481580798986998,0.09406713856965443,0.4404121940696872,0.4433298058843633,59.18612488589945,nan,nan,nan,nan
2142.2874291430476,nan,1.1286191290968461,1.1471473210293515,0.03448114306806435,0.09320684177601773,0.44041305355712973,0.44332812209999817,59.14732485958085,nan,nan,nan,nan
2143.3027675891963,nan,1.1270958117580039,1.145286860468182,0.03414951186769923,0.09235391736440288,0.4404139060840323,0.44332643668613403,59.10858530239129,nan,nan,nan,nan
2144.318106035345,nan,1.1255769435947613,1.143433765726391,0.0338208887671353,0.09150830702068335,0.44041475166620025,0.4433247496508257,59.06990604281944,nan,nan,nan,nan
2145.333444481494,nan,1.124062493209792,1.1415879744796804,0.03349524834260141,0.09066995284619676,0.44041559031943533,0.4433230610021244,59.03128690931498,nan,nan,nan,nan
2146.348782927643,nan,1.1225524286718107,1.1397494233377965,0.03317256536684286,0.08983879735520069,0.44041642205939485,0.443321370747942,58.9927277288557,nan,nan,nan,nan
2147.3641213737915,nan,1.1210467175101761,1.137918047833752,0.03285281480777464,0.08901478347233374,0.4404172469015911,0.4433196788960497,58.95422832693268,nan,nan,nan,nan
2148.37945981994,nan,1.1195453280655987,1.136093785120285,0.03253597182714561,0.0881978545300971,0.44041806486175505,0.4433179854544303,58.915788531273456,nan,nan,nan,nan
2149.394798266089,nan,1.1180482305979573,1.1342765761814244,0.032222011779207506,0.08738795426634073,0.44041887595613527,0.44331629043156706,58.877408174895805,nan,nan,nan,nan
2150.4101367122375,nan,1.1165553980363039,1.1324663673297444,0.031910910209393344,0.08658502682176665,0.4404196802017001,0.4433145938366397,58.83908709817504,nan,nan,nan,nan
2151.4254751583862,nan,1.1150668063710496,1.130663110989297,0.03160264285300238,0.08578901673744105,0.4404204776162439,0.44331289567962573,58.80082514992517,nan,nan,nan,nan
2152.440813604535,nan,1.1135824346883356,1.12886676576423,0.031297185633892666,0.08499986895231913,0.4404212682183959,0.4433111959713104,58.76262218749352,nan,nan,nan,nan
2153.4561520506836,nan,1.1121022648465901,1.1270772957930844,0.03099451466318155,0.08421752880078241,0.4404220520275329,0.4433094947232018,58.72447807586927,nan,nan,nan,nan
2154.4714904968323,nan,1.1106262807952683,1.1252946693887784,0.03069460623795329,0.0834419420101875,0.4404228290635961,0.44330779194735337,58.68639268580553,nan,nan,nan,nan
2155.486828942981,nan,1.109154467535776,1.1235188569642707,0.030397436839974094,0.08267305469842637,0.44042359934681,0.4433060876560929,58.648365890955084,nan,nan,nan,nan
2156.5021673891297,nan,1.1076868097603496,1.1217498283153133,0.030102983134414237,0.08191081337149773,0.440424362897316,0.4433043818616676,58.61039756411853,nan,nan,nan,nan
2157.5175058352784,nan,1.1062232914815657,1.1199875518808358,0.029811221968578612,0.08115516492109295,0.4404251197350719,0.44330267457614725,58.572487576222926,nan,nan,nan,nan
2158.532844281427,nan,1.1047638966665356,1.1182319960090055,0.029522130370643045,0.08040605662218957,0.44042586988002363,0.44330096581159006,58.53463579807005,nan,nan,nan,nan
2159.5481827275757,nan,1.1033086092823714,1.1164831290479882,0.02923568554839944,0.07966343613066043,0.44042661335211675,0.44329925558005395,58.496842100461656,nan,nan,nan,nan
2160.5635211737244,nan,1.1018574132961847,1.1147409193459503,0.028951864888006912,0.07892725148089136,0.4404273501712969,0.44329754389359693,58.45910635419953,nan,nan,nan,nan
2161.578859619873,nan,1.100410292675087,1.113005335251059,0.028670645952751327,0.07819745108341325,0.44042808035751,0.44329583076427725,58.42142843008543,nan,nan,nan,nan
2162.5941980660223,nan,1.0989672313861902,1.1112763451114804,0.02839200648181082,0.07747398372254263,0.4404288039307017,0.44329411620415277,58.3838081989211,nan,nan,nan,nan
2163.609536512171,nan,1.0975282133966058,1.1095539172753812,0.028115924389030027,0.07675679855403783,0.4404295209108177,0.44329240022528166,58.346245531508345,nan,nan,nan,nan
2164.6248749583197,nan,1.096093222673446,1.107838020090928,0.02784237776169925,0.07604584510276094,0.4404302313178036,0.4432906828397219,58.3087402986489,nan,nan,nan,nan
2165.6402134044683,nan,1.094662243183822,1.106128621906287,0.02757134485934376,0.07534107326035897,0.4404309351716053,0.44328896405953166,58.27129237114454,nan,nan,nan,nan
2166.655551850617,nan,1.0932352588948453,1.104425691069625,0.02730280411251705,0.0746424332829485,0.4404316324921684,0.44328724389676877,58.233901619797024,nan,nan,nan,nan
2167.6708902967657,nan,1.0918122537736283,1.1027291959291086,0.027036734121603474,0.07394987578881763,0.4404323232994385,0.4432855223634914,58.196567915408124,nan,nan,nan,nan
2168.6862287429144,nan,1.0903932117872817,1.1010391048329042,0.02677311365562666,0.07326335175613628,0.44043300761336146,0.44328379947175756,58.159291128779614,nan,nan,nan,nan
2169.701567189063,nan,1.088978116902918,1.099355386129178,0.0265119216510657,0.07258281252067969,0.440433685453883,0.4432820752336254,58.12207113071322,nan,nan,nan,nan
2170.716905635212,nan,1.0875669530876482,1.0976780081660968,0.026253137210677544,0.07190820977356142,0.44043435684094867,0.44328034966115293,58.08490779201077,nan,nan,nan,nan
2171.7322440813605,nan,1.0861597043085844,1.0960069392918275,0.02599673960232725,0.07123949555897993,0.4404350217945044,0.44327862276639807,58.04780098347397,nan,nan,nan,nan
2172.747582527509,nan,1.0847563545328385,1.0943421478545357,0.025742708257824435,0.07057662227197474,0.44043568033449576,0.44327689456141905,58.01075057590461,nan,nan,nan,nan
2173.762920973658,nan,1.0833568877275217,1.0926836022023885,0.025491022771766403,0.06991954265619305,0.44043633248086855,0.4432751650582738,57.97375644010446,nan,nan,nan,nan
2174.7782594198065,nan,1.081961287859746,1.0910312706835528,0.02524166290038963,0.06926820980167187,0.4404369782535683,0.44327343426902044,57.93681844687528,nan,nan,nan,nan
2175.7935978659552,nan,1.0805695388966226,1.0893851216461943,0.024994608560425853,0.06862257714262508,0.44043761767254097,0.443271702205717,57.899936467018826,nan,nan,nan,nan
2176.808936312104,nan,1.079181624805264,1.08774512343848,0.02474983982796731,0.06798259845524833,0.440438250757732,0.4432699688804215,57.86311037133687,nan,nan,nan,nan
2177.8242747582526,nan,1.0777975295527806,1.0861112444085763,0.024507336937336525,0.06734822785552882,0.44043887752908734,0.443268234305192,57.82634003063119,nan,nan,nan,nan
2178.8396132044013,nan,1.0764172371062857,1.0844834529046499,0.024267080279964614,0.06671941979707105,0.4404394980065527,0.44326649849208666,57.789625315703525,nan,nan,nan,nan
2179.8549516505504,nan,1.0750407314328894,1.082861717274867,0.024029050403275343,0.06609612906893111,0.4404401122100735,0.44326476145316335,57.75296609735565,nan,nan,nan,nan
2180.870290096699,nan,1.0736679964997045,1.081246005867394,0.02379322800957622,0.06547831079346288,0.4404407201595958,0.44326302320048017,57.71636224638934,nan,nan,nan,nan
2181.885628542848,nan,1.0722990162738422,1.0796362870303982,0.023559593954956097,0.06486592042417495,0.440441321875065,0.44326128374609525,57.67981363360636,nan,nan,nan,nan
2182.9009669889965,nan,1.0709337747224146,1.0780325291120454,0.0233281292481896,0.064258913743599,0.4404419173764271,0.4432595431020665,57.64332012980847,nan,nan,nan,nan
2183.916305435145,nan,1.0695722558125327,1.0764347004605024,0.023098815049647597,0.06365724686116754,0.4404425066836276,0.4432578012804521,57.60688160579742,nan,nan,nan,nan
2184.931643881294,nan,1.0682144435113088,1.074842769423936,0.022871632670215462,0.06306087621110613,0.44044308981661234,0.44325605829331005,57.57049793237499,nan,nan,nan,nan
2185.9469823274426,nan,1.066860321785854,1.0732567043505121,0.022646563570216088,0.062469758550331364,0.440443666795327,0.44325431415269834,57.53416898034296,nan,nan,nan,nan
2186.9623207735913,nan,1.0655098746032807,1.0716764735883977,0.022423589358341437,0.06188385095636535,0.4404442376397172,0.4432525688706751,57.49789462050307,nan,nan,nan,nan
2187.97765921974,nan,1.0641630859306999,1.0701020454857588,0.02220269179058895,0.06130311082525652,0.4404448023697287,0.44325082245929837,57.4616747236571,nan,nan,nan,nan
2188.9929976658887,nan,1.0628199397352236,1.0685333883907626,0.02198385276920511,0.0607274958695133,0.4404453610053073,0.4432490749306263,57.42550916060681,nan,nan,nan,nan
2190.0083361120373,nan,1.0614804199839636,1.0669704706515755,0.02176705434163535,0.06015696411604816,0.4404459135663986,0.44324732629671676,57.389397802153965,nan,nan,nan,nan
2191.023674558186,nan,1.060144510644031,1.0654132606163633,0.021552278699480523,0.059591473904132775,0.44044646007294824,0.44324557656962776,57.35334051910032,nan,nan,nan,nan
2192.0390130043347,nan,1.0588121956825383,1.0638617266332935,0.021339508177459342,0.05903098388336306,0.44044700054490216,0.4432438257614175,57.31733718224766,nan,nan,nan,nan
2193.0543514504834,nan,1.0574834590665967,1.062315837050532,0.021128725252377644,0.05847545301163585,0.4404475350022059,0.4432420738841441,57.281387662397734,nan,nan,nan,nan
2194.069689896632,nan,1.0561582847633175,1.0607755602162454,0.020919912542103625,0.057924840553135605,0.44044806346480514,0.4432403209498654,57.24549183035231,nan,nan,nan,nan
2195.085028342781,nan,1.054836656739813,1.0592408644786002,0.02071305280454919,0.05737910607633097,0.44044858595264574,0.4432385669706396,57.209649556913156,nan,nan,nan,nan
2196.1003667889295,nan,1.0535185589631948,1.057711718185763,0.020508128936658435,0.05683820945198448,0.4404491024856735,0.44323681195852466,57.17386071288203,nan,nan,nan,nan
2197.1157052350786,nan,1.0522039754005745,1.0561880896859004,0.020305123973401153,0.05630211085116938,0.4404496130838338,0.44323505592557866,57.13812516906071,nan,nan,nan,nan
2198.1310436812273,nan,1.0508928900190637,1.0546699473271788,0.020104021086773626,0.05577077074330007,0.44045011776707255,0.44323329888385965,57.10244279625096,nan,nan,nan,nan
2199.146382127376,nan,1.0495852867857738,1.0531572594577647,0.019904803584804613,0.05524414989417015,0.44045061655533535,0.4432315408454256,57.066813465254526,nan,nan,nan,nan
2200.1617205735247,nan,1.048281149667817,1.0516499944258249,0.019707454910568457,0.054722209364003634,0.440451109468568,0.44322978182233475,57.0312370468732,nan,nan,nan,nan
2201.1770590196734,nan,1.046980462632305,1.0501481205795256,0.01951195864120362,0.05420491050551489,0.4404515965267163,0.443228021826645,56.995713411908724,nan,nan,nan,nan
2202.192397465822,nan,1.045683209646349,1.0486516062670335,0.019318298486937214,0.05369221496197831,0.4404520777497257,0.4432262608704144,56.96024243116288,nan,nan,nan,nan
2203.2077359119708,nan,1.0443893746770612,1.0471604198365152,0.0191264582901165,0.05318408466531115,0.4404525531575422,0.44322449896570104,56.92482397543743,nan,nan,nan,nan
2204.2230743581194,nan,1.0430989416915528,1.0456745296361367,0.018936422024245357,0.052680481834163524,0.44045302277011134,0.4432227361245631,56.88945791553413,nan,nan,nan,nan
2205.238412804268,nan,1.0418118946569357,1.0441939040140653,0.01874817379302719,0.05218136897202,0.4404534866073788,0.44322097235905833,56.85414412225475,nan,nan,nan,nan
2206.253751250417,nan,1.0405282175403217,1.042718511318467,0.0185616978294141,0.051686708865312146,0.44045394468929044,0.443219207681245,56.81888246640105,nan,nan,nan,nan
2207.2690896965655,nan,1.0392478943088221,1.0412483198975084,0.018376978494661543,0.051196464581540035,0.44045439703579187,0.44321744210318115,56.783672818774804,nan,nan,nan,nan
2208.284428142714,nan,1.037970908929549,1.0397832980993562,0.01819400027738917,0.050710599467404624,0.44045484366682874,0.44321567563692466,56.74851505017777,nan,nan,nan,nan
2209.299766588863,nan,1.0366972453696137,1.0383234142721767,0.018012747792647176,0.05022907714694916,0.44045528460234695,0.4432139082945339,56.71340903141173,nan,nan,nan,nan
2210.3151050350116,nan,1.0354268875961283,1.0368686367641364,0.017833205780989347,0.04975186151971316,0.44045571986229215,0.44321214008806653,56.678354633278424,nan,nan,nan,nan
2211.3304434811603,nan,1.0341598195762038,1.0354189339234021,0.017655359107551047,0.04927891675889362,0.4404561494666098,0.44321037102958083,56.643351726579624,nan,nan,nan,nan
2212.345781927309,nan,1.0328960252769526,1.03397427409814,0.017479192761133397,0.04881020730951778,0.4404565734352459,0.44320860113113486,56.6084001821171,nan,nan,nan,nan
2213.361120373458,nan,1.031635488665486,1.0325346256365164,0.017304691853293048,0.04834569788662498,0.44045699178814607,0.4432068304047866,56.57349987069262,nan,nan,nan,nan
2214.376458819607,nan,1.0303781937089158,1.031099956886699,0.01713184161743845,0.04788535347346058,0.44045740454525606,0.443205058862594,56.538650663107944,nan,nan,nan,nan
2215.3917972657555,nan,1.0291241243743536,1.0296702361968528,0.01696062740793048,0.047429139319676294,0.4404578117265215,0.44320328651661534,56.50385243016484,nan,nan,nan,nan
2216.407135711904,nan,1.0278732646289113,1.0282454319151453,0.01679103469919019,0.046977020939544006,0.44045821335188806,0.44320151337890856,56.46910504266506,nan,nan,nan,nan
2217.422474158053,nan,1.0266255984397004,1.026825512389743,0.016623049084811083,0.046528964110176464,0.44045860944130155,0.4431997394615317,56.4344083714104,nan,nan,nan,nan
2218.4378126042016,nan,1.0253811097738326,1.025410445968812,0.016456656276677997,0.04608493486976043,0.4404590000147077,0.44319796477654283,56.399762287202606,nan,nan,nan,nan
2219.4531510503502,nan,1.0241397825984195,1.024000201000519,0.0162918421040905,0.04564489951579649,0.4404593850920523,0.4431961893359999,56.36516666084343,nan,nan,nan,nan
2220.468489496499,nan,1.0229016008805727,1.0225947458330307,0.01612859251289319,0.04520882460335234,0.4404597646932807,0.44319441315196106,56.330621363134654,nan,nan,nan,nan
2221.4838279426476,nan,1.0216665485874041,1.0211940488145133,0.015966893564610403,0.044776676943322526,0.440460138838339,0.44319263623648436,56.29612626487804,nan,nan,nan,nan
2222.4991663887963,nan,1.0204346096860257,1.0197980782931333,0.015806731435587158,0.04434842360069988,0.4404605075471727,0.4431908586016279,56.26168123687535,nan,nan,nan,nan
2223.514504834945,nan,1.0192057681435482,1.0184068026170576,0.01564809241613501,0.043924031892854806,0.4404608708397276,0.4431890802594496,56.22728614992835,nan,nan,nan,nan
2224.5298432810937,nan,1.0179800079270842,1.0170201901344524,0.015490962909684219,0.043503469387826656,0.4404612287359494,0.44318730122200745,56.19294087483881,nan,nan,nan,nan
2225.5451817272424,nan,1.016757313003745,1.0156382091934846,0.015335329431940355,0.043086703902621745,0.4404615812557837,0.4431855215013598,56.158645282408486,nan,nan,nan,nan
2226.560520173391,nan,1.0155376673406422,1.0142608281423202,0.015181178610047311,0.042673703501523594,0.4404619284191763,0.4431837411095645,56.12439924343916,nan,nan,nan,nan
2227.5758586195398,nan,1.0143210549048876,1.0128880153291258,0.01502849718175499,0.04226443649441083,0.44046227024607304,0.4431819600586795,56.09020262873257,nan,nan,nan,nan
2228.5911970656884,nan,1.0131074596635927,1.0115197391020683,0.014877271994592633,0.041858871435085064,0.44046260675641935,0.4431801783607629,56.056055309090496,nan,nan,nan,nan
2229.606535511837,nan,1.0118968655838696,1.0101559678093137,0.014727490005047524,0.04145697711960853,0.4404629379701612,0.4431783960278729,56.021957155314695,nan,nan,nan,nan
2230.6218739579863,nan,1.0106892566328294,1.0087966697990294,0.014579138277748817,0.04105872258465037,0.4404632639072441,0.4431766130720675,55.98790803820695,nan,nan,nan,nan
2231.637212404135,nan,1.0094846167775842,1.0074418134193805,0.014432203984657383,0.040664077105844375,0.4404635845876138,0.44317482950540477,55.95390782856903,nan,nan,nan,nan
2232.6525508502837,nan,1.0082829299852456,1.006091367018535,0.014286674404259282,0.04027301019615156,0.44046390003121627,0.4431730453399425,55.91995639720267,nan,nan,nan,nan
2233.6678892964323,nan,1.0070841802229251,1.0047452989446586,0.014142536920766538,0.039885491604237634,0.4404642102579968,0.44317126058773915,55.88605361490965,nan,nan,nan,nan
2234.683227742581,nan,1.0058883514577348,1.0034035775459182,0.013999779023321477,0.0395014913128552,0.4404645152879014,0.4431694752608525,55.852199352491745,nan,nan,nan,nan
2235.6985661887297,nan,1.004695427656786,1.0020661711704801,0.013858388305207027,0.0391209795372374,0.44046481514087577,0.44316768937134066,55.81839348075071,nan,nan,nan,nan
2236.7139046348784,nan,1.0035053927871909,1.0007330481665109,0.013718352463062255,0.03874392672350082,0.4404651098368654,0.44316590293126157,55.7846358704883,nan,nan,nan,nan
2237.729243081027,nan,1.00231823081606,0.9994041768821771,0.013579659296102465,0.03837030354705602,0.44046539939581614,0.44316411595267347,55.75092639250631,nan,nan,nan,nan
2238.744581527176,nan,1.001133925710506,0.9980795256656451,0.013442296705344805,0.03800008091102828,0.4404656838376737,0.44316232844763426,55.71726491760647,nan,nan,nan,nan
2239.7599199733245,nan,0.9999524614376403,0.9967590628650815,0.013306252692839148,0.03763322994468802,0.4404659631823839,0.44316054042820213,55.68365131659058,nan,nan,nan,nan
2240.775258419473,nan,0.9987738219645749,0.9954427568286529,0.013171515360903325,0.03726972200188815,0.4404662374498922,0.44315875190643494,55.65008546026037,nan,nan,nan,nan
2241.790596865622,nan,0.9975979912584209,0.9941305759045258,0.01303807291136415,0.036909528659512726,0.44046650666014453,0.443156962894391,55.616567219417625,nan,nan,nan,nan
2242.8059353117706,nan,0.9964249532862903,0.9928224884408667,0.012905913644802995,0.03655262171593314,0.4404667708330865,0.44315517340412813,55.58309646486411,nan,nan,nan,nan
2243.8212737579192,nan,0.9952546920152947,0.991518462785842,0.012775025959806285,0.03619897318947325,0.4404670299886638,0.4431533834477045,55.549673067401585,nan,nan,nan,nan
2244.836612204068,nan,0.9940871914125458,0.9902184672876184,0.012645398352221459,0.03584855531688469,0.44046728414682224,0.4431515930371781,55.51629689783183,nan,nan,nan,nan
2245.8519506502166,nan,0.9929224353673125,0.9889224701228692,0.012517019414417208,0.03550134055182934,0.4404675333274868,0.4431498021846355,55.48296782658804,nan,nan,nan,nan
2246.8672890963653,nan,0.9917604073856149,0.9876304386239403,0.012389877834548766,0.035157301563371025,0.44046777755048055,0.4431480109023036,55.449685722288976,nan,nan,nan,nan
2247.8826275425145,nan,0.9906010910394505,0.9863423402685321,0.012263962395828693,0.034816411234477616,0.44046801683564435,0.4431462192023855,55.41645045386579,nan,nan,nan,nan
2248.897965988663,nan,0.9894444705746139,0.9850581440187698,0.012139261975801533,0.03447864266052933,0.4404682512029978,0.44314442709683677,55.38326189343964,nan,nan,nan,nan
2249.913304434812,nan,0.9882905313491015,0.9837778212870465,0.012015765545624063,0.03414396914783783,0.4404684806728565,0.44314263459720615,55.350119918397326,nan,nan,nan,nan
2250.9286428809605,nan,0.9871392601019491,0.9825013465282885,0.011893462169349762,0.03381236421217235,0.44046870526590254,0.44314084171453605,55.31702441266412,nan,nan,nan,nan
2251.943981327109,nan,0.9859906450524957,0.9812286974586436,0.011772341003218573,0.03348380157729592,0.4404689250032119,0.4431390484593267,55.28397526717366,nan,nan,nan,nan
2252.959319773258,nan,0.9848446758300765,0.9799598549005895,0.01165239129495103,0.03315825517350921,0.44046913990623526,0.4431372548415619,55.25097237953514,nan,nan,nan,nan
2253.9746582194066,nan,0.9837013432341458,0.9786948022544651,0.011533602383047268,0.032835699136203364,0.44046934999673387,0.44313546087079636,55.21801565289759,nan,nan,nan,nan
2254.9899966655553,nan,0.9825606388248281,0.9774335245964236,0.011415963696090697,0.0325161078044212,0.44046955529667153,0.4431336665563066,55.18510499401138,nan,nan,nan,nan
2256.005335111704,nan,0.9814225543438976,0.9761760074028066,0.01129946475205617,0.03219945571942654,0.4404697558280603,0.44313187190730224,55.15224031048689,nan,nan,nan,nan
2257.0206735578527,nan,0.9802870811629558,0.9749222353344376,0.011184095157623357,0.031885717623283495,0.44046995161281366,0.44313007693312867,55.11942150818196,nan,nan,nan,nan
2258.0360120040013,nan,0.97915421052378,0.9736721927661267,0.011069844607493797,0.03157486845744157,0.4404701426728106,0.44312828164317875,55.086648492339755,nan,nan,nan,nan
2259.05135045015,nan,0.9780239336680844,0.9724258640725446,0.01095670288371348,0.03126688336133169,0.44047032902993033,0.44312648604684546,55.05392116820316,nan,nan,nan,nan
2260.0666888962987,nan,0.9768962418375828,0.9711832336283621,0.01084465985499942,0.03096173767096921,0.4404705107060519,0.4431246901535218,55.021239441015055,nan,nan,nan,nan
2261.0820273424474,nan,0.9757711262739888,0.9699442858082501,0.010733705476070983,0.030659406917565427,0.4404706877230543,0.44312289397260063,54.98860321601834,nan,nan,nan,nan
2262.097365788596,nan,0.974648578219017,0.968709004986879,0.010623829786985747,0.030359866826147816,0.44047086010281666,0.44312109751347506,54.95601239845587,nan,nan,nan,nan
2263.112704234745,nan,0.9735285889143805,0.9674773755389195,0.0105150229124797,0.030063093314187786,0.44047102786721787,0.44311930078553774,54.923466893570534,nan,nan,nan,nan
2264.1280426808935,nan,0.9724111496017941,0.9662493818390426,0.010407275061312067,0.029769062490237204,0.44047119103813726,0.4431175037981819,54.890966606605225,nan,nan,nan,nan
2265.1433811270426,nan,0.9712962515229713,0.965025008261919,0.010300576525614488,0.029477750652572868,0.4404713496374536,0.44311570656080024,54.85851144280282,nan,nan,nan,nan
2266.1587195731913,nan,0.970183885919626,0.9638042391822194,0.010194917680244843,0.02918913428784955,0.4404715036870462,0.4431139090827858,54.8261013074062,nan,nan,nan,nan
2267.17405801934,nan,0.9690740440334725,0.9625870589746144,0.010090288982144867,0.02890319006975975,0.440471653208794,0.4431121113735316,54.793736105658226,nan,nan,nan,nan
2268.1893964654887,nan,0.9679667171062244,0.961373452013775,0.009986680969703152,0.028619894857704047,0.440471798224576,0.4431103134424306,54.7614157428018,nan,nan,nan,nan
2269.2047349116374,nan,0.9668618963795957,0.9601634026743717,0.009884084262121288,0.02833922569546625,0.44047193875627144,0.4431085152988756,54.72914012407983,nan,nan,nan,nan
2270.220073357786,nan,0.9657595730953008,0.9589568953310754,0.009782489558785287,0.028061159809899268,0.44047207482575923,0.44310671695225956,54.696909154735145,nan,nan,nan,nan
2271.2354118039348,nan,0.9646597384950529,0.9577539143585565,0.00968188763864093,0.02778567460961773,0.44047220645491847,0.44310491841197547,54.664722740010646,nan,nan,nan,nan
2272.2507502500835,nan,0.9635623838205665,0.9565544441314864,0.009582269359573306,0.027512747683698383,0.4404723336656282,0.4431031196874163,54.63258078514923,nan,nan,nan,nan
2273.266088696232,nan,0.9624675003135552,0.9553584690245349,0.00948362565779089,0.02724235680038921,0.4404724564797675,0.44310132078797493,54.600483195393764,nan,nan,nan,nan
2274.281427142381,nan,0.9613750792157333,0.9541659734123734,0.009385947547213462,0.026974479905825216,0.4404725749192155,0.4430995217230444,54.56842987598712,nan,nan,nan,nan
2275.2967655885295,nan,0.9602851117688145,0.9529769416696725,0.009289226118864591,0.02670909512275311,0.44047268900585107,0.4430977225020175,54.53642073217219,nan,nan,nan,nan
2276.312104034678,nan,0.9591975892145126,0.9517913581711028,0.00919345254026822,0.026446180749263498,0.44047279876155354,0.44309592313428736,54.50445566919187,nan,nan,nan,nan
2277.327442480827,nan,0.9581125027945421,0.9506092072913354,0.009098618054849069,0.026185715257529912,0.44047290420820173,0.44309412362924677,54.472534592289016,nan,nan,nan,nan
2278.3427809269756,nan,0.9570298437506164,0.9494304734050406,0.009004713981337776,0.025927677292557197,0.4404730053676748,0.4430923239962887,54.440657406706535,nan,nan,nan,nan
2279.3581193731243,nan,0.9559496033244494,0.9482551408868891,0.008911731713179636,0.025672045670936124,0.4404731022618518,0.44309052424480616,54.40882401768727,nan,nan,nan,nan
2280.373457819273,nan,0.9548717727577555,0.9470831941115518,0.008819662717947646,0.025418799379606317,0.44047319491261183,0.44308872438419195,54.377034330474146,nan,nan,nan,nan
2281.3887962654217,nan,0.9537963432922483,0.9459146174536995,0.008728498536759551,0.025167917574626532,0.4404732833418339,0.4430869244238392,54.34528825031001,nan,nan,nan,nan
2282.404134711571,nan,0.9527233061696417,0.9447493952880028,0.008638230783699087,0.024919379579952966,0.44047336757139705,0.4430851243731407,54.31358568243776,nan,nan,nan,nan
2283.4194731577195,nan,0.95165265263165,0.9435875119891326,0.00854885114524104,0.024673164886224556,0.4404734476231803,0.44308332424148944,54.281926532100286,nan,nan,nan,nan
2284.434811603868,nan,0.9505843739199868,0.9424289519317595,0.008460351379680308,0.02442925314955575,0.4404735235190629,0.44308152403827844,54.25031070454045,nan,nan,nan,nan
2285.450150050017,nan,0.9495184612763665,0.9412736994905542,0.008372723316565191,0.02418762419033749,0.4404735952809237,0.44307972377290056,54.21873810500115,nan,nan,nan,nan
2286.4654884961656,nan,0.9484549059425027,0.9401217390401877,0.008285958856134375,0.02394825799204487,0.44047366293064194,0.4430779234547488,54.18720863872525,nan,nan,nan,nan
2287.4808269423143,nan,0.9473936991601095,0.9389730549553307,0.008200049968757783,0.023711134700052084,0.44047372649009653,0.44307612309321603,54.15572221095566,nan,nan,nan,nan
2288.496165388463,nan,0.9463348321709005,0.9378276316106535,0.008114988694381759,0.023476234620455838,0.4404737859811666,0.44307432269769526,54.12427872693523,nan,nan,nan,nan
2289.5115038346116,nan,0.94527829621659,0.936685453380827,0.008030767141977571,0.023243538218904604,0.4404738414257312,0.4430725222775793,54.092878091906854,nan,nan,nan,nan
2290.5268422807603,nan,0.9442240825388918,0.935546504640522,0.00794737748899432,0.0230130261194366,0.4404738928456694,0.44307072184226126,54.06152021111342,nan,nan,nan,nan
2291.542180726909,nan,0.9431721823795198,0.9344107697644094,0.007864811980815189,0.022784679103323716,0.44047394026286024,0.44306892140113396,54.03020498979778,nan,nan,nan,nan
2292.5575191730577,nan,0.9421225869801879,0.9332782331271597,0.007783062930217863,0.022558478107923562,0.4404739836991828,0.4430671209635904,53.99893233320286,nan,nan,nan,nan
2293.5728576192064,nan,0.9410752875826105,0.9321488791034438,0.007702122716838567,0.022334404225538368,0.44047402317651607,0.4430653205390235,53.96770214657151,nan,nan,nan,nan
2294.588196065355,nan,0.940030275428501,0.9310226920679323,0.007621983786640087,0.02211243870228138,0.44047405871673917,0.44306352013682626,53.936514335146626,nan,nan,nan,nan
2295.6035345115038,nan,0.9389875417595737,0.9298996563952961,0.007542638651383094,0.021892562936949397,0.44047409034173124,0.4430617197663916,53.905368804171076,nan,nan,nan,nan
2296.6188729576525,nan,0.9379470778175423,0.9287797564602056,0.007464079888101864,0.021674758479904088,0.4404741180733712,0.4430599194371123,53.87426545888775,nan,nan,nan,nan
2297.634211403801,nan,0.9369088748441208,0.9276629766373317,0.007386300138583014,0.02145900703195843,0.4404741419335383,0.44305811915838156,53.84320420453953,nan,nan,nan,nan
2298.64954984995,nan,0.9358729240810231,0.9265493013013453,0.0073092921088483715,0.021245290443271538,0.4404741619441113,0.44305631893959224,53.8121849463693,nan,nan,nan,nan
2299.664888296099,nan,0.9348392167699633,0.9254387148269168,0.007233048568641457,0.02103359071225022,0.44047417812696943,0.44305451879013713,53.781207589619925,nan,nan,nan,nan
2300.6802267422477,nan,0.9338077441526553,0.9243312015887172,0.007157562350917403,0.020823889984456976,0.4404741905039918,0.44305271871940943,53.75027203953431,nan,nan,nan,nan
2301.6955651883964,nan,0.9327784974708131,0.9232267459614172,0.007082826351336715,0.02061617055152546,0.44047419909705743,0.4430509187368018,53.719378201355326,nan,nan,nan,nan
2302.710903634545,nan,0.9317514679661505,0.9221253323196874,0.007008833527762463,0.020410414850082485,0.44047420392804537,0.4430491188517074,53.68852598032584,nan,nan,nan,nan
2303.7262420806937,nan,0.9307266468803816,0.9210269450381987,0.00693557689976116,0.020206605460677016,0.4404742050188346,0.443047319073519,53.65771528168875,nan,nan,nan,nan
2304.7415805268424,nan,0.9297040254552202,0.9199315684916219,0.006863049548107232,0.02000472510671624,0.44047420239130425,0.44304551941162984,53.62694601068695,nan,nan,nan,nan
2305.756918972991,nan,0.9286835949323806,0.9188391870546275,0.006791244614290778,0.019804756653407557,0.4404741960673334,0.44304371987543245,53.596218072563296,nan,nan,nan,nan
2306.77225741914,nan,0.9276653465535761,0.9177497851018863,0.006720155300029309,0.019606683106708832,0.4404741860688012,0.4430419204743201,53.56553137256067,nan,nan,nan,nan
2307.7875958652885,nan,0.9266492715605211,0.9166633470080692,0.006649774866782456,0.01941048761228367,0.4404741724175865,0.44304012121768555,53.53488581592198,nan,nan,nan,nan
2308.802934311437,nan,0.9256353611949295,0.9155798571478465,0.0065800966352704705,0.01921615345446444,0.4404741551355684,0.4430383221149218,53.50428130789008,nan,nan,nan,nan
2309.818272757586,nan,0.9246236066985154,0.9144992998958894,0.006511113984996132,0.019023664055221746,0.4404741342446261,0.44303652317542197,53.47371775370786,nan,nan,nan,nan
2310.8336112037346,nan,0.9236139993129923,0.9134216596268683,0.0064428203537700394,0.01883300297314038,0.4404741097666386,0.4430347244085786,53.4431950586182,nan,nan,nan,nan
2311.8489496498833,nan,0.9226065302800743,0.9123469207154541,0.006375209237239289,0.018644153902401817,0.44047408172348496,0.44303292582378495,53.412713127863995,nan,nan,nan,nan
2312.864288096032,nan,0.9216011908414756,0.9112750675363177,0.006308274188419723,0.01845710067177375,0.4404740501370442,0.44303112743043394,53.38227186668811,nan,nan,nan,nan
2313.8796265421806,nan,0.9205979722389097,0.9102060844641293,0.0062420088172312335,0.018271827243605255,0.44047401502919536,0.4430293292379184,53.35187118033342,nan,nan,nan,nan
2314.8949649883293,nan,0.9195968657140912,0.9091399558735602,0.006176406790036653,0.018088317712829132,0.4404739764218176,0.4430275312556312,53.32151097404282,nan,nan,nan,nan
2315.910303434478,nan,0.9185978625087332,0.9080766661392806,0.006111461829184037,0.01790655630597086,0.44047393433678994,0.4430257334929656,53.2911911530592,nan,nan,nan,nan
2316.925641880627,nan,0.9176009538645504,0.9070161996359616,0.00604716771255195,0.017726527380163067,0.44047388879599136,0.4430239359593142,53.26091162262542,nan,nan,nan,nan
2317.940980326776,nan,0.9166061310232564,0.905958540738274,0.00598351827309842,0.017548215422167557,0.440473839821301,0.44302213866407014,53.230672287984376,nan,nan,nan,nan
2318.9563187729245,nan,0.9156133852265652,0.9049036738208882,0.0059205073984127665,0.017371605047402445,0.440473787434598,0.44302034161662623,53.20047305437893,nan,nan,nan,nan
2319.971657219073,nan,0.9146227077161909,0.9038515832584753,0.005858129030271121,0.01719668099897703,0.4404737316577612,0.4430185448263756,53.170313827052,nan,nan,nan,nan
2320.986995665222,nan,0.9136340897338472,0.9028022534257059,0.005796377164194648,0.017023428146731273,0.4404736725126698,0.443016748302711,53.140194511246435,nan,nan,nan,nan
2322.0023341113706,nan,0.9126475225212483,0.9017556686972505,0.00573524584901158,0.01685183148628341,0.44047361002120283,0.44301495205502545,53.11011501220514,nan,nan,nan,nan
2323.0176725575193,nan,0.9116629973201078,0.9007118134477803,0.005674729186421895,0.016681876138082134,0.44047354420523943,0.44301315609271197,53.08007523517097,nan,nan,nan,nan
2324.033011003668,nan,0.9106805053721398,0.8996706720519654,0.005614821330565501,0.016513547346465953,0.4404734750866585,0.4430113604251633,53.05007508538683,nan,nan,nan,nan
2325.0483494498167,nan,0.9097000379190585,0.898632228884477,0.005555516487593557,0.016346830478728726,0.44047340268733925,0.4430095650617727,53.020114468095585,nan,nan,nan,nan
2326.0636878959654,nan,0.9087215862025773,0.8975964683199857,0.005496808915242663,0.01618171102419045,0.44047332702916064,0.4430077700119327,52.99019328854013,nan,nan,nan,nan
2327.079026342114,nan,0.9077451414644108,0.8965633747331622,0.0054386929224124175,0.016018174593275033,0.44047324813400174,0.44300597528503666,52.96031145196332,nan,nan,nan,nan
2328.0943647882627,nan,0.9067706949462725,0.8955329324986774,0.005381162868746103,0.01585620691659411,0.44047316602374165,0.44300418089047716,52.93046886360807,nan,nan,nan,nan
2329.1097032344114,nan,0.9057982378898763,0.8945051259912018,0.005324213164214182,0.015695793844036188,0.4404730807202595,0.44300238683764737,52.90066542871725,nan,nan,nan,nan
2330.12504168056,nan,0.9048277615369364,0.8934799395854063,0.0052678382687010574,0.015536921343862387,0.4404729922454342,0.4430005931359402,52.870901052533725,nan,nan,nan,nan
2331.140380126709,nan,0.9038592571291667,0.8924573576559613,0.005212032691594916,0.01537957550180831,0.44047290062114486,0.44299879979474854,52.84117564030039,nan,nan,nan,nan
2332.1557185728575,nan,0.9028927159082811,0.8914373645775377,0.005156790991380305,0.015223742520190984,0.4404728058692705,0.44299700682346543,52.81148909726012,nan,nan,nan,nan
2333.171057019006,nan,0.9019281291159933,0.8904199447248067,0.005102107775234098,0.015069408717022925,0.44047270801169036,0.44299521423148364,52.78184132865582,nan,nan,nan,nan
2334.1863954651553,nan,0.9009654879940177,0.8894050824724383,0.005047977698624035,0.01491656052513078,0.44047260707028335,0.4429934220281962,52.75223223973035,nan,nan,nan,nan
2335.201733911304,nan,0.9000047837840679,0.8883927621951038,0.004994395464910639,0.014765184491281164,0.44047250306692853,0.44299163022299615,52.72266173572658,nan,nan,nan,nan
2336.2170723574527,nan,0.8990460077278581,0.8873829682674736,0.0049413558249517394,0.014615267275311225,0.440472396023505,0.4429898388252762,52.693129721887416,nan,nan,nan,nan
2337.2324108036014,nan,0.8980891510671021,0.8863756850642186,0.00488885357670999,0.014466795649265264,0.4404722859618918,0.4429880478444295,52.66363610345573,nan,nan,nan,nan
2338.24774924975,nan,0.8971342050435138,0.8853708969600096,0.0048368835648635086,0.014319756496537718,0.440472172903968,0.442986257289849,52.6341807856744,nan,nan,nan,nan
2339.263087695899,nan,0.8961811608988075,0.8843685883295171,0.0047854406804190616,0.014174136811020874,0.4404720568716127,0.4429844671709275,52.60476367378632,nan,nan,nan,nan
2340.2784261420475,nan,0.8952300098746966,0.883368743547412,0.004734519860328516,0.014029923696259399,0.4404719378867049,0.442982677497058,52.57538467303435,nan,nan,nan,nan
2341.293764588196,nan,0.8942807432128954,0.882371346988365,0.004684116087107764,0.013887104364609507,0.4404718159711236,0.44298088827763354,52.54604368866139,nan,nan,nan,nan
2342.309103034345,nan,0.8933333521551179,0.8813763830270467,0.0046342243884586725,0.013745666136404242,0.44047169114674806,0.44297909952204695,52.516740625910316,nan,nan,nan,nan
2343.3244414804935,nan,0.8923878279430775,0.8803838360381279,0.0045848398368939095,0.013605596439124594,0.440471563435457,0.4429773112396911,52.487475390024,nan,nan,nan,nan
2344.339779926642,nan,0.8914441618184888,0.8793936903962792,0.004535957549364351,0.01346688280657553,0.44047143285912993,0.44297552343995905,52.45824788624533,nan,nan,nan,nan
2345.355118372791,nan,0.8905023450193966,0.878405930467995,0.004487572686889555,0.013329512878068396,0.44047129943965474,0.44297373613225044,52.42905801979039,nan,nan,nan,nan
2346.3704568189396,nan,0.8895623686613321,0.8774205403467374,0.004439680454190683,0.013193474397607955,0.44047116319922575,0.44297194932618994,52.399905694979694,nan,nan,nan,nan
2347.3857952650883,nan,0.8886242237451307,0.8764375038703571,0.004392276099326513,0.013058755213085872,0.44047102416032347,0.4429701630316125,52.370790815295464,nan,nan,nan,nan
2348.401133711237,nan,0.887687901457974,0.8754568052919953,0.004345354913331754,0.012925343275478446,0.44047088234496334,0.4429683772580113,52.34171328558199,nan,nan,nan,nan
2349.4164721573857,nan,0.8867533934178249,0.8744784298248263,0.004298912229858554,0.012793226638051151,0.44047073777408463,0.44296659201408867,52.31267301383228,nan,nan,nan,nan
2350.4318106035344,nan,0.8858206918383618,0.8735023640096289,0.004252943424820245,0.012662393455567265,0.4404705904671391,0.44296480730745313,52.283669912393776,nan,nan,nan,nan
2351.4471490496835,nan,0.884889789614417,0.8725285959051929,0.004207443916038184,0.012532831983503084,0.44047044044187705,0.4429630231444631,52.25470389859272,nan,nan,nan,nan
2352.462487495832,nan,0.8839606803279156,0.8715571151015553,0.004162409162890861,0.01240453057726732,0.44047028771433305,0.4429612395302155,52.22577489477764,nan,nan,nan,nan
2353.477825941981,nan,0.8830333581743178,0.8705879125560684,0.0041178346659659654,0.012277477691426735,0.4404701322990094,0.44295945646868107,52.19688282778165,nan,nan,nan,nan
2354.4931643881296,nan,0.8821078178095616,0.8696209802523007,0.004073715966714814,0.012151661878936317,0.44046997420925826,0.44295767396298535,52.16802762780374,nan,nan,nan,nan
2355.5085028342783,nan,0.8811840541175086,0.8686563106817682,0.004030048647109634,0.01202707179037536,0.4404698134578625,0.4429558920158354,52.13920922670883,nan,nan,nan,nan
2356.523841280427,nan,0.8802620619071659,0.8676938961691678,0.003986828329303284,0.011903696173188406,0.44046965005779215,0.44295411063007556,52.11042755581475,nan,nan,nan,nan
2357.5391797265756,nan,0.8793418358397661,0.8667337287098663,0.003944050675291481,0.01178152387093111,0.4404694840223862,0.44295232980882143,52.08168254535916,nan,nan,nan,nan
2358.5545181727243,nan,0.8784233705674864,0.8657758002790519,0.003901711386577887,0.011660543822522169,0.44046931536500616,0.44295054955520563,52.052974125513515,nan,nan,nan,nan
2359.569856618873,nan,0.877506660742505,0.864820102851913,0.003859806203841342,0.011540745061499246,0.4404691440990137,0.4429487698723603,52.02430222644932,nan,nan,nan,nan
2360.5851950650217,nan,0.8765917010169998,0.8638666284036376,0.0038183309066058893,0.011422116715280798,0.44046897023777043,0.44294699076341804,51.995666778338034,nan,nan,nan,nan
2361.6005335111704,nan,0.8756784860431479,0.8629153689094142,0.003777281312913229,0.011304648004432705,0.44046879379463777,0.4429452122315108,51.967067711351135,nan,nan,nan,nan
2362.615871957319,nan,0.8747670104731275,0.8619663163444309,0.0037366532789977172,0.011188328241940125,0.44046861478297755,0.44294343427977123,51.93850495566009,nan,nan,nan,nan
2363.631210403468,nan,0.8738572689591164,0.8610194626838761,0.0036964426989636394,0.011073146832483801,0.44046843321615126,0.44294165691133147,51.909978441436394,nan,nan,nan,nan
2364.6465488496165,nan,0.8729492561532922,0.8600747999029377,0.003656645504465285,0.010959093271722342,0.4404682491075204,0.44293988012932395,51.881488098851506,nan,nan,nan,nan
2365.661887295765,nan,0.8720429667078324,0.8591323199768043,0.003617257664389068,0.010846157145578305,0.4404680624704467,0.4429381039368811,51.85303385807691,nan,nan,nan,nan
2366.677225741914,nan,0.8711383952749152,0.8581920148806639,0.003578275184538465,0.010734328129530363,0.4404678733182917,0.4429363283371351,51.824615649284084,nan,nan,nan,nan
2367.6925641880625,nan,0.8702355365067179,0.857253876589705,0.0035396941073210313,0.010623595987909415,0.44046768166441697,0.4429345533332184,51.79623340264449,nan,nan,nan,nan
2368.7079026342117,nan,0.8693343850554187,0.8563178970791157,0.003501510511437979,0.010513950573200056,0.4404674875221842,0.4429327789282632,51.76788704832961,nan,nan,nan,nan
2369.7232410803604,nan,0.8684349355731951,0.8553840683240843,0.0034637205115762414,0.010405381825347193,0.44046729090495484,0.44293100512540207,51.73957651651092,nan,nan,nan,nan
2370.738579526509,nan,0.8675371827122247,0.8544523822997991,0.0034263202581025594,0.010297879771066533,0.4404670918260907,0.4429292319277672,51.71130173735991,nan,nan,nan,nan
2371.7539179726577,nan,0.8666411211246854,0.8535228309814482,0.0033893059367602696,0.010191434523160878,0.44046689029895303,0.44292745933849087,51.68306264104803,nan,nan,nan,nan
2372.7692564188064,nan,0.8657467454627554,0.85259540634422,0.0033526737683682016,0.01008603627984051,0.44046668633690383,0.4429256873607055,51.65485915774678,nan,nan,nan,nan
2373.784594864955,nan,0.8648540503786117,0.8516701003633029,0.0033164200085220126,0.009981675324048731,0.44046647995330435,0.44292391599754355,51.62669121762762,nan,nan,nan,nan
2374.799933311104,nan,0.8639630305244324,0.8507469050138847,0.003280540947297776,0.009878342022791937,0.44046627116151627,0.44292214525213713,51.59855875086202,nan,nan,nan,nan
2375.8152717572525,nan,0.8630736805523952,0.8498258122711542,0.003245032908957811,0.009776026826474238,0.44046605997490135,0.4429203751276187,51.57046168762147,nan,nan,nan,nan
2376.830610203401,nan,0.862185995114678,0.8489068141102991,0.0032098922516588697,0.009674720268237059,0.44046584640682107,0.4429186056271207,51.54239995807744,nan,nan,nan,nan
2377.84594864955,nan,0.8612999688634582,0.8479899025065081,0.0031751153671625374,0.009574412963303166,0.44046563047063697,0.4429168367537753,51.514373492401404,nan,nan,nan,nan
2378.8612870956986,nan,0.8604155964509139,0.8470750694349691,0.0031406986805478498,0.009475095608325284,0.44046541217971075,0.4429150685107149,51.48638222076484,nan,nan,nan,nan
2379.8766255418473,nan,0.8595328725292226,0.8461623068708708,0.00310663864992617,0.009376758980739398,0.440465191547404,0.44291330090107184,51.458426073339226,nan,nan,nan,nan
2380.891963987996,nan,0.8586517917505623,0.8452516067894009,0.0030729317661582346,0.00927939393812245,0.4404649685870782,0.44291153392797844,51.43050498029603,nan,nan,nan,nan
2381.9073024341446,nan,0.8577723487671105,0.844342961165748,0.0030395745525735192,0.009182991417554959,0.44046474331209495,0.4429097675945671,51.40261887180672,nan,nan,nan,nan
2382.9226408802933,nan,0.856894538231045,0.8434363619751002,0.003006563564691562,0.009087542434987468,0.440464515735816,0.44290800190397006,51.37476767804281,nan,nan,nan,nan
2383.937979326442,nan,0.8560183547945435,0.8425318011926458,0.0029738953899456763,0.008993038084612152,0.44046428587160286,0.44290623685931985,51.346951329175724,nan,nan,nan,nan
2384.9533177725907,nan,0.8551437931097838,0.841629270793573,0.0029415666474086307,0.008899469538238277,0.44046405373281716,0.44290447246374853,51.31916975537697,nan,nan,nan,nan
2385.96865621874,nan,0.8542708478289438,0.8407287627530701,0.0029095739875206455,0.008806828044672668,0.44046381933282025,0.4429027087203886,51.29142288681801,nan,nan,nan,nan
2386.9839946648885,nan,0.8533995136042011,0.8398302690463253,0.002877914091819374,0.008715104929104133,0.44046358268497404,0.44290094563237253,51.26371065367032,nan,nan,nan,nan
2387.9993331110372,nan,0.8525297850877334,0.8389337816485272,0.0028465836726720177,0.008624291592492337,0.44046334380264,0.44289918320283245,51.23603298610539,nan,nan,nan,nan
2389.014671557186,nan,0.8516616569317185,0.8380392925348636,0.002815579473009568,0.008534379510961147,0.4404631026991797,0.44289742143490074,51.20838981429469,nan,nan,nan,nan
2390.0300100033346,nan,0.8507951237883343,0.837146793680523,0.002784898266063141,0.008445360235196266,0.4404628593879547,0.4428956603317099,51.180781068409686,nan,nan,nan,nan
2391.0453484494833,nan,0.8499301803097583,0.8362562770606937,0.0027545368551022864,0.008357225389846984,0.44046261388232677,0.442893899896392,51.15320667862186,nan,nan,nan,nan
2392.060686895632,nan,0.8490668211481686,0.8353677346505638,0.002724492073175456,0.008269966672932439,0.4404623661956574,0.44289214013207956,51.12566657510269,nan,nan,nan,nan
2393.0760253417807,nan,0.8482050409557425,0.8344811584253216,0.0026947607828524843,0.008183575855252086,0.440462116341308,0.44289038104190487,51.098160688023654,nan,nan,nan,nan
2394.0913637879294,nan,0.8473448343846579,0.8335965403601551,0.002665339875969001,0.008098044779800095,0.44046186433264045,0.4428886226290003,51.07068894755621,nan,nan,nan,nan
2395.106702234078,nan,0.8464861960870926,0.832713872430253,0.002636226273372936,0.008013365361184202,0.4404616101830162,0.4428868648964982,51.04325128387184,nan,nan,nan,nan
2396.1220406802267,nan,0.8456291207152244,0.8318331466108032,0.0026074169246730725,0.00792952958504887,0.4404613539057969,0.4428851078475309,51.01584762714202,nan,nan,nan,nan
2397.1373791263754,nan,0.8447736029212309,0.8309543548769942,0.0025789088079894162,0.007846529507502092,0.440461095514344,0.4428833514852307,50.988477907538254,nan,nan,nan,nan
2398.152717572524,nan,0.8439196373572901,0.8300774892040141,0.002550698929705705,0.007764357254546854,0.4404608350220194,0.44288159581272996,50.961142055231974,nan,nan,nan,nan
2399.168056018673,nan,0.8430672186755794,0.8292025415670511,0.002522784324223766,0.007683005021516334,0.4404605724421844,0.44287984083316095,50.93384000039468,nan,nan,nan,nan
2400.1833944648215,nan,0.8422163415282768,0.8283295039412937,0.00249516205371984,0.007602465072513261,0.4404603077882007,0.4428780865496562,50.906571673197845,nan,nan,nan,nan
2401.19873291097,nan,0.84136700056756,0.8274583683019296,0.0024678292079028724,0.007522729739853441,0.44046004107342995,0.4428763329653479,50.879337003812935,nan,nan,nan,nan
2402.214071357119,nan,0.8405191904456067,0.8265891266241476,0.0024407829037746175,0.007443791423512989,0.44045977231123357,0.44287458008336844,50.852135922411435,nan,nan,nan,nan
2403.229409803268,nan,0.8396729058145944,0.8257217708831359,0.002414020285391785,0.007365642590579975,0.4404595015149734,0.4428728279068501,50.824968359164814,nan,nan,nan,nan
2404.2447482494167,nan,0.8388281413267014,0.8248562930540826,0.0023875385236299773,0.0072882757747097515,0.4404592286980107,0.4428710764389253,50.797834244244555,nan,nan,nan,nan
2405.2600866955654,nan,0.8379848916341051,0.823992685112176,0.002361334815949495,0.007211683575584208,0.4404589538737074,0.4428693256827263,50.77073350782213,nan,nan,nan,nan
2406.275425141714,nan,0.8371431513889833,0.8231309390326043,0.0023354063861630607,0.007135858658375114,0.4404586770554249,0.44286757564138557,50.74366608006902,nan,nan,nan,nan
2407.290763587863,nan,0.8363029152435136,0.8222710467905558,0.0023097504842053336,0.007060793753211192,0.4404583982565249,0.4428658263180353,50.716631891156695,nan,nan,nan,nan
2408.3061020340115,nan,0.8354641778498741,0.821413000361219,0.002284364385904335,0.006986481654649273,0.44045811749036895,0.44286407771580794,50.689630871256625,nan,nan,nan,nan
2409.32144048016,nan,0.8346269338602423,0.8205567917197817,0.0022592453927546214,0.0069129152211490925,0.4404578347703185,0.4428623298378357,50.66266295054029,nan,nan,nan,nan
2410.336778926309,nan,0.833791177926796,0.8197024128414324,0.0022343908316922964,0.0068400873745519805,0.4404575501097354,0.44286058268725104,50.63572805917917,nan,nan,nan,nan
2411.3521173724575,nan,0.8329569047017129,0.8188498557013593,0.0022097980548718495,0.00676799109956347,0.4404572635219811,0.44285883626718625,50.60882612734473,nan,nan,nan,nan
2412.3674558186062,nan,0.8321241088371709,0.8179991122747508,0.002185464439444682,0.006696619443239347,0.4404569750204173,0.4428570905807738,50.58195708520846,nan,nan,nan,nan
2413.382794264755,nan,0.8312927849853475,0.8171501745367946,0.0021613873873395782,0.006625965514476027,0.4404566846184054,0.44285534563114587,50.55512086294182,nan,nan,nan,nan
2414.3981327109036,nan,0.8304629277984207,0.8163030344626797,0.0021375643250447253,0.006556022483503987,0.44045639232930717,0.4428536014214348,50.528317390716296,nan,nan,nan,nan
2415.4134711570523,nan,0.829634531928568,0.815457684027594,0.0021139927033916846,0.006486783581385532,0.44045609816648423,0.442851857954773,50.501546598703364,nan,nan,nan,nan
2416.428809603201,nan,0.8288075920279672,0.8146141152067257,0.0020906699973409233,0.006418242099515736,0.4404558021432979,0.44285011523429274,50.4748084170745,nan,nan,nan,nan
2417.4441480493497,nan,0.8279821027487962,0.813772319975263,0.002067593705769205,0.0063503913891274424,0.44045550427311,0.44284837326312654,50.448102776001164,nan,nan,nan,nan
2418.4594864954984,nan,0.8271580587432328,0.8129322903083943,0.002044761351258562,0.00628322486079951,0.4404552045692822,0.44284663204440655,50.42142960565485,nan,nan,nan,nan
2419.474824941647,nan,0.8263354546634543,0.8120940181813077,0.002022170479887131,0.00621673598396919,0.44045490304517587,0.44284489158126517,50.39478883620703,nan,nan,nan,nan
2420.490163387796,nan,0.8255142851616388,0.8112574955691916,0.0019998186610214884,0.0061509182864475246,0.44045459971415263,0.44284315187683465,50.368180397829164,nan,nan,nan,nan
2421.505501833945,nan,0.8246945448899641,0.8104227144472342,0.0019777034871108425,0.006085765353938867,0.4404542945895742,0.4428414129342475,50.341604220692744,nan,nan,nan,nan
2422.5208402800936,nan,0.8238762285006078,0.8095896667906237,0.0019558225734827113,0.006021270829563418,0.44045398768480215,0.4428396747566359,50.315060234969245,nan,nan,nan,nan
2423.5361787262423,nan,0.8230593306457477,0.8087583445745488,0.0019341735581403985,0.005957428413383744,0.4404536790131981,0.4428379373471323,50.288548370830135,nan,nan,nan,nan
2424.551517172391,nan,0.8222438459775616,0.807928739774197,0.001912754101562015,0.005894231861934505,0.44045336858812356,0.44283620070886903,50.2620685584469,nan,nan,nan,nan
2425.5668556185396,nan,0.8214297691482271,0.8071008443647572,0.0018915618865011838,0.0058316749877558435,0.4404530564229402,0.4428344648449784,50.235620727991005,nan,nan,nan,nan
2426.5821940646883,nan,0.8206170948099221,0.8062746503214173,0.0018705946177893402,0.005769751658930177,0.4404527425310094,0.4428327297585928,50.209204809633924,nan,nan,nan,nan
2427.597532510837,nan,0.8198058176148243,0.8054501496193656,0.001849850022139608,0.005708455798622327,0.44045242692569314,0.44283099545284443,50.182820733547146,nan,nan,nan,nan
2428.6128709569857,nan,0.8189959322151114,0.8046273342337904,0.0018293258479523068,0.0056477813846232145,0.44045210962035264,0.4428292619308658,50.15646842990214,nan,nan,nan,nan
2429.6282094031344,nan,0.8181874332629613,0.8038061961398799,0.0018090198651220363,0.005587722448896897,0.4404517906283497,0.4428275291957892,50.13014782887038,nan,nan,nan,nan
2430.643547849283,nan,0.8173803154105515,0.8029867273128223,0.0017889298648463027,0.005528273077130938,0.4404514699630459,0.442825797250747,50.10385886062333,nan,nan,nan,nan
2431.658886295432,nan,0.8165745733100598,0.8021689197278061,0.0017690536594357487,0.00546942740829024,0.4404511476378027,0.44282406609887137,50.077601455332484,nan,nan,nan,nan
2432.6742247415805,nan,0.8157702016136641,0.8013527653600192,0.001749389082125885,0.005411179634174076,0.44045082366598187,0.4428223357432949,50.051375543169314,nan,nan,nan,nan
2433.689563187729,nan,0.8149671949735419,0.8005382561846499,0.0017299339868903807,0.005353523998976503,0.44045049806094483,0.4428206061871496,50.025181054305285,nan,nan,nan,nan
2434.704901633878,nan,0.8141655480418712,0.7997253841768868,0.0017106862482558973,0.005296454798850122,0.4404501708360534,0.4428188774335682,49.999017918911875,nan,nan,nan,nan
2435.7202400800265,nan,0.8133652554708297,0.7989141413119178,0.0016916437611183563,0.005239966381472864,0.44044984200466897,0.4428171494856827,49.97288606716058,nan,nan,nan,nan
2436.7355785261757,nan,0.8125663119125948,0.7981045195649313,0.001672804440560828,0.005184053145618374,0.4404495115801532,0.4428154223466256,49.94678542922284,nan,nan,nan,nan
2437.7509169723244,nan,0.8117687120193449,0.7972965109111156,0.00165416622167288,0.0051287095407295275,0.4404491795758677,0.44281369601952936,49.92071593527016,nan,nan,nan,nan
2438.766255418473,nan,0.810972450443257,0.796490107325659,0.0016357270593712653,0.00507393006649473,0.440448846005174,0.4428119705075261,49.894677515474,nan,nan,nan,nan
2439.7815938646218,nan,0.8101775218365095,0.7956853007837494,0.0016174849282223078,0.0050197092724280756,0.4404485108814339,0.4428102458137483,49.86867010000584,nan,nan,nan,nan
2440.7969323107704,nan,0.80938392085128,0.7948820832605754,0.0015994378222655625,0.004966041757452122,0.44044817421800875,0.44280852194132825,49.84269361903717,nan,nan,nan,nan
2441.812270756919,nan,0.808591642139746,0.7940804467313252,0.0015815837548390508,0.00491292216948418,0.4404478360282601,0.44280679889339825,49.81674800273944,nan,nan,nan,nan
2442.827609203068,nan,0.8078006803540854,0.793280383171187,0.0015639207584058632,0.004860345205025531,0.4404474963255498,0.44280507667309066,49.79083318128414,nan,nan,nan,nan
2443.8429476492165,nan,0.8070110301464759,0.792481884555349,0.0015464468843821846,0.004808305608753691,0.4404471551232393,0.44280335528353787,49.76494908484274,nan,nan,nan,nan
2444.858286095365,nan,0.8062226861690953,0.7916849428589994,0.0015291602029668034,0.0047567981731180126,0.4404468124346903,0.44280163472787215,49.73909564358672,nan,nan,nan,nan
2445.873624541514,nan,0.8054356430521258,0.7908895500208057,0.001512058802971942,0.0047058177379380416,0.4404464682733772,0.44279991500928,49.71327278749496,nan,nan,nan,nan
2446.8889629876626,nan,0.8046498953245824,0.7900956978114579,0.0014951407916555793,0.004655359190005235,0.44044612265329525,0.44279819613119664,49.68748044566047,nan,nan,nan,nan
2447.9043014338113,nan,0.8038654375367407,0.7893033780369476,0.0014784042945550496,0.004605417462687362,0.44044577558832976,0.44279647809700495,49.661718547362426,nan,nan,nan,nan
2448.91963987996,nan,0.8030822644194696,0.7885125828031208,0.0014618474553221266,0.004555987535536217,0.44044542709143775,0.44279476090964365,49.635987023461354,nan,nan,nan,nan
2449.9349783261086,nan,0.8023003709988705,0.7877233047060235,0.001445468435559413,0.004507064433898174,0.4404450771740582,0.44279304457132573,49.61028580740296,nan,nan,nan,nan
2450.9503167722573,nan,0.8015197526662068,0.7869355369480121,0.001429265414658085,0.004458643228527658,0.4404447258457526,0.44279132908336616,49.5846148358304,nan,nan,nan,nan
2451.965655218406,nan,0.8007404052031214,0.7861492733796245,0.00141323658963698,0.004410719035203582,0.44044437311407514,0.4427896144461197,49.55897404880518,nan,nan,nan,nan
2452.9809936645547,nan,0.7999623247621457,0.7853645084672167,0.0013973801749830909,0.00436328701434891,0.4404440189846729,0.4427879006590296,49.53336338963642,nan,nan,nan,nan
2453.996332110704,nan,0.7991855078024968,0.784581237186361,0.001381694402493284,0.0043163423706528104,0.44044366346161645,0.4427861877207846,49.5077828043187,nan,nan,nan,nan
2455.0116705568526,nan,0.7984099509811639,0.783799454841009,0.0013661775211174089,0.004269880352695944,0.4404433065479592,0.4427844756295871,49.48223224057836,nan,nan,nan,nan
2456.0270090030012,nan,0.7976356509992854,0.7830191568084166,0.0013508277968026674,0.004223896252578453,0.4404429482465274,0.44278276438353137,49.45671164652835,nan,nan,nan,nan
2457.04234744915,nan,0.7968626044594143,0.7822403383021497,0.0013356435123393225,0.004178385405550944,0.4404425885606546,0.44278105398095347,49.43122096941831,nan,nan,nan,nan
2458.0576858952986,nan,0.7960908079318163,0.7814629944821647,0.0013206229672076569,0.004133343189648178,0.4404422274938401,0.44277934442026934,49.40576015621522,nan,nan,nan,nan
2459.0730243414473,nan,0.79532025798675,0.7806871205084065,0.001305764477426236,0.004088765025325653,0.44044186504958327,0.4427776356998946,49.380329153885995,nan,nan,nan,nan
2460.088362787596,nan,0.7945509511944739,0.77991271154082,0.001291066375401427,0.00404464637509896,0.4404415012313835,0.44277592781824515,49.35492790939751,nan,nan,nan,nan
2461.1037012337447,nan,0.793782884125247,0.7791397627393499,0.0012765270097781886,0.0040009827431859175,0.4404411360427401,0.44277422077373685,49.32955636971667,nan,nan,nan,nan
2462.1190396798934,nan,0.7930160533493273,0.7783682692639411,0.0012621447452920644,0.003957769675151344,0.44044076948715255,0.4427725145647853,49.30421448181038,nan,nan,nan,nan
2463.134378126042,nan,0.7922504554369743,0.7775982262745385,0.0012479179626225145,0.003915002757554864,0.44044040156812025,0.4427708091898065,49.27890219264553,nan,nan,nan,nan
2464.1497165721908,nan,0.7914860869584457,0.7768296289310869,0.0012338450582473513,0.003872677617601042,0.44044003228914264,0.44276910464721597,49.25361944918902,nan,nan,nan,nan
2465.1650550183394,nan,0.7907229444840008,0.7760624723935312,0.0012199244442985084,0.00383078992279256,0.440439661653719,0.44276740093542977,49.228366198407755,nan,nan,nan,nan
2466.180393464488,nan,0.7899610245838982,0.7752967518218161,0.0012061545484189698,0.0037893353805859165,0.44043928966534873,0.4427656980528636,49.20314238726863,nan,nan,nan,nan
2467.195731910637,nan,0.7892003238283962,0.7745324623758866,0.0011925338136208863,0.0037483097380497437,0.44043891632753124,0.44276399599793315,49.177947962738536,nan,nan,nan,nan
2468.2110703567855,nan,0.7884408387877535,0.7737695992156873,0.001179060698144934,0.003707708781525921,0.44043854164376595,0.4427622947690543,49.15278287178438,nan,nan,nan,nan
2469.226408802934,nan,0.787682566032229,0.7730081575011634,0.0011657336753208136,0.0036675283362931615,0.4404381656175522,0.4427605943646429,49.12764706137306,nan,nan,nan,nan
2470.241747249083,nan,0.7869255021320811,0.7722481323922594,0.0011525512334289603,0.0036277642662333495,0.4404377882523895,0.4427588947831146,49.10254047847147,nan,nan,nan,nan
2471.257085695232,nan,0.7861696436575685,0.7714895190489203,0.0011395118755633976,0.003588412473500365,0.4404374095517771,0.44275719602288516,49.07746307004652,nan,nan,nan,nan
2472.2724241413807,nan,0.78541498717895,0.770732312631091,0.001126614119495787,0.003549468898191619,0.4404370295192144,0.44275549808237047,49.05241478306508,nan,nan,nan,nan
2473.2877625875294,nan,0.784661529266484,0.7699765082987162,0.0011138564975405427,0.0035109295180218796,0.44043664815820094,0.4427538009599864,49.027395564494086,nan,nan,nan,nan
2474.303101033678,nan,0.7839092664904292,0.7692221012117407,0.0011012375564211957,0.003472790347999975,0.4404362654722359,0.44275210465414855,49.0024053613004,nan,nan,nan,nan
2475.318439479827,nan,0.7831581954210445,0.7684690865301096,0.0010887558571378165,0.003435047440107786,0.4404358814648188,0.4427504091632728,48.97744412045095,nan,nan,nan,nan
2476.3337779259755,nan,0.7824083126285883,0.7677174594137677,0.0010764099748355983,0.003397696882981871,0.44043549613944905,0.4427487144857749,48.95251178891262,nan,nan,nan,nan
2477.349116372124,nan,0.7816596146833192,0.7669672150226596,0.00106419849867452,0.0033607348015974596,0.440435109499626,0.4427470206200707,48.927608313652314,nan,nan,nan,nan
2478.364454818273,nan,0.7809120981554958,0.7662183485167304,0.0010521200317001763,0.003324157356955106,0.440434721548849,0.44274532756457585,48.90273364163693,nan,nan,nan,nan
2479.3797932644216,nan,0.7801657596153769,0.7654708550559246,0.001040173190715612,0.003287960745769516,0.44043433229061746,0.44274363531770633,48.87788771983335,nan,nan,nan,nan
2480.3951317105702,nan,0.779420595633221,0.7647247298001874,0.0010283566061543641,0.003252141200161165,0.44043394172843087,0.4427419438778778,48.853070495208506,nan,nan,nan,nan
2481.410470156719,nan,0.7786766027792869,0.7639799679094635,0.001016668921954494,0.003216694987350068,0.44043354986578837,0.4427402532435061,48.828281914729274,nan,nan,nan,nan
2482.4258086028676,nan,0.7779337776238331,0.7632365645436977,0.0010051087954337022,0.0031816184093519675,0.44043315670618965,0.44273856341300694,48.803521925362546,nan,nan,nan,nan
2483.4411470490163,nan,0.7771921167371183,0.7624945148628349,0.000993674897165585,0.0031469078026771687,0.44043276225313394,0.44273687438479625,48.77879047407524,nan,nan,nan,nan
2484.456485495165,nan,0.7764516166894011,0.76175381402682,0.0009823659108568537,0.0031125595380314293,0.44043236651012063,0.44273518615728963,48.75408750783423,nan,nan,nan,nan
2485.4718239413137,nan,0.7757122740509401,0.7610144571955975,0.0009711805332256334,0.003078570020019329,0.4404319694806493,0.442733498728903,48.72941297360644,nan,nan,nan,nan
2486.4871623874624,nan,0.774974085391994,0.7602764395291127,0.0009601174738808522,0.0030449356868501054,0.44043157116821896,0.4427318120980521,48.70476681835875,nan,nan,nan,nan
2487.502500833611,nan,0.7742370472828215,0.7595397561873101,0.0009491754552025975,0.003011653010045631,0.4404311715763293,0.4427301262631528,48.68014898905807,nan,nan,nan,nan
2488.51783927976,nan,0.7735011562936809,0.7588044023301348,0.000938353212223516,0.002978718494150748,0.4404307707084797,0.4427284412226208,48.655559432671296,nan,nan,nan,nan
2489.533177725909,nan,0.7727664089948314,0.7580703731175313,0.0009276494925112632,0.0029461286764459896,0.4404303685681693,0.44272675697487185,48.630998096165314,nan,nan,nan,nan
2490.5485161720576,nan,0.7720328019565312,0.7573376637094449,0.0009170630560519195,0.0029138801266624585,0.44042996515889776,0.4427250735183218,48.606464926507044,nan,nan,nan,nan
2491.5638546182063,nan,0.7713003317490392,0.7566062692658202,0.0009065926751344167,0.0028819694466989828,0.4404295604841644,0.44272339085138646,48.58195987066337,nan,nan,nan,nan
2492.579193064355,nan,0.7705689949426139,0.755876184946602,0.0008962371342360007,0.0028503932703416546,0.44042915454746856,0.44272170897248164,48.557482875601195,nan,nan,nan,nan
2493.5945315105037,nan,0.7698387881075139,0.7551474059117353,0.0008859952299086041,0.002819148262985358,0.44042874735230975,0.44272002788002296,48.53303388828742,nan,nan,nan,nan
2494.6098699566523,nan,0.769109707813998,0.7544199273211647,0.0008758657706662804,0.0027882311213577714,0.44042833890218724,0.44271834757242645,48.50861285568894,nan,nan,nan,nan
2495.625208402801,nan,0.7683817506323247,0.753693744334835,0.0008658475768735276,0.002757638573245314,0.4404279292006005,0.4427166680481077,48.48421972477264,nan,nan,nan,nan
2496.6405468489497,nan,0.7676549131327526,0.7529688521126916,0.000855939480634653,0.0027273673772215175,0.4404275182510487,0.4427149893054825,48.45985444250544,nan,nan,nan,nan
2497.6558852950984,nan,0.7669291918855405,0.7522452458146787,0.000846140325684033,0.0026974143223773787,0.4404271060570315,0.44271331134296676,48.43551695585423,nan,nan,nan,nan
2498.671223741247,nan,0.7662045834609469,0.7515229206007414,0.0008364489672773498,0.0026677762280539457,0.44042669262204825,0.4427116341589762,48.41120721178591,nan,nan,nan,nan
2499.686562187396,nan,0.7654810844292305,0.7508018716308247,0.0008268642720837747,0.0026384499435770747,0.4404262779495982,0.4427099577519266,48.386925157267385,nan,nan,nan,nan
2500.7019006335445,nan,0.7647586913606499,0.7500820940648731,0.0008173851180790521,0.002609432347994183,0.44042586204318085,0.44270828212023383,48.36267073926553,nan,nan,nan,nan
2501.717239079693,nan,0.7640374008254638,0.7493635830628316,0.0008080103944395602,0.002580720349813292,0.4404254449062956,0.44270660726231353,48.33844390474727,nan,nan,nan,nan
2502.732577525842,nan,0.7633172093939307,0.7486463337846452,0.0007987390014372451,0.002552310886744002,0.44042502654244176,0.44270493317658166,48.31424460067949,nan,nan,nan,nan
2503.7479159719906,nan,0.7625981136363092,0.7479303413902585,0.0007895698503354766,0.0025242009254405834,0.44042460695511876,0.4427032598614538,48.290072774029085,nan,nan,nan,nan
2504.7632544181392,nan,0.7618801101228583,0.7472156010396163,0.0007805018632858425,0.002496387461247234,0.4404241861478261,0.442701587315346,48.26592837176295,nan,nan,nan,nan
2505.7785928642884,nan,0.7611631954238363,0.7465021078926637,0.0007715339732257791,0.002468867517945194,0.4404237641240629,0.44269991553667376,48.241811340848,nan,nan,nan,nan
2506.793931310437,nan,0.7604473661095019,0.7457898571093453,0.0007626651237771836,0.0024416381475021783,0.4404233408873288,0.44269824452385304,48.21772162825114,nan,nan,nan,nan
2507.8092697565858,nan,0.7597326187501139,0.7450788438496061,0.0007538942691457906,0.0024146964298234607,0.4404229164411232,0.4426965742752996,48.193659180939235,nan,nan,nan,nan
2508.8246082027345,nan,0.7590189499159308,0.7443690632733909,0.0007452203740215198,0.0023880394725052487,0.4404224907889453,0.4426949047894293,48.16962394587921,nan,nan,nan,nan
2509.839946648883,nan,0.7583063561772111,0.7436605105406446,0.0007366424134796682,0.002361664410589982,0.4404220639342946,0.4426932360646577,48.145615870037965,nan,nan,nan,nan
2510.855285095032,nan,0.7575948341042137,0.742953180811312,0.0007281593728829456,0.0023355684063235374,0.4404216358806705,0.4426915680994008,48.121634900382375,nan,nan,nan,nan
2511.8706235411805,nan,0.7568843802671972,0.742247069245338,0.0007197702477843888,0.002309748648914472,0.44042120663157236,0.4426899008920743,48.097680983879364,nan,nan,nan,nan
2512.885961987329,nan,0.7561749912364202,0.7415421710026673,0.0007114740438311122,0.0022842023542951747,0.4404207761904995,0.44268823444109406,48.07375406749581,nan,nan,nan,nan
2513.901300433478,nan,0.7554666635821412,0.7408384812432447,0.0007032697766689053,0.0022589267648849623,0.44042034456095147,0.4426865687448758,48.04985409819864,nan,nan,nan,nan
2514.9166388796266,nan,0.7547593938746189,0.7401359951270152,0.0006951564718476698,0.002233919149355116,0.44041991174642764,0.44268490380183534,48.02598102295471,nan,nan,nan,nan
2515.9319773257753,nan,0.7540531786841123,0.7394347078139236,0.0006871331647276718,0.0022091768023957663,0.4404194777504272,0.44268323961038836,48.002134788730956,nan,nan,nan,nan
2516.947315771924,nan,0.7533480145808793,0.7387346144639146,0.0006791989003866374,0.0021846970444847572,0.44041904257644976,0.44268157616895076,47.978315342494255,nan,nan,nan,nan
2517.9626542180727,nan,0.7526438981351793,0.7380357102369334,0.0006713527335276537,0.002160477221658336,0.44041860622799467,0.44267991347593844,47.95452263121152,nan,nan,nan,nan
2518.9779926642213,nan,0.7519408259172704,0.7373379902929245,0.0006635937283878759,0.0021365147052837107,0.4404181687085612,0.4426782515297668,47.93075660184964,nan,nan,nan,nan
2519.99333111037,nan,0.7512387944974113,0.7366414497918328,0.0006559209586480273,0.0021128068918334244,0.44041773002164886,0.4426765903288521,47.90701720137551,nan,nan,nan,nan
2521.0086695565187,nan,0.7505378004458609,0.7359460838936032,0.0006483335073427458,0.002089351202661725,0.440417290170757,0.44267492987160983,47.88330437675603,nan,nan,nan,nan
2522.0240080026674,nan,0.7498378403328777,0.7352518877581803,0.0006408304667716408,0.00206614508378251,0.440416849159385,0.44267327015645574,47.8596180749581,nan,nan,nan,nan
2523.0393464488166,nan,0.7491389107287204,0.7345588565455093,0.0006334109384112151,0.0020431860056493406,0.44041640699103224,0.442671611181806,47.835958242948635,nan,nan,nan,nan
2524.0546848949652,nan,0.7484410082036475,0.7338669854155351,0.00062607403282751,0.0020204714629370782,0.4404159636691982,0.4426699529460758,47.81232482769451,nan,nan,nan,nan
2525.070023341114,nan,0.7477441293279177,0.7331762695282023,0.0006188188695895492,0.0019979989743254003,0.44041551919738214,0.4426682954476815,47.788717776162635,nan,nan,nan,nan
2526.0853617872626,nan,0.7470482706717898,0.7324867040434556,0.0006116445771835151,0.001975766082283983,0.4404150735790836,0.4426666386850385,47.76513703531991,nan,nan,nan,nan
2527.1007002334113,nan,0.7463534288055222,0.7317982841212403,0.0006045502929277458,0.0019537703528596357,0.44041462681780186,0.44266498265656284,47.741582552133224,nan,nan,nan,nan
2528.11603867956,nan,0.7456596002993738,0.7311110049215008,0.0005975351628884119,0.0019320093754649581,0.4404141789170363,0.44266332736067016,47.71805427356949,nan,nan,nan,nan
2529.1313771257087,nan,0.744966781723603,0.7304248616041822,0.0005905983417960059,0.0019104807626689326,0.4404137298802864,0.4426616727957762,47.69455214659558,nan,nan,nan,nan
2530.1467155718574,nan,0.7442749696484683,0.7297398493292291,0.0005837389929625162,0.0018891821499890681,0.44041327971105143,0.44266001896029683,47.671076118178426,nan,nan,nan,nan
2531.162054018006,nan,0.7435841606442288,0.7290559632565867,0.0005769562881993855,0.0018681111956854028,0.4404128284128308,0.4426583658526479,47.64762613528491,nan,nan,nan,nan
2532.1773924641548,nan,0.7428943512811427,0.7283731985461994,0.0005702494077361565,0.0018472655805560777,0.4404123759891241,0.44265671347124513,47.62420214488191,nan,nan,nan,nan
2533.1927309103035,nan,0.742205538129469,0.7276915503580126,0.0005636175401398717,0.00182664300773469,0.4404119224434304,0.4426550618145043,47.60080409393637,nan,nan,nan,nan
2534.208069356452,nan,0.741517717759466,0.7270110138519705,0.0005570598822351788,0.0018062412024892813,0.4404114677792494,0.4426534108808412,47.57743192941515,nan,nan,nan,nan
2535.223407802601,nan,0.7408308867413926,0.7263315841880185,0.0005505756390251425,0.001786057912022971,0.44041101200008026,0.4426517606686716,47.55408559828517,nan,nan,nan,nan
2536.2387462487495,nan,0.7401450416455072,0.7256532565261011,0.0005441640236127747,0.0017660909052762774,0.44041055510942245,0.4426501111764113,47.530765047513306,nan,nan,nan,nan
2537.254084694898,nan,0.7394601790420687,0.7249760260261631,0.000537824257123247,0.0017463379727310196,0.4404100971107755,0.44264846240247613,47.50747022406648,nan,nan,nan,nan
2538.269423141047,nan,0.7387762955013355,0.7242998878481497,0.0005315555686268235,0.0017267969262159202,0.44040963800763855,0.44264681434528186,47.48420107491158,nan,nan,nan,nan
2539.2847615871956,nan,0.7380933875935665,0.7236248371520053,0.000525357195062446,0.0017074655987137138,0.4404091778035112,0.4426451670032443,47.46095754701551,nan,nan,nan,nan
2540.3001000333447,nan,0.7374114518890199,0.7229508690976749,0.0005192283811620514,0.001688341844170004,0.4404087165018926,0.44264352037477905,47.43773958734516,nan,nan,nan,nan
2541.3154384794934,nan,0.7367304849579548,0.7222779788451037,0.0005131683793755208,0.0016694235373035603,0.4404082541062825,0.44264187445830216,47.414547142867434,nan,nan,nan,nan
2542.330776925642,nan,0.7360504833706297,0.7216061615542361,0.0005071764497963135,0.001650708573418243,0.4404077906201799,0.4426402292522293,47.391380160549225,nan,nan,nan,nan
2543.346115371791,nan,0.7353714436973031,0.7209354123850171,0.0005012518600877978,0.0016321948682165807,0.44040732604708444,0.4426385847549763,47.36823858735744,nan,nan,nan,nan
2544.3614538179395,nan,0.7346933625082337,0.7202657264973915,0.0004953938854101841,0.0016138803576147126,0.4404068603904955,0.44263694096495876,47.34512237025896,nan,nan,nan,nan
2545.376792264088,nan,0.7340162363715625,0.7195970990487726,0.0004896018083481858,0.0015957629975591095,0.44040639365390544,0.44263529788058636,47.322031456206375,nan,nan,nan,nan
2546.392130710237,nan,0.7333400617924635,0.7189295251213097,0.000483874918839263,0.001577840763844599,0.4404059258406008,0.4426336555000798,47.298965791725685,nan,nan,nan,nan
2547.4074691563856,nan,0.7326648352215851,0.7182629997319769,0.0004782125141025573,0.0015601116519340689,0.4404054569536899,0.44263201382149675,47.27592532297362,nan,nan,nan,nan
2548.4228076025342,nan,0.73199055320546,0.7175975180123592,0.0004726138985684432,0.0015425736767795911,0.44040498699659447,0.44263037284318163,47.25290999675638,nan,nan,nan,nan
2549.438146048683,nan,0.7313172125074786,0.7169330753532527,0.0004670783838087258,0.0015252248726450907,0.44040451597344565,0.44262873256412893,47.22991976134904,nan,nan,nan,nan
2550.4534844948316,nan,0.7306448101892419,0.7162696675019062,0.00046160528846745844,0.001508063292930461,0.4404040438893494,0.4426270929842262,47.20695456704664,nan,nan,nan,nan
2551.4688229409803,nan,0.7299733436522957,0.7156072906119066,0.00045619393819239647,0.001491087009997197,0.44040357075052383,0.44262545410437937,47.18401436644688,nan,nan,nan,nan
2552.484161387129,nan,0.7293028106402455,0.7149459412457053,0.00045084366556705647,0.0014742941149954454,0.44040309656430543,0.442623815926519,47.1610991144644,nan,nan,nan,nan
2553.4994998332777,nan,0.7286332092012502,0.7142856163297893,0.0004455538100433962,0.0014576827176925298,0.44040262133902675,0.4426221784534877,47.13820876807677,nan,nan,nan,nan
2554.5148382794264,nan,0.7279645376108981,0.7136263130624921,0.0004403237178751072,0.0014412509463029273,0.440402145083764,0.44262054168880965,47.11534328580208,nan,nan,nan,nan
2555.530176725575,nan,0.7272967942554625,0.71296802877445,0.00043515274205150077,0.0014249969473196452,0.44040166780795564,0.4426189056363405,47.09250262690813,nan,nan,nan,nan
2556.5455151717238,nan,0.7266299774808909,0.7123107607480973,0.00043004024223200737,0.0014089188853470584,0.4404011895209078,0.4426172702998149,47.06968675038958,nan,nan,nan,nan
2557.560853617873,nan,0.7259640855611497,0.7116545061798292,0.0004249855846812529,0.001393014942935108,0.44040071023169164,0.4426156356827522,47.04689561475354,nan,nan,nan,nan
2558.5761920640216,nan,0.7252991167661769,0.7109992622612256,0.00041998814220474444,0.0013772833204149556,0.4404002299493648,0.4426140017886594,47.02412917847978,nan,nan,nan,nan
2559.5915305101703,nan,0.7246350693659103,0.7103450261838666,0.00041504729408511204,0.0013617222357359456,0.44039974868298515,0.4426123686210437,47.001387400048145,nan,nan,nan,nan
2560.606868956319,nan,0.7239719416302881,0.7096917951393322,0.00041016242601895996,0.001346329924304031,0.44039926644161054,0.4426107361834122,46.97867023793842,nan,nan,nan,nan
2561.6222074024677,nan,0.7233097318292485,0.7090395663192024,0.0004053329300542653,0.001331104638821484,0.44039878323429876,0.442609104479272,46.95597765063041,nan,nan,nan,nan
2562.6375458486164,nan,0.7226484382327295,0.7083883369150574,0.0004005582045283827,0.0013160446491280826,0.4403982990701076,0.4426074735121303,46.933309596603934,nan,nan,nan,nan
2563.652884294765,nan,0.7219880591106689,0.7077381041184772,0.00039583765400655763,0.001301148242043456,0.4403978139580948,0.4426058432854941,46.91066603433878,nan,nan,nan,nan
2564.6682227409137,nan,0.7213285927330051,0.7070888651210414,0.00039117068922106307,0.001286413721210975,0.44039732790731834,0.4426042138028707,46.88804692231477,nan,nan,nan,nan
2565.6835611870624,nan,0.7206700373696757,0.7064406171143305,0.00038655672701083795,0.0012718394069427884,0.44039684092683584,0.44260258506776706,46.8654522190117,nan,nan,nan,nan
2566.698899633211,nan,0.7200123912906191,0.7057933572899244,0.00038199519026171886,0.0012574236360663202,0.4403963530257051,0.44260095708369035,46.84288188290938,nan,nan,nan,nan
2567.71423807936,nan,0.7193556527657732,0.7051470828394031,0.0003774855078471889,0.001243164761771968,0.4403958642129842,0.44259932985414785,46.82033587248761,nan,nan,nan,nan
2568.7295765255085,nan,0.718699820065076,0.7045017909543467,0.00037302711456967466,0.0012290611534621259,0.44039537449773053,0.44259770338264637,46.7978141462262,nan,nan,nan,nan
2569.744914971657,nan,0.7180448914584656,0.7038574788263352,0.000368619451102398,0.001215111196601546,0.4403948838890022,0.4425960776726933,46.775316662604965,nan,nan,nan,nan
2570.760253417806,nan,0.7173908652158802,0.7032141436469486,0.0003642619639317338,0.001201313292568891,0.44039439239585687,0.44259445272779563,46.752843380103684,nan,nan,nan,nan
2571.7755918639546,nan,0.7167377396072576,0.7025717826077669,0.00035995410530011455,0.0011876658585096096,0.44039390002735246,0.44259282855146054,46.73039425720221,nan,nan,nan,nan
2572.7909303101032,nan,0.716085512902536,0.7019303929003702,0.0003556953331494517,0.0011741673271900524,0.4403934067925467,0.44259120514719513,46.707969252380295,nan,nan,nan,nan
2573.806268756252,nan,0.7154341833716533,0.7012899717163384,0.0003514851110650771,0.0011608161468528275,0.44039291270049724,0.44258958251850655,46.68556832411778,nan,nan,nan,nan
2574.821607202401,nan,0.7147837492845477,0.7006505162472518,0.00034732290822020505,0.0011476107810734193,0.4403924177602623,0.44258796066890205,46.66319143089446,nan,nan,nan,nan
2575.8369456485498,nan,0.7141342089111572,0.7000120236846903,0.00034320819932089243,0.001134549708617991,0.44039192198089927,0.4425863396018885,46.640838531190134,nan,nan,nan,nan
2576.8522840946985,nan,0.7134855605214199,0.6993744912202339,0.0003391404645515176,0.0011216314233024435,0.4403914253714662,0.4425847193209731,46.618509583484624,nan,nan,nan,nan
2577.867622540847,nan,0.7128378023852737,0.6987379160454625,0.0003351191895207499,0.0011088544338526487,0.44039092794102075,0.44258309982966304,46.596204546257724,nan,nan,nan,nan
2578.882960986996,nan,0.7121909327726568,0.6981022953519566,0.00033114386520803537,0.001096217263765942,0.44039042969862086,0.4425814811314655,46.573923377989246,nan,nan,nan,nan
2579.8982994331445,nan,0.7115449499535073,0.6974676263312956,0.0003272139879105527,0.0010837184511737243,0.44038993065332427,0.4425798632298875,46.551666037158995,nan,nan,nan,nan
2580.913637879293,nan,0.710899852197763,0.6968339061750599,0.0003233290591906778,0.0010713565487053122,0.4403894308141887,0.4425782461284362,46.529432482246776,nan,nan,nan,nan
2581.928976325442,nan,0.7102556377753618,0.6962011320748297,0.00031948858582392115,0.0010591301233529183,0.44038893019027203,0.44257662983061874,46.50722267173239,nan,nan,nan,nan
2582.9443147715906,nan,0.7096123049562423,0.6955693012221846,0.0003156920797473535,0.0010470377563378138,0.44038842879063206,0.44257501433994223,46.48503656409565,nan,nan,nan,nan
2583.9596532177393,nan,0.708969852010342,0.6949384108087049,0.0003119390580085075,0.0010350780429776454,0.4403879266243266,0.44257339965991366,46.462874117816355,nan,nan,nan,nan
2584.974991663888,nan,0.7083282772075995,0.6943084580259706,0.00030822904271474784,0.0010232495925548786,0.4403874237004135,0.44257178579404044,46.44073529137432,nan,nan,nan,nan
2585.9903301100367,nan,0.7076875788179524,0.6936794400655618,0.0003045615609831219,0.0010115510281864155,0.44038692002795043,0.44257017274582955,46.41862004324934,nan,nan,nan,nan
2587.0056685561854,nan,0.707047755111339,0.6930513541190584,0.00030093614489065424,0.0009999809866942727,0.44038641561599534,0.4425685605187879,46.39652833192123,nan,nan,nan,nan
2588.021007002334,nan,0.706408804357697,0.6924241973780403,0.00029735233142512993,0.00098853811847746,0.44038591047360603,0.442566949116423,46.374460115869795,nan,nan,nan,nan
2589.0363454484827,nan,0.7057707248269648,0.6917979670340878,0.00029380966243630505,0.0009772210873848822,0.44038540460984016,0.4425653385422418,46.35241535357483,nan,nan,nan,nan
2590.0516838946314,nan,0.7051335147890803,0.6911726602787809,0.0002903076845876038,0.0009660285705894394,0.4403848980337557,0.44256372879975137,46.33039400351616,nan,nan,nan,nan
2591.06702234078,nan,0.7044971725139815,0.6905482743036995,0.00028684594930823243,0.0009549592584631202,0.44038439075441027,0.44256211989245886,46.308396024173575,nan,nan,nan,nan
2592.0823607869293,nan,0.7038616962716064,0.6899248063004235,0.00028342401274575703,0.0009440118544532354,0.4403838827808618,0.44256051182387135,46.28642137402688,nan,nan,nan,nan
2593.097699233078,nan,0.7032270843318934,0.6893022534605333,0.00028004143571912584,0.0009331850749597343,0.4403833741221681,0.4425589045974962,46.264470011555886,nan,nan,nan,nan
2594.1130376792266,nan,0.7025933349647802,0.6886806129756089,0.00027669778367211587,0.0009224776492135489,0.440382864787387,0.4425572982168402,46.24254189524041,nan,nan,nan,nan
2595.1283761253753,nan,0.7019604464402048,0.6880598820372301,0.000273392626627222,0.0009118883191560158,0.4403823547855762,0.44255569268541073,46.22063698356024,nan,nan,nan,nan
2596.143714571524,nan,0.7013284170281056,0.687440057836977,0.00027012553913997644,0.0009014158393193536,0.4403818441257935,0.44255408800671475,46.19875523499518,nan,nan,nan,nan
2597.1590530176727,nan,0.7006972449984203,0.6868211375664297,0.00026689610025369345,0.0008910589767081727,0.4403813328170968,0.4425524841842595,46.17689660802506,nan,nan,nan,nan
2598.1743914638214,nan,0.7000669286210872,0.6862031184171683,0.00026370389345464366,0.0008808165106820438,0.4403808208685439,0.44255088122155206,46.15506106112967,nan,nan,nan,nan
2599.18972990997,nan,0.6994374661660441,0.6855859975807725,0.0002605485066276292,0.0008706872328390267,0.4403803082891925,0.4425492791220996,46.133248552788814,nan,nan,nan,nan
2600.2050683561188,nan,0.6988088559032293,0.6849697722488228,0.00025742953201199445,0.000860669946900284,0.44037979508810055,0.4425476778894092,46.1114590414823,nan,nan,nan,nan
2601.2204068022675,nan,0.6981810961025805,0.6843544396128988,0.00025434656615804657,0.000850763468595694,0.4403792812743257,0.44254607752698794,46.08969248568994,nan,nan,nan,nan
2602.235745248416,nan,0.6975541850340361,0.6837399968645809,0.0002512992098838711,0.0008409666255504209,0.4403787668569259,0.442544478038343,46.06794884389153,nan,nan,nan,nan
2603.251083694565,nan,0.6969281209675341,0.6831264411954487,0.0002482870682325672,0.0008312782571725248,0.4403782518449589,0.44254287942698156,46.04622807456688,nan,nan,nan,nan
2604.2664221407135,nan,0.6963029021730123,0.6825137697970829,0.0002453097504298737,0.0008216972145415222,0.4403777362474825,0.4425412816964106,46.0245301361958,nan,nan,nan,nan
2605.281760586862,nan,0.6956785269204089,0.6819019798610628,0.00024236686984220718,0.0008122223602979691,0.4403772200735544,0.4425396848501374,46.00285498725809,nan,nan,nan,nan
2606.297099033011,nan,0.6950549934796619,0.6812910685789688,0.0002394580439350775,0.0008028525685339564,0.44037670333223256,0.44253808889166896,45.98120258623355,nan,nan,nan,nan
2607.3124374791596,nan,0.6944323001207096,0.6806810331423809,0.00023658289423190716,0.0007935867246846094,0.44037618603257467,0.4425364938245125,45.95957289160201,nan,nan,nan,nan
2608.3277759253083,nan,0.6938104451134894,0.680071870742879,0.0002337410462732346,0.0007844237254205278,0.4403756681836386,0.4425348996521751,45.93796586184324,nan,nan,nan,nan
2609.3431143714574,nan,0.69318942672794,0.6794635785720433,0.00023093212957630432,0.0007753624785411799,0.4403751497944822,0.4425333063781638,45.916381455437076,nan,nan,nan,nan
2610.358452817606,nan,0.6925692432339992,0.6788561538214539,0.00022815577759503053,0.0007664019028692108,0.4403746308741632,0.44253171400598584,45.89481963086331,nan,nan,nan,nan
2611.373791263755,nan,0.691949892901605,0.6782495936826907,0.00022541162768034952,0.0007575409281457175,0.4403741114317393,0.4425301225391484,45.87328034660175,nan,nan,nan,nan
2612.3891297099035,nan,0.6913313740006957,0.6776438953473336,0.0002226993210409373,0.0007487784949264182,0.44037359147626853,0.44252853198115844,45.851763561132216,nan,nan,nan,nan
2613.404468156052,nan,0.690713684801209,0.6770390560069628,0.00022001850270430534,0.0007401135544787592,0.44037307101680867,0.44252694233552314,45.8302692329345,nan,nan,nan,nan
2614.419806602201,nan,0.6900968235730831,0.6764350728531585,0.00021736882147826005,0.000731545068679919,0.4403725500624174,0.44252535360574974,45.808797320488395,nan,nan,nan,nan
2615.4351450483496,nan,0.6894807885862562,0.6758319430775004,0.00021474992991273167,0.0007230720099157272,0.44037202862215247,0.44252376579534514,45.787347782273734,nan,nan,nan,nan
2616.4504834944983,nan,0.6888655781106661,0.6752296638715688,0.00021216148426195678,0.0007146933609804526,0.44037150670507186,0.44252217890781664,45.76592057677031,nan,nan,nan,nan
2617.465821940647,nan,0.6882511904162507,0.6746282324269435,0.00020960314444702955,0.0007064081149775135,0.44037098432023325,0.44252059294667145,45.74451566245792,nan,nan,nan,nan
2618.4811603867956,nan,0.6876376237729483,0.6740276459352048,0.00020707457401879952,0.0006982152752210376,0.4403704614766945,0.44251900791541643,45.72313299781638,nan,nan,nan,nan
2619.4964988329443,nan,0.6870248764506972,0.6734279015879323,0.00020457544012113032,0.0006901138551383231,0.44036993818351344,0.4425174238175589,45.701772541325504,nan,nan,nan,nan
2620.511837279093,nan,0.686412946719435,0.6728289965767065,0.00020210541345449474,0.0006821028781731295,0.44036941444974775,0.442515840656606,45.68043425146507,nan,nan,nan,nan
2621.5271757252417,nan,0.6858018328490999,0.6722309280931074,0.00019966416823993127,0.0006741813776898706,0.44036889028445536,0.4425142584360646,45.659118086714926,nan,nan,nan,nan
2622.5425141713904,nan,0.6851915331096299,0.6716336933287145,0.00019725138218333312,0.0006663483968786291,0.440368365696694,0.4425126771594422,45.63782400555483,nan,nan,nan,nan
2623.557852617539,nan,0.6845820457709633,0.6710372894751084,0.00019486673644008047,0.0006586029886610287,0.4403678406955216,0.4425110968302456,45.61655196646463,nan,nan,nan,nan
2624.573191063688,nan,0.6839733691030376,0.670441713723869,0.0001925099155800112,0.0006509442155969447,0.44036731528999584,0.4425095174519821,45.59530192792411,nan,nan,nan,nan
2625.5885295098365,nan,0.6833655013757914,0.669846963266576,0.00019018060755272015,0.000643371149792033,0.4403667894891745,0.44250793902815877,45.57407384841308,nan,nan,nan,nan
2626.6038679559856,nan,0.6827584408591625,0.66925303529481,0.00018787850365320044,0.000635882872806117,0.4403662633021156,0.44250636156228285,45.55286768641133,nan,nan,nan,nan
2627.6192064021343,nan,0.682152185823089,0.6686599270001505,0.0001856032984878016,0.0006284784755623567,0.4403657367378766,0.44250478505786117,45.531683400398705,nan,nan,nan,nan
2628.634544848283,nan,0.6815467345375088,0.6680676355741777,0.00018335468994051736,0.0006211570582572422,0.44036520980551563,0.44250320951840116,45.510520948854975,nan,nan,nan,nan
2629.6498832944317,nan,0.6809420852723602,0.667476158208472,0.00018113237913959735,0.0006139177302714007,0.4403646825140903,0.44250163494740974,45.48938029025996,nan,nan,nan,nan
2630.6652217405804,nan,0.6803382362975812,0.6668854920946128,0.00017893607042447884,0.0006067596100811982,0.4403641548726585,0.4425000613483942,45.46826138309346,nan,nan,nan,nan
2631.680560186729,nan,0.6797351858831095,0.6662956344241808,0.0001767654713130312,0.000599681825171125,0.44036362689027797,0.4424984887248615,45.4471641858353,nan,nan,nan,nan
2632.6958986328777,nan,0.6791329322988836,0.6657065823887556,0.00017462029246911816,0.000592683511946977,0.44036309857600653,0.442496917080319,45.42608865696526,nan,nan,nan,nan
2633.7112370790264,nan,0.6785314738148414,0.6651183331799173,0.00017250024767046909,0.0005857638156498076,0.44036256993890194,0.4424953464182736,45.40503475496316,nan,nan,nan,nan
2634.726575525175,nan,0.6779308087009206,0.664530883989246,0.0001704050537768568,0.0005789218902706497,0.44036204098802223,0.44249377674223256,45.3840024383088,nan,nan,nan,nan
2635.741913971324,nan,0.6773309352270598,0.6639442320083215,0.00016833443069859272,0.00057215689846604,0.44036151173242494,0.4424922080557029,45.36299166548199,nan,nan,nan,nan
2636.7572524174725,nan,0.6767318516631967,0.6633583744287241,0.00016628810136530312,0.0005654680114742322,0.440360982181168,0.44249064036219177,45.34200239496253,nan,nan,nan,nan
2637.772590863621,nan,0.6761335562792694,0.662773308442034,0.00016426579169502892,0.0005588544090322418,0.4403604523433091,0.4424890736652063,45.32103458523023,nan,nan,nan,nan
2638.78792930977,nan,0.6755360473452161,0.6621890312398309,0.00016226723056360825,0.0005523152792935867,0.4403599222279062,0.44248750796825365,45.30008819476491,nan,nan,nan,nan
2639.8032677559186,nan,0.6749393231309745,0.6616055400136948,0.00016029214977435714,0.0005458498187467843,0.44035939184401707,0.4424859432748409,45.27916318204635,nan,nan,nan,nan
2640.8186062020673,nan,0.6743433819064829,0.6610228319552057,0.0001583402840280458,0.0005394572321345921,0.4403588612006995,0.4424843795884753,45.25825950555437,nan,nan,nan,nan
2641.833944648216,nan,0.6737482219416793,0.660440904255944,0.000156411370893161,0.0005331367323739661,0.44035833030701127,0.4424828169126638,45.237377123768766,nan,nan,nan,nan
2642.8492830943646,nan,0.6731538415065017,0.6598597541074893,0.00015450515077645722,0.0005268875404767488,0.4403577991720101,0.4424812552509136,45.21651599516936,nan,nan,nan,nan
2643.864621540514,nan,0.6725602388708883,0.659279378701422,0.00015262136689379464,0.0005207088854710829,0.440357267804754,0.4424796946067318,45.19567607823595,nan,nan,nan,nan
2644.8799599866625,nan,0.671967412304777,0.658699775229322,0.00015075976524125286,0.0005146000043235134,0.4403567362143006,0.4424781349836256,45.17485733144835,nan,nan,nan,nan
2645.895298432811,nan,0.6713753600658212,0.6581209408631737,0.0001489200945665271,0.0005085601418618083,0.4403562044098169,0.44247657638511506,45.154059713166205,nan,nan,nan,nan
2646.91063687896,nan,0.6707840803588849,0.6575428726907564,0.00014710210634060383,0.0005025885506984855,0.4403556724009394,0.4424750188147766,45.133283181233026,nan,nan,nan,nan
2647.9259753251085,nan,0.6701935714019427,0.6569655678207617,0.00014530555472971096,0.0004966844911550343,0.4403551401971878,0.44247346227617235,45.112527693620464,nan,nan,nan,nan
2648.9413137712572,nan,0.6696038315087547,0.656389023514671,0.00014353019656753428,0.0004908472311868067,0.44035460780723035,0.44247190677276294,45.09179320923685,nan,nan,nan,nan
2649.956652217406,nan,0.6690148591482074,0.6558132372814117,0.00014177579132770688,0.0004850760463086013,0.440354075238356,0.44247035230784426,45.07107968850743,nan,nan,nan,nan
2650.9719906635546,nan,0.6684266529803162,0.6552382069347851,0.00014004210109657078,0.000479370219520943,0.4403535424961547,0.4424687988845091,45.050387093726485,nan,nan,nan,nan
2651.9873291097033,nan,0.6678392118688913,0.6546639306136696,0.00013832889054619173,0.00047372904123699314,0.4403530095844046,0.4424672465056335,45.02971538918108,nan,nan,nan,nan
2653.002667555852,nan,0.6672525348708646,0.6540904067649964,0.00013663592690764715,0.0004681518092101637,0.4403524765051665,0.442465695173889,45.00906454104683,nan,nan,nan,nan
2654.0180060020007,nan,0.6666666212022794,0.6535176340894994,0.00013496297994457034,0.00046263782846237646,0.4403519432590872,0.44246414489177766,44.98843451705518,nan,nan,nan,nan
2655.0333444481494,nan,0.6660814701809435,0.6529456114502383,0.00013330982192695076,0.0004571864112129741,0.44035140984590837,0.44246259566169344,44.96782528593276,nan,nan,nan,nan
2656.048682894298,nan,0.6654970811457428,0.6523743377438959,0.0001316762276051871,0.00045179687680827125,0.44035087626518454,0.4424610474860081,44.947236816612275,nan,nan,nan,nan
2657.0640213404467,nan,0.6649134533836709,0.6518038117843803,0.00013006197418440104,0.0004464685516517743,0.44035034251693134,0.44245950036714854,44.92666907751901,nan,nan,nan,nan
2658.0793597865954,nan,0.6643305861658534,0.6512340323602872,0.00012846684129899606,0.00044120076913502096,0.4403498086013057,0.44245795430755835,44.90612203692307,nan,nan,nan,nan
2659.094698232744,nan,0.6637484787634138,0.6506649982602104,0.00012689061098746876,0.0004359928695690673,0.44034927451846445,0.4424564093096812,44.88559566309456,nan,nan,nan,nan
2660.110036678893,nan,0.663167130447476,0.6500967082727436,0.00012533306766745726,0.00043084420011657115,0.4403487402685645,0.44245486537596085,44.86508992430356,nan,nan,nan,nan
2661.125375125042,nan,0.6625865404891641,0.6495291611864806,0.00012379399811104314,0.0004257541147245299,0.44034820585176265,0.4424533225088409,44.844604788820185,nan,nan,nan,nan
2662.1407135711906,nan,0.6620067081596019,0.648962355790015,0.00012227319142029628,0.0004207219740576406,0.4403476712682157,0.44245178071076496,44.824140224914515,nan,nan,nan,nan
2663.1560520173393,nan,0.6614276327299133,0.6483962908719407,0.00012077043900304679,0.0004157471454322288,0.44034713651808055,0.4424502399841769,44.80369620085664,nan,nan,nan,nan
2664.171390463488,nan,0.6608493134712222,0.6478309652208516,0.00011928553454890633,0.0004108290027508259,0.4403466016015142,0.44244870033152006,44.78327268491667,nan,nan,nan,nan
2665.1867289096367,nan,0.6602717496546525,0.647266377625341,0.00011781827400552145,0.0004059669264373372,0.44034606651867314,0.4424471617552383,44.762869645364695,nan,nan,nan,nan
2666.2020673557854,nan,0.6596949405513283,0.6467025268740032,0.00011636845555505305,0.0004011603033727826,0.44034553126971454,0.44244562425777534,44.74248705047081,nan,nan,nan,nan
2667.217405801934,nan,0.6591188854323731,0.6461394117554313,0.00011493587959090098,0.0003964085268316781,0.44034499585479514,0.4424440878415748,44.722124868505105,nan,nan,nan,nan
2668.232744248083,nan,0.6585435835689111,0.6455770310582196,0.0001135203486946415,0.0003917109964189499,0.44034446027407176,0.4424425525090804,44.701783067737686,nan,nan,nan,nan
2669.2480826942315,nan,0.6579690342320659,0.6450153835709616,0.00011212166761320297,0.000387067118007467,0.4403439245277012,0.44244101826273563,44.681461616438646,nan,nan,nan,nan
2670.26342114038,nan,0.6573952366929616,0.644454468082251,0.00011073964323625797,0.00038247630367612654,0.4403433886158405,0.4424394851049843,44.66116048287806,nan,nan,nan,nan
2671.278759586529,nan,0.656822190222722,0.6438942833806818,0.00010937408457385101,0.00037793797164855167,0.44034285253864636,0.4424379530382701,44.640879635326044,nan,nan,nan,nan
2672.2940980326775,nan,0.6562498940924713,0.6433348282548474,0.00010802480273422505,0.0003734515462322837,0.44034231629627574,0.44243642206503675,44.62061904205271,nan,nan,nan,nan
2673.3094364788262,nan,0.6556783475733331,0.642776101493342,0.00010669161090188863,0.0003690164577586129,0.4403417798888853,0.4424348921877277,44.600378671328116,nan,nan,nan,nan
2674.324774924975,nan,0.6551075499364312,0.6422181018847588,0.0001053743243158883,0.0003646321425229264,0.44034124331663205,0.4424333634087868,44.580158491422374,nan,nan,nan,nan
2675.3401133711236,nan,0.6545375004528897,0.641660828217692,0.00010407276024829187,0.00036029804272559715,0.44034070657967284,0.44243183573065775,44.55995847060558,nan,nan,nan,nan
2676.3554518172723,nan,0.6539681983938326,0.6411042792807351,0.00010278673798289867,0.0003560136064134705,0.4403401696781645,0.4424303091557841,44.53977857714782,nan,nan,nan,nan
2677.3707902634214,nan,0.6533996430303834,0.6405484538624819,0.00010151607879414355,0.0003517782874218356,0.44033963261226383,0.44242878368660954,44.5196187793192,nan,nan,nan,nan
2678.38612870957,nan,0.6528318336336665,0.6399933507515263,0.00010026060592622009,0.00034759154531697215,0.4403390953821277,0.4424272593255778,44.49947904538982,nan,nan,nan,nan
2679.401467155719,nan,0.6522647694748055,0.6394389687364619,9.902014457240976e-05,0.0003434528453392287,0.440338557987913,0.44242573607513247,44.47935934362977,nan,nan,nan,nan
2680.4168056018675,nan,0.6516984498249243,0.6388853066058824,9.779452185461028e-05,0.0003393616583466095,0.44033802042977654,0.44242421393771725,44.45925964230914,nan,nan,nan,nan
2681.432144048016,nan,0.651132873955147,0.6383323631483817,9.658356680307064e-05,0.0003353174607589021,0.4403374827078752,0.44242269291577585,44.43917990969803,nan,nan,nan,nan
2682.447482494165,nan,0.6505680411365972,0.6377801371525536,9.538711033633173e-05,0.0003313197345023375,0.44033694482236585,0.4424211730117519,44.41912011406653,nan,nan,nan,nan
2683.4628209403136,nan,0.650003950640399,0.6372286274069915,9.42049852413542e-05,0.00032736796695472816,0.44033640677340535,0.4424196542280891,44.39908022368475,nan,nan,nan,nan
2684.4781593864623,nan,0.6494406017376761,0.6366778327002895,9.303702615385622e-05,0.0003234616508911589,0.44033586856115037,0.44241813656723106,44.37906020682277,nan,nan,nan,nan
2685.493497832611,nan,0.6488779936995526,0.6361277518210412,9.188306953883846e-05,0.0003196002844301566,0.440335330185758,0.4424166200316215,44.35906003175069,nan,nan,nan,nan
2686.5088362787596,nan,0.6483161257971524,0.6355783835578405,9.074295367130777e-05,0.0003157833709803805,0.4403347916473849,0.44241510462370415,44.3390796667386,nan,nan,nan,nan
2687.5241747249083,nan,0.6477549973015992,0.6350297266992809,8.961651861718974e-05,0.0003120104191878001,0.4403342529461881,0.44241359034592254,44.3191190800566,nan,nan,nan,nan
2688.539513171057,nan,0.6471946074840171,0.6344817800339563,8.850360621442962e-05,0.000308280942883361,0.44033371408232436,0.4424120772007205,44.29917823997478,nan,nan,nan,nan
2689.5548516172057,nan,0.64663495561553,0.6339345423504604,8.740406005428748e-05,0.00030459446103116126,0.44033317505595043,0.44241056519054156,44.279257114763254,nan,nan,nan,nan
2690.5701900633544,nan,0.6460760409672617,0.633388012437387,8.631772546281736e-05,0.0003009504976771039,0.4403326358672234,0.4424090543178294,44.25935567269211,nan,nan,nan,nan
2691.585528509503,nan,0.6455178628103359,0.6328421890833298,8.524444948252585e-05,0.00029734858189801264,0.44033209651629984,0.44240754458502773,44.23947388203142,nan,nan,nan,nan
2692.600866955652,nan,0.6449604204158768,0.6322970710768826,8.418408085422347e-05,0.0002937882477512577,0.44033155700333687,0.44240603599458034,44.2196117110513,nan,nan,nan,nan
2693.6162054018005,nan,0.6444037130550082,0.631752657206639,8.313646999905097e-05,0.0002902690342248326,0.4403310173284911,0.44240452854893075,44.19976912802184,nan,nan,nan,nan
2694.6315438479496,nan,0.643847739998854,0.6312089462611928,8.210146900068482e-05,0.0002867904851878982,0.44033047749191956,0.4424030222505225,44.17994610121315,nan,nan,nan,nan
2695.6468822940983,nan,0.6432925005185381,0.630665937029138,8.107893158772661e-05,0.00028335214934181144,0.440329937493779,0.44240151710179954,44.16014259889529,nan,nan,nan,nan
2696.662220740247,nan,0.6427379938851844,0.6301236282990681,8.006871311626255e-05,0.00027995358017159376,0.4403293973342263,0.4424000131052054,44.1403585893384,nan,nan,nan,nan
2697.6775591863957,nan,0.6421842193699168,0.6295820188595769,7.907067055259853e-05,0.0002765943358978592,0.4403288570134184,0.4423985102631838,44.12059404081254,nan,nan,nan,nan
2698.6928976325444,nan,0.6416311762438591,0.6290411074992582,7.808466245617774e-05,0.0002732739794292274,0.440328316531512,0.4423970085781783,44.100848921587826,nan,nan,nan,nan
2699.708236078693,nan,0.6410788637781355,0.6285008930067056,7.711054896265235e-05,0.00026999207831512683,0.44032777588866406,0.4423955080526328,44.08112319993434,nan,nan,nan,nan
2700.7235745248418,nan,0.6405272812438696,0.6279613741705131,7.614819176714077e-05,0.0002667482046990957,0.4403272350850313,0.4423940086889907,44.06141684412219,nan,nan,nan,nan
2701.7389129709904,nan,0.6399764279121853,0.6274225497792744,7.519745410764491e-05,0.00026354193527249704,0.44032669412077075,0.44239251048969574,44.04172982242145,nan,nan,nan,nan
2702.754251417139,nan,0.6394263030542067,0.6268844186215828,7.425820074863976e-05,0.00026037285122868913,0.44032615299603906,0.4423910134571918,44.02206210310224,nan,nan,nan,nan
2703.769589863288,nan,0.6388769059410575,0.6263469794860326,7.333029796482004e-05,0.0002572405382176029,0.4403256117109934,0.44238951759392225,44.00241365443465,nan,nan,nan,nan
2704.7849283094365,nan,0.6383282358438617,0.6258102311612175,7.241361352501771e-05,0.00025414458630077294,0.44032507026579015,0.4423880229023309,43.98278444468876,nan,nan,nan,nan
2705.800266755585,nan,0.6377802920337431,0.6252741724357309,7.150801667628121e-05,0.0002510845899067949,0.4403245286605865,0.4423865293848615,43.96317444213469,nan,nan,nan,nan
2706.815605201734,nan,0.6372330737818258,0.6247388020981668,7.06133781281084e-05,0.0002480601477871802,0.4403239868955393,0.4423850370439576,43.9435836150425,nan,nan,nan,nan
2707.8309436478826,nan,0.6366865803592334,0.624204118937119,6.97295700368466e-05,0.00024507086297265835,0.4403234449708052,0.4423835458820629,43.92401193168232,nan,nan,nan,nan
2708.8462820940313,nan,0.63614081103709,0.6236701217411809,6.885646599024631e-05,0.00024211634272988008,0.44032290288654125,0.44238205590162116,43.904459360324225,nan,nan,nan,nan
2709.86162054018,nan,0.6355957650865194,0.6231368092989467,6.799394099216965e-05,0.00023919619851852812,0.4403223606429042,0.4423805671050759,43.8849258692383,nan,nan,nan,nan
2710.8769589863286,nan,0.6350514417786456,0.6226041803990097,6.714187144745765e-05,0.00023631004594884975,0.440321818240051,0.44237907949487076,43.86541142669468,nan,nan,nan,nan
2711.892297432478,nan,0.6345078403845923,0.622072233829964,6.63001351469458e-05,0.00023345750473957762,0.4403212756781383,0.4423775930734496,43.84591600096343,nan,nan,nan,nan
2712.9076358786265,nan,0.6339649601754838,0.6215409683804033,6.546861125263505e-05,0.0002306381986762629,0.4403207329573231,0.44237610784325604,43.82643956031464,nan,nan,nan,nan
2713.922974324775,nan,0.6334228004224434,0.6210103828389213,6.464718028300928e-05,0.00022785175556999432,0.44032019007776224,0.44237462380673365,43.80698207301843,nan,nan,nan,nan
2714.938312770924,nan,0.6328813603965956,0.6204804759941117,6.383572409850749e-05,0.00022509780721652927,0.44031964703961257,0.4423731409663262,43.78754350734488,nan,nan,nan,nan
2715.9536512170725,nan,0.6323406393690642,0.6199512466345684,6.303412588713579e-05,0.0002223759893557911,0.44031910384303097,0.4423716593244772,43.7681238315641,nan,nan,nan,nan
2716.9689896632212,nan,0.6318006366109726,0.619422693548885,6.224227015023097e-05,0.0002196859416317699,0.44031856048817414,0.4423701788836306,43.74872301394616,nan,nan,nan,nan
2717.98432810937,nan,0.6312613513934453,0.6188948155256553,6.14600426883681e-05,0.00021702730755280634,0.4403180169751992,0.4423686996462298,43.729341022761176,nan,nan,nan,nan
2718.9996665555186,nan,0.6307227829876058,0.618367611353473,6.0687330587406534e-05,0.00021439973445223817,0.44031747330426263,0.44236722161471853,43.70997782627923,nan,nan,nan,nan
2720.0150050016673,nan,0.6301849306645781,0.6178410798209317,5.992402220468495e-05,0.00021180287344944767,0.4403169294755216,0.4423657447915406,43.69063339277042,nan,nan,nan,nan
2721.030343447816,nan,0.6296477936954861,0.6173152197166256,5.917000715535182e-05,0.000209236379411265,0.44031638548913277,0.4423642691791396,43.67130769050485,nan,nan,nan,nan
2722.0456818939647,nan,0.6291113713514538,0.6167900298291481,5.8425176298836746e-05,0.00020669991091374729,0.44031584134525315,0.4423627947799591,43.652000687752604,nan,nan,nan,nan
2723.0610203401134,nan,0.6285756629036048,0.616265508947093,5.768942172545841e-05,0.00020419313020431985,0.4403152970440394,0.4423613215964429,43.63271235278379,nan,nan,nan,nan
2724.076358786262,nan,0.6280406676230634,0.6157416558590542,5.696263674317069e-05,0.0002017157031642862,0.44031475258564856,0.4423598496310347,43.61344265386849,nan,nan,nan,nan
2725.0916972324108,nan,0.6275063847809532,0.6152184693536252,5.624471586444492e-05,0.00019926729927170197,0.4403142079702374,0.4423583788861779,43.59419155927681,nan,nan,nan,nan
2726.1070356785594,nan,0.6269728136483983,0.6146959482193999,5.553555479328203e-05,0.00019684759156459063,0.4403136631979628,0.4423569093643165,43.57495903727883,nan,nan,nan,nan
2727.122374124708,nan,0.6264399534965224,0.6141740912449719,5.4835050412360666e-05,0.00019445625660452544,0.44031311826898156,0.44235544106789404,43.55574505614466,nan,nan,nan,nan
2728.137712570857,nan,0.6259078035964495,0.6136528972189352,5.4143100770315554e-05,0.00019209297444055726,0.44031257318345046,0.4423539739993541,43.536549584144396,nan,nan,nan,nan
2729.153051017006,nan,0.6253763632193035,0.6131323649298833,5.345960506914771e-05,0.00018975742857349628,0.4403120279415266,0.4423525081611405,43.51737258954812,nan,nan,nan,nan
2730.1683894631547,nan,0.6248456316362083,0.6126124931664101,5.2784463651761104e-05,0.00018744930592052889,0.4403114825433665,0.44235104355569677,43.49821404062594,nan,nan,nan,nan
2731.1837279093033,nan,0.6243156081182878,0.6120932807171093,5.211757798962595e-05,0.00018516829678017329,0.44031093698912727,0.4423495801854667,43.47907390564795,nan,nan,nan,nan
2732.199066355452,nan,0.6237862919366658,0.6115747263705749,5.145885067057246e-05,0.0001829140947975863,0.44031039127896565,0.442348118052894,43.45995215288424,nan,nan,nan,nan
2733.2144048016007,nan,0.6232576823624666,0.6110568289154003,5.080818538670887e-05,0.00018068639693020298,0.4403098454130385,0.4423466571604222,43.440848750604914,nan,nan,nan,nan
2734.2297432477494,nan,0.6227297786668134,0.6105395871401792,5.016548692245919e-05,0.00017848490341369273,0.44030929939150276,0.44234519751049495,43.42176366708006,nan,nan,nan,nan
2735.245081693898,nan,0.6222025801208306,0.6100229998335058,4.9530661142728884e-05,0.00017630931772826314,0.4403087532145152,0.44234373910555613,43.40269687057977,nan,nan,nan,nan
2736.260420140047,nan,0.6216760859956421,0.6095070657839734,4.890361498118846e-05,0.0001741593465652766,0.44030820688223266,0.44234228194804914,43.38364832937414,nan,nan,nan,nan
2737.2757585861955,nan,0.6211502955623716,0.608991783780176,4.8284256428681024e-05,0.00017203469979420246,0.44030766039481195,0.44234082604041786,43.36461801173327,nan,nan,nan,nan
2738.291097032344,nan,0.6206252080921428,0.6084771526107071,4.767249452174617e-05,0.00016993509042987983,0.44030711375241,0.4423393713851058,43.345605885927256,nan,nan,nan,nan
2739.306435478493,nan,0.6201008228560803,0.6079631710641608,4.706823933126288e-05,0.00016786023460010026,0.4403065669551836,0.4423379179845568,43.3266119202262,nan,nan,nan,nan
2740.3217739246415,nan,0.6195771391253073,0.6074498379291305,4.647140195120941e-05,0.00016580985151350508,0.44030602000328967,0.44233646584121433,43.307636082900174,nan,nan,nan,nan
2741.3371123707902,nan,0.619054156170948,0.6069371519942102,4.5881894487540295e-05,0.00016378366342779984,0.44030547289688504,0.44233501495752225,43.288678342219285,nan,nan,nan,nan
2742.352450816939,nan,0.6185318732641261,0.6064251120479935,4.529963004717618e-05,0.00016178139561826954,0.44030492563612655,0.44233356533592416,43.269738666453634,nan,nan,nan,nan
2743.3677892630876,nan,0.6180102896759658,0.6059137168790742,4.472452272710748e-05,0.0001598027763466021,0.4403043782211709,0.44233211697886365,43.250817023873324,nan,nan,nan,nan
2744.3831277092363,nan,0.6174894046775908,0.6054029652760461,4.4156487603612694e-05,0.00015784753683002176,0.44030383065217527,0.4423306698887845,43.231913382748424,nan,nan,nan,nan
2745.398466155385,nan,0.6169692175403323,0.6048928560265594,4.359544072158561e-05,0.00015591541121071488,0.44030328292928955,0.44232922406813663,43.21302771133904,nan,nan,nan,nan
2746.413804601534,nan,0.6164497275410403,0.6043833878931539,4.3041299083973215e-05,0.00015400613652555452,0.4403027350524859,0.44232777951953617,43.19415997763869,nan,nan,nan,nan
2747.429143047683,nan,0.6159309339609745,0.6038745596183038,4.249398064132528e-05,0.0001521194526761289,0.44030218702159374,0.442326336245732,43.175310149427936,nan,nan,nan,nan
2748.4444814938315,nan,0.6154128360729794,0.6033663699827733,4.195340428144886e-05,0.00015025510239905047,0.44030163883671447,0.4423248942492198,43.15647819489375,nan,nan,nan,nan
2749.45981993998,nan,0.6148954331312614,0.6028588178521335,4.14194898191727e-05,0.0001484128312365651,0.44030109049855126,0.4423234535319336,43.13766408312333,nan,nan,nan,nan
2750.475158386129,nan,0.6143787243645371,0.6023519022079381,4.0892157986215345e-05,0.0001465923875074394,0.4403005420086298,0.44232201409503946,43.118867784435025,nan,nan,nan,nan
2751.4904968322776,nan,0.613862708972554,0.6018456221635567,4.037133042116021e-05,0.00014479352227814006,0.4402999933694117,0.4423205759388309,43.10008927054635,nan,nan,nan,nan
2752.5058352784263,nan,0.6133473861259816,0.6013399769646658,3.985692965953481e-05,0.00014301598933429445,0.44029944458429726,0.4423191390627256,43.08132851457927,nan,nan,nan,nan
2753.521173724575,nan,0.6128327549696762,0.6008349659743977,3.9348879123991184e-05,0.00014125954515242553,0.4402988956575197,0.44231770346536337,43.06258549090249,nan,nan,nan,nan
2754.5365121707237,nan,0.612318814629316,0.6003305886431486,3.884710311458935e-05,0.0001395239488719663,0.4402983465939322,0.4423162691448065,43.04386017481106,nan,nan,nan,nan
2755.5518506168723,nan,0.6118055642214082,0.5998268444630432,3.835152679918379e-05,0.00013780896226755598,0.4402977973986836,0.4423148360988409,43.02515254204292,nan,nan,nan,nan
2756.567189063021,nan,0.6112930028661443,0.5993237329094426,3.7862076203905326e-05,0.00013611434972159153,0.4402972480768036,0.44231340432536365,43.006462568158085,nan,nan,nan,nan
2757.5825275091697,nan,0.6107811296896954,0.5988212534304994,3.737867820374796e-05,0.0001344398781970696,0.44029669863312926,0.4423119738224516,42.98779022842774,nan,nan,nan,nan
2758.5978659553184,nan,0.6102699438185375,0.5983194054729799,3.69012605132481e-05,0.00013278531721067495,0.44029614907248765,0.4423105445881911,42.969135498108415,nan,nan,nan,nan
2759.613204401467,nan,0.6097594443791463,0.5978181884836504,3.642975167726473e-05,0.00013115043880614725,0.44029559939970575,0.44230911662066835,42.95049835245656,nan,nan,nan,nan
2760.628542847616,nan,0.6092496304979976,0.5973176019092774,3.59640810618558e-05,0.0001295350175279096,0.44029504961961075,0.4423076899179697,42.93187876672867,nan,nan,nan,nan
2761.6438812937645,nan,0.6087405013015672,0.5968176451966271,3.550417884524617e-05,0.00012793883039494407,0.4402944997370295,0.4423062644781813,42.913276716181244,nan,nan,nan,nan
2762.659219739913,nan,0.608232055916331,0.5963183177924659,3.5049976008894706e-05,0.00012636165687494131,0.4402939497567892,0.44230484029938943,42.89469217607075,nan,nan,nan,nan
2763.6745581860623,nan,0.6077242934687649,0.5958196191435603,3.460140432865161e-05,0.00012480327885869443,0.4402933996837168,0.44230341737968026,42.876125121653686,nan,nan,nan,nan
2764.689896632211,nan,0.6072172130853444,0.5953215486966764,3.4158396366008924e-05,0.0001232634806347475,0.44029284952263936,0.44230199571714013,42.857575528186544,nan,nan,nan,nan
2765.7052350783597,nan,0.6067108138925457,0.5948241058985808,3.372088545944261e-05,0.00012174204886429498,0.44029229927838404,0.4423005753098552,42.83904337092579,nan,nan,nan,nan
2766.7205735245084,nan,0.6062050950168445,0.5943272901960398,3.32888057158466e-05,0.0001202387725563331,0.4402917489557778,0.44229915615591187,42.82052862512794,nan,nan,nan,nan
2767.735911970657,nan,0.6057000555847165,0.5938311010358198,3.286209200205383e-05,0.00011875344304304765,0.4402911985596477,0.4422977382533963,42.80203126604947,nan,nan,nan,nan
2768.7512504168058,nan,0.6051956947226377,0.5933355378646872,3.24406799364495e-05,0.0001172858539554569,0.44029064809482077,0.44229632160039467,42.783551268946866,nan,nan,nan,nan
2769.7665888629544,nan,0.6046920115570837,0.5928406001294081,3.2024505880669146e-05,0.0001158358011992844,0.44029009756612403,0.44229490619499334,42.7650886090766,nan,nan,nan,nan
2770.781927309103,nan,0.6041890052145305,0.5923462872767491,3.161350693138626e-05,0.00011440308293107918,0.4402895469783847,0.44229349203527857,42.74664326169518,nan,nan,nan,nan
2771.797265755252,nan,0.6036866748214539,0.5918525987534763,3.1207620912184774e-05,0.00011298749953456818,0.4402889963364296,0.44229207911933643,42.728215202059076,nan,nan,nan,nan
2772.8126042014005,nan,0.6031850195043295,0.5913595340063563,3.080678636551834e-05,0.00011158885359724743,0.44028844564508585,0.44229066744525325,42.70980440542479,nan,nan,nan,nan
2773.827942647549,nan,0.6026840383896335,0.5908670924821554,3.0410942544752068e-05,0.00011020694988719899,0.44028789490918063,0.4422892570111153,42.6914108470488,nan,nan,nan,nan
2774.843281093698,nan,0.6021837306038412,0.5903752736276399,3.0020029406289883e-05,0.00010884159533014396,0.4402873441335408,0.44228784781500874,42.67303450218759,nan,nan,nan,nan
2775.8586195398466,nan,0.601684095273429,0.5898840768895762,2.963398760178468e-05,0.00010749259898672385,0.4402867933229936,0.44228643985502,42.654675346097655,nan,nan,nan,nan
2776.8739579859953,nan,0.6011851315248724,0.5893935017147307,2.9252758470429082e-05,0.0001061597720300026,0.4402862424823659,0.44228503312923517,42.636333354035486,nan,nan,nan,nan
2777.889296432144,nan,0.6006868384846471,0.5889035475498697,2.8876284031328916e-05,0.00010484292772319739,0.4402856916164848,0.4422836276357406,42.61800850125756,nan,nan,nan,nan
2778.9046348782927,nan,0.6001892152792291,0.5884142138417594,2.8504506975956753e-05,0.00010354188139763003,0.4402851407301775,0.44228222337262246,42.599700763020365,nan,nan,nan,nan
2779.9199733244413,nan,0.5996922610350943,0.5879255000371665,2.8137370660685327e-05,0.00010225645043089891,0.4402845898282709,0.44228082033796706,42.581410114580386,nan,nan,nan,nan
2780.9353117705905,nan,0.5991959748787183,0.5874374055828571,2.7774819099398272e-05,0.00010098645422526329,0.4402840389155921,0.4422794185298606,42.56313653119412,nan,nan,nan,nan
2781.950650216739,nan,0.5987003559365771,0.5869499299255977,2.7416796956181884e-05,9.97317141862534e-05,0.4402834879969681,0.4422780179463892,42.54487998811804,nan,nan,nan,nan
2782.965988662888,nan,0.5982054033351465,0.5864630725121547,2.70632495380914e-05,9.849205370148452e-05,0.4402829370772259,0.44227661858563944,42.52664046060865,nan,nan,nan,nan
2783.9813271090366,nan,0.5977111162009023,0.5859768327892941,2.6714122787995197e-05,9.726729811968771e-05,0.44028238616119275,0.4422752204456972,42.50841792392242,nan,nan,nan,nan
2784.9966655551852,nan,0.5972174936603203,0.5854912102037827,2.6369363277495282e-05,9.605727472995206e-05,0.44028183525369546,0.44227382352464895,42.49021235331585,nan,nan,nan,nan
2786.012004001334,nan,0.5967245348398764,0.5850062042023867,2.6028918199920575e-05,9.486181274116653e-05,0.44028128435956126,0.44227242782058085,42.472023724045414,nan,nan,nan,nan
2787.0273424474826,nan,0.5962322388660461,0.5845218142318724,2.569273536339705e-05,9.36807432616774e-05,0.4402807334836171,0.4422710333315792,42.453852011367616,nan,nan,nan,nan
2788.0426808936313,nan,0.5957406048653057,0.5840380397390064,2.5360763183990594e-05,9.251389927914609e-05,0.44028018263069,0.4422696400557302,42.435697190538924,nan,nan,nan,nan
2789.05801933978,nan,0.5952496319641306,0.5835548801705545,2.5032950678920433e-05,9.136111564060151e-05,0.44027963180560725,0.4422682479911201,42.41755923681583,nan,nan,nan,nan
2790.0733577859287,nan,0.5947593192889968,0.5830723349732836,2.4709247459849463e-05,9.022222903270962e-05,0.44027908101319563,0.44226685713583513,42.39943812545484,nan,nan,nan,nan
2791.0886962320774,nan,0.5942696659663802,0.5825904035939597,2.4389603726239912e-05,8.909707796221958e-05,0.4402785302582821,0.4422654674879615,42.381333831712425,nan,nan,nan,nan
2792.104034678226,nan,0.5937806711227565,0.5821090854793495,2.4073970258785636e-05,8.798550273662806e-05,0.44027797954569414,0.4422640790455856,42.36324633084506,nan,nan,nan,nan
2793.1193731243748,nan,0.5932923338846015,0.5816283800762191,2.376229841290887e-05,8.688734544501832e-05,0.4402774288802585,0.4422626918067936,42.34517559810925,nan,nan,nan,nan
2794.1347115705235,nan,0.592804653378391,0.5811482868313349,2.3454540112330446e-05,8.580244993910711e-05,0.4402768782668022,0.44226130576967176,42.32712160876149,nan,nan,nan,nan
2795.150050016672,nan,0.592317628730601,0.5806688051914634,2.3150647842706042e-05,8.473066181447383e-05,0.4402763277101524,0.4422599209323062,42.309084338058234,nan,nan,nan,nan
2796.165388462821,nan,0.5918312590677072,0.5801899346033706,2.2850574645331685e-05,8.367182839198361e-05,0.44027577721513617,0.4422585372927834,42.29106376125599,nan,nan,nan,nan
2797.1807269089695,nan,0.5913455435161853,0.5797116745138233,2.2554274110915215e-05,8.262579869939336e-05,0.44027522678658043,0.44225715484918937,42.27305985361125,nan,nan,nan,nan
2798.1960653551187,nan,0.5908604812025113,0.5792340243695876,2.2261700373414723e-05,8.159242345314556e-05,0.4402746764293123,0.44225577359961044,42.25507259038049,nan,nan,nan,nan
2799.2114038012674,nan,0.5903760712531609,0.57875698361743,2.197280810394357e-05,8.057155504034807e-05,0.44027412614815886,0.442254393542133,42.237101946820204,nan,nan,nan,nan
2800.226742247416,nan,0.5898923127946103,0.578280551704117,2.168755250473914e-05,7.956304750093141e-05,0.44027357594794714,0.4422530146748431,42.21914789818689,nan,nan,nan,nan
2801.2420806935647,nan,0.5894092049533346,0.5778047280764143,2.1405889303197457e-05,7.856675650999098e-05,0.4402730258335042,0.44225163699582704,42.20121041973701,nan,nan,nan,nan
2802.2574191397134,nan,0.5889267468558104,0.5773295121810891,2.1127774745970024e-05,7.758253936030236e-05,0.44027247580965706,0.4422502605031712,42.18328948672706,nan,nan,nan,nan
2803.272757585862,nan,0.5884449376285129,0.5768549034649071,2.0853165593125338e-05,7.661025494501863e-05,0.44027192588123276,0.4422488851949615,42.16538507441352,nan,nan,nan,nan
2804.288096032011,nan,0.5879637763979182,0.5763809013746352,2.058201911237307e-05,7.564976374054366e-05,0.44027137605305844,0.4422475110692845,42.1474971580529,nan,nan,nan,nan
2805.3034344781595,nan,0.587483262290502,0.5759075053570393,2.0314293073348148e-05,7.470092778957156e-05,0.44027082632996095,0.4422461381242264,42.12962571290167,nan,nan,nan,nan
2806.318772924308,nan,0.5870033944327402,0.5754347148588858,2.00499457419582e-05,7.376361068430544e-05,0.44027027671676755,0.44224476635787335,42.11177071421632,nan,nan,nan,nan
2807.334111370457,nan,0.5865241719511087,0.5749625293269414,1.9788935874791574e-05,7.283767754984638e-05,0.4402697272183051,0.44224339576831145,42.09393213725334,nan,nan,nan,nan
2808.3494498166056,nan,0.5860455939720832,0.5744909482079721,1.9531222713583405e-05,7.192299502774376e-05,0.4402691778394008,0.4422420263536273,42.0761099572692,nan,nan,nan,nan
2809.3647882627542,nan,0.5855676596221395,0.5740199709487445,1.9276765979743653e-05,7.101943125972167e-05,0.4402686285848817,0.44224065811190694,42.05830414952042,nan,nan,nan,nan
2810.380126708903,nan,0.5850903680277535,0.5735495969960247,1.9025525868942282e-05,7.012685587156492e-05,0.4402680794595748,0.4422392910412367,42.04051468926345,nan,nan,nan,nan
2811.3954651550516,nan,0.584613718315401,0.5730798257965795,1.877746304575351e-05,6.92451399571717e-05,0.44026753046830713,0.44223792513970267,42.022741551754805,nan,nan,nan,nan
2812.4108036012003,nan,0.5841377096115579,0.5726106567971748,1.8532538638357558e-05,6.837415606276828e-05,0.44026698161590583,0.4422365604053912,42.00498471225096,nan,nan,nan,nan
2813.426142047349,nan,0.5836623410426998,0.5721420894445771,1.829071423329892e-05,6.75137781712824e-05,0.4402664329071978,0.4422351968363887,41.9872441460084,nan,nan,nan,nan
2814.4414804934977,nan,0.5831876117353028,0.5716741231855529,1.8051951870301605e-05,6.666388168687777e-05,0.4402658843470102,0.4422338344307811,41.96951982828361,nan,nan,nan,nan
2815.456818939647,nan,0.5827135208158423,0.5712067574668684,1.7816214037140845e-05,6.582434341964834e-05,0.4402653359401701,0.44223247318665493,41.95181173433309,nan,nan,nan,nan
2816.4721573857955,nan,0.5822400674107945,0.57073999173529,1.7583463664569342e-05,6.499504157046583e-05,0.4402647876915044,0.4422311131020962,41.93411983941331,nan,nan,nan,nan
2817.487495831944,nan,0.5817672506466351,0.5702738254375841,1.7353664121297613e-05,6.41758557159797e-05,0.44026423960584027,0.44222975417519117,41.916444118780774,nan,nan,nan,nan
2818.502834278093,nan,0.58129506964984,0.569808258020517,1.7126779209030566e-05,6.336666679377767e-05,0.4402636916880047,0.44222839640402634,41.89878454769196,nan,nan,nan,nan
2819.5181727242416,nan,0.5808235235468848,0.5693432889308552,1.6902773157556273e-05,6.256735708769256e-05,0.44026314394282484,0.44222703978668765,41.88114110140336,nan,nan,nan,nan
2820.5335111703903,nan,0.5803526114642457,0.5688789176153648,1.6681610619887798e-05,6.177781021325945e-05,0.44026259637512766,0.4422256843212615,41.863513755171454,nan,nan,nan,nan
2821.548849616539,nan,0.579882332528398,0.5684151435208123,1.6463256667458454e-05,6.099791110332488e-05,0.4402620489897402,0.44222433000583417,41.84590248425272,nan,nan,nan,nan
2822.5641880626877,nan,0.579412685865818,0.5679519660939643,1.6247676785368052e-05,6.02275459937995e-05,0.4402615017914896,0.4422229768384919,41.82830726390367,nan,nan,nan,nan
2823.5795265088364,nan,0.5789436706029811,0.5674893847815866,1.6034836867682428e-05,5.946660240956355e-05,0.4402609547852028,0.44222162481732075,41.81072806938078,nan,nan,nan,nan
2824.594864954985,nan,0.5784752858663634,0.5670273990304461,1.5824703212781388e-05,5.8714969150507466e-05,0.44026040797570687,0.44222027394040725,41.79316487594052,nan,nan,nan,nan
2825.6102034011337,nan,0.5780075307824408,0.5665660082873087,1.561724251875908e-05,5.797253627772315e-05,0.4402598613678289,0.4422189242058374,41.77561765883941,nan,nan,nan,nan
2826.6255418472824,nan,0.5775404044776891,0.5661052119989413,1.5412421878873528e-05,5.723919509983405e-05,0.4402593149663959,0.4422175756116976,41.7580863933339,nan,nan,nan,nan
2827.640880293431,nan,0.5770739060785837,0.56564500961211,1.5210208777046288e-05,5.651483815946863e-05,0.440258768776235,0.44221622815607403,41.7405710546805,nan,nan,nan,nan
2828.65621873958,nan,0.5766080347116008,0.5651854005735808,1.5010571083409558e-05,5.5799359219867365e-05,0.4402582228021731,0.44221488183705293,41.723071618135705,nan,nan,nan,nan
2829.6715571857285,nan,0.5761427895032161,0.5647263843301205,1.4813477049902983e-05,5.509265325163254e-05,0.4402576770490374,0.4422135366527206,41.70558805895598,nan,nan,nan,nan
2830.686895631877,nan,0.5756781695799055,0.5642679603284951,1.461889530591871e-05,5.4394616419615575e-05,0.4402571315216548,0.44221219260116323,41.68812035239782,nan,nan,nan,nan
2831.702234078026,nan,0.5752141740681447,0.5638101280154714,1.4426794853991913e-05,5.370514606993243e-05,0.44025658622485253,0.44221084968046714,41.670668473717704,nan,nan,nan,nan
2832.717572524175,nan,0.5747508020944095,0.5633528868378154,1.4237145065539922e-05,5.3024140717119156e-05,0.4402560411634575,0.4422095078887185,41.653232398172136,nan,nan,nan,nan
2833.7329109703237,nan,0.5742880527851759,0.5628962362422938,1.4049915676648137e-05,5.2351500031420994e-05,0.4402554963422969,0.44220816722400347,41.63581210101759,nan,nan,nan,nan
2834.7482494164724,nan,0.5738259252669197,0.5624401756756725,1.3865076783899982e-05,5.1687124826205865e-05,0.44025495176619756,0.44220682768440844,41.61840755751057,nan,nan,nan,nan
2835.763587862621,nan,0.5733644186661165,0.5619847045847182,1.3682598840254345e-05,5.103091704551513e-05,0.4402544074399867,0.4422054892680197,41.60101874290754,nan,nan,nan,nan
2836.7789263087698,nan,0.5729035321092425,0.5615298224161973,1.3502452650966416e-05,5.0382779751737225e-05,0.44025386336849137,0.4422041519729234,41.583645632465,nan,nan,nan,nan
2837.7942647549185,nan,0.5724432647227731,0.561075528616876,1.3324609369554374e-05,4.974261711341336e-05,0.44025331955653846,0.44220281579720566,41.566288201439434,nan,nan,nan,nan
2838.809603201067,nan,0.5719836156331843,0.5606218226335207,1.3149040493809963e-05,4.911033439316887e-05,0.4402527760089552,0.44220148073895305,41.54894642508734,nan,nan,nan,nan
2839.824941647216,nan,0.571524583966952,0.5601687039128977,1.2975717861851387e-05,4.8485837935764673e-05,0.4402522327305686,0.4422001467962515,41.53162027866518,nan,nan,nan,nan
2840.8402800933645,nan,0.5710661688505518,0.5597161719017735,1.2804613648221296e-05,4.786903515627956e-05,0.4402516897262056,0.4421988139671875,41.514309737429464,nan,nan,nan,nan
2841.855618539513,nan,0.5706083694104599,0.5592642260469142,1.2635700360025957e-05,4.725983452840936e-05,0.44025114700069334,0.4421974822498471,41.49701477663666,nan,nan,nan,nan
2842.870956985662,nan,0.5701511847731517,0.5588128657950864,1.2468950833118282e-05,4.665814557289326e-05,0.4402506045588589,0.4421961516423166,41.47973537154328,nan,nan,nan,nan
2843.8862954318106,nan,0.5696946140651032,0.5583620905930564,1.2304338228320625e-05,4.606387884605271e-05,0.4402500624055292,0.44219482214268235,41.46247149740579,nan,nan,nan,nan
2844.9016338779593,nan,0.5692386564127903,0.5579118998875905,1.2141836027690952e-05,4.5476945928456505e-05,0.44024952054553146,0.4421934937490305,41.44522312948068,nan,nan,nan,nan
2845.916972324108,nan,0.5687833109474021,0.5574622931276645,1.1981418030829161e-05,4.489725941370068e-05,0.44024897898375215,0.44219216645944287,41.4279902429453,nan,nan,nan,nan
2846.9323107702567,nan,0.5683285768190505,0.5570132697711235,1.182305835122389e-05,4.432473289730485e-05,0.4402484377253175,0.4421908402719843,41.41077281265939,nan,nan,nan,nan
2847.9476492164054,nan,0.5678744531724187,0.5565648292732686,1.16667314126395e-05,4.375928096572427e-05,0.44024789677528453,0.44218951518472427,41.393570813573746,nan,nan,nan,nan
2848.962987662554,nan,0.5674209391172484,0.5561169710730223,1.1512411945542957e-05,4.3200819185477034e-05,0.4402473561382688,0.44218819119576436,41.376384221225806,nan,nan,nan,nan
2849.978326108703,nan,0.5669680337072092,0.555669694583024,1.1360074983570324e-05,4.264926409238563e-05,0.44024681581817665,0.44218686830325743,41.35921301209425,nan,nan,nan,nan
2850.993664554852,nan,0.5665157359271465,0.555222999183653,1.1209695860031307e-05,4.210453318092773e-05,0.4402462758180439,0.44218554650541947,41.342057163813166,nan,nan,nan,nan
2852.0090030010006,nan,0.5660640446887136,0.5547768842209811,1.106125020445299e-05,4.156654489370049e-05,0.44024573613998086,0.4421842258005335,41.324916655245296,nan,nan,nan,nan
2853.0243414471493,nan,0.5656129588343826,0.5543313490086523,1.0914713939161366e-05,4.103521861099396e-05,0.4402451967852229,0.4421829061869459,41.307791466414784,nan,nan,nan,nan
2854.039679893298,nan,0.5651624771498367,0.5538863928336921,1.0770063275900677e-05,4.0510474640473866e-05,0.4402446577542872,0.44218158766305504,41.29068157829909,nan,nan,nan,nan
2855.0550183394466,nan,0.5647125983847453,0.5534420149662442,1.062727471249026e-05,3.9992234206972825e-05,0.44024411904723554,0.44218027022729245,41.273586972480246,nan,nan,nan,nan
2856.0703567855953,nan,0.564263321281917,0.5529982146732375,1.048632502951761e-05,3.9480419442386146e-05,0.4402435806640429,0.4421789538780957,41.256507630655435,nan,nan,nan,nan
2857.085695231744,nan,0.5638146446029229,0.5525549912303944,1.0347191287068748e-05,3.8974953375675955e-05,0.44024304260492153,0.4421776386138852,41.2394435342069,nan,nan,nan,nan
2858.1010336778927,nan,0.5633665671146906,0.5521123439159493,1.0209850821494477e-05,3.8475759922979415e-05,0.4402425048701514,0.4421763244330767,41.22239466442697,nan,nan,nan,nan
2859.1163721240414,nan,0.5629190875841485,0.5516702720081359,1.0074281242212069e-05,3.7982763877819136e-05,0.4402419674600125,0.44217501133408565,41.20536100260791,nan,nan,nan,nan
2860.13171057019,nan,0.5624722047782246,0.5512287747851883,9.940460428542669e-06,3.7495890901417755e-05,0.4402414303747848,0.4421736993153277,41.18834253004205,nan,nan,nan,nan
2861.1470490163388,nan,0.5620259174638467,0.5507878515253406,9.808366526583706e-06,3.701506751311392e-05,0.4402408936147485,0.4421723883752183,41.17133922802167,nan,nan,nan,nan
2862.1623874624875,nan,0.5615802244079432,0.5503475015068264,9.677977946115976e-06,3.654022108087905e-05,0.4402403571801833,0.4421710785121731,41.154351077839095,nan,nan,nan,nan
2863.177725908636,nan,0.561135124377442,0.5499077240078802,9.549273357544713e-06,3.6071279811932855e-05,0.4402398210713694,0.4421697697246078,41.13737806078662,nan,nan,nan,nan
2864.193064354785,nan,0.5606906161392711,0.5494685183067356,9.422231688874936e-06,3.5608172743458564e-05,0.44023928528858675,0.44216846201093785,41.12042015815655,nan,nan,nan,nan
2865.2084028009335,nan,0.5602466984603588,0.5490298836816268,9.296832122720124e-06,3.515082973341513e-05,0.4402387498321154,0.44216715536957873,41.10347735124118,nan,nan,nan,nan
2866.223741247082,nan,0.5598033701076329,0.5485918194107876,9.17305409334452e-06,3.469918145144766e-05,0.44023821470223523,0.44216584979894624,41.08654962133282,nan,nan,nan,nan
2867.2390796932314,nan,0.5593606298480218,0.5481543247724522,9.050877283737227e-06,3.425315936988963e-05,0.44023767989922646,0.44216454529745586,41.06963694972379,nan,nan,nan,nan
2868.25441813938,nan,0.5589184764484534,0.5477173990448545,8.930281622720548e-06,3.3812695754866386e-05,0.4402371454233689,0.44216324186352307,41.052739317706354,nan,nan,nan,nan
2869.2697565855287,nan,0.5584769086758556,0.5472810415062286,8.811247282088863e-06,3.337772365748635e-05,0.4402366112749426,0.4421619394955636,41.03585670657285,nan,nan,nan,nan
2870.2850950316774,nan,0.5580359252971567,0.5468452514348083,8.69375467378001e-06,3.294817690512775e-05,0.4402360774542276,0.44216063819199297,41.018989097615574,nan,nan,nan,nan
2871.300433477826,nan,0.5575955250792849,0.5464100281088278,8.577784447078525e-06,3.252399009281863e-05,0.4402355439615039,0.44215933795122675,41.00213647212682,nan,nan,nan,nan
2872.315771923975,nan,0.557155706789168,0.5459753708065209,8.463317485849375e-06,3.2105098574705586e-05,0.4402350107970514,0.4421580387716806,40.98529881139891,nan,nan,nan,nan
2873.3311103701235,nan,0.5567164691937341,0.5455412788061218,8.35033490580269e-06,3.169143845561317e-05,0.4402344779611503,0.4421567406517699,40.968476096724125,nan,nan,nan,nan
2874.346448816272,nan,0.5562778110599113,0.5451077513858644,8.238818051789728e-06,3.128294658269532e-05,0.44023394545408034,0.4421554435899103,40.951668309394776,nan,nan,nan,nan
2875.361787262421,nan,0.5558397311546277,0.5446747878239826,8.128748495127726e-06,3.08795605371705e-05,0.44023341327612175,0.44215414758451754,40.93487543070317,nan,nan,nan,nan
2876.3771257085696,nan,0.5554022282448113,0.5442423873987104,8.020108030955673e-06,3.0481218626148108e-05,0.4402328814275545,0.44215285263400705,40.9180974419416,nan,nan,nan,nan
2877.3924641547183,nan,0.5549653010973904,0.5438105493882819,7.9128786756194e-06,3.008785987454075e-05,0.44023234990865845,0.44215155873679446,40.901334324402384,nan,nan,nan,nan
2878.407802600867,nan,0.5545289484792927,0.5433792730709311,7.807042664085442e-06,2.969942401706063e-05,0.44023181871971373,0.44215026589129536,40.88458605937781,nan,nan,nan,nan
2879.4231410470156,nan,0.5540931691574467,0.5429485577248919,7.702582447384307e-06,2.9315851490302566e-05,0.4402312878610004,0.44214897409592513,40.86785262816021,nan,nan,nan,nan
2880.4384794931643,nan,0.5536579618987799,0.5425184026283983,7.599480690082478e-06,2.8937083424911518e-05,0.44023075733279826,0.4421476833490996,40.85113401204184,nan,nan,nan,nan
2881.453817939313,nan,0.5532233254702208,0.5420888070596843,7.497720267781998e-06,2.8563061637830786e-05,0.4402302271353874,0.44214639364923436,40.83443019231504,nan,nan,nan,nan
2882.4691563854617,nan,0.5527892586386975,0.541659770296984,7.397284264648913e-06,2.819372862463551e-05,0.4402296972690478,0.4421451049947448,40.817741150272106,nan,nan,nan,nan
2883.4844948316104,nan,0.5523557601711379,0.5412312916185311,7.298155970968818e-06,2.782902755194572e-05,0.4402291677340596,0.4421438173840466,40.801066867205336,nan,nan,nan,nan
2884.4998332777595,nan,0.5519228288344701,0.5408033703025599,7.200318880730125e-06,2.7468902249921038e-05,0.4402286385307027,0.4421425308155553,40.78440732440703,nan,nan,nan,nan
2885.515171723908,nan,0.551490463395622,0.5403760056273044,7.103756689234545e-06,2.711329720483585e-05,0.44022810965925707,0.44214124528768645,40.76776250316951,nan,nan,nan,nan
2886.530510170057,nan,0.5510586626215221,0.5399491968709983,7.0084532907338995e-06,2.6762157551731602e-05,0.44022758112000276,0.44213996079885576,40.751132384785066,nan,nan,nan,nan
2887.5458486162056,nan,0.5506274252790981,0.539522943311876,6.9143927760941954e-06,2.6415429067150167e-05,0.4402270529132198,0.4421386773474787,40.73451695054599,nan,nan,nan,nan
2888.5611870623543,nan,0.5501967501352785,0.5390972442281712,6.821559430485207e-06,2.6073058161941876e-05,0.44022652503918813,0.4421373949319709,40.71791618174461,nan,nan,nan,nan
2889.576525508503,nan,0.5497666359569907,0.5386720988981178,6.7299377310969085e-06,2.5734991874153613e-05,0.4402259974981878,0.442136113550748,40.701330059673204,nan,nan,nan,nan
2890.5918639546517,nan,0.5493370815111632,0.5382475065999501,6.639512344880564e-06,2.540117786198894e-05,0.44022547029049874,0.44213483320222524,40.6847585656241,nan,nan,nan,nan
2891.6072024008004,nan,0.5489080855647241,0.5378234666119018,6.550268126316454e-06,2.507156439684797e-05,0.44022494341640106,0.44213355388481856,40.66820168088958,nan,nan,nan,nan
2892.622540846949,nan,0.5484796468846015,0.5373999782122072,6.462190115205527e-06,2.474610035643709e-05,0.44022441687617464,0.4421322755969434,40.65165938676196,nan,nan,nan,nan
2893.6378792930977,nan,0.5480517642377231,0.5369770406791,6.375263534487022e-06,2.4424735217956444e-05,0.4402238906700996,0.4421309983370154,40.63513166453354,nan,nan,nan,nan
2894.6532177392464,nan,0.5476244363910173,0.5365546532908144,6.289473788079917e-06,2.4107419051357445e-05,0.4402233647984558,0.44212972210345003,40.61861849549662,nan,nan,nan,nan
2895.668556185395,nan,0.5471976621114121,0.5361328153255844,6.2048064587491505e-06,2.379410251267399e-05,0.44022283926152345,0.442128446894663,40.60211986094351,nan,nan,nan,nan
2896.683894631544,nan,0.5467714401658356,0.5357115260616439,6.121247305995867e-06,2.3484736837425e-05,0.44022231405958234,0.44212717270906976,40.58563574216651,nan,nan,nan,nan
2897.6992330776925,nan,0.5463457693212158,0.5352907847772267,6.038782263971669e-06,2.3179273834088278e-05,0.44022178919291266,0.442125899545086,40.56916612045792,nan,nan,nan,nan
2898.714571523841,nan,0.5459206483444807,0.5348705907505671,5.957397439415811e-06,2.2877665877642093e-05,0.44022126466179423,0.44212462740112735,40.55271097711005,nan,nan,nan,nan
2899.72990996999,nan,0.5454960760025587,0.534450943259899,5.877079109616496e-06,2.2579865903179032e-05,0.4402207404665072,0.44212335627560917,40.5362702934152,nan,nan,nan,nan
2900.745248416139,nan,0.5450720510623773,0.5340318415834563,5.797813720394966e-06,2.2285827399587315e-05,0.4402202166073315,0.44212208616694715,40.51984405066567,nan,nan,nan,nan
2901.7605868622877,nan,0.5446485722908653,0.533613284999473,5.719587884112297e-06,2.1995504403299753e-05,0.4402196930845471,0.44212081707355694,40.50343223015376,nan,nan,nan,nan
2902.7759253084364,nan,0.5442256384549502,0.5331952727861833,5.6423883776986e-06,2.1708851492109206e-05,0.4402191698984341,0.442119548993854,40.48703481317178,nan,nan,nan,nan
2903.791263754585,nan,0.5438032483215601,0.532777804221821,5.566202140705365e-06,2.1425823779053637e-05,0.4402186470492725,0.4421182819262539,40.470651781012045,nan,nan,nan,nan
2904.806602200734,nan,0.5433814006576234,0.5323608785846201,5.491016273378807e-06,2.114637690636298e-05,0.4402181245373421,0.4421170158691723,40.45428311496684,nan,nan,nan,nan
2905.8219406468825,nan,0.5429600942300679,0.5319444951528147,5.416818034756127e-06,2.0870467039475167e-05,0.4402176023629232,0.4421157508210247,40.43792879632848,nan,nan,nan,nan
2906.837279093031,nan,0.5425393278058218,0.5315286532046387,5.343594840782473e-06,2.0598050861113266e-05,0.44021708052629555,0.4421144867802269,40.42158880638925,nan,nan,nan,nan
2907.85261753918,nan,0.5421191001518132,0.5311133520183261,5.271334262449944e-06,2.0329085565428977e-05,0.4402165590277393,0.44211322374519413,40.40526312644147,nan,nan,nan,nan
2908.8679559853285,nan,0.5416994100349699,0.530698590872111,5.200024023957477e-06,2.006352885220834e-05,0.4402160378675344,0.4421119617143423,40.38895173777745,nan,nan,nan,nan
2909.883294431477,nan,0.5412802562222204,0.5302843690442273,5.129652000891812e-06,1.9801338921140548e-05,0.44021551704596085,0.4421107006860867,40.37265462168947,nan,nan,nan,nan
2910.898632877626,nan,0.5408616374804924,0.5298706858129089,5.060206218428856e-06,1.954247446614774e-05,0.44021499656329877,0.44210944065884306,40.35637175946985,nan,nan,nan,nan
2911.9139713237746,nan,0.5404435525767142,0.5294575404563898,4.991674849555819e-06,1.9286894669777015e-05,0.44021447641982797,0.44210818163102694,40.34010313241089,nan,nan,nan,nan
2912.9293097699233,nan,0.5400260002778137,0.5290449322529044,4.9240462133136085e-06,1.9034559197653333e-05,0.4402139566158285,0.44210692360105397,40.32384872180489,nan,nan,nan,nan
2913.944648216072,nan,0.5396089793507192,0.5286328604806863,4.857308773059054e-06,1.878542819299165e-05,0.4402134371515805,0.44210566656733963,40.307608508944156,nan,nan,nan,nan
2914.9599866622207,nan,0.5391924885623584,0.5282213244179693,4.791451134747179e-06,1.853946227116939e-05,0.44021291802736384,0.4421044105282995,40.291382475121,nan,nan,nan,nan
2915.9753251083694,nan,0.5387765266796597,0.5278103233429877,4.726462045232737e-06,1.829662251435643e-05,0.4402123992434585,0.44210315548234924,40.27517060162771,nan,nan,nan,nan
2916.990663554518,nan,0.538361092469551,0.5273998565339756,4.662330390591702e-06,1.8056870466205597e-05,0.4402118808001446,0.4421019014279044,40.25897286975658,nan,nan,nan,nan
2918.006002000667,nan,0.5379461846989605,0.5269899232691667,4.599045194461277e-06,1.782016812659822e-05,0.4402113626977021,0.4421006483633805,40.24278926079995,nan,nan,nan,nan
2919.021340446816,nan,0.5375318021348161,0.5265805228267952,4.536595616399473e-06,1.758647794644903e-05,0.44021084493641083,0.4420993962871932,40.22661975605009,nan,nan,nan,nan
2920.0366788929646,nan,0.5371179435440461,0.5261716544850951,4.474970950262939e-06,1.7355762822565577e-05,0.4402103275165511,0.4420981451977579,40.21046433679932,nan,nan,nan,nan
2921.0520173391133,nan,0.5367046076935783,0.5257633175223002,4.414160622603823e-06,1.7127986092565398e-05,0.44020981043840274,0.4420968950934905,40.19432298433994,nan,nan,nan,nan
2922.067355785262,nan,0.5362917933503409,0.5253555112166446,4.354154191084564e-06,1.6903111529846777e-05,0.44020929370224576,0.44209564597280626,40.178195679964254,nan,nan,nan,nan
2923.0826942314106,nan,0.5358794992812621,0.5249482348463625,4.294941342911147e-06,1.6681103338615546e-05,0.44020877730836006,0.44209439783412097,40.16208240496455,nan,nan,nan,nan
2924.0980326775593,nan,0.5354677242532699,0.5245414876896876,4.236511893284164e-06,1.6461926148965337e-05,0.44020826125702595,0.4420931506758501,40.14598314063316,nan,nan,nan,nan
2925.113371123708,nan,0.5350564670332922,0.524135269024854,4.178855783867763e-06,1.624554501201205e-05,0.4402077455485231,0.4420919044964092,40.129897868262375,nan,nan,nan,nan
2926.1287095698567,nan,0.5346457263882572,0.5237295781300957,4.121963081276011e-06,1.6031925395080785e-05,0.4402072301831317,0.442090659294214,40.113826569144486,nan,nan,nan,nan
2927.1440480160054,nan,0.5342355010850931,0.5233244142836466,4.06582397557672e-06,1.582103317694558e-05,0.44020671516113175,0.44208941506767996,40.097769224571806,nan,nan,nan,nan
2928.159386462154,nan,0.5338257898907277,0.5229197767637407,4.010428778812409e-06,1.5612834643120987e-05,0.4402062004828031,0.4420881718152226,40.081725815836634,nan,nan,nan,nan
2929.174724908303,nan,0.5334165915720893,0.5225156648486121,3.9557679235384505e-06,1.540729648120575e-05,0.4402056861484259,0.44208692953525763,40.06569632423128,nan,nan,nan,nan
2930.1900633544515,nan,0.5330079048961058,0.5221120778164949,3.901831961377737e-06,1.520438577627636e-05,0.44020517215828014,0.4420856882262006,40.04968073104806,nan,nan,nan,nan
2931.2054018006,nan,0.5325997286297054,0.5217090149456228,3.848611561592136e-06,1.5004070006331533e-05,0.4402046585126457,0.44208444788646695,40.033679017579246,nan,nan,nan,nan
2932.220740246749,nan,0.532192061539816,0.5213064755142299,3.7960975096705e-06,1.4806317037786959e-05,0.4402041452118028,0.44208320851447247,40.017691165117164,nan,nan,nan,nan
2933.2360786928975,nan,0.5317849023933658,0.5209044588005503,3.744280705932691e-06,1.4611095121018544e-05,0.4402036322560312,0.4420819701086326,40.00171715495411,nan,nan,nan,nan
2934.251417139046,nan,0.5313782499572828,0.5205029640828178,3.693152164149839e-06,1.4418372885954922e-05,0.4402031196456111,0.442080732667363,39.98575696838238,nan,nan,nan,nan
2935.2667555851954,nan,0.5309721029984953,0.5201019906392668,3.642703010180541e-06,1.4228119337718496e-05,0.4402026073808224,0.4420794961890791,39.969810586694294,nan,nan,nan,nan
2936.282094031344,nan,0.5305664602839311,0.5197015377481307,3.592924480622677e-06,1.4040303852313816e-05,0.4402020954619451,0.44207826067219663,39.95387799118214,nan,nan,nan,nan
2937.2974324774927,nan,0.5301613205805182,0.5193016046876439,3.5438079214810487e-06,1.3854896172364284e-05,0.44020158388925923,0.44207702611513106,39.93795916313823,nan,nan,nan,nan
2938.3127709236414,nan,0.529756682655185,0.5189021907360403,3.495344786849907e-06,1.3671866402893802e-05,0.44020107266304476,0.4420757925162981,39.92205408385486,nan,nan,nan,nan
2939.32810936979,nan,0.5293525452748596,0.5185032951715538,3.447526637611153e-06,1.3491185007156466e-05,0.4402005617835818,0.44207455987411326,39.906162734624345,nan,nan,nan,nan
2940.343447815939,nan,0.5289489072064697,0.5181049172724187,3.4003451401474927e-06,1.3312822802511765e-05,0.4402000512511502,0.442073328186992,39.890285096738985,nan,nan,nan,nan
2941.3587862620875,nan,0.5285457672169436,0.5177070563168685,3.353792065070486e-06,1.3136750956345172e-05,0.44019954106603004,0.4420720974533502,39.87442115149108,nan,nan,nan,nan
2942.374124708236,nan,0.5281431240732091,0.5173097115831378,3.3078592859630245e-06,1.2962940982032554e-05,0.4401990312285013,0.4420708676716031,39.85857088017293,nan,nan,nan,nan
2943.389463154385,nan,0.5277409765421947,0.51691288234946,3.2625387781368474e-06,1.2791364734950843e-05,0.440198521738844,0.44206963884016637,39.84273426407684,nan,nan,nan,nan
2944.4048016005336,nan,0.5273393233908281,0.5165165678940693,3.217822617404118e-06,1.2621994408531365e-05,0.44019801259733815,0.44206841095745575,39.82691128449511,nan,nan,nan,nan
2945.4201400466823,nan,0.5269381633860376,0.5161207674951998,3.1737029788633284e-06,1.2454802530357064e-05,0.4401975038042638,0.44206718402188666,39.811101922720056,nan,nan,nan,nan
2946.435478492831,nan,0.5265374952947512,0.5157254804310853,3.1301721356993116e-06,1.2289761958302875e-05,0.44019699535990076,0.4420659580318747,39.79530616004397,nan,nan,nan,nan
2947.4508169389796,nan,0.5261373178838971,0.5153307059799601,3.0872224579972232e-06,1.212684587671885e-05,0.4401964872645293,0.4420647329858355,39.779523977759155,nan,nan,nan,nan
2948.4661553851283,nan,0.5257376299204031,0.514936443420058,3.044846411570184e-06,1.1966027792655068e-05,0.4401959795184292,0.44206350888218454,39.76375535715792,nan,nan,nan,nan
2949.481493831277,nan,0.5253384301711973,0.5145426920296129,3.003036556800569e-06,1.1807281532128335e-05,0.44019547212188065,0.4420622857193375,39.74800027953257,nan,nan,nan,nan
2950.4968322774257,nan,0.524939717403208,0.5141494510868588,2.9617855474948497e-06,1.1650581236430517e-05,0.4401949650751635,0.44206106349570995,39.7322587261754,nan,nan,nan,nan
2951.5121707235744,nan,0.524541490383363,0.51375671987003,2.9210861297516484e-06,1.1495901358477314e-05,0.44019445837855775,0.4420598422097174,39.716530678378724,nan,nan,nan,nan
2952.5275091697235,nan,0.5241437478785906,0.5133644976573601,2.8809311408431062e-06,1.1343216659197998e-05,0.44019395203234357,0.4420586218597755,39.70081611743483,nan,nan,nan,nan
2953.5428476158722,nan,0.5237464886558187,0.5129727837270834,2.8413135081091183e-06,1.119250220396456e-05,0.4401934460368007,0.4420574024442998,39.68511502463604,nan,nan,nan,nan
2954.558186062021,nan,0.5233497114819756,0.5125815773574337,2.80222624786446e-06,1.1043733359060462e-05,0.4401929403922094,0.4420561839617059,39.669427381274645,nan,nan,nan,nan
2955.5735245081696,nan,0.5229534151239892,0.5121908778266452,2.7636624643187725e-06,1.0896885788189046e-05,0.44019243509884964,0.4420549664104093,39.65375316864295,nan,nan,nan,nan
2956.5888629543183,nan,0.5225575983487877,0.5118006844129516,2.725615348509115e-06,1.0751935449020538e-05,0.4401919301570012,0.4420537497888257,39.63809236803326,nan,nan,nan,nan
2957.604201400467,nan,0.5221622599232989,0.5114109963945871,2.6880781772448515e-06,1.0608858589777011e-05,0.44019142556694424,0.4420525340953705,39.62244496073788,nan,nan,nan,nan
2958.6195398466157,nan,0.5217673986144511,0.5110218130497856,2.651044312064927e-06,1.04676317458555e-05,0.4401909213289589,0.4420513193284595,39.60681092804911,nan,nan,nan,nan
2959.6348782927644,nan,0.5213730131891723,0.5106331336567811,2.614507198207433e-06,1.0328231736489105e-05,0.4401904174433249,0.442050105486508,39.59119025125925,nan,nan,nan,nan
2960.650216738913,nan,0.5209791024143906,0.5102449574938077,2.5784603635910366e-06,1.0190635661444541e-05,0.44018991391032236,0.4420488925679319,39.57558291166061,nan,nan,nan,nan
2961.6655551850617,nan,0.520585665057034,0.5098572838390992,2.5428974178083855e-06,1.0054820897756725e-05,0.4401894107302313,0.4420476805711465,39.55998889054549,nan,nan,nan,nan
2962.6808936312104,nan,0.5201926998840307,0.5094701119708899,2.5078120511312585e-06,9.920765096499563e-06,0.4401889079033318,0.4420464694945676,39.5444081692062,nan,nan,nan,nan
2963.696232077359,nan,0.5198002056623086,0.5090834411674134,2.4731980335275595e-06,9.788446179593526e-06,0.44018840542990373,0.4420452593366106,39.52884072893503,nan,nan,nan,nan
2964.711570523508,nan,0.5194081811587958,0.5086972707069041,2.439049213689489e-06,9.657842336647501e-06,0.4401879033102272,0.4420440500956912,39.5132865510243,nan,nan,nan,nan
2965.7269089696565,nan,0.5190166251404206,0.5083115998675956,2.405359518073368e-06,9.528932021836908e-06,0.44018740154458214,0.4420428417702248,39.497745616766295,nan,nan,nan,nan
2966.742247415805,nan,0.5186255363741108,0.507926427927722,2.3721229499505487e-06,9.401693950815984e-06,0.44018690013324857,0.44204163435862726,39.48221790745333,nan,nan,nan,nan
2967.757585861954,nan,0.5182349136267945,0.5075417541655174,2.339333588469684e-06,9.276107097665464e-06,0.4401863990765064,0.44204042785931397,39.466703404377704,nan,nan,nan,nan
2968.7729243081026,nan,0.5178447556653999,0.5071575778592159,2.3069855877296893e-06,9.152150691873107e-06,0.44018589837463584,0.44203922227070047,39.45120208883173,nan,nan,nan,nan
2969.7882627542517,nan,0.5174550612568549,0.5067738982870511,2.275073175863756e-06,9.029804215348663e-06,0.4401853980279167,0.44203801759120237,39.4357139421077,nan,nan,nan,nan
2970.8036012004004,nan,0.5170658291680877,0.5063907147272575,2.243590654134322e-06,8.909047399472968e-06,0.4401848980366291,0.4420368138192353,39.420238945497914,nan,nan,nan,nan
2971.818939646549,nan,0.5166770581660265,0.5060080264580686,2.2125323960382293e-06,8.789860222178335e-06,0.44018439840105295,0.44203561095321486,39.40477708029468,nan,nan,nan,nan
2972.834278092698,nan,0.5162887470175992,0.5056258327577188,2.1818928464228104e-06,8.672222905063202e-06,0.4401838991214683,0.44203440899155666,39.38932832779031,nan,nan,nan,nan
2973.8496165388465,nan,0.5159008944897338,0.5052441329044418,2.1516665206121606e-06,8.55611591053827e-06,0.4401834001981553,0.4420332079326761,39.373892669277105,nan,nan,nan,nan
2974.864954984995,nan,0.5155134993493584,0.5048629261764719,2.1218480035437417e-06,8.441519939004839e-06,0.4401829016313936,0.44203200777498897,39.358470086047355,nan,nan,nan,nan
2975.880293431144,nan,0.5151265603634013,0.5044822118520428,2.0924319489152453e-06,8.328415926065113e-06,0.44018240342146353,0.4420308085169107,39.34306055939338,nan,nan,nan,nan
2976.8956318772925,nan,0.5147400762987904,0.5041019892093885,2.0634130783413316e-06,8.216785039763135e-06,0.440181905568645,0.4420296101568568,39.32766407060747,nan,nan,nan,nan
2977.9109703234412,nan,0.5143540459224536,0.5037222575267433,2.0347861805205083e-06,8.106608677857479e-06,0.44018140807321793,0.4420284126932431,39.312280600981936,nan,nan,nan,nan
2978.92630876959,nan,0.5139684680013192,0.5033430160823408,2.0065461104116224e-06,7.997868465123748e-06,0.4401809109354624,0.4420272161244849,39.29691013180907,nan,nan,nan,nan
2979.9416472157386,nan,0.5135833413023153,0.5029642641544152,1.978687788420385e-06,7.890546250688584e-06,0.44018041415565834,0.44202602044899797,39.28155264438121,nan,nan,nan,nan
2980.9569856618873,nan,0.5131986645923698,0.5025860010212004,1.9512061995951052e-06,7.784624105392173e-06,0.4401799177340858,0.4420248256651979,39.266208119990615,nan,nan,nan,nan
2981.972324108036,nan,0.512814436638411,0.5022082259609306,1.9240963928322e-06,7.680084319181455e-06,0.44017942167102486,0.44202363177150017,39.25087653992961,nan,nan,nan,nan
2982.9876625541847,nan,0.5124306562073666,0.5018309382518396,1.8973534800911336e-06,7.576909398532851e-06,0.44017892596675545,0.4420224387663204,39.235557885490486,nan,nan,nan,nan
2984.0030010003334,nan,0.512047322066165,0.5014541371721614,1.8709726356183975e-06,7.475082063903073e-06,0.4401784306215575,0.4420212466480741,39.22025213796557,nan,nan,nan,nan
2985.018339446482,nan,0.511664432981734,0.50107782200013,1.844949095180871e-06,7.3745852472094425e-06,0.4401779356357111,0.44202005541517686,39.20495927864714,nan,nan,nan,nan
2986.0336778926307,nan,0.511281987721002,0.5007019920139795,1.8192781553081783e-06,7.275402089338305e-06,0.44017744100949624,0.4420188650660444,39.189679288827506,nan,nan,nan,nan
2987.04901633878,nan,0.5108999850508967,0.5003266464919437,1.7939551725440792e-06,7.177515937681821e-06,0.44017694674319285,0.4420176755990921,39.17441214979898,nan,nan,nan,nan
2988.0643547849286,nan,0.5105184237383464,0.4999517847122567,1.7689755627067158e-06,7.080910343702466e-06,0.44017645283708107,0.4420164870127356,39.159157842853865,nan,nan,nan,nan
2989.0796932310773,nan,0.5101373025502793,0.49957740595315253,1.7443348001575115e-06,6.985569060524611e-06,0.4401759592914408,0.4420152993053905,39.14391634928446,nan,nan,nan,nan
2990.095031677226,nan,0.5097566202536232,0.4992035094928652,1.720028417078938e-06,6.891476040554081e-06,0.4401754661065521,0.4420141124754725,39.12868765038307,nan,nan,nan,nan
2991.1103701233747,nan,0.5093763756153065,0.4988300946096287,1.6960520027607498e-06,6.798615433124213e-06,0.44017497328269495,0.44201292652139706,39.11347172744199,nan,nan,nan,nan
2992.1257085695233,nan,0.5089965674022568,0.49845716058167694,1.6724012028946802e-06,6.706971582168499e-06,0.4401744808201493,0.44201174144157973,39.098268561753535,nan,nan,nan,nan
2993.141047015672,nan,0.5086171943814026,0.49808470668724397,1.6490717188775584e-06,6.616529023919741e-06,0.4401739887191952,0.44201055723443605,39.083078134610005,nan,nan,nan,nan
2994.1563854618207,nan,0.5082382553196717,0.49771273220456375,1.626059307122743e-06,6.527272484635397e-06,0.44017349698011266,0.44200937389838185,39.0679004273037,nan,nan,nan,nan
2995.1717239079694,nan,0.5078597489839922,0.49734123641187034,1.6033597783796257e-06,6.439186878348239e-06,0.44017300560318173,0.44200819143183234,39.05273542112693,nan,nan,nan,nan
2996.187062354118,nan,0.5074816741412924,0.49697021858739754,1.5809689970614055e-06,6.3522573046431795e-06,0.4401725145886823,0.4420070098332034,39.037583097371986,nan,nan,nan,nan
2997.202400800267,nan,0.5071040295585001,0.4965996780093796,1.5588828805806953e-06,6.2664690464586885e-06,0.4401720239368945,0.44200582910091046,39.022443437331184,nan,nan,nan,nan
2998.2177392464155,nan,0.5067268140025434,0.49622961395605036,1.5370973986931596e-06,6.181807567913594e-06,0.44017153364809813,0.44200464923336913,39.00731642229681,nan,nan,nan,nan
2999.233077692564,nan,0.5063500262403505,0.4958600257056439,1.5156085728489717e-06,6.0982585121585756e-06,0.4401710437225733,0.4420034702289949,38.9922020335612,nan,nan,nan,nan
3000.248416138713,nan,0.5059736650388494,0.49549091253639405,1.4944124755519124e-06,6.0158076992517045e-06,0.4401705541606002,0.44200229208620356,38.97710025241662,nan,nan,nan,nan
3001.2637545848615,nan,0.5055977291649683,0.4951222737265349,1.4735052297262087e-06,5.934441124058523e-06,0.4401700649624586,0.4420011148034104,38.96201106015539,nan,nan,nan,nan
3002.2790930310102,nan,0.505222217385635,0.49475410855430046,1.4528830080909303e-06,5.854144954175997e-06,0.4401695761284286,0.4419999383790313,38.94693443806982,nan,nan,nan,nan
3003.294431477159,nan,0.5048471284677778,0.4943864162979248,1.4325420325417833e-06,5.7749055278798316e-06,0.44016908765879015,0.4419987628114817,38.9318703674522,nan,nan,nan,nan
3004.309769923308,nan,0.5044724611783247,0.49401919623564167,1.4124785735403275e-06,5.6967093520953014e-06,0.44016859955382326,0.4419975880991771,38.91681882959484,nan,nan,nan,nan
3005.3251083694568,nan,0.5040982142842036,0.4936524476456854,1.392688949510617e-06,5.6195431003916725e-06,0.44016811181380794,0.44199641424053315,38.90177980579004,nan,nan,nan,nan
3006.3404468156054,nan,0.5037243865523429,0.4932861698062896,1.373169526242777e-06,5.543393610998423e-06,0.4401676244390242,0.4419952412339655,38.886753277330115,nan,nan,nan,nan
3007.355785261754,nan,0.5033509767496704,0.49292036199568856,1.3539167163040532e-06,5.468247884845369e-06,0.440167137429752,0.4419940690778896,38.871739225507355,nan,nan,nan,nan
3008.371123707903,nan,0.5029779836431143,0.4925550234921162,1.3349269784566322e-06,5.394093083624095e-06,0.4401666507862715,0.4419928977707211,38.85673763161407,nan,nan,nan,nan
3009.3864621540515,nan,0.5026054059996028,0.49219015357380647,1.3161968170826353e-06,5.320916527872304e-06,0.44016616450886237,0.44199172731087555,38.841748476942556,nan,nan,nan,nan
3010.4018006002,nan,0.5022332425860636,0.4918257515189934,1.2977227816158703e-06,5.248705695079511e-06,0.440165678597805,0.44199055769676854,38.82677174278513,nan,nan,nan,nan
3011.417139046349,nan,0.501861492169425,0.49146181660591093,1.2795014659805288e-06,5.177448217814929e-06,0.44016519305337914,0.44198938892681566,38.811807410434085,nan,nan,nan,nan
3012.4324774924976,nan,0.5014901535166151,0.49109834811279307,1.261529508036448e-06,5.107131881876105e-06,0.4401647078758649,0.44198822099943247,38.79685546118172,nan,nan,nan,nan
3013.4478159386463,nan,0.501119225394562,0.4907353453178739,1.2438035890312153e-06,5.03774462445947e-06,0.44016422306554226,0.4419870539130345,38.78191587632035,nan,nan,nan,nan
3014.463154384795,nan,0.5007487065701937,0.4903728074993873,1.2263204330587315e-06,4.969274532351345e-06,0.4401637386226912,0.44198588766603736,38.76698863714226,nan,nan,nan,nan
3015.4784928309437,nan,0.5003785958104381,0.49001073393556727,1.209076806524292e-06,4.901709840139753e-06,0.44016325454759175,0.44198472225685675,38.75207372493978,nan,nan,nan,nan
3016.4938312770923,nan,0.5000088918822236,0.4896491239046479,1.1920695176161934e-06,4.8350389284470725e-06,0.4401627708405239,0.44198355768390807,38.7371711210052,nan,nan,nan,nan
3017.509169723241,nan,0.499639593552478,0.489287976684863,1.1752954157835703e-06,4.769250322182498e-06,0.4401622875017677,0.441982393945607,38.72228080663082,nan,nan,nan,nan
3018.5245081693897,nan,0.49927069958812953,0.4889272915544467,1.1587513912206072e-06,4.704332688814894e-06,0.4401618045316031,0.441981231040369,38.70740276310894,nan,nan,nan,nan
3019.5398466155384,nan,0.4989022087561061,0.48856706779163295,1.1424343743568976e-06,4.64027483666525e-06,0.44016132193031,0.4419800689666099,38.69253697173187,nan,nan,nan,nan
3020.555185061687,nan,0.49853411982333595,0.4882073046746558,1.1263413353540266e-06,4.577065713219084e-06,0.4401608396981686,0.441978907722745,38.67768341379191,nan,nan,nan,nan
3021.5705235078362,nan,0.498166431556747,0.4878480014817492,1.1104692836081202e-06,4.514694403457833e-06,0.4401603578354587,0.44197774730719,38.66284207058137,nan,nan,nan,nan
3022.585861953985,nan,0.4977991427232675,0.48748915749114713,1.0948152672584887e-06,4.453150128209839e-06,0.44015987634246057,0.44197658771836057,38.64801292339255,nan,nan,nan,nan
3023.6012004001336,nan,0.49743225208982533,0.48713077198108357,1.079376372702138e-06,4.3924222425200465e-06,0.440159395219454,0.441975428954672,38.633195953517756,nan,nan,nan,nan
3024.6165388462823,nan,0.49706575842334877,0.4867728442297926,1.0641497241141452e-06,4.332500234038511e-06,0.44015891446671895,0.44197427101454023,38.61839114224928,nan,nan,nan,nan
3025.631877292431,nan,0.49669966049076575,0.4864153735155082,1.049132482973853e-06,4.2733737214275605e-06,0.4401584340845356,0.4419731138963806,38.60359847087944,nan,nan,nan,nan
3026.6472157385797,nan,0.4963339570590044,0.4860583591164643,1.0343218475968215e-06,4.215032452787465e-06,0.4401579540731839,0.44197195759860874,38.58881792070053,nan,nan,nan,nan
3027.6625541847284,nan,0.49596864689499265,0.48570180031089477,1.019715052672305e-06,4.157466304099708e-06,0.44015747443294384,0.44197080211964024,38.57404947300485,nan,nan,nan,nan
3028.677892630877,nan,0.4956037287656587,0.4853456963770339,1.0053093688065283e-06,4.100665277689051e-06,0.44015699516409534,0.4419696474578907,38.55929310908472,nan,nan,nan,nan
3029.6932310770258,nan,0.49523920143793065,0.4849900465931155,9.911021020712765e-07,4.044619500702513e-06,0.44015651626691854,0.4419684936117756,38.54454881023242,nan,nan,nan,nan
3030.7085695231744,nan,0.4948750636787365,0.4846348502373735,9.77090593558145e-07,3.989319223606685e-06,0.4401560377416933,0.44196734057971065,38.529816557740276,nan,nan,nan,nan
3031.723907969323,nan,0.4945113142550044,0.4842801065880421,9.63272218938007e-07,3.934754818701673e-06,0.44015555958869973,0.44196618836011137,38.51509633290057,nan,nan,nan,nan
3032.739246415472,nan,0.4941479519336623,0.48392581492335507,9.496443880260023e-07,3.880916778652995e-06,0.44015508180821783,0.44196503695139333,38.50038811700563,nan,nan,nan,nan
3033.7545848616205,nan,0.4937849754816383,0.48357197452154654,9.362045443516405e-07,3.8277957150397655e-06,0.44015460440052745,0.44196388635197204,38.485691891347734,nan,nan,nan,nan
3034.769923307769,nan,0.49342238366586055,0.48321858466085044,9.229501647342438e-07,3.775382356920237e-06,0.44015412736590886,0.4419627365602632,38.4710076372192,nan,nan,nan,nan
3035.785261753918,nan,0.49306017525325696,0.48286564461950077,9.098787588634636e-07,3.723667549413606e-06,0.44015365070464185,0.4419615875746824,38.45633533591233,nan,nan,nan,nan
3036.8006002000666,nan,0.49269834901075577,0.48251315367573155,8.969878688849134e-07,3.672642252298354e-06,0.4401531744170064,0.44196043939364504,38.441674968719425,nan,nan,nan,nan
3037.8159386462153,nan,0.49233690370528493,0.48216111110777676,8.842750689908937e-07,3.62229753862706e-06,0.44015269850328276,0.44195929201556694,38.427026516932784,nan,nan,nan,nan
3038.8312770923644,nan,0.49197583810377254,0.48180951619387036,8.717379650159618e-07,3.572624593356784e-06,0.4401522229637507,0.4419581454388634,38.41238996184472,nan,nan,nan,nan
3039.846615538513,nan,0.4916151509731468,0.4814583682122463,8.593741940376155e-07,3.5236147119961007e-06,0.44015174779869026,0.44195699966195023,38.39776528474752,nan,nan,nan,nan
3040.861953984662,nan,0.4912548410803356,0.48110766644113884,8.471814239816025e-07,3.4752592992669368e-06,0.4401512730083815,0.441955854683243,38.38315246693351,nan,nan,nan,nan
3041.8772924308105,nan,0.49089490719226714,0.4807574101587816,8.351573532322343e-07,3.4275498677827312e-06,0.44015079859310435,0.4419547105011571,38.36855148969497,nan,nan,nan,nan
3042.892630876959,nan,0.4905353480758694,0.4804075986434088,8.232997102473638e-07,3.38047803674166e-06,0.44015032455313885,0.44195356711410816,38.35396233432423,nan,nan,nan,nan
3043.907969323108,nan,0.4901761624980705,0.48005823117325447,8.116062531780345e-07,3.3340355306349496e-06,0.4401498508887651,0.4419524245205119,38.33938498211357,nan,nan,nan,nan
3044.9233077692566,nan,0.48981734922579856,0.4797093070265525,8.000747694928103e-07,3.2882141779704175e-06,0.44014937760026296,0.4419512827187839,38.324819414355304,nan,nan,nan,nan
3045.9386462154052,nan,0.4894589070259804,0.4793608254815357,7.88703075606696e-07,3.243005910010898e-06,0.44014890468791146,0.44195014170733843,38.31026561234167,nan,nan,nan,nan
3046.953984661554,nan,0.4891008346655464,0.47901278581644036,7.774890165145163e-07,3.198402759527091e-06,0.4401484321519927,0.4419490014845934,38.295723557365086,nan,nan,nan,nan
3047.9693231077026,nan,0.4887431309114236,0.4786651873094995,7.664304654288741e-07,3.154396859565349e-06,0.44014795999278555,0.44194786204896336,38.28119323071781,nan,nan,nan,nan
3048.9846615538513,nan,0.48838579453054,0.47831802923894695,7.555253234224395e-07,3.110980442229476e-06,0.44014748821057015,0.44194672339886387,38.26667461369214,nan,nan,nan,nan
3050.0,nan,0.4880288242898238,0.47797131088301686,7.447715190746836e-07,3.0681458374770257e-06,0.44014701680562646,0.4419455855327105,38.252167687580375,nan,nan,nan,nan
