times,tm_orig,P_opt,P_original,P_extrapolated
0.0,0.0,1.0,1.0,1.051007269443175
0.09807032572523484,0.15298970813136636,0.9912207245544261,0.9788276765589522,1.009004395500587
0.1961406514504697,0.30597941626273273,0.9654284197175779,0.9184104753662449,0.960238039536543
0.29421097717570455,0.4589691243940991,0.9241692179388954,0.8268717872704039,0.905338033190759
0.3922813029009394,0.6119588325254655,0.8697437331056774,0.7145552668541559,0.8449629933962922
0.4903516286261742,0.7649485406568318,0.8048706694980369,0.5911523227926693,0.779794049178369
0.5884219543514091,0.9179382487881982,0.7323411155151545,0.46398112376657513,0.7105286956802548
0.6864922800766439,1.0709279569195647,0.6547332596438582,0.33770321876285503,0.6378748874866884
0.7845626058018788,1.223917665050931,0.5742271961877935,0.2151340741138463,0.5625455534640647
0.8826329315271136,1.3769073731822972,0.4925294643589637,0.0996399815935651,0.4852538882481485
0.9807032572523484,1.5298970813136636,0.41089091228327085,0.0424297773655596,0.4067102478881675
1.0787735829775833,1.6828867894450301,0.33019332133070833,0.13415607579134264,0.3276229529736362
1.1768439087028182,1.8358764975763964,0.25109040718831904,0.23199756806249736,0.2487108540715032
1.274914234428053,1.9888662057077626,0.17424920969238492,0.32209465097350176,0.17076303687283106
1.3729845601532877,2.1418559138391293,0.10114571331200535,0.4020337475955988,0.09499981397800815
1.4710548858785226,2.2948456219704956,0.042019246375523955,0.47034005693945713,0.029306270875522875
1.5691252116037575,2.447835330101862,0.06299879111159076,0.5260088953565338,0.06115409150063307
1.6671955373289924,2.600825038233228,0.12536061427860562,0.5684510303721091,0.12832945394960307
1.7652658630542273,2.7538147463645943,0.1890476048551685,0.5974574332605076,0.19397021845522683
1.863336188779462,2.906804454495961,0.2502579055608645,0.6131534829270459,0.25617679299081614
1.9614065145046968,3.0597941626273273,0.3079700697251556,0.6159511894590031,0.3143143747813812
2.059476840229932,3.2127838707586935,0.361604354284441,0.6065067559990787,0.3679731757530501
2.1575471659551666,3.3657735788900602,0.4107275339831939,0.5856852548758554,0.41683935221807056
2.2556174916804013,3.5187632870214265,0.45499462822026004,0.5545303194652952,0.46066526713543776
2.3536878174056364,3.6717529951527927,0.494135817216737,0.5142368625770696,0.4992600027823037
2.451758143130871,3.824742703284159,0.5279525735730084,0.466125280521905,0.5324853982534963
2.549828468856106,3.9777324114155252,0.5563146121149696,0.41161934867310657,0.5602537874325686
2.647898794581341,4.130722119546892,0.5791556827300983,0.35223244691765715,0.5825262172637935
2.7459691203065755,4.283711827678259,0.5964688484637812,0.2895748654390568,0.5993107031424841
2.8440394460318106,4.4367015358096245,0.6083009384972156,0.22542689353445866,0.6106603504654059
2.9421097717570452,4.589691243940991,0.6147473627425766,0.16204311258507453,0.6166712796226629
3.0401800974822804,4.742680952072357,0.6159473058863084,0.10353871882812705,0.6174803397553529
3.138250423207515,4.895670660203724,0.6120794437030066,0.06347763642529453,0.6132626204330291
3.2363207489327497,5.04866036833509,0.6033581202586193,0.07333257301317221,0.604228783964799
3.334391074657985,5.201650076466456,0.5900301178607679,0.11597396888263617,0.5906222504451268
3.4324614003832195,5.354639784597823,0.5723714139444863,0.16301888750987492,0.5727162760820536
3.5305317261084546,5.507629492729189,0.5506842281627266,0.20709606934794123,0.5508109752853766
3.6286020518336892,5.660619200860555,0.5252942301461155,0.24595482282888018,0.5252303512147816
3.726672377558924,5.813608908991922,0.4965477605751811,0.27858052677513717,0.49631942243739297
3.824742703284159,5.966598617123288,0.4648090239014777,0.30443829585246907,0.46444157316053747
3.9228130290093937,6.119588325254655,0.43045864002101264,0.32327013063643245,0.42997632735196323
4.020883354734629,6.272578033386021,0.3938917588193503,0.3350222507554601,0.39331788697058023
4.118953680459864,6.425567741517387,0.3555180936657469,0.3398106042445783,0.3548750574407191
4.217024006185098,6.578557449648754,0.3157643982926743,0.337898953201092,0.31507379003089586
4.315094331910333,6.7315471577801205,0.275082091962232,0.3296814776444855,0.2743649633243425
4.413164657635568,6.884536865911486,0.2339660727997237,0.3156671249614491,0.2332434936378829
4.5112349833608025,7.037526574042853,0.19300005449604038,0.29646512254948404,0.1922943740588977
4.609305309086038,7.190516282174219,0.15297223313463262,0.2727722488284025,0.15231041288812355
4.707375634811273,7.3435059903055855,0.11520417215315436,0.2453638401785845,0.11462684523855231
4.805445960536507,7.496495698436952,0.08258717865087631,0.2150924867556001,0.08217513725770664
4.903516286261742,7.649485406568318,0.06239111715552195,0.1829050118119865,0.06230256899244045
5.001586611986977,7.802475114699685,0.06508190584281862,0.1499029202501486,0.06535155287034787
5.099656937712212,7.9554648228310505,0.08667928978059943,0.11752015148038866,0.0870752649486725
5.1977272634374465,8.108454530962417,0.11541917522328929,0.08803855366999022,0.11580252868918169
5.295797589162682,8.261444239093784,0.14562364223607005,0.06593755715802625,0.14594666168129755
5.393867914887917,8.41443394722515,0.17515865375109485,0.05880818594677426,0.17540284083347765
5.491938240613151,8.567423655356517,0.20308374273358945,0.06906131174230382,0.20324040906656876
5.590008566338386,8.720413363487882,0.2288978240823279,0.08853760943839288,0.22896257863099853
5.688078892063621,8.873403071619249,0.2522946389585326,0.11019266597872278,0.2522656460633341
5.786149217788855,9.026392779750616,0.2730724775410638,0.13084890660322535,0.2729495058918474
5.8842195435140905,9.179382487881982,0.2910956215967663,0.14909317862932872,0.29087983652655003
5.982289869239326,9.332372196013349,0.3062764361914433,0.16422201132116768,0.30597021443627637
6.080360194964561,9.485361904144714,0.3185659246519882,0.1758684481989159,0.3181727171309405
6.178430520689795,9.63835161227608,0.32794819521712343,0.18386247825001953,0.3274724286036939
6.27650084641503,9.791341320407447,0.33443685014496133,0.18817081288220242,0.3338838406490017
6.374571172140265,9.944331028538814,0.338072337292779,0.18886656275593092,0.3374482092597426
6.472641497865499,10.09732073667018,0.3389197894512551,0.18611110703399888,0.33823140201390295
6.5707118235907345,10.250310444801546,0.33706718951686654,0.18014143026158566,0.3363220010733647
6.66878214931597,10.403300152932912,0.33262353125411764,0.17126037533521446,0.33182954381000174
6.766852475041205,10.556289861064279,0.3257171832743008,0.15982922552674583,0.3248828481855605
6.864922800766439,10.709279569195646,0.3164942915124828,0.14626316477985693,0.3156284104105568
6.962993126491674,10.862269277327012,0.30511726639168857,0.13103158540326768,0.30422889245262813
7.061063452216909,11.015258985458377,0.2917633437175859,0.11466776768401632,0.2908617458091314
7.159133777942143,11.168248693589744,0.2766234572395468,0.09779767137755228,0.27571805383305964
7.2572041036673784,11.32123840172111,0.2599014415620801,0.08120905029259026,0.25900172858962234
7.3552744293926136,11.474228109852477,0.24181380515886236,0.066001025236909,0.24092928777259423
7.453344755117848,11.627217817983844,0.2225904938390829,0.05384002093888317,0.22173059668083214
7.551415080843083,11.78020752611521,0.2024769310445677,0.047021320508964216,0.2016512580879779
7.649485406568318,11.933197234246576,0.18173971750724877,0.04717991950412565,0.18095791253921964
7.747555732293553,12.086186942377942,0.16067673233644678,0.05321711334877696,0.15994888346571565
7.845626058018787,12.23917665050931,0.13963796943961873,0.062339883107787916,0.13897504403985084
7.943696383744022,12.392166358640676,0.11906620903529228,0.0723042113623671,0.11848091810600893
8.041766709469258,12.545156066772043,0.09957785139560285,0.081808902180299,0.0990861823505116
8.139837035194493,12.698145774903407,0.08211835702865654,0.09014166775376777,0.08174167121088904
8.237907360919728,12.851135483034774,0.06820582650692991,0.09690792372856831,0.06797059259624842
8.335977686644961,13.00412519116614,0.06000805843710804,0.10189412065844332,0.059931280570459954
8.434048012370196,13.157114899297508,0.05933154142390073,0.1050018258465474,0.059385540338093144
8.532118338095431,13.310104607428874,0.06568596261171147,0.10621442651688706,0.0657981186883289
8.630188663820666,13.463094315560241,0.07660639145897143,0.10557844454323387,0.07671057701421742
8.728258989545902,13.616084023691606,0.08972626632373962,0.10319203928177972,0.08978473857129576
8.826329315271137,13.769073731822973,0.10353785201941056,0.09919723756716287,0.10353267283412332
8.92439964099637,13.92206343995434,0.11717497784458215,0.09377455045496988,0.11709837931723714
9.022469966721605,14.075053148085706,0.13013061175427185,0.08713967527216283,0.12997993950047315
9.12054029244684,14.228042856217073,0.14209213087190786,0.07954286137707181,0.14186752939115865
9.218610618172075,14.381032564348438,0.15285753852563527,0.07127242153118561,0.1525608749816838
9.31668094389731,14.534022272479804,0.16229294543665326,0.06266534307777598,0.16192728519197414
9.414751269622545,14.687011980611171,0.17031023294387462,0.05412985230157836,0.16987949232061764
9.51282159534778,14.840001688742538,0.1768545000508112,0.04618518676829373,0.1763633351820851
9.610891921073014,14.992991396873904,0.18189686868072114,0.03951057562506161,0.18135050825452118
9.708962246798249,15.14598110500527,0.18542986321191396,0.03493090272930725,0.1848340182420047
9.807032572523484,15.298970813136636,0.18746435866193403,0.03314958926237019,0.18682513958761168
9.90510289824872,15.451960521268003,0.18802738378237918,0.03421949588995829,0.18735122771813
10.003173223973954,15.60495022939937,0.1871604381497738,0.03739969970849544,0.18645404043622313
10.10124354969919,15.757939937530736,0.18491811879973266,0.041679143008212696,0.18418837471068367
10.199313875424425,15.910929645662101,0.18136697254406836,0.04623810477731073,0.1806209150309587
10.297384201149658,16.06391935379347,0.17658451748294776,0.050533871376761144,0.1758292437476041
10.395454526874893,16.216909061924834,0.17065838053273535,0.05423136499768801,0.1699010010771219
10.493524852600128,16.3698987700562,0.16368562507985798,0.057130651601587236,0.1629332132427123
10.591595178325363,16.522888478187568,0.155772297926646,0.05912023351867879,0.1550318393517772
10.689665504050598,16.675878186318933,0.1470332791565463,0.06014990633775463,0.14631162895459518
10.787735829775833,16.8288678944503,0.13759257849492915,0.060214840775793255,0.136896443313427
10.885806155501069,16.981857602581666,0.12758436693491468,0.05934593800187748,0.1269202906770996
10.983876481226302,17.134847310713035,0.11715511958812262,0.05760348101197764,0.11652948632081134
11.081946806951537,17.2878370188444,0.10646757427616314,0.055072923949076716,0.1058866150313471
11.180017132676772,17.440826726975764,0.09570749705073923,0.051862185100309655,0.09517740699425219
11.278087458402007,17.593816435107133,0.08509521717192223,0.0481003916312531,0.08462227803195398
11.376157784127242,17.746806143238498,0.07490437550335766,0.04393841963657248,0.07449495428097644
11.474228109852477,17.899795851369866,0.06548960733934271,0.0395519081879107,0.06515012004644005
11.57229843557771,18.05278555950123,0.057319714979455254,0.03514758755812851,0.05705584523191998
11.670368761302946,18.205775267632596,0.050988952528358465,0.030972861626226457,0.05080311831279452
11.768439087028181,18.358764975763965,0.047131123100161675,0.027323839404238968,0.04701736143283423
11.866509412753416,18.51175468389533,0.046159327161868324,0.024533320033225496,0.04609855993441284
11.964579738478651,18.664744392026698,0.047969352661094825,0.02290148713119228,0.047932397132229944
12.062650064203886,18.817734100158063,0.05195601627576759,0.022557466460535153,0.05191396253423173
12.160720389929121,18.970723808289428,0.057341170129414865,0.023356294978504714,0.05727279153575321
12.258790715654355,19.123713516420796,0.06344921895347932,0.024945047938245857,0.0633416622641681
12.35686104137959,19.27670322455216,0.06978612133015166,0.026929693657118378,0.0696326585305524
12.454931367104825,19.42969293268353,0.0760129481866494,0.02898520580094276,0.07581076771438361
12.55300169283006,19.582682640814895,0.08189997393556707,0.030879609520953505,0.08164871079832271
12.651072018555295,19.73567234894626,0.0872904056172562,0.03245914293258772,0.08699127100104252
12.74914234428053,19.888662057077628,0.09207648096214245,0.0336278504742982,0.09173175591390673
12.847212670005765,20.041651765208993,0.09618453691141547,0.03433171598112025,0.0957972692578712
12.945282995730999,20.19464147334036,0.09956572109163112,0.034547942605230024,0.09913953996521238
13.043353321456234,20.347631181471726,0.10219012650454332,0.03427794028575229,0.1017291106616096
13.141423647181469,20.50062088960309,0.10404307299275088,0.033542609388084905,0.10355154380313504
13.239493972906704,20.65361059773446,0.10512222726731583,0.03237922431305789,0.10460485070080752
13.33756429863194,20.806600305865825,0.10543606654397278,0.030839252918711944,0.1048976745531827
13.435634624357174,20.959590013997193,0.10500240859887675,0.02898705592802721,0.10444794970497089
13.53370495008241,21.112579722128558,0.1038473805709876,0.026899384185579026,0.10328187236750372
13.631775275807643,21.265569430259923,0.10200460225430638,0.024665770708422758,0.1014330865747577
13.729845601532878,21.41855913839129,0.09951453335436587,0.02238979211142892,0.09894203260757782
13.827915927258113,21.571548846522656,0.0964239608947342,0.020190803128672274,0.0958554348577024
13.925986252983348,21.724538554654025,0.09278561581162859,0.018204178287872137,0.09222592913583567
14.024056578708583,21.87752826278539,0.08865797485899618,0.016575046028725636,0.08811185058381782
14.122126904433818,22.030517970916755,0.08410524241846754,0.015437103618160357,0.08357722656750641
14.220197230159052,22.183507679048123,0.07919760045148877,0.014872778105922357,0.07869204801226648
14.318267555884287,22.336497387179488,0.07401190360896824,0.014873041707641178,0.07353293148401042
14.416337881609522,22.489487095310857,0.06863283259266774,0.015333429585148014,0.0681843358688306
14.514408207334757,22.64247680344222,0.06315494704180788,0.016094933910970326,0.0627405593243955
14.612478533059992,22.79546651157359,0.057685741620663034,0.016995093480541897,0.057308792425909395
14.710548858785227,22.948456219704955,0.05235002672904516,0.01789819295788844,0.05201346255948652
14.808619184510462,23.10144592783632,0.04729552808190864,0.018703125424572604,0.04700174474223477
14.906689510235696,23.25443563596769,0.04269838193428648,0.019340141407552247,0.04244889816974597
15.00475983596093,23.407425344099053,0.03876436573759114,0.019764798059362293,0.038559109163328595
15.102830161686166,23.56041505223042,0.035716132972997264,0.0199524803808131,0.0355524900648377
15.2009004874114,23.713404760361787,0.03375463006600418,0.01989421071214701,0.0336261333246123
15.298970813136636,23.86639446849315,0.03299379929051984,0.019593616350050257,0.03288970660679981
15.397041138861871,24.01938417662452,0.03340266644577714,0.019064774132024526,0.03330938154339844
15.495111464587106,24.172373884755885,0.03480502237514702,0.018330645528358763,0.034708929277228455
15.59318179031234,24.325363592887253,0.03694139160214525,0.017422039733096775,0.03683128564326844
15.691252116037575,24.47835330101862,0.03954340911087361,0.016376914127531943,0.03941141374562373
15.78932244176281,24.631343009149983,0.0423790346878263,0.015240040439304544,0.04222033830775155
15.887392767488045,24.78433271728135,0.045265759649722626,0.014062919016292403,0.045077916727282535
15.98546309321328,24.937322425412717,0.048066582361310624,0.012903669813359313,0.04784884764205243
16.083533418938515,25.090312133544085,0.05068086052832353,0.01182619439711578,0.050433685194882914
16.18160374466375,25.24330184167545,0.05303554521779929,0.010897156739897735,0.05276022597305947
16.279674070388985,25.396291549806815,0.055078328094293715,0.010178660581916653,0.05477677452998257
16.37774439611422,25.549281257938183,0.056772697152264746,0.00971556956126118,0.05644726830031499
16.475814721839456,25.70227096606955,0.05809445337645886,0.009521072146813709,0.05774784277931908
16.573885047564687,25.855260674200917,0.059029266663793226,0.009569655566810715,0.05866441643883426
16.671955373289922,26.00825038233228,0.059570931488613976,0.00980427175106818,0.05919097198643158
16.770025699015157,26.161240090463647,0.05972011293878484,0.010153426039060715,0.059328308041118646
16.868096024740392,26.314229798595015,0.05948347837107147,0.010547445331021059,0.05908311016506836
16.966166350465627,26.46721950672638,0.0588728009661581,0.010927765371735064,0.058467242829454424
17.064236676190863,26.62020921485775,0.057904592579814285,0.011249758921968464,0.05749719987554647
17.162307001916098,26.773198922989113,0.056599593653203634,0.01148206510438768,0.05619367576367336
17.260377327641333,26.926188631120482,0.05498244615928006,0.011604716427243986,0.054581237495499285
17.358447653366568,27.079178339251847,0.05308145689010808,0.011607189996032045,0.05268809046024077
17.456517979091803,27.23216804738321,0.0509284624786054,0.01148675279195038,0.050545942610217255
17.554588304817038,27.38515775551458,0.04855880592093392,0.011247160162864533,0.048189981655565026
17.652658630542273,27.538147463645945,0.046011446542359793,0.010897658632026503,0.04565899002912368
17.75072895626751,27.691137171777314,0.04332925925876383,0.010452239967898904,0.04299563172358381
17.84879928199274,27.84412687990868,0.040559528780330346,0.009929073733358731,0.040246950847883795
17.946869607717975,27.997116588040043,0.037754705042493085,0.009350105032387906,0.03746511565890391
18.04493993344321,28.150106296171412,0.034973405161708764,0.00874071056305397,0.03470840444892393
18.143010259168445,28.303096004302777,0.03228155831108807,0.008129312916344252,0.032042320477473275
18.24108058489368,28.456085712434145,0.02975333417565276,0.007546686233044749,0.029540470463461452
18.339150910618915,28.60907542056551,0.02747100725596057,0.007024504410102569,0.02728435556087726
18.43722123634415,28.762065128696875,0.02552217652331117,0.006592553208450063,0.025360507517354195
18.535291562069386,28.915054836828244,0.02399218601158185,0.006274310035609118,0.02385286785512168
18.63336188779462,29.06804454495961,0.0229504066304851,0.0060816825109460335,0.022829172985710952
18.731432213519856,29.221034253090977,0.022432772593624965,0.0060112498069222675,0.022323809447620642
18.82950253924509,29.374023961222342,0.0224282646685099,0.006044584696685829,0.022324869341842253
18.927572864970326,29.527013669353707,0.022878543777118447,0.006152963366217019,0.022774013342514332
19.02564319069556,29.680003377485075,0.023691799496537255,0.006303936525394527,0.02358029271466593
19.123713516420796,29.83299308561644,0.024762944900030306,0.006466825152273753,0.02463996615250519
19.221783842146028,29.98598279374781,0.02599048882620742,0.006615839807653567,0.02585297257707298
19.319854167871263,30.138972501879174,0.02728593970864375,0.006731164941582362,0.027132089643607315
19.417924493596498,30.29196221001054,0.028576796781481388,0.006798854676446512,0.028405843697408832
19.515994819321733,30.444951918141907,0.02980589793036156,0.006810229036112673,0.02961786077884394
19.61406514504697,30.597941626273272,0.030929320640021744,0.006761153668109475,0.030724812683353288
19.712135470772203,30.75093133440464,0.03191405989977127,0.006651372266100922,0.03169413933227222
19.81020579649744,30.903921042536005,0.032735976537694556,0.006483937210966997,0.03250203393691085
19.908276122222674,31.05691075066737,0.03337814358167509,0.006264742476959441,0.033131816845977824
20.00634644794791,31.20990045879874,0.03382956598246333,0.006002141859532927,0.03357267493667064
20.104416773673144,31.362890166930104,0.034084203651450075,0.005706633458233738,0.03381869850702935
20.20248709939838,31.515879875061472,0.03414022642483817,0.005390564743635471,0.03386814559500378
20.300557425123614,31.668869583192837,0.03399944134708712,0.005067821193016768,0.03372287569776203
20.39862775084885,31.821859291324202,0.033666842447724284,0.004753380515589966,0.03338790925538635
20.49669807657408,31.97484899945557,0.03315026592313881,0.0044626041639961485,0.032871081996087674
20.594768402299316,32.12783870758694,0.032460161107318704,0.004210091349527163,0.03218277345228002
20.69283872802455,32.280828415718304,0.031609264132560155,0.004008007275994016,0.031335696883993604
20.790909053749786,32.43381812384967,0.030612551412042714,0.0038640819377987715,0.030344743984127502
20.88897937947502,32.586807831981034,0.02948709428825173,0.0037799119048269303,0.029226882508433357
20.987049705200256,32.7397975401124,0.028252012361880012,0.003750415960756926,0.02800110854530333
21.08512003092549,32.89278724824377,0.026928483848848182,0.003764899216456159,0.026688457268724868
21.183190356650726,33.045776956375136,0.025539821717386765,0.00380932249379177,0.02531207573418326
21.28126068237596,33.1987666645065,0.024111609148953494,0.003868819519189053,0.023897356360410498
21.379331008101197,33.351756372637865,0.02267188853376988,0.0039296502151065825,0.022472115874135234
21.477401333826432,33.50474608076923,0.02125134797535086,0.003980331593499683,0.021066774280639772
21.575471659551667,33.6577357889006,0.019883413164768264,0.004012068147218855,0.01971443122795991
21.673541985276902,33.81072549703197,0.018604042496877932,0.004018755808811024,0.01845064293644658
21.771612311002137,33.96371520516333,0.017450900747921303,0.003996777620808837,0.017312577004328294
21.86968263672737,34.1167049132947,0.016461474909129158,0.003944726769451257,0.01633711938044377
21.967752962452604,34.26969462142607,0.01566975370091685,0.0038631245154717303,0.01555757403817706
22.06582328817784,34.422684329557434,0.015101541519137089,0.0037541629190644497,0.014999047766111558
22.163893613903074,34.5756740376888,0.014769395473407864,0.003621475245270016,0.014673512839519546
22.26196393962831,34.728663745820164,0.014669094878278603,0.003469929982869375,0.014576419008573292
22.360034265353544,34.88165345395153,0.014779494182304436,0.0033054342844069605,0.014686636106550566
22.45810459107878,35.0346431620829,0.015066139051193684,0.0031347265472102853,0.01497004505996333
22.556174916804014,35.187632870214266,0.015487080012587731,0.002965116690023919,0.01538527738048053
22.65424524252925,35.34062257834563,0.01599874499963105,0.002804136529251554,0.015889415805649048
22.752315568254485,35.493612286476996,0.016560200297073484,0.002659034516495694,0.016442167040310332
22.85038589397972,35.64660199460836,0.017135507699935625,0.0025360977851752536,0.017008158434009334
22.948456219704955,35.79959170273973,0.017694555639977814,0.0024398525156419416,0.017557749181259453
23.04652654543019,35.9525814108711,0.018212967415274353,0.002372322462718441,0.018066939972006243
23.14459687115542,36.10557111900246,0.018671569269356515,0.002332620691813355,0.018516855125800636
23.242667196880657,36.25856082713383,0.019055729409789165,0.002317097427027148,0.018893091003029838
23.34073752260589,36.41155053526519,0.01935470654439932,0.0023200388966330985,0.019185080257619096
23.438807848331127,36.564540243396564,0.019561080964988205,0.0023346697074458703,0.019385532730345652
23.536878174056362,36.71752995152793,0.019670278746162187,0.002354130484977837,0.01948996761469259
23.634948499781597,36.870519659659294,0.01968018334819073,0.002372211012397164,0.01949633110678888
23.733018825506832,37.02350936779066,0.01959082142135379,0.0023837767024022616,0.019404686832106187
23.831089151232067,37.176499075922024,0.019404109076130913,0.00238494885954371,0.019216965705400185
23.929159476957302,37.329488784053396,0.01912364703241513,0.0023731170974433603,0.018936763752311295
24.027229802682537,37.48247849218476,0.018754555071457908,0.0023468650899464514,0.0185691789998532
24.125300128407773,37.635468200316126,0.01830333769734168,0.0023058574703897572,0.01812068104074251
24.223370454133008,37.78845790844749,0.017777784389125154,0.0022507150892144808,0.017599008970350077
24.321440779858243,37.941447616578856,0.01718692424468197,0.0021828907945094763,0.01701309492748132
24.419511105583478,38.09443732471023,0.016540890389900646,0.0021045504895484423,0.016373011274132637
24.51758143130871,38.24742703284159,0.015850967457724983,0.002018454813416873,0.015689939220910352
24.615651757033945,38.40041674097296,0.015129550661214535,0.0019278344671361757,0.014976154880966352
24.71372208275918,38.55340644910432,0.014390143181216192,0.0018362462437359866,0.014245024368937608
24.811792408484415,38.70639615723569,0.013647346018956246,0.001747394616715133,0.013510991247579728
24.90986273420965,38.85938586536706,0.012916811947978578,0.001664898421235713,0.012789525668527146
25.007933059934885,39.012375573498424,0.012215108849784499,0.0015920008240751728,0.012096983823691718
25.10600338566012,39.16536528162979,0.011559418416559076,0.0015312313294699017,0.0114503005636959
25.204073711385355,39.318354989761154,0.010966964175818843,0.0014840800162442182,0.010866416333696298
25.30214403711059,39.47134469789252,0.010454072549627392,0.0014507722750398632,0.01036134381119591
25.400214362835825,39.62433440602389,0.01003483138838234,0.0014302332819593883,0.009948844224564619
25.49828468856106,39.777324114155256,0.009719464193945145,0.0014202768931166278,0.009638835340471153
25.596355014286296,39.93031382228662,0.009512759205399159,0.0014179702144502765,0.009435865386179213
25.69442534001153,40.083303530417986,0.00941304910020751,0.001420064303020693,0.009338139490144332
25.792495665736762,40.23629323854935,0.009412180651908481,0.0014233834412456714,0.009337516273195241
25.890565991461997,40.38928294668072,0.009496572290585606,0.001425109854530981,0.009420561549208721
25.988636317187233,40.54227265481209,0.009649036170226786,0.001422953617754314,0.009570336876592646
26.086706642912468,40.69526236294345,0.009850804342053862,0.0014152253265299545,0.009768380255935861
26.184776968637703,40.84825207107482,0.010083279797997948,0.001400846201018756,0.00999640591298883
26.282847294362938,41.00124177920618,0.010329230833943564,0.0013793169667273022,0.010237489018266661
26.380917620088173,41.154231487337555,0.010573494754879674,0.0013506678708488358,0.010476728835102684
26.478987945813408,41.30722119546892,0.010803231875539715,0.0013153996515588755,0.010701507820344383
26.577058271538643,41.460210903600284,0.01100792516354308,0.001274420513364577,0.010901491167832565
26.67512859726388,41.61320061173165,0.01117923577046013,0.001228980180148649,0.011068486343940977
26.773198922989113,41.766190319863014,0.011310799123029331,0.0011806002374732478,0.011196243383045042
26.87126924871435,41.919180027994386,0.011398007258888562,0.001130995850507392,0.011280243098295754
26.969339574439584,42.07216973612575,0.01143780788643394,0.0010819839180752052,0.01131749711721659
27.06740990016482,42.225159444257116,0.011428520901245411,0.0010353720061594249,0.011306369658888855
27.16548022589005,42.37814915238848,0.011369682055137121,0.0009928265271640165,0.011246423451701995
27.263550551615285,42.531138860519846,0.011261909805606572,0.000955723539771517,0.011138288639628484
27.36162087734052,42.68412856865122,0.011106795203040238,0.0009250034535579654,0.010983552178845519
27.459691203065756,42.83711827678258,0.010906800279706932,0.0009010555400930055,0.010784664989283427
27.55776152879099,42.99010798491395,0.010665186588685779,0.0008836694329519258,0.010544864359122908
27.655831854516226,43.14309769304531,0.010385948681308613,0.0008720744527897623,0.010268109438220681
27.75390218024146,43.29608740117668,0.010073760243246747,0.000865062086708175,0.009959027871564514
27.851972505966696,43.44907710930805,0.009733929656370025,0.0008611605323427755,0.009622871538253856
27.95004283169193,43.602066817439415,0.009372360493712867,0.0008588192813364287,0.00926547878715996
28.048113157417166,43.75505652557078,0.008995526515055884,0.000856567614120348,0.008893239262536079
28.1461834831424,43.908046233702144,0.008610406749142097,0.0008531290458307925,0.008513055103861859
28.244253808867636,44.06103594183351,0.008224465120234769,0.0008474897239768708,0.008132288700138456
28.34232413459287,44.21402564996488,0.007845558153225785,0.0008389294059865184,0.007758682183595507
28.440394460318103,44.367015358096246,0.007481806419631775,0.0008270242279655881,0.007400227961215558
28.53846478604334,44.52000506622761,0.007141390024900943,0.0008116337361066444,0.007064964596272675
28.636535111768573,44.672994774358976,0.006832242283581086,0.000792876092799342,0.0067606721642952455
28.73460543749381,44.82598448249035,0.006561623470059521,0.0007710980866612825,0.006494451982780108
28.832675763219044,44.97897419062171,0.006335589010392638,0.0007468413489737204,0.006272203667642639
28.93074608894428,45.13196389875308,0.006158407883528037,0.0007208050899998457,0.006098058338118664
29.028816414669514,45.28495360688444,0.00603204406515014,0.0006938044954114645,0.005973877218855208
29.12688674039475,45.43794331501581,0.005955840535959133,0.0006667237584836906,0.005898951089010587
29.224957066119984,45.59093302314718,0.0059265188022771574,0.0006404616128602031,0.0058700086157546134
29.32302739184522,45.743922731278545,0.005938522271493862,0.000615869096191529,0.005881558070885153
29.421097717570454,45.89691243940991,0.005984624133361187,0.0005936814207168596,0.00592648480457621
29.51916804329569,46.049902147541275,0.006056652974200681,0.0005744505254472256,0.005996760193459206
29.617238369020924,46.20289185567264,0.006146183900488719,0.0005584876409473141,0.006084115386837419
29.71530869474616,46.35588156380401,0.006245093378309004,0.00054583075066068,0.006180581357945053
29.81337902047139,46.50887127193538,0.006345939052267958,0.000536244849092612,0.006278859339083163
29.911449346196626,46.66186098006674,0.0064421841544996675,0.0005292593700157443,0.006372533585126713
30.00951967192186,46.814850688198106,0.006528273485678801,0.0005242347904513152,0.006456162035236411
30.107589997647096,46.96784039632947,0.006599659551829085,0.000520443578212728,0.0065252845984095685
30.20566032337233,47.12083010446084,0.006652752837643879,0.0005171494046175518,0.006576382555254675
30.303730649097567,47.27381981259221,0.006684855198364886,0.0005136731364040728,0.006606813191226535
30.4018009748228,47.42680952072357,0.006694083378466088,0.0005094398039583005,0.006614735161455262
30.499871300548037,47.57979922885494,0.006679292809694297,0.0005040067333070012,0.006599033600877687
30.597941626273272,47.7327889369863,0.006640005067927187,0.00049707584254332,0.006559249660903951
30.696011951998507,47.885778645117675,0.006576344274419159,0.0004884945763812099,0.006495516505686643
30.794082277723742,48.03876835324904,0.006488978200372663,0.00047824817425954437,0.00640850230337789
30.892152603448977,48.191758061380405,0.00637906745264357,0.00046644762323396524,0.006299359962333474
30.990222929174212,48.34474776951177,0.006248220650359913,0.0004533131327064109,0.006169682973497025
31.088293254899444,48.497737477643135,0.006098456288151203,0.00043915534935828134,0.006021466512652195
31.18636358062468,48.65072718577451,0.005932163223110798,0.0004243540905268816,0.005857072781186409
31.284433906349914,48.80371689390587,0.00575207316733893,0.00040933431942956675,0.005679199310833315
31.38250423207515,48.95670660203724,0.005561229314798269,0.0003945390078922335,0.005490848534546114
31.480574557800384,49.1096963101686,0.005362954800915125,0.00038039916552747244,0.005295296251731354
31.57864488352562,49.262686018299966,0.005160816737111183,0.00036730158636449694,0.005096055633195732
31.676715209250855,49.41567572643134,0.004958580298401166,0.000355556710722633,0.004896832121069121
31.77478553497609,49.5686654345627,0.004760153710170219,0.0003453703394379678,0.004701463121208505
31.872855860701325,49.72165514269407,0.004569489722638578,0.00033682436410447183,0.004513835159779006
31.97092618642656,49.87464485082543,0.004390489590013178,0.00032987033032234154,0.004337770979308786
32.06899651215179,50.0276345589568,0.004226845266594125,0.0003243393148764255,0.004176881123569022
32.16706683787703,50.18062426708817,0.004081852465127849,0.000319965457707681,0.004034380324554072
32.26513716360226,50.333613975219535,0.003958197306542304,0.00031641955717444,0.003912879223531147
32.3632074893275,50.4866036833509,0.0038577413473354434,0.0003133460556148708,0.0038141753612163285
32.46127781505273,50.639593391482265,0.0037813409969761004,0.0003103974207078574,0.003739079516090525
32.55934814077797,50.79258309961363,0.0037287444697599926,0.0003072618796542188,0.003687317456894924
32.6574184665032,50.945572807745,0.003698595899456822,0.00030368305728041073,0.0036575373386668946
32.75548879222844,51.09856251587637,0.0036885560653102337,0.00029947150515408473,0.0036474298708973683
32.85355911795367,51.25155222400773,0.003695518661059529,0.00029450947614883047,0.003653940587925365
32.95162944367891,51.4045419321391,0.003715879894363598,0.0002887504365846571,0.0036735331390272265
33.04969976940414,51.55753164027046,0.003745813598068781,0.0002822149723672136,0.0037024573057580037
33.147770095129374,51.710521348401834,0.003781513232349189,0.00027498359825962925,0.0037369846605900814
33.24584042085461,51.8635110565332,0.0038193795631370543,0.00026718812171250934,0.0037735912777453386
33.343910746579844,52.01650076466456,0.003856149112545657,0.00025900082739851055,0.0038090828585310124
33.44198107230508,52.16949047279593,0.003888969765423117,0.0002506224391214109,0.0038406684887107197
33.540051398030315,52.32248018092729,0.003915435381390422,0.00024226867295567113,0.0038659942604162396
33.63812172375555,52.475469889058665,0.003933595007870754,0.00023415548315915515,0.003883148652544113
33.736192049480785,52.62845959719003,0.00394192896389193,0.0002264833971538352,0.0038906498690296112
33.83426237520602,52.781449305321395,0.003939336660351151,0.0002194219850824449,0.0038874228425554215
33.932332700931255,52.93443901345276,0.003925103077955199,0.0002130957482098501,0.003872771217691212
34.030403026656494,53.087428721584125,0.003898868682110324,0.00020757340984876627,0.003846347702543864
34.128473352381725,53.2404184297155,0.003860599468107393,0.00020286246901255343,0.0038081247831917315
34.226543678106964,53.39340813784686,0.0038105587269117304,0.00019891047631609407,0.003758366852181072
34.324614003832195,53.54639784597823,0.0037492802053779237,0.00019561271162898955,0.003697604192268344
34.42268432955743,53.69938755410959,0.0036775444725806014,0.00019282566594786297,0.0036266088659015266
34.520754655282666,53.852377262240964,0.003596355693430025,0.00019038319017802355,0.003546372296822812
34.6188249810079,54.00536697037233,0.0035069203713785123,0.00018811327812552473,0.0034580841213909712
34.716895306733136,54.158356678503694,0.00341062660633859,0.00018585308906849288,0.0033631116803492364
34.81496563245837,54.31134638663506,0.003309023848610519,0.00018346080034000817,0.0032629792780974427
34.913035958183606,54.46433609476642,0.003203798220931706,0.00018082375629351538,0.003159346032696297
35.01110628390884,54.617325802897795,0.0030967496624830196,0.00017786318200303935,0.0030539807745824615
35.109176609634076,54.77031551102916,0.002989761295096279,0.00017453583553531717,0.002948732061007207
35.20724693535931,54.923305219160525,0.0028847620022334525,0.00017083327842828554,0.0028454910521045398
35.30531726108455,55.07629492729189,0.002783679287380422,0.00016677928929663508,0.0027461449239670494
35.40338758680978,55.229284635423255,0.002688379872607477,0.00016242599679777874,0.0026525189502358587
35.50145791253502,55.38227434355463,0.0026006016364346135,0.00015784870685635054,0.0025663066990700457
35.59952823826025,55.53526405168599,0.002521863915294849,0.00015314017178604854,0.002488990224561812
35.69759856398548,55.68825375981736,0.0024533901390906515,0.0001484037843037855,0.0024217556210065173
35.79566888971072,55.84124346794872,0.0023960213779115956,0.00014374630629869104,0.002365413198470962
35.89373921543595,55.99423317608009,0.0023501507518071596,0.00013927021359244108,0.002320334475726102
35.99180954116119,56.14722288421146,0.0023156875616456175,0.00013506602021117213,0.002286418482835241
36.08987986688642,56.300212592342824,0.00229206097476241,0.00013120515676335,0.0022630963823488787
36.18795019261166,56.45320230047419,0.002278265128866551,0.00012773425204189878,0.0022493765362382703
36.28602051833689,56.606192008605554,0.002272940658718729,0.00012467152613090786,0.0022439240027553663
36.38409084406213,56.75918171673692,0.002274478415108316,0.00012200598158907301,0.0022451619881828366
36.48216116978736,56.91217142486829,0.0022811307512833156,0.00011969960076808913,0.0022513801584168255
36.5802314955126,57.065161132999656,0.002291116017438651,0.00011769235481673209,0.002260836233172129
36.67830182123783,57.21815084113102,0.002302706591622348,0.00011590899515612581,0.0022718415566364224
36.77637214696307,57.371140549262385,0.002314295949346808,0.00011426696513563486,0.002282826356901168
36.8744424726883,57.52413025739375,0.0023244447220918175,0.00011268389063789459,0.0022923845945850884
36.97251279841354,57.67711996552512,0.0023319083329224662,0.00011108416404091462,0.00229930095638467
37.07058312413877,57.83010967365649,0.0023356501354945213,0.00010940402894130938,0.0023025637147819325
37.168653449864,57.98309938178785,0.0023348439080011617,0.00010759499100803514,0.0023013672707302385
37.26672377558924,58.13608908991922,0.0023288694666816355,0.00010562562164736799,0.0022951076999435174
37.36479410131447,58.28907879805058,0.0023173062379272125,0.0001034820363777603,0.002283373905866589
37.46286442703971,58.442068506181954,0.0022999141239209973,0.00010116721916210025,0.0022659362677424485
37.56093475276494,58.59505821431332,0.002276628420544175,9.869946391494197e-05,0.0022427340649020418
37.65900507849018,58.748047922444684,0.002247543389321061,9.611010043052643e-05,0.0022138624864805564
37.75707540421541,58.90103763057605,0.002212899180369822,9.344072772018717e-05,0.0021795596874299526
37.85514572994065,59.054027338707414,0.002173068880187649,9.07398776930105e-05,0.002140194099400525
37.953216055665884,59.207017046838786,0.0021285460065703383,8.805953645476487e-05,0.0020962520185882558
38.05128638139112,59.36000675497015,0.0020799318760192,8.545127295624623e-05,0.002048325345142349
38.149356707116354,59.512996463101516,0.0020279235484366655,8.296242898431264e-05,0.0019970992191385806
38.24742703284159,59.66598617123288,0.001973300566439266,8.063253848936448e-05,0.0019433391724169497
38.345497358566824,59.818975879364245,0.0019169110566835867,7.849028162219483e-05,0.001887877288403276
38.443567684292056,59.97196558749562,0.0018596560747971274,7.65513109953886e-05,0.0018315967396587594
38.541638010017294,60.12495529562698,0.001802471576936654,7.481730097858111e-05,0.001775413977638249
38.639708335742526,60.27794500375835,0.0017463072061867561,7.327633074204007e-05,0.001720257824101897
38.737778661467765,60.43093471188971,0.0016921012209754952,7.190459663722737e-05,0.001667044824732603
38.835848987192996,60.58392442002108,0.001640751226658487,7.066918993084748e-05,0.0016166505547698736
38.933919312918235,60.73691412815245,0.0015930809877593634,6.953159151590453e-05,0.0015698771886405655
39.031989638643466,60.889903836283814,0.0015498046389521003,6.845126998623496e-05,0.0015274185827101922
39.130059964368705,61.04289354441518,0.001511490746259415,6.73891905526533e-05,0.0014898252804850386
39.22813029009394,61.195883252546544,0.001478531676436433,6.631064129106815e-05,0.0014574729786906463
39.326200615819175,61.34887296067791,0.0014511124798878997,6.518740345747561e-05,0.0014305386895151538
39.42427094154441,61.50186266880928,0.0014292045495760911,6.399915545698349e-05,0.0014089886741121352
39.522341267269645,61.654852376940646,0.0014125652021580956,6.273414152150906e-05,0.0013925809724074031
39.62041159299488,61.80784208507201,0.0014007555886627232,6.138918694701613e-05,0.0013808831723016758
39.71848191872011,61.960831793203376,0.0013931723826271258,5.9969207520647796e-05,0.0013733035223925975
39.81655224444535,62.11382150133474,0.0013890893222816667,5.8486268170661786e-05,0.001369131369506264
39.91462257017058,62.26681120946611,0.0013877029864697032,5.6958301576190045e-05,0.0013675818106509928
40.01269289589582,62.41980091759748,0.001388178293657898,5.540754903315386e-05,0.0013678395766994734
40.11076322162105,62.57279062572884,0.0013896887353004198,5.385883846281475e-05,0.0013690982531097352
40.20883354734629,62.72578033386021,0.0013914495699803462,5.233766400962668e-05,0.0013705924854795967
40.30690387307152,62.87877004199157,0.0013927428877482237,5.0868344077230685e-05,0.001371622321053451
40.40497419879676,63.031759750122944,0.0013929348677800789,4.9472152429128845e-05,0.0013715699877926875
40.50304452452199,63.18474945825431,0.0013914862329561094,4.816572012022002e-05,0.0013699101084875187
40.60111485024723,63.337739166385674,0.0013879573230819885,4.6959811258291646e-05,0.001366214639052506
40.69918517597246,63.49072887451704,0.001382009008227508,4.5858604743580476e-05,0.0013601538264726531
40.7972555016977,63.643718582648404,0.0013734007424373632,4.4859572038195145e-05,0.0013514943261534733
40.89532582742293,63.796708290779776,0.0013619866052580639,4.395400106946219e-05,0.0013400953962185841
40.99339615314816,63.94969799891114,0.0013477103015102682,4.312806504423974e-05,0.0013259038579542881
41.0914664788734,64.1026877070425,0.001330600948052405,4.2364304851691555e-05,0.0013089483078763536
41.18953680459863,64.25567741517388,0.0013107618889341345,4.1643318482365013e-05,0.0012893328984143763
41.28760713032387,64.40866712330524,0.0012883690517059773,4.094548881705703e-05,0.0012672308701001367
41.3856774560491,64.56165683143661,0.0012636622373475661,4.025249245501845e-05,0.0012428779122573127
41.48374778177434,64.71464653956797,0.0012369382431889262,3.9548607612019145e-05,0.0012165653440164995
41.58181810749957,64.86763624769934,0.0012085436474549482,3.882159452001364e-05,0.0011886330364933241
41.67988843322481,65.02062595583071,0.0011788672833629138,3.806325216947694e-05,0.0011594619360845173
41.77795875895004,65.17361566396207,0.0011483319457456437,3.72696355654346e-05,0.001129465997579273
41.87602908467528,65.32660537209344,0.0011173856227315285,3.6440967463918965e-05,0.0010990832984058595
41.97409941040051,65.4795950802248,0.0010864912463188913,3.558128720186441e-05,0.001068766091843327
42.07216973612575,65.63258478835617,0.0010561153202918445,3.46979078653156e-05,0.0010389695835519965
42.17024006185098,65.78557449648754,0.0010267150185657528,3.380069882549928e-05,0.0010101393031870076
42.26831038757622,65.9385642046189,0.0009987238676419194,3.290124864931971e-05,0.0009826971121238925
42.36638071330145,66.09155391275027,0.0009725362869028583,3.201194330133798e-05,0.0009570261512612626
42.464451039026684,66.24454362088163,0.0009484916624335172,3.114503315198533e-05,0.0009334553786085254
42.56252136475192,66.397533329013,0.0009268589911261506,3.0311680184472793e-05,0.0009122447274657983
42.660591690477155,66.55052303714437,0.0009078234618430478,2.9521157104592943e-05,0.0008935722427000178
42.75866201620239,66.70351274527573,0.0008914766916348118,2.8780139328853748e-05,0.0008775247061763225
42.856732341927625,66.8565024534071,0.000877811971146638,2.809224726866772e-05,0.0008640931331795329
42.954802667652864,67.00949216153846,0.0008667264232647576,2.7457860540250547e-05,0.0008531740628920778
43.052872993378095,67.16248186966983,0.0008580251370732104,2.6874221784415937e-05,0.0008445768365788449
43.150943319103334,67.3154715778012,0.0008514374901427349,2.6335813045822926e-05,0.0008380362219025356
43.249013644828565,67.46846128593256,0.0008466328121267096,2.5834971703826344e-05,0.0008332290172497714
43.347083970553804,67.62145099406393,0.0008432397446918278,2.5362648482999553e-05,0.0008297928386066686
43.445154296279036,67.77444070219529,0.000840865912643884,2.4909226270470593e-05,0.000827345231761096
43.543224622004274,67.92743041032666,0.0008391163765641512,2.446530663340628e-05,0.0008255015212600007
43.641294947729506,68.08042011845804,0.0008376095039807383,2.402241403402658e-05,0.0008238902773576876
43.73936527345474,68.2334098265894,0.0008359900458929659,2.3573521721440687e-05,0.0008221658046558597
43.837435599179976,68.38639953472077,0.0008339386909801327,2.3113457734959576e-05,0.0008200175141974266
43.93550592490521,68.53938924285214,0.0008311787254936382,2.263909199629874e-05,0.0008171763722501324
44.033576250630446,68.6923789509835,0.0008274800610666185,2.2149384099603175e-05,0.0008134188126516624
44.13164657635568,68.84536865911487,0.0008226611233487444,2.164528901063784e-05,0.0008085685768555313
44.229716902080916,68.99835836724623,0.0008165890759151372,2.1129539405158256e-05,0.0008024969413517837
44.32778722780615,69.1513480753776,0.0008091788021864989,2.0606325278247675e-05,0.0007951217398777619
44.42585755353139,69.30433778350897,0.0008003909983713321,2.0080908056167e-05,0.0007864055141887584
44.52392787925662,69.45732749164033,0.0007902296368450298,1.9559177179029942e-05,0.0007763530494411738
44.62199820498186,69.6103171997717,0.0007787389808914239,1.9047181940105203e-05,0.000765008477966934
44.72006853070709,69.76330690790306,0.0007660003976008569,1.8550661741039464e-05,0.0007524520723768969
44.81813885643233,69.91629661603443,0.0007521298593269078,1.807462051096939e-05,0.000738796796196691
44.91620918215756,70.0692863241658,0.0007372713568329685,1.7622940429677e-05,0.0007241846367174292
45.01427950788279,70.22227603229716,0.0007215958144633285,1.7198128696710556e-05,0.0007087827092271766
45.11234983360803,70.37526574042853,0.0007052957329555912,1.6801148710343587e-05,0.0006927790936236651
45.21042015933326,70.52825544855989,0.0006885806432235993,1.6431404001240406e-05,0.0006763783441091578
45.3084904850585,70.68124515669126,0.0006716721094479665,1.608685877434757e-05,0.000659796602329669
45.40656081078373,70.83423486482263,0.0006547983077562138,1.576427674227484e-05,0.0006432562477774017
45.50463113650897,70.98722457295399,0.0006381879838090526,1.5459546617168655e-05,0.0006269800418228494
45.6027014622342,71.14021428108536,0.0006220640790224908,1.5168065727363796e-05,0.0006111847691302684
45.70077178795944,71.29320398921672,0.0006066367057729862,1.4885129260702076e-05,0.0005960744566041548
45.79884211368467,71.4461936973481,0.000592095934456838,1.4606293614338436e-05,0.0005818333548846946
45.89691243940991,71.59918340547947,0.0005786046226247565,1.4327681681043275e-05,0.000568618991872277
45.99498276513514,71.75217311361082,0.0005662917310800058,1.4046223658893022e-05,0.0005565557318385938
46.09305309086038,71.9051628217422,0.0005552467001686429,1.3759796406984543e-05,0.0005457293667554859
46.19112341658561,72.05815252987355,0.0005455154103160612,1.3467308949761084e-05,0.0005361832930761443
46.28919374231084,72.21114223800492,0.0005370982717204256,1.3168683625152926e-05,0.0005279167584373014
46.38726406803608,72.3641319461363,0.000529950788698561,1.2864782475529352e-05,0.0005208854900695382
46.48533439376131,72.51712165426765,0.0005239866694894745,1.2557277383511934e-05,0.0005150047614852142
46.58340471948655,72.67011136239903,0.0005190832602148664,1.2248473898418998e-05,0.0005101546661913657
46.68147504521178,72.82310107053038,0.0005150893252615665,1.1941099880325556e-05,0.0005061871108633469
46.77954537093702,72.97609077866176,0.0005118315409191492,1.163808029200509e-05,0.0005029338719580842
46.877615696662254,73.12908048679313,0.0005091250846820681,1.134230321953876e-05,0.0005002150086264002
46.97568602238749,73.28207019492449,0.0005067812590114148,1.1056396661002944e-05,0.0004978469864144691
47.073756348112724,73.43505990305586,0.0005046150835885685,1.0782529094006213e-05,0.0004956500086616025
47.17182667383796,73.58804961118722,0.0005024517011376263,1.052225785969164e-05,0.0004934542316160039
47.269896999563194,73.74103931931859,0.0005001315149488248,1.0276416724099126e-05,0.0004911047144091218
47.36796732528843,73.89402902744996,0.0004975139370226745,1.0045087838254583e-05,0.0004884650985764621
47.466037651013664,74.04701873558132,0.0004944800908236067,9.827617891807372e-06,0.00048542011170132
47.5641079767389,74.20000844371269,0.0004909342718007791,9.622705381282468e-06,0.00048187704642118056
47.662178302464135,74.35299815184405,0.00048680460688614005,9.428538599938773e-06,0.0004777663873093893
47.760248628189366,74.50598785997542,0.0004820430003202852,9.242966881762457e-06,0.00047304175450409386
47.858318953914605,74.65897756810679,0.0004766245292155405,9.06368542975594e-06,0.0004676793143084819
47.956389279639836,74.81196727623815,0.0004705464164103196,8.88842139106555e-06,0.0004616767811039884
48.054459605365075,74.96495698436952,0.0004638266810700263,8.715098690525774e-06,0.00045505210709638694
48.15252993109031,75.11794669250088,0.0004565025435411218,8.54197320925227e-06,0.00044784192980576166
48.250600256815545,75.27093640063225,0.0004486286292703282,8.367729163795576e-06,0.0004400998234231646
48.34867058254078,75.42392610876362,0.0004402750015068266,8.1915407675368e-06,0.0004318943798675688
48.446740908266015,75.57691581689498,0.00043152508881399553,8.013083060014339e-06,0.00042330712885543987
48.54481123399125,75.72990552502635,0.00042247398601081995,7.832522918977918e-06,0.00041443029379834365
48.642881559716486,75.88289523315771,0.00041322428881819957,7.650462127032548e-06,0.0004053643723886418
48.74095188544172,76.03588494128908,0.00040388514933366055,7.467861877672554e-06,0.0003962155282456276
48.839022211166956,76.18887464942046,0.0003945687417985194,7.285947736878278e-06,0.00038709278430665197
48.93709253689219,76.34186435755181,0.00038538719793079133,7.1061007016180566e-06,0.0003781050212957293
49.03516286261742,76.49485406568319,0.0003764493392686024,6.929740772889044e-06,0.000369357806862285
49.13323318834266,76.64784377381454,0.0003678573185902188,6.758215318741765e-06,0.00036095011312626066
49.23130351406789,76.80083348194592,0.00035970318479158824,6.5926947644969945e-06,0.0003529710207064057
49.32937383979313,76.95382319007729,0.00035206568158934544,6.434085722919852e-06,0.00034549655130412923
49.42744416551836,77.10681289820864,0.00034500724298562027,6.282966680556369e-06,0.00033858681078309164
49.5255144912436,77.25980260634002,0.0003385715562242609,6.139556401955232e-06,0.00033228365009371595
49.62358481696883,77.41279231447137,0.0003327818629780922,6.003704919362218e-06,0.000326609051610783
49.72165514269407,77.56578202260275,0.0003276401827490459,5.874927748008391e-06,0.000321564415756693
49.8197254684193,77.71877173073412,0.0003231275881230537,5.752454628582926e-06,0.00031713085609037957
49.91779579414454,77.87176143886548,0.00031920552446535605,5.6353044997849086e-06,0.0003132705181121899
50.01586611986977,78.02475114699685,0.0003158181072123095,5.522373027793472e-06,0.000309928833729672
50.11393644559501,78.1777408551282,0.00031289521274059277,5.412523112892209e-06,0.0003070375295886073
50.21200677132024,78.33073056325958,0.00031035610810205245,5.30466957794091e-06,0.00030451814135704064
50.31007709704547,78.48372027139095,0.00030811334514584994,5.1978548823286524e-06,0.0003022857583238428
50.40814742277071,78.63670997952231,0.00030607694848959,5.09130716185018e-06,0.0003002527342236965
50.50621774849594,78.78969968765368,0.0003041569453542521,4.984479811631886e-06,0.00029833214307450364
50.60428807422118,78.94268939578504,0.00030226761179414513,4.877070574491113e-06,0.0002964408199397852
50.70235839994641,79.09567910391641,0.0003003296493345442,4.7690248094451345e-06,0.00029450189218639493
50.80042872567165,79.24866881204778,0.0002982722526494466,4.6605149527754075e-06,0.0002924467660835338
50.89849905139688,79.40165852017914,0.0002960346050347038,4.551914990338762e-06,0.00029021657998724046
50.99656937712212,79.55464822831051,0.0002935668887762121,4.443753778453509e-06,0.00028776316669463576
51.09463970284735,79.70763793644187,0.00029083080616961924,4.336664433846647e-06,0.00028504958483476254
51.19271002857259,79.86062764457324,0.000287799822629,4.231329165558483e-06,0.0002820502851453483
51.29078035429782,80.01361735270461,0.00028445899212842474,4.128422702217915e-06,0.0002787509754712058
51.38885068002306,80.16660706083597,0.00028080457648926583,4.02855775191168e-06,0.00027514824137075635
51.48692100574829,80.31959676896734,0.000276843456206966,3.932239008151221e-06,0.0002712489697715719
51.584991331473525,80.4725864770987,0.0002725923758894435,3.839826107512347e-06,0.0002670696129149426
51.68306165719876,80.62557618523007,0.00026807705198080153,3.7515097639489445e-06,0.00026263532001261
51.781131982923995,80.77856589336145,0.00026333116243360753,3.6673018649030316e-06,0.0002579789553124235
51.87920230864923,80.9315556014928,0.00025839523236296754,3.587042931264557e-06,0.00025314001408447226
51.977272634374465,81.08454530962418,0.00025331542059188586,3.5104185024458873e-06,0.00024816344274045565
52.075342960099704,81.23753501775553,0.0002481422150095042,3.436994382322768e-06,0.00024309836623265997
52.173413285824935,81.3905247258869,0.00024292906280486625,3.3662527451652873e-06,0.00023799672544268114
52.271483611550174,81.54351443401828,0.00023773121765511236,3.2976356230989624e-06,0.000232911829898112
52.369553937275406,81.69650414214964,0.00023260321061220683,3.230588512809324e-06,0.00022789683722559538
52.467624263000644,81.84949385028101,0.0002275982189025374,3.164599995254636e-06,0.00022300318040603776
52.565694588725876,82.00248355841237,0.00022276604370695258,3.0992341518133683e-06,0.00021827897680927848
52.663764914451114,82.15547326654374,0.00021815150220420092,3.0341559366426773e-06,0.00021376746807315913
52.761835240176346,82.30846297467511,0.0002137929009562576,2.969146202383803e-06,0.00020950555514225334
52.85990556590158,82.46145268280647,0.00020972070107638034,2.904107343575413e-06,0.00020552250526460837
52.957975891626816,82.61444239093784,0.00020595641269111477,2.8390593726872885e-06,0.00020183891397496497
53.05604621735205,82.7674320990692,0.00020251189773503282,2.774129778999769e-06,0.00019846600177892817
53.154116543077286,82.92042180720057,0.0001993890185206869,2.7095328691265118e-06,0.00019540531032241932
53.25218686880252,83.07341151533194,0.0001965797644091553,2.6455497182251986e-06,0.00019264883641542758
53.35025719452776,83.2264012234633,0.00019406683426408214,2.58249932977349e-06,0.00019017960722510037
53.44832752025299,83.37939093159467,0.00019182463969020665,2.520710991807307e-06,0.00018797266151222193
53.54639784597823,83.53238063972603,0.0001898206619222509,2.4604973011922666e-06,0.00018599636643114006
53.64446817170346,83.6853703478574,0.00018801705216119454,2.402129390367517e-06,0.000184213973140232
53.7425384974287,83.83836005598877,0.00018637236787680874,2.3458158598977546e-06,0.0001825853011963017
53.84060882315393,83.99134976412013,0.000184843335317824,2.2916884722724017e-06,0.00018106844238499555
53.93867914887917,84.1443394722515,0.00018338653603354308,2.2397938844395737e-06,0.00017962138734712213
54.0367494746044,84.29732918038286,0.00018195995074651722,2.1900927411404294e-06,0.00017820349920939237
54.13481980032964,84.45031888851423,0.00018052448738713507,2.1424654047985705e-06,0.0001767767828439074
54.23289012605487,84.6033085966456,0.00017904443079205662,2.0967252512857965e-06,0.00017530692226141605
54.3309604517801,84.75629830477696,0.00017748892477968242,2.0526338329784933e-06,0.00017376407907485712
54.42903077750534,84.90928801290833,0.00017583229911095834,2.0099233413717033e-06,0.00017212346043480144
54.52710110323057,85.06227772103969,0.00017405444658215516,1.968315962914646e-06,0.00017036567503576325
54.62517142895581,85.21526742917106,0.00017214099414821277,1.927544412073116e-06,0.0001684769012595907
54.72324175468104,85.36825713730244,0.00017008331954263277,1.8873701748241278e-06,0.000166448893234269
54.82131208040628,85.5212468454338,0.00016787840097851232,1.8475979692760362e-06,0.0001642788496346367
54.91938240613151,85.67423655356517,0.00016552860451452006,1.8080854436027723e-06,0.000161969167439001
55.01745273185675,85.82722626169652,0.00016304131167782637,1.768748992787598e-06,0.00015952709940196975
55.11552305758198,85.9802159698279,0.00016042848885607097,1.729564383095615e-06,0.00015696433032755881
55.21359338330722,86.13320567795927,0.00015770618164373868,1.6905631924443305e-06,0.00015429648377356133
55.31166370903245,86.28619538609063,0.00015489394554246504,1.6518252454736354e-06,0.00015154256790862888
55.40973403475769,86.439185094222,0.00015201421937922316,1.613469155013844e-06,0.0001487243671195624
55.50780436048292,86.59217480235336,0.000149091647179769,1.575638536536892e-06,0.00014586578482738677
55.60587468620815,86.74516451048473,0.0001461523551692544,1.5384903781831717e-06,0.0001429921429892679
55.70394501193339,86.8981542186161,0.00014322319012046442,1.5021800162343195e-06,0.0001401294450762521
55.802015337658624,87.05114392674746,0.000140330932304683,1.466848398148682e-06,0.00013730361199029597
55.90008566338386,87.20413363487883,0.00013750150630248846,1.4326110958603042e-06,0.00013453970435395863
55.998155989109094,87.35712334301019,0.00013475936541001995,1.3995496326242313e-06,0.00013186114960432683
56.09622631483433,87.51011305114156,0.00013212618321965883,1.3677055647652203e-06,0.00012928899781045928
56.194296640559564,87.66310275927293,0.0001296206927198782,1.337078581994074e-06,0.00012684123527406899
56.2923669662848,87.81609246740429,0.00012725785053092076,1.3076276552452178e-06,0.00012453218868021653
56.390437292010034,87.96908217553566,0.00012504834623953436,1.279275477570412e-06,0.00012237205365658133
56.48850761773527,88.12207188366702,0.00012299826478418002,1.2519153522552117e-06,0.00012036657905504662
56.586577943460505,88.27506159179839,0.00012110894571233809,1.2254208101237992e-06,0.0001185169315390753
56.68464826918574,88.42805129992976,0.00011937702595562986,1.1996545621082369e-06,0.00011681975434092541
56.782718594910975,88.58104100806112,0.0001177947229453948,1.1744800835905876e-06,0.00011526742040411318
56.880788920636206,88.73403071619249,0.00011635026565630556,1.1497700449781007e-06,0.00011384846535177691
56.978859246361445,88.88702042432386,0.00011502849912970597,1.1254144721380215e-06,0.00011254817200388499
57.07692957208668,89.04001013245522,0.00011381160548007942,1.101327037560644e-06,0.00011134926755983276
57.174999897811915,89.1929998405866,0.00011267989519591461,1.0774490168515053e-06,0.00011023268850527128
57.27307022353715,89.34598954871795,0.00011161262247994315,1.0537506899451729e-06,0.00010917836731014231
57.371140549262385,89.49897925684932,0.0001105887782055381,1.030230976626034e-06,0.00010816599862551193
57.46921087498762,89.6519689649807,0.00010958782338670788,1.0069147382956252e-06,0.00010717574979853029
57.567281200712856,89.80495867311205,0.00010859034130505,9.83848462603356e-07,0.0001061888895859634
57.66535152643809,89.95794838124343,0.00010757858811448782,9.610945053341645e-07,0.00010518831845209737
57.763421852163326,90.11093808937478,0.00010653694407832026,9.387251417874343e-07,0.00010415899257731552
57.86149217788856,90.26392779750616,0.00010545237198973083,9.168149925444218e-07,0.00010308824090215891
57.959562503613796,90.41691750563753,0.0001043142625723973,8.954355403813776e-07,0.00010196597984615266
58.05763282933903,90.56990721376889,0.00010311495342731597,8.746484013651977e-07,0.00010078483377971751
58.15570315506426,90.72289692190026,0.00010184961135546339,8.545005112394633e-07,9.95401711298877e-05
58.2537734807895,90.87588663003162,0.0001005161985299944,8.350207172449832e-07,9.823006651959051e-05
58.35184380651473,91.02887633816299,9.911536592614183e-05,8.162178672723649e-07,9.685519895481234e-05
58.44991413223997,91.18186604629436,9.765029757802041e-05,7.980803939384899e-07,9.541869513333926e-05
58.5479844579652,91.33485575442572,9.612649185218127e-05,7.805778747082602e-07,9.392592574676422e-05
58.64605478369044,91.48784546255709,9.455153269341688e-05,7.636637802175523e-07,9.238426141761687e-05
58.74412510941567,91.64083517068845,9.293479101468485e-05,7.472793936455216e-07,9.0802793836184e-05
58.84219543514091,91.79382487881982,9.128710884829649e-05,7.313583303012077e-07,8.919202687494602e-05
58.94026576086614,91.94681458695119,8.962045495334561e-05,7.158318341541985e-07,8.756354206800596e-05
59.03833608659138,92.09980429508255,8.794755769413401e-05,7.00632963324976e-07,8.592964292484132e-05
59.13640641231661,92.25279400321392,8.628152015929184e-05,6.857017433479786e-07,8.430298314580832e-05
59.23447673804185,92.40578371134528,8.46354239641086e-05,6.709881019374048e-07,8.269618491985917e-05
59.33254706376708,92.55877341947665,8.302193032599019e-05,6.56454466228278e-07,8.112145504874261e-05
59.43061738949232,92.71176312760802,8.145288806157613e-05,6.420772745291195e-07,7.95902085096915e-05
59.52868771521755,92.86475283573938,7.993896271604772e-05,6.278472885139915e-07,7.811271099740001e-05
59.62675804094278,93.01774254387075,7.848930464743273e-05,6.137687007041312e-07,7.669775364000935e-05
59.72482836666802,93.17073225200211,7.711135922086734e-05,5.998575849996e-07,7.535237406307947e-05
59.82289869239325,93.32372196013348,7.58103414539263e-05,5.861394143658579e-07,7.40816378768789e-05
59.92096901811849,93.47671166826485,7.458938809359043e-05,5.726460906445364e-07,7.288849316628285e-05
60.01903934384372,93.62970137639621,7.34493693868354e-05,5.594125901679292e-07,7.177370752977436e-05
60.11710966956896,93.78269108452758,7.238891386504592e-05,5.464739335526135e-07,7.073589276232726e-05
60.21517999529419,93.93568079265894,7.140451973604887e-05,5.338615999291774e-07,6.977161680766341e-05
60.31325032101943,94.08867050079031,7.049075688281978e-05,5.216014833690463e-07,6.887559675781725e-05
60.41132064674466,94.24166020892169,6.964053096489738e-05,5.097113580648576e-07,6.80409612134571e-05
60.5093909724699,94.39464991705304,6.884542604141567e-05,4.981995848993464e-07,6.725956596201324e-05
60.60746129819513,94.54763962518442,6.809605984630885e-05,4.870646407848044e-07,6.652234421655329e-05
60.70553162392037,94.70062933331577,6.738246425613966e-05,4.762954002902931e-07,6.581967182584574e-05
60.8036019496456,94.85361904144715,6.669446116817577e-05,4.6587205410772387e-07,6.514172883440451e-05
60.901672275370835,95.00660874957852,6.602201742253372e-05,4.55767855180766e-07,6.447884119296259e-05
60.999742601096074,95.15959845770988,6.535556547534548e-05,4.459511768994661e-07,6.382178978685634e-05
61.097812926821305,95.31258816584125,6.468628135590277e-05,4.3638785715716354e-07,6.316207771557625e-05
61.195883252546544,95.4655778739726,6.400631061927823e-05,4.2704351882510797e-07,6.249215043874168e-05
61.293953578271775,95.61856758210398,6.330894618820001e-05,4.1788602689778867e-07,6.180556664742592e-05
61.392023903997014,95.77155729023535,6.258875524183795e-05,4.088870612535319e-07,6.109712031960544e-05
61.490094229722246,95.92454699836671,6.184166507850574e-05,4.0002411073512056e-07,6.036291630546813e-05
61.588164555447484,96.07753670649808,6.106507503806354e-05,3.91281121947909e-07,5.960040299733893e-05
61.686234881172716,96.23052641462944,6.0257623766146586e-05,3.826489853371164e-07,5.8808366270882225e-05
61.784305206897955,96.38351612276081,5.941938328764742e-05,3.741254931806693e-07,5.798688907123646e-05
61.882375532623186,96.53650583089218,5.855169398902526e-05,3.657147577901691e-07,5.7137280897909545e-05
61.980445858348425,96.68949553902354,5.765706744218279e-05,3.574261254540983e-07,5.6261981143501475e-05
62.078516184073656,96.84248524715491,5.673906211462799e-05,3.492729277271292e-07,5.5364439873663014e-05
62.17658650979889,96.99547495528627,5.58021434205484e-05,3.412709178035623e-07,5.4448979289054915e-05
62.27465683552413,97.14846466341764,5.485151854830633e-05,3.334366465489329e-07,5.3520638854976715e-05
62.37272716124936,97.30145437154901,5.389297507714645e-05,3.2578582135303755e-07,5.2585006973158506e-05
62.4707974869746,97.45444407968037,5.29326896148325e-05,3.183320314611446e-07,5.164804213743728e-05
62.56886781269983,97.60743378781174,5.197703625379652e-05,3.1108528670237255e-07,5.071588677547365e-05
62.66693813842507,97.7604234959431,5.103238997904752e-05,3.0405154141891566e-07,4.9794677423697024e-05
62.7650084641503,97.91341320407447,5.010493005264642e-05,2.9723196191340003e-07,4.8890355475332595e-05
62.86307878987554,98.06640291220585,4.920044859823923e-05,2.9062288686346266e-07,4.800848341198526e-05
62.96114911560077,98.2193926203372,4.832416823289679e-05,2.8421617963758065e-07,4.715407207445436e-05
63.05921944132601,98.37238232846857,4.7480582182347645e-05,2.7799988282205063e-07,4.633142501628051e-05
63.15728976705124,98.52537203659993,4.667331070238281e-05,2.719590727042086e-07,4.554400616739356e-05
63.25536009277648,98.6783617447313,4.590499559868775e-05,2.6607700800446266e-07,4.479433677691753e-05
63.35343041850171,98.83135145286268,4.5177232145012284e-05,2.603362732651357e-07,4.408392680362301e-05
63.45150074422694,98.98434116099403,4.449059057821968e-05,2.5471992021753735e-07,4.341324454801892e-05
63.54957106995218,99.1373308691254,4.384445857718587e-05,2.49212458909607e-07,4.278172643054463e-05
63.64764139567741,99.29032057725676,4.32372665210501e-05,2.438008330314528e-07,4.21878265703796e-05
63.74571172140265,99.44331028538814,4.266650756846035e-05,2.384748284440181e-07,4.1629103442303935e-05
63.84378204712788,99.59629999351951,4.212886184833151e-05,2.3322772035802113e-07,4.110233865841038e-05
63.94185237285312,99.74928970165087,4.162034467034636e-05,2.280561671127729e-07,4.060368110012491e-05
64.03992269857835,99.90227940978224,4.113647643409328e-05,2.2296007270486363e-07,4.0128808415526943e-05
64.13799302430358,100.0552691179136,4.067245582020454e-05,2.1794222906092437e-07,3.967309740157558e-05
64.23606335002883,100.20825882604497,4.0223347113332134e-05,2.130077473777643e-07,3.9231795004722153e-05
64.33413367575406,100.36124853417634,3.978424637783059e-05,2.0816330779236048e-07,3.880018249285403e-05
64.43220400147929,100.5142382423077,3.9350439759657665e-05,2.034164274381979e-07,3.837372660607368e-05
64.53027432720452,100.66722795043907,3.89175426840665e-05,1.9877465268046015e-07,3.79482129854241e-05
64.62834465292977,100.82021765857043,3.848161712533455e-05,1.942448118378789e-07,3.751985871852869e-05
64.726414978655,100.9732073667018,3.803927089208657e-05,1.8983233561282834e-07,3.7085402276371585e-05
64.82448530438023,101.12619707483317,3.7587704946676e-05,1.8554084591880713e-07,3.664217034264445e-05
64.92255563010546,101.27918678296453,3.712478257149029e-05,1.8137166386584392e-07,3.6188122003506256e-05
65.0206259558307,101.4321764910959,3.664904627538696e-05,1.7732389086787634e-07,3.572187146194614e-05
65.11869628155594,101.58516619922726,3.6159738800789105e-05,1.7339431101797027e-07,3.524269088973946e-05
65.21676660728117,101.73815590735863,3.565674691604945e-05,1.6957764242360426e-07,3.475049527329582e-05
65.3148369330064,101.89114561549,3.5140642205015626e-05,1.6586694209276373e-07,3.424581119848455e-05
65.41290725873164,102.04413532362136,3.461250535697864e-05,1.6225409958007662e-07,3.372973150584245e-05
65.51097758445688,102.19712503175273,3.4073998272314405e-05,1.5873035572750925e-07,3.3203857679514785e-05
65.60904791018211,102.35011473988409,3.352723984748021e-05,1.5528690618774124e-07,3.2670231752259226e-05
65.70711823590734,102.50310444801546,3.297472768749498e-05,1.5191542674301003e-07,3.213125944824103e-05
65.80518856163258,102.65609415614684,3.2419250352039e-05,1.4860853977464705e-07,3.158962626995152e-05
65.90325888735782,102.8090838642782,3.186379657976926e-05,1.4536015600434055e-07,3.104820828099142e-05
66.00132921308305,102.96207357240957,3.131145611886727e-05,1.4216579126798178e-07,3.050997944830132e-05
66.09939953880829,103.11506328054092,3.076532907985744e-05,1.3902255735624718e-07,2.9977917580168698e-05
66.19746986453352,103.2680529886723,3.0228425369797344e-05,1.3592931458328126e-07,2.9454911112232392e-05
66.29554019025875,103.42104269680367,2.9703571650039334e-05,1.328864215930429e-07,2.8943669222188455e-05
66.393610515984,103.57403240493502,2.91933238566648e-05,1.2989551418356083e-07,2.844663795262052e-05
66.49168084170923,103.7270221130664,2.8699888486910523e-05,1.2695920935556125e-07,2.7965925139366194e-05
66.58975116743446,103.88001182119775,2.82250555779711e-05,1.2408074262729672e-07,2.7503236926568927e-05
66.68782149315969,104.03300152932913,2.777014716218227e-05,1.2126355464899007e-07,2.7059828451662106e-05
66.78589181888493,104.1859912374605,2.7335980166635954e-05,1.1851093910858715e-07,2.6636470872943078e-05
66.88396214461017,104.33898094559186,2.6922850288902212e-05,1.1582568949723696e-07,2.6233436284125453e-05
66.9820324703354,104.49197065372323,2.6530535294061178e-05,1.1320981379237503e-07,2.5850501241778262e-05
67.08010279606063,104.64496036185459,2.6158320091847724e-05,1.1066430877070454e-07,2.5486968683512624e-05
67.17817312178587,104.79795006998596,2.5805069772800474e-05,1.0818909721453845e-07,2.514170702450371e-05
67.2762434475111,104.95093977811733,2.5469187154497222e-05,1.057829103336789e-07,2.4813204288462202e-05
67.37431377323634,105.10392948624869,2.5148784682015942e-05,1.0344348345284868e-07,2.44996343541451e-05
67.47238409896157,105.25691919438006,2.4841721656808104e-05,1.0116761586508421e-07,2.419893185723752e-05
67.5704544246868,105.40990890251142,2.454568824908803e-05,9.8951394527966e-08,2.390887202415909e-05
67.66852475041205,105.56289861064279,2.4258289323473935e-05,9.679046370431898e-08,2.3627151734651552e-05
67.76659507613728,105.71588831877416,2.3977127978948217e-05,9.468030280955568e-08,2.3351468383339862e-05
67.86466540186251,105.86887802690552,2.3699880157297175e-05,9.261647914469173e-08,2.3079593579227637e-05
67.96273572758774,106.02186773503689,2.3424369239890163e-05,9.059491734146392e-08,2.280943931438982e-05
68.06080605331299,106.17485744316825,2.3148622673241923e-05,8.86120994617156e-08,2.2539114875747165e-05
68.15887637903822,106.32784715129962,2.2870921146594416e-05,8.666521723324602e-08,2.2266973402825358e-05
68.25694670476345,106.480836859431,2.2589835998451106e-05,8.475224824679458e-08,2.1991647561737915e-05
68.35501703048868,106.63382656756235,2.2304255087168675e-05,8.287202370613313e-08,2.1712074281492566e-05
68.45308735621393,106.78681627569372,2.201339764540528e-05,8.10241203524809e-08,2.1427508870573778e-05
68.55115768193916,106.93980598382508,2.171681709083763e-05,7.920886728992792e-08,2.1137529101178422e-05
68.64922800766439,107.09279569195645,2.1414397894716716e-05,7.742714280388135e-08,2.084203002701041e-05
68.74729833338962,107.24578540008783,2.1106338794401348e-05,7.568021541222576e-08,2.0541210405635184e-05
68.84536865911485,107.39877510821918,2.0793132243567502e-05,7.396956905404818e-08,2.02355516479568e-05
68.9434389848401,107.55176481635056,2.047553815439069e-05,7.229671571873428e-08,1.992579023522178e-05
69.04150931056533,107.70475452448193,2.0154574606382397e-05,7.066300180628437e-08,1.9612884545988774e-05
69.13957963629056,107.85774423261329,1.9831403491553846e-05,6.906946891248354e-08,1.929797703666527e-05
69.2376499620158,108.01073394074466,1.9507365796103126e-05,6.751672698390326e-08,1.898235273072633e-05
69.33572028774104,108.16372364887602,1.918390483500747e-05,6.600487355086002e-08,1.8667395000599933e-05
69.43379061346627,108.31671335700739,1.886251920551088e-05,6.45334473457363e-08,1.835453967481268e-05
69.5318609391915,108.46970306513876,1.8544713891760703e-05,6.31014699068091e-08,1.804522856873782e-05
69.62993126491673,108.62269277327012,1.8231953400279008e-05,6.17074423680495e-08,1.7740863612435294e-05
69.72800159064198,108.77568248140149,1.7925614039635194e-05,6.034950744016473e-08,1.7442762820921853e-05
69.82607191636721,108.92867218953285,1.7626945175521963e-05,5.902551194239108e-08,1.715211940391754e-05
69.92414224209244,109.08166189766422,1.73370289868888e-05,5.773314356757251e-08,1.6869965324304355e-05
70.02221256781768,109.23465160579559,1.705674850156558e-05,5.647007403595062e-08,1.659714056781823e-05
70.1202828935429,109.38764131392695,1.6786762443503923e-05,5.523408917673413e-08,1.63342692647303e-05
70.21835321926815,109.54063102205832,1.652748801512147e-05,5.40231903340184e-08,1.608174359812871e-05
70.31642354499338,109.69362073018968,1.6279092464390478e-05,5.283569616830814e-08,1.583971614350417e-05
70.41449387071862,109.84661043832105,1.6041493866679978e-05,5.167029960294664e-08,1.5608100923136043e-05
70.51256419644385,109.99960014645242,1.58143699619985e-05,5.052609731363035e-08,1.5386583050478013e-05
70.6106345221691,110.15258985458378,1.5597176422655175e-05,4.940257970757057e-08,1.5174636417849973e-05
70.70870484789432,110.30557956271515,1.5389172673797957e-05,4.8299624408251764e-08,1.497154848349142e-05
70.80677517361956,110.45856927084651,1.5189455325582353e-05,4.7217398403548155e-08,1.4776450878535144e-05
70.90484549934479,110.61155897897788,1.4997013257815305e-05,4.615634011675509e-08,1.4588354310860143e-05
71.00291582507003,110.76454868710925,1.4810710872238031e-05,4.511703266554498e-08,1.4406186109662646e-05
71.10098615079526,110.91753839524061,1.4629386762113577e-05,4.410011635663013e-08,1.422882873669021e-05
71.1990564765205,111.07052810337198,1.4451870204381673e-05,4.310620425986403e-08,1.4055157678661606e-05
71.29712680224573,111.22351781150334,1.4277019188801507e-05,4.2135800880783375e-08,1.388407731087347e-05
71.39519712797096,111.37650751963471,1.4103754206015716e-05,4.118922503262909e-08,1.3714553558135836e-05
71.4932674536962,111.52949722776609,1.393108887304603e-05,4.026656922508806e-08,1.3545642447677744e-05
71.59133777942144,111.68248693589744,1.3758153532801674e-05,3.9367667771335884e-08,1.337651392320737e-05
71.68940810514667,111.83547664402882,1.3584218061360277e-05,3.84920899398443e-08,1.3206470548488825e-05
71.7874784308719,111.98846635216017,1.3408704343778322e-05,3.7639148278723144e-08,1.3034960957618425e-05
71.88554875659715,112.14145606029155,1.3231195268746784e-05,3.68079508445291e-08,1.2861588099298932e-05
71.98361908232238,112.29444576842292,1.305143823981911e-05,3.5997418074025514e-08,1.268611247139759e-05
72.08168940804761,112.44743547655428,1.286934369654366e-05,3.520638579962823e-08,1.2508450652140214e-05
72.17975973377284,112.60042518468565,1.2684979197897848e-05,3.443364008121579e-08,1.2328669510811748e-05
72.27783005949809,112.753414892817,1.2498558243612669e-05,3.367798591713039e-08,1.2146976530926408e-05
72.37590038522332,112.90640460094838,1.2310428380894413e-05,3.293831180180078e-08,1.1963706710199877e-05
72.47397071094855,113.05939430907975,1.2121052436049253e-05,3.221364082522307e-08,1.1779306521657305e-05
72.57204103667378,113.21238401721111,1.1930990234357446e-05,3.150316155666743e-08,1.1594315435199492e-05
72.67011136239903,113.36537372534248,1.1740878645373623e-05,3.0806258084918865e-08,1.1409345513804882e-05
72.76818168812426,113.51836343347384,1.1551423338931681e-05,3.012251509643809e-08,1.122505961635788e-05
72.86625201384949,113.67135314160521,1.136333167873749e-05,2.945171014193957e-08,1.104214876094155e-05
72.96432233957472,113.82434284973658,1.1177334245321687e-05,2.879378766645611e-08,1.0861309227271828e-05
73.06239266529995,113.97733255786794,1.0994143422950076e-05,2.8148841009247666e-08,1.068322000162686e-05
73.1604629910252,114.13032226599931,1.0814431184083369e-05,2.7517047733588024e-08,1.0508521187082505e-05
73.25853331675043,114.28331197413067,1.063880783277561e-05,2.6898658277443794e-08,1.033779400958593e-05
73.35660364247566,114.43630168226204,1.0467803886677935e-05,2.6293927553183947e-08,1.0171543039148855e-05
73.4546739682009,114.58929139039341,1.0301853299729409e-05,2.570307506608426e-08,1.0010181208295121e-05
73.55274429392614,114.74228109852477,1.0141283448760411e-05,2.5126251355057686e-08,9.854018141455891e-06
73.65081461965137,114.89527080665614,9.986305504509744e-06,2.4563509371255536e-08,9.703252206664873e-06
73.7488849453766,115.0482605147875,9.837010345613578e-06,2.4014779860741765e-08,9.557966565882535e-06
73.84695527110183,115.20125022291887,9.693368611205353e-06,2.3479867956532245e-08,9.418129338175351e-06
73.94502559682708,115.35423993105024,9.555234907006555e-06,2.2958453220083818e-08,9.283597810630482e-06
74.04309592255231,115.5072296391816,9.42235599621461e-06,2.2450101279738982e-08,9.154126448439627e-06
74.14116624827754,115.66021934731297,9.294382593895963e-06,2.1954280247276783e-08,9.029378282840254e-06
74.23923657400277,115.81320905544433,9.170883628002393e-06,2.1470397996037544e-08,8.908939107970843e-06
74.337306899728,115.9661987635757,9.05136328170801e-06,2.0997813824906157e-08,8.79233380711844e-06
74.43537722545325,116.11918847170708,8.935279547716876e-06,2.05358955359596e-08,8.679044063118347e-06
74.53344755117848,116.27217817983843,8.822064343788794e-06,2.0084032496969867e-08,8.568526689545601e-06
74.63151787690371,116.4251678879698,8.711153459210456e-06,1.9641665058837907e-08,8.460231846453033e-06
74.72958820262895,116.57815759610116,8.601972458321401e-06,1.9208309214647845e-08,8.353620470080355e-06
74.82765852835419,116.73114730423254,8.493987302185387e-06,1.878357223515233e-08,8.248180340545861e-06
74.92572885407942,116.88413701236391,8.386705933203045e-06,1.836715649867318e-08,8.143440324081421e-06
75.02379917980466,117.03712672049527,8.279691261530686e-06,1.7958863875195967e-08,8.038982446130584e-06
75.12186950552989,117.19011642862664,8.172571116968192e-06,1.7558587497484733e-08,7.934451569292024e-06
75.21993983125513,117.343106136758,8.06504621676669e-06,1.7166298696899218e-08,7.829562558536524e-06
75.31801015698036,117.49609584488937,7.956894278175847e-06,1.6782026394033155e-08,7.724104910741216e-06
75.4160804827056,117.64908555302074,7.847974156664267e-06,1.640584442365662e-08,7.617944904146764e-06
75.51415080843083,117.8020752611521,7.738224718793893e-06,1.6037834905392893e-08,7.511025385671274e-06
75.61222113415606,117.95506496928347,7.627662541667066e-06,1.567808568492298e-08,7.403363361452662e-06
75.7102914598813,118.10805467741483,7.516377375381781e-06,1.532665703458046e-08,7.295045590871205e-06
75.80836178560654,118.2610443855462,7.404525703122991e-06,1.4983566876935656e-08,7.18622240943669e-06
75.90643211133177,118.41403409367757,7.292322725174457e-06,1.4648780855513759e-08,7.077100024173601e-06
76.004502437057,118.56702380180893,7.180032406940856e-06,1.4322205654640244e-08,6.9679315390821215e-06
76.10257276278224,118.7200135099403,7.06795790759922e-06,1.4003684236277486e-08,6.859006979930699e-06
76.20064308850748,118.87300321807166,6.9564293093732784e-06,1.3693002307016283e-08,6.750642598373182e-06
76.29871341423271,119.02599292620303,6.845792497307056e-06,1.3389895067386522e-08,6.643169745677012e-06
76.39678373995794,119.1789826343344,6.736398107343405e-06,1.3094058566211887e-08,6.536923615827253e-06
76.49485406568319,119.33197234246576,6.62859818578155e-06,1.2805161454977416e-08,6.432232165218757e-06
76.59292439140842,119.48496205059713,6.522710127379621e-06,1.2522866500268924e-08,6.329405519627508e-06
76.69099471713365,119.63795175872849,6.419032474614683e-06,1.2246834923628144e-08,6.228726176210988e-06
76.78906504285888,119.79094146685986,6.317825498167259e-06,1.1976755330643932e-08,6.130440296289476e-06
76.88713536858411,119.94393117499123,6.219303664896142e-06,1.1712345546528724e-08,6.0347503611871215e-06
76.98520569430936,120.09692088312259,6.123629383092156e-06,1.1453363104467493e-08,5.941809426731491e-06
77.08327602003459,120.24991059125396,6.030909103638058e-06,1.1199612643526098e-08,5.851717161520681e-06
77.18134634575982,120.40290029938532,5.941190516560801e-06,1.0950948277077262e-08,5.764517790644636e-06
77.27941667148505,120.5558900075167,5.85446371898239e-06,1.0707269799498106e-08,5.6801999927129335e-06
77.3774869972103,120.70887971564807,5.7706623746475835e-06,1.0468520335015604e-08,5.5986987178666746e-06
77.47555732293553,120.86186942377942,5.689667569536473e-06,1.0234678039289645e-08,5.519898813203449e-06
77.57362764866076,121.0148591319108,5.611313275328202e-06,1.0005746556673404e-08,5.443640265578584e-06
77.67169797438599,121.16784884004215,5.535393201787369e-06,9.781742697639599e-09,5.369724805772102e-06
77.76976830011124,121.32083854817353,5.461668741663425e-06,9.56269028638433e-09,5.2979235673364705e-06
77.86783862583647,121.4738282563049,5.389877743962981e-06,9.34860140932318e-09,5.227985461356363e-06
77.9659089515617,121.62681796443626,5.319743355424784e-06,9.139478620235076e-09,5.1596459162569794e-06
78.06397927728693,121.77980767256763,5.250983218229695e-06,8.935299982754116e-09,5.0926356391353766e-06
78.16204960301216,121.93279738069899,5.183318367249166e-06,8.736015292181366e-09,5.026689079571942e-06
78.26011992873741,122.08578708883036,5.116482068587761e-06,8.541545115440428e-09,4.9615523149456e-06
78.35819025446264,122.23877679696173,5.0502335996699285e-06,8.351781347738515e-09,4.896990123664245e-06
78.45626058018787,122.39176650509309,4.984345807529929e-06,8.166588185507348e-09,4.8327920650526304e-06
78.5543309059131,122.54475621322446,4.918629964599992e-06,7.985808696173345e-09,4.768777437915411e-06
78.65240123163835,122.69774592135582,4.8529319831926985e-06,7.809270439652399e-09,4.70479904074475e-06
78.75047155736358,122.85073562948719,4.787135275045047e-06,7.636792598517346e-09,4.640745702820106e-06
78.84854188308881,123.00372533761856,4.721162025899791e-06,7.468192199597798e-09,4.576543595649236e-06
78.94661220881405,123.15671504574992,4.654973607806353e-06,7.303295007365204e-09,4.5121563677839955e-06
79.04468253453929,123.30970475388129,4.588569137703498e-06,7.141935579791679e-09,4.447584173166949e-06
79.14275286026452,123.46269446201265,4.521984475709815e-06,6.983971086457689e-09,4.382861684478345e-06
79.24082318598975,123.61568417014402,4.455288669090496e-06,6.829279022069993e-09,4.3180551994000266e-06
79.33889351171499,123.7686738782754,4.388580211763047e-06,6.6777599359346795e-09,4.2532589603417174e-06
79.43696383744022,123.92166358640675,4.321982529044947e-06,6.5293385860520736e-09,4.188590817978331e-06
79.53503416316546,124.07465329453812,4.255638887975309e-06,6.383962607977605e-09,4.12418737674073e-06
79.6331044888907,124.22764300266948,4.189706909106926e-06,6.2415982112171075e-09,4.060198766734223e-06
79.73117481461593,124.38063271080085,4.124352592204387e-06,6.102227450488491e-09,3.996783191654493e-06
79.82924514034116,124.53362241893223,4.0597448423138e-06,5.965842818458365e-09,3.93410140601302e-06
79.9273154660664,124.68661212706358,3.996049270472533e-06,5.832441896005365e-09,3.8723112769283235e-06
80.02538579179163,124.83960183519496,3.93342296856131e-06,5.70202110254181e-09,3.81156258517196e-06
80.12345611751687,124.99259154332631,3.872009861748422e-06,5.574573653250072e-09,3.751992216187957e-06
80.2215264432421,125.14558125145768,3.8119409108083856e-06,5.450080631090376e-09,3.6937198835012746e-06
80.31959676896734,125.29857095958906,3.753316043322675e-06,5.328514558769168e-09,3.6368445134842158e-06
80.41766709469258,125.45156066772041,3.6962160591234595e-06,5.2098330597363366e-09,3.5814414013471673e-06
80.5157374204178,125.60455037585179,3.6406946350418115e-06,5.093978943747797e-09,3.5275602234041683e-06
80.61380774614304,125.75754008398314,3.5867772866084103e-06,4.980881672380633e-09,3.475223960654385e-06
80.71187807186827,125.91052979211452,3.5344610845941564e-06,4.870459304752108e-09,3.424428754657134e-06
80.80994839759352,126.06351950024589,3.483715620378881e-06,4.76262017961939e-09,3.3751446802798647e-06
80.90801872331875,126.21650920837725,3.4344843628115166e-06,4.657267299614028e-09,3.3273173833180727e-06
81.00608904904398,126.36949891650862,3.3866879531406176e-06,4.554301592623095e-09,3.2808704965902523e-06
81.10415937476921,126.52248862463998,3.340227021117059e-06,4.4536255205434245e-09,3.2357087182050144e-06
81.20222970049446,126.67547833277135,3.294986019468795e-06,4.355145702957416e-09,3.1917214122479147e-06
81.30030002621969,126.82846804090272,3.2508373916888064e-06,4.258777916729689e-09,3.148786576539947e-06
81.39837035194492,126.98145774903408,3.207645934236549e-06,4.164445554529751e-09,3.1067750150543466e-06
81.49644067767015,127.13444745716545,3.16527317747637e-06,4.0720860219819006e-09,3.0655545539595745e-06
81.5945110033954,127.28743716529681,3.1235817341547153e-06,3.9816477878247045e-09,3.024994149300838e-06
81.69258132912063,127.44042687342818,3.082439160471585e-06,3.893090521924185e-09,2.9849677497154638e-06
81.79065165484586,127.59341658155955,3.0417216566002514e-06,3.806384575453933e-09,2.945357797630436e-06
81.88872198057109,127.74640628969091,3.0013172792488655e-06,3.7215093447351423e-09,2.9060582753283976e-06
81.98679230629632,127.89939599782228,2.9611289319580967e-06,3.6384502779439015e-09,2.866977226383621e-06
82.08486263202157,128.05238570595364,2.921080130456549e-06,3.557197187966976e-09,2.828038706789525e-06
82.1829329577468,128.205375414085,2.8811054568458633e-06,3.4777413758284417e-09,2.7891841424803153e-06
82.28100328347203,128.35836512221638,2.8411628068973107e-06,3.4000731171943705e-09,2.7503730901149614e-06
82.37907360919726,128.51135483034776,2.8012290853292874e-06,3.3241788892418793e-09,2.711583415520771e-06
82.47714393492251,128.6643445384791,2.7612999281660107e-06,3.2500412348815807e-09,2.6728109189695707e-06
82.57521426064774,128.81733424661047,2.721388710701668e-06,3.177634707136262e-09,2.6340684486017722e-06
82.67328458637297,128.97032395474184,2.681525285201916e-06,3.106929102249769e-09,2.595384553095516e-06
82.7713549120982,129.12331366287322,2.6417538961865276e-06,3.0378868286664983e-09,2.5568017324516923e-06
82.86942523782345,129.2763033710046,2.6021316030828847e-06,2.9704638584512184e-09,2.5183743518884682e-06
82.96749556354868,129.42929307913593,2.5627255035727606e-06,2.90461126041555e-09,2.4801662886207274e-06
83.06556588927391,129.5822827872673,2.523610116625017e-06,2.8402767513758212e-09,2.44224838495625e-06
83.16363621499914,129.73527249539868,2.4848645918369004e-06,2.7774058154632835e-09,2.4046957837700344e-06
83.26170654072438,129.88826220353005,2.446569857950624e-06,2.7159441280159238e-09,2.367585223988935e-06
83.35977686644962,130.04125191166142,2.4088058003838423e-06,2.6558390808053553e-09,2.3309923740779557e-06
83.45784719217485,130.19424161979276,2.371648454638369e-06,2.5970413107221194e-09,2.294989280415352e-06
83.55591751790008,130.34723132792413,2.335167631940775e-06,2.5395055121337113e-09,2.259642004566761e-06
83.65398784362532,130.5002210360555,2.2994244719137684e-06,2.483192556490597e-09,2.225008518506869e-06
83.75205816935056,130.65321074418688,2.264469668081223e-06,2.428067785378233e-09,2.191136919537858e-06
83.8501284950758,130.80620045231825,2.2303422034790784e-06,2.3741039821360457e-09,2.1580640168920392e-06
83.94819882080103,130.9591901604496,2.197070970065037e-06,2.321278995999387e-09,2.125814329839789e-06
84.04626914652626,131.11217986858097,2.1646660247461693e-06,2.2695753123021002e-09,2.0943995228375936e-06
84.1443394722515,131.26516957671234,2.133126977038959e-06,2.218979413426455e-09,2.063818287365392e-06
84.24240979797673,131.4181592848437,2.102439946600647e-06,2.1694806773545676e-09,2.0340566633561343e-06
84.34048012370197,131.57114899297508,2.072578399197704e-06,2.121069673047424e-09,2.0050887764121984e-06
84.4385504494272,131.72413870110643,2.0435042500464394e-06,2.0737373907208685e-09,1.976877951308137e-06
84.53662077515244,131.8771284092378,2.015169472813336e-06,2.027473926101136e-09,1.94937814854546e-06
84.63469110087767,132.03011811736917,1.987517682260438e-06,1.982267487938758e-09,1.9225356597708013e-06
84.7327614266029,132.18310782550054,1.960486564319442e-06,1.938103323528735e-09,1.8962909902919692e-06
84.83083175232814,132.33609753363191,1.9340097393711045e-06,1.8949642063463153e-09,1.870580853046247e-06
84.92890207805337,132.48908724176326,1.908018936915792e-06,1.8528286180516658e-09,1.8453401982095312e-06
85.02697240377861,132.64207694989463,1.8824460993080765e-06,1.811673119026562e-09,1.8205042059183223e-06
85.12504272950385,132.795066658026,1.8572253657371423e-06,1.7714712057804929e-09,1.7960101758112335e-06
85.22311305522908,132.94805636615737,1.8322948581835465e-06,1.7321941381321772e-09,1.7717992556261971e-06
85.32118338095431,133.10104607428875,1.807598322191834e-06,1.693811972974984e-09,1.7478179611826182e-06
85.41925370667956,133.2540357824201,1.7830863397861093e-06,1.6562944734602457e-09,1.7240194510065925e-06
85.51732403240479,133.40702549055146,1.7587174071042477e-06,1.6196116392215116e-09,1.7003645299648013e-06
85.61539435813002,133.56001519868283,1.734458695649878e-06,1.5837348879339683e-09,1.6768223670167364e-06
85.71346468385525,133.7130049068142,1.7102867027281642e-06,1.5486376280694164e-09,1.6533709221733388e-06
85.8115350095805,133.86599461494558,1.6861895610242203e-06,1.5142957786069495e-09,1.6299970867033786e-06
85.90960533530573,134.01898432307692,1.6621605071283974e-06,1.4806878478682364e-09,1.6066965484284703e-06
86.00767566103096,134.1719740312083,1.638204128916332e-06,1.4477957826264822e-09,1.5834734005712806e-06
86.10574598675619,134.32496373933967,1.6143330987261691e-06,1.415603622866242e-09,1.5603395181244843e-06
86.20381631248142,134.47795344747104,1.5905673654484654e-06,1.3840989453543577e-09,1.5373137301908555e-06
86.30188663820667,134.6309431556024,1.5669330637866104e-06,1.3532712675713455e-09,1.5144208203248827e-06
86.3999569639319,134.78393286373375,1.5434614022610997e-06,1.3231116757422686e-09,1.4916903896916789e-06
86.49802728965713,134.93692257186513,1.5201872148663026e-06,1.29361242377694e-09,1.469155619929789e-06
86.59609761538236,135.0899122799965,1.4971479412613295e-06,1.2647663520068926e-09,1.4468519740007506e-06
86.69416794110761,135.24290198812787,1.4743820562667154e-06,1.2365660337552905e-09,1.4248158740234608e-06
86.79223826683284,135.39589169625924,1.4519277230255498e-06,1.2090035310519856e-09,1.403083395076533e-06
86.89030859255807,135.54888140439058,1.42982147489254e-06,1.1820698770672935e-09,1.3816890131233184e-06
86.9883789182833,135.70187111252196,1.4080969823403486e-06,1.1557547704990079e-09,1.3606644434720125e-06
87.08644924400855,135.85486082065333,1.386784154314749e-06,1.130046223508656e-09,1.340037603430445e-06
87.18451956973378,136.0078505287847,1.3659073763852642e-06,1.104931100918468e-09,1.3198317289847367e-06
87.28258989545901,136.16084023691607,1.3454856033481098e-06,1.0803942771717213e-09,1.3000646704087948e-06
87.38066022118424,136.31382994504742,1.3255315572429465e-06,1.056420183057481e-09,1.2807483857588212e-06
87.47873054690947,136.4668196531788,1.306052041093027e-06,1.03299224252533e-09,1.2618886443726304e-06
87.57680087263472,136.61980936131016,1.2870463798614708e-06,1.0100933921226724e-09,1.243484945018932e-06
87.67487119835995,136.77279906944153,1.2685091785756561e-06,9.877066563007043e-10,1.2255306455493615e-06
87.77294152408518,136.9257887775729,1.2504259717616931e-06,9.658155916624211e-10,1.2080132931788198e-06
87.87101184981042,137.07877848570428,1.2327785584473107e-06,9.444044621010023e-10,1.1909151372672595e-06
87.96908217553566,137.23176819383562,1.215543741885391e-06,9.234587589883609e-10,1.1742138000953105e-06
88.06715250126089,137.384757901967,1.1986942101463104e-06,9.029653466111959e-10,1.1578830759632703e-06
88.16522282698612,137.53774761009836,1.1821994431681806e-06,8.829125725270653e-10,1.141893825256208e-06
88.26329315271136,137.69073731822974,1.1660267789015464e-06,8.632901315567833e-10,1.1262149280563055e-06
88.3613634784366,137.8437270263611,1.1501423313069858e-06,8.44089402546387e-10,1.1108142614743029e-06
88.45943380416183,137.99671673449245,1.1345122735692536e-06,8.253025398266284e-10,1.0956596660264947e-06
88.55750412988706,138.14970644262382,1.11910367787762e-06,8.069232320490864e-10,1.080719868913955e-06
88.6555744556123,138.3026961507552,1.10388543866796e-06,7.889457335805045e-10,1.065965335706182e-06
88.75364478133753,138.45568585888657,1.0888290754041132e-06,7.713646546514942e-10,1.0513690263908279e-06
88.85171510706277,138.60867556701794,1.0739094084405508e-06,7.541747763024192e-10,1.0369070367142104e-06
88.949785432788,138.76166527514928,1.0591052543569303e-06,7.373707958515746e-10,1.0225591109117457e-06
89.04785575851324,138.91465498328066,1.0443991972296102e-06,7.209469407950979e-10,1.0083090170604042e-06
89.14592608423847,139.06764469141203,1.0297784795594166e-06,7.048969548877744e-10,9.941447811760125e-07
89.24399640996371,139.2206343995434,1.0152349062182794e-06,6.89213931248846e-10,9.800587806823523e-07
89.34206673568895,139.37362410767477,1.000765290408119e-06,6.738902647445101e-10,9.660477019071912e-07
89.44013706141418,139.52661381580612,9.863701511080128e-07,6.589175632814356e-10,9.521123697701499e-07
89.53820738713941,139.6796035239375,9.720554381425517e-07,6.44287056736658e-10,9.382574608131318e-07
89.63627771286465,139.83259323206886,9.578285056678924e-07,6.299891719843697e-10,9.244911132045312e-07
89.73434803858989,139.98558294020023,9.437013118352579e-07,6.160144699261367e-10,9.108244493551967e-07
89.83241836431512,140.1385726483316,9.296883287647043e-07,6.023533202656922e-10,8.972710283502506e-07
89.93048869004035,140.29156235646295,9.158059438235357e-07,5.889961771728485e-10,8.838462465533093e-07
90.02855901576558,140.44455206459432,9.020717683020158e-07,5.759338611754612e-10,8.705667054927366e-07
90.12662934149083,140.5975417727257,8.885040035183986e-07,5.631577440425315e-10,8.574495664932665e-07
90.22469966721606,140.75053148085706,8.751206802762598e-07,5.50659763125375e-10,8.44511911456057e-07
90.32276999294129,140.90352118898844,8.619392085875593e-07,5.384326308260661e-10,8.317701286910988e-07
90.42084031866652,141.05651089711978,8.48975670740148e-07,5.26469826944647e-10,8.192393417388298e-07
90.51891064439177,141.20950060525115,8.362442957743166e-07,5.147655788764675e-10,8.069328976577148e-07
90.616980970117,141.36249031338252,8.237569963833715e-07,5.033147122917605e-10,7.948619292903553e-07
90.71505129584223,141.5154800215139,8.115229904068986e-07,4.921127959390882e-10,7.830350035636902e-07
90.81312162156746,141.66846972964527,7.995485097290446e-07,4.811555816104869e-10,7.714578649712198e-07
90.9111919472927,141.8214594377766,7.878366499016298e-07,4.704394384697274e-10,7.601332801036669e-07
91.00926227301794,141.97444914590798,7.763872488683895e-07,4.5996080160516707e-10,7.490609855518591e-07
91.10733259874317,142.12743885403935,7.651969444226819e-07,4.497160821145313e-10,7.382377378453772e-07
91.2054029244684,142.28042856217073,7.542593288437501e-07,4.3970160718912305e-10,7.276574604788478e-07
91.30347325019363,142.4334182703021,7.435652784602827e-07,4.2991353068134136e-10,7.173114796897326e-07
91.40154357591888,142.58640797843344,7.331042232994904e-07,4.2034767282966546e-10,7.07188837656779e-07
91.49961390164411,142.7393976865648,7.228617343748984e-07,4.1099957756526554e-10,6.972766693350124e-07
91.59768422736934,142.8923873946962,7.128229018774038e-07,4.018644762279035e-10,6.875606273447042e-07
91.69575455309457,143.04537710282756,7.029716630551877e-07,3.9293731202754774e-10,6.780253382570287e-07
91.79382487881982,143.19836681095893,6.932913241274621e-07,3.8421272829205983e-10,6.686548732875677e-07
91.89189520454505,143.35135651909027,6.837650365596498e-07,3.7568533232555067e-10,6.594332167917071e-07
91.98996553027028,143.50434622722165,6.743763095340021e-07,3.673494574264826e-10,6.503447169817516e-07
92.08803585599551,143.65733593535302,6.651093885767691e-07,3.5919970365211694e-10,6.413745048501856e-07
92.18610618172076,143.8103256434844,6.55949805700834e-07,3.5123072861926276e-10,6.325088692619172e-07
92.28417650744599,143.96331535161576,6.468846420120686e-07,3.4343737703739666e-10,6.237355784376674e-07
92.38224683317122,144.1163050597471,6.379028179021827e-07,3.35814805358861e-10,6.150441404611717e-07
92.48031715889645,144.26929476787848,6.289953019003914e-07,3.2835854490824083e-10,6.06425997887672e-07
92.57838748462169,144.42228447600985,6.20155244007815e-07,3.210644643250828e-10,5.978746539121045e-07
92.67645781034693,144.57527418414122,6.113781234371102e-07,3.1392884808883214e-10,5.893857297966641e-07
92.77452813607216,144.7282638922726,6.026613803259229e-07,3.0694835389221023e-10,5.809569553055401e-07
92.8725984617974,144.88125360040394,5.940047086252761e-07,3.001199709181271e-10,5.725880957166444e-07
92.97066878752263,145.0342433085353,5.854098045553039e-07,2.9344091236417157e-10,5.642808205601236e-07
93.06873911324787,145.18723301666668,5.768804551194948e-07,2.869086901376046e-10,5.560385205676405e-07
93.1668094389731,145.34022272479805,5.684216495409876e-07,2.805207893722154e-10,5.478660804090139e-07
93.26487976469834,145.49321243292943,5.600404661448807e-07,2.7427493273313173e-10,5.397696156511518e-07
93.36295009042357,145.64620214106077,5.517436939141534e-07,2.6816877855038243e-10,5.317561830055876e-07
93.46102041614881,145.79919184919214,5.435396253336402e-07,2.621998946311714e-10,5.238334733396102e-07
93.55909074187404,145.9521815573235,5.354368583501304e-07,2.563657537684121e-10,5.160094971125485e-07
93.65716106759928,146.10517126545489,5.274439838626712e-07,2.506637136871063e-10,5.082922718595301e-07
93.75523139332451,146.25816097358626,5.19569251963243e-07,2.450909547926342e-10,5.006895210739347e-07
93.85330171904974,146.4111506817176,5.118203009625238e-07,2.39644541567884e-10,4.932083933302373e-07
93.95137204477498,146.56414038984897,5.042038398121252e-07,2.343214242588038e-10,4.858552097375621e-07
94.04944237050022,146.71713009798034,4.967255316905398e-07,2.2911846940146293e-10,4.786352468238262e-07
94.14751269622545,146.87011980611172,4.89389747637719e-07,2.2403246181842306e-10,4.715525607335873e-07
94.24558302195068,147.0231095142431,4.821994370712292e-07,2.1906025968767812e-10,4.646098572048858e-07
94.34365334767593,147.17609922237443,4.751560410838285e-07,2.1419864974796546e-10,4.578084102104523e-07
94.44172367340116,147.3290889305058,4.6825945503543485e-07,2.0944465023251942e-10,4.511480304600088e-07
94.53979399912639,147.48207863863718,4.615080369274817e-07,2.0479537152715942e-10,4.446270832277708e-07
94.63786432485162,147.63506834676855,4.5489868295141934e-07,2.002480709720257e-10,4.382425532661183e-07
94.73593465057687,147.78805805489992,4.484269063077638e-07,1.958002032398693e-10,4.319901529690086e-07
94.8340049763021,147.94104776303126,4.420869947226436e-07,1.9144943505572714e-10,4.2586446853067825e-07
94.93207530202733,148.09403747116264,4.358721989300679e-07,1.8719360308415306e-10,4.1985913767104305e-07
95.03014562775256,148.247027179294,4.297749938976807e-07,1.830307427801748e-10,4.139670516192901e-07
95.1282159534778,148.40001688742538,4.2378785270512454e-07,1.7895905095328394e-10,4.081805734932904e-07
95.22628627920304,148.55300659555675,4.1790186702488525e-07,1.7497685389002092e-10,4.024917649963021e-07
95.32435660492827,148.7059963036881,4.1210867659918604e-07,1.710825424298499e-10,3.9689261346501204e-07
95.4224269306535,148.85898601181947,4.06400037127129e-07,1.6727461838759633e-10,3.913752517171356e-07
95.52049725637873,149.01197571995084,4.007680530305474e-07,1.6355151226275786e-10,3.8593216382043217e-07
95.61856758210398,149.1649654280822,3.9520536373264275e-07,1.5991174857870132e-10,3.805563707860361e-07
95.71663790782921,149.31795513621358,3.8970533498710835e-07,1.5635378380279225e-10,3.752415912201166e-07
95.81470823355444,149.47094484434493,3.8426216159898504e-07,1.5287600646572073e-10,3.699823730914629e-07
95.91277855927967,149.6239345524763,3.7887106244312327e-07,1.4947675014260222e-10,3.6477419393479797e-07
96.01084888500492,149.77692426060767,3.7352830695982066e-07,1.4615429637525116e-10,3.5961352796319485e-07
96.10891921073015,149.92991396873904,3.68231259280457e-07,1.4290685094993112e-10,3.5449787966928593e-07
96.20698953645538,150.08290367687042,3.629783806476775e-07,1.397325893986976e-10,3.4942578452440824e-07
96.30505986218061,150.23589338500176,3.577691967797329e-07,1.3662966425067955e-10,3.4439677831666586e-07
96.40313018790586,150.38888309313313,3.5260428424223956e-07,1.3359622539758495e-10,3.3941133748990805e-07
96.50120051363109,150.5418728012645,3.4748497335474473e-07,1.3063042015543941e-10,3.344707935487877e-07
96.59927083935632,150.69486250939588,3.424134467410313e-07,1.2773047922277469e-10,3.2957722517748364e-07
96.69734116508155,150.84785221752725,3.3739254026714173e-07,1.2489462498878128e-10,3.247333321811308e-07
96.79541149080679,151.0008419256586,3.3242575683733297e-07,1.2212123882277623e-10,3.199422957001771e-07
96.89348181653203,151.15383163378996,3.275167346966189e-07,1.1940876924683463e-10,3.1520762936961305e-07
96.99155214225726,151.30682134192134,3.226697562284547e-07,1.1675575295055633e-10,3.105330261973698e-07
97.0896224679825,151.4598110500527,3.178883904528306e-07,1.1416083371955064e-10,3.059222059186158e-07
97.18769279370773,151.61280075818408,3.131765576540176e-07,1.1162276182438722e-10,3.013787674444556e-07
97.28576311943297,151.76579046631542,3.0853788339493004e-07,1.0914036214357152e-10,2.969060507643887e-07
97.3838334451582,151.9187801744468,3.0397557626361443e-07,1.0671254596606151e-10,2.925070122835018e-07
97.48190377088343,152.07176988257817,2.994923044765601e-07,1.0433828668617053e-10,2.8818411708234837e-07
97.57997409660867,152.22475959070954,2.9509011748020487e-07,1.0201660131120028e-10,2.839392509887892e-07
97.67804442233391,152.3777492988409,2.907703468329735e-07,9.974651510802471e-11,2.797736546608121e-07
97.77611474805914,152.53073900697225,2.8653362651504525e-07,9.752709324080809e-11,2.756878811173502e-07
97.87418507378437,152.68372871510363,2.8237983866653913e-07,9.535734065914043e-11,2.7168177734555794e-07
97.9722553995096,152.836718423235,2.783081242557238e-07,9.323630570276532e-11,2.6775448978778726e-07
98.07032572523484,152.98970813136637,2.7431691308148267e-07,9.11629932343588e-11,2.6390449270244275e-07
98.16839605096008,153.14269783949774,2.7040397426461823e-07,8.913637216260524e-11,2.601296376338998e-07
98.26646637668532,153.2956875476291,2.665664828196052e-07,8.715538973046837e-11,2.56427221550166e-07
98.36453670241055,153.44867725576046,2.628011129136899e-07,8.52189787385995e-11,2.527940706414908e-07
98.46260702813578,153.60166696389183,2.5910411970891903e-07,8.33260476848841e-11,2.4922663634130884e-07
98.56067735386102,153.7546566720232,2.554714522406294e-07,8.147550951246403e-11,2.457210998475313e-07
98.65874767958626,153.90764638015457,2.5189886967539543e-07,7.966628624020384e-11,2.422734812936424e-07
98.75681800531149,154.06063608828592,2.4838208585188507e-07,7.789731950624987e-11,2.388797497428652e-07
98.85488833103672,154.2136257964173,2.449171971381625e-07,7.616756774928167e-11,2.3553593034445808e-07
98.95295865676196,154.36661550454866,2.414998540231044e-07,7.447605226101261e-11,2.322382052818587e-07
99.0510289824872,154.51960521268003,2.3812633429285814e-07,7.282179882928801e-11,2.2898300553601007e-07
99.14909930821243,154.6725949208114,2.347932441647318e-07,7.120392998294806e-11,2.2576709095891715e-07
99.24716963393766,154.82558462894275,2.3149759748298305e-07,6.96216061755354e-11,2.2258761667667796e-07
99.34523995966289,154.97857433707412,2.282368642560517e-07,6.807403318491139e-11,2.1944218439305256e-07
99.44331028538814,155.1315640452055,2.2500902040447636e-07,6.65604690580454e-11,2.1632887772163462e-07
99.54138061111337,155.28455375333687,2.2181254667942376e-07,6.508022068647528e-11,2.1324628121750942e-07
99.6394509368386,155.43754346146824,2.186464829498404e-07,6.363262334488408e-11,2.1019348329228342e-07
99.73752126256383,155.59053316959958,2.1551038907932518e-07,6.221704695577395e-11,2.0717006366762842e-07
99.83559158828908,155.74352287773095,2.124043211130418e-07,6.083288253091429e-11,2.0417606644340856e-07
99.93366191401431,155.89651258586233,2.0932878973975147e-07,5.947953310929775e-11,2.0121196022145325e-07
100.03173223973954,156.0495022939937,2.0628470572611077e-07,5.815639577370618e-11,1.982785870316236e-07
100.12980256546477,156.20249200212507,2.032733444675435e-07,5.6862883382041646e-11,1.9537710205119082e-07
100.22787289119002,156.3554817102564,2.002961549801195e-07,5.559836984895758e-11,1.9250890629076396e-07
100.32594321691525,156.50847141838778,1.9735480603009028e-07,5.4362254269884395e-11,1.8967557453978623e-07
100.42401354264048,156.66146112651916,1.9445106900821798e-07,5.315391377313899e-11,1.8687878092177538e-07
100.52208386836571,156.81445083465053,1.915868318374379e-07,5.197271093425446e-11,1.8412022440421876e-07
100.62015419409094,156.9674405427819,1.88763806574414e-07,5.08180044619169e-11,1.8140155654063297e-07
100.71822451981619,157.12043025091324,1.8598384362782015e-07,4.968915495397449e-11,1.7872431359387526e-07
100.81629484554142,157.27341995904462,1.8324817711624805e-07,4.8585519813440246e-11,1.7608985500236602e-07
100.91436517126665,157.426409667176,1.805580717330141e-07,4.7506469801909964e-11,1.7349930990794954e-07
101.01243549699188,157.57939937530736,1.7791448787022146e-07,4.6451390725952685e-11,1.7095353317114805e-07
101.11050582271713,157.73238908343873,1.7531805175456205e-07,4.541968789373913e-11,1.6845307196411026e-07
101.20857614844236,157.88537879157008,1.7276902663948017e-07,4.441078227407543e-11,1.6599814366359128e-07
101.3066464741676,158.03836849970145,1.7026731026103593e-07,4.3424134841738267e-11,1.6358862537787017e-07
101.40471679989282,158.19135820783282,1.6781241921212106e-07,4.245920994662237e-11,1.6122405504652297e-07
101.50278712561807,158.3443479159642,1.6540353981460298e-07,4.151552659897143e-11,1.5890364366535767e-07
101.6008574513433,158.49733762409556,1.6303953213623626e-07,4.0592621962606764e-11,1.5662629782587097e-07
101.69892777706853,158.6503273322269,1.6071896670398778e-07,3.969005389337503e-11,1.5439065143379652e-07
101.79699810279376,158.80331704035828,1.5844016664269123e-07,3.880740375640897e-11,1.5219510519755067e-07
101.895068428519,158.95630674848965,1.562012553027691e-07,3.7944273800965364e-11,1.5003787226483983e-07
101.99313875424424,159.10929645662102,1.5400020616195684e-07,3.71002752161042e-11,1.479170282413999e-07
102.09120907996947,159.2622861647524,1.5183490175598746e-07,3.627503234544035e-11,1.4583056375305573e-07
102.1892794056947,159.41527587288374,1.497031786715133e-07,3.5468175843541135e-11,1.4377643771058952e-07
102.28734973141994,159.5682655810151,1.4760288445940034e-07,3.4679338842380414e-11,1.4175262950231075e-07
102.38542005714518,159.72125528914648,1.4553193052704097e-07,3.390814817083469e-11,1.397571884647236e-07
102.48349038287041,159.87424499727786,1.4348835655952865e-07,3.315423884039076e-11,1.377882791579895e-07
102.58156070859565,160.02723470540923,1.4147055473507569e-07,3.2417223922312176e-11,1.358442211891569e-07
102.67963103432088,160.18022441354057,1.3947676414485229e-07,3.1696733547854004e-11,1.3392352257090538e-07
102.77770136004612,160.33321412167194,1.3750566282908316e-07,3.099238875232815e-11,1.3202490586539397e-07
102.87577168577135,160.48620382980332,1.3555616556105344e-07,3.0303806767654306e-11,1.301473266310641e-07
102.97384201149659,160.6391935379347,1.3362744006735213e-07,2.963060780719123e-11,1.2828998395538446e-07
103.07191233722182,160.79218324606606,1.317189064059241e-07,2.897241854433105e-11,1.264523231105036e-07
103.16998266294705,160.9451729541974,1.298302387192558e-07,2.8328868856025593e-11,1.246340306050636e-07
103.2680529886723,161.09816266232878,1.2796134006016952e-07,2.7699600816346224e-11,1.2283502211903836e-07
103.36612331439753,161.25115237046015,1.2611235211575972e-07,2.7084268727683926e-11,1.2105542399572875e-07
103.46419364012276,161.40414207859152,1.2428361459736936e-07,2.6482540564083625e-11,1.192955491234315e-07
103.56226396584799,161.5571317867229,1.2247563726506316e-07,2.5894094473908005e-11,1.1755586816717636e-07
103.66033429157324,161.71012149485423,1.20689065831258e-07,2.5318631715483853e-11,1.1583697720726492e-07
103.75840461729847,161.8631112029856,1.1892464451642576e-07,2.47558541344775e-11,1.1413956290565021e-07
103.8564749430237,162.01610091111698,1.1718319413179465e-07,2.4205493078876698e-11,1.1246436635325932e-07
103.95454526874893,162.16909061924835,1.1546550406324494e-07,2.3667287365815535e-11,1.1081214675134688e-07
104.05261559447418,162.32208032737972,1.1377236539858165e-07,2.3140984296362337e-11,1.0918364604830203e-07
104.15068592019941,162.47507003551107,1.1210451334016731e-07,2.2626341132751303e-11,1.0757955559096118e-07
104.24875624592464,162.62805974364244,1.1046264840934563e-07,2.21231236963242e-11,1.0600048575783337e-07
104.34682657164987,162.7810494517738,1.0884728386462536e-07,2.163109979821923e-11,1.0444693942295776e-07
104.4448968973751,162.93403915990518,1.0725894472122714e-07,2.1150042311192488e-11,1.0291928995639098e-07
104.54296722310035,163.08702886803655,1.0569775260069393e-07,2.0679725953998896e-11,1.014177643045953e-07
104.64103754882558,163.2400185761679,1.0416381901586827e-07,2.0219925922246187e-11,9.994243151619479e-08
104.73910787455081,163.39300828429927,1.0265707304941567e-07,1.9770413655018012e-11,9.849319689151102e-08
104.83717820027604,163.54599799243064,1.0117726439595938e-07,1.9330966118915244e-11,9.706980174450973e-08
104.93524852600129,163.69898770056201,9.972396586757927e-08,1.890134897386363e-11,9.567182858017069e-08
105.03331885172652,163.8519774086934,9.829658930872739e-08,1.8481339883453197e-11,9.42987113158293e-08
105.13138917745175,164.00496711682473,9.689439167862428e-08,1.8070713644755095e-11,9.294975001830469e-08
105.22945950317698,164.1579568249561,9.551651684833739e-08,1.7669245445803833e-11,9.162412949549096e-08
105.32752982890223,164.31094653308747,9.416200725624071e-08,1.7276714784553075e-11,9.032094097622924e-08
105.42560015462746,164.46393624121885,9.282983124287427e-08,1.689290726719031e-11,8.903920603901571e-08
105.52367048035269,164.61692594935022,9.151891019565129e-08,1.651761231595591e-11,8.777790191011422e-08
105.62174080607792,164.76991565748156,9.02281456283206e-08,1.6150627896310456e-11,8.653598724500558e-08
105.71981113180316,164.92290536561293,8.895644428804232e-08,1.5791759941812073e-11,8.531242753229359e-08
105.8178814575284,165.0758950737443,8.770274607453946e-08,1.5440822575590246e-11,8.410621931333169e-08
105.91595178325363,165.22888478187568,8.646604089600097e-08,1.5097635473073e-11,8.291641248994647e-08
106.01402210897886,165.38187449000705,8.524539070207367e-08,1.4762030871764227e-11,8.174213009196752e-08
106.1120924347041,165.5348641981384,8.403994745130974e-08,1.4433840008955846e-11,8.058258499067432e-08
106.21016276042934,165.68785390626977,8.284897671961424e-08,1.4112909679029516e-11,7.943709316847019e-08
106.30823308615457,165.84084361440114,8.167197311697277e-08,1.3799089228000207e-11,7.830508328404925e-08
106.4063034118798,165.9938333225325,8.050835339046756e-08,1.3492231132796754e-11,7.71861024013816e-08
106.50437373760504,166.14682303066388,7.935778472933839e-08,1.3192191988503461e-11,7.607981787594442e-08
106.60244406333028,166.29981273879523,7.822005454359726e-08,1.289883193713694e-11,7.498601550932422e-08
106.70051438905551,166.4528024469266,7.709506760145248e-08,1.2612011177951509e-11,7.390459419085845e-08
106.79858471478074,166.60579215505797,7.598283487072649e-08,1.233159216156405e-11,7.283555734019506e-08
106.89665504050598,166.75878186318934,7.488346540582606e-08,1.2057438146559372e-11,7.177900154597039e-08
106.99472536623122,166.9117715713207,7.37971445695085e-08,1.1789412826507742e-11,7.073510286206888e-08
107.09279569195645,167.06476127945206,7.272413435673e-08,1.1527378248861798e-11,6.970410127342731e-08
107.19086601768169,167.21775098758343,7.166474679673051e-08,1.1271200550264192e-11,6.868628387762756e-08
107.28893634340692,167.3707406957148,7.061932669828911e-08,1.1020740377765767e-11,6.768196734644473e-08
107.38700666913215,167.52373040384617,6.958823291289005e-08,1.0775866618202651e-11,6.669148023311071e-08
107.4850769948574,167.67672011197755,6.857181958094273e-08,1.0536447763597487e-11,6.571514567667857e-08
107.58314732058263,167.8297098201089,6.757042828313343e-08,1.0302353746925046e-11,6.475326502507217e-08
107.68121764630786,167.98269952824026,6.658433183141924e-08,1.0073458075441515e-11,6.38061028540854e-08
107.77928797203309,168.13568923637163,6.561376108886568e-08,9.849638656403679e-12,6.287387380200468e-08
107.87735829775833,168.288678944503,6.465888045267729e-08,9.630776187961624e-12,6.195673157029481e-08
107.97542862348357,168.44166865263438,6.371980958211085e-08,9.41675661681791e-12,6.105476036198353e-08
108.0734989492088,168.59465836076572,6.27965453755269e-08,9.207470502491898e-12,6.016796894344796e-08
108.17156927493403,168.7476480688971,6.188908671693483e-08,9.002812867156503e-12,5.929628742507846e-08
108.26963960065927,168.90063777702846,6.099720510703945e-08,8.802681419639985e-12,5.843956676483945e-08
108.3677099263845,169.05362748515984,6.012068070351549e-08,8.606980460589017e-12,5.7597580909302934e-08
108.46578025210974,169.2066171932912,5.9259211508226914e-08,8.41561285974857e-12,5.67700314025152e-08
108.56385057783497,169.35960690142255,5.841242261126083e-08,8.228489666046775e-12,5.5956554217111696e-08
108.6619209035602,169.51259660955392,5.757987383602079e-08,8.04552255108842e-12,5.515672849709939e-08
108.75999122928545,169.6655863176853,5.676107367620893e-08,7.866624237252314e-12,5.437008684990022e-08
108.85806155501068,169.81857602581667,5.595548600440154e-08,7.691709216813463e-12,5.359612678811692e-08
108.95613188073591,169.97156573394804,5.516255582444361e-08,7.520693601434242e-12,5.283432289994943e-08
109.05420220646114,170.12455544207938,5.438171601250519e-08,7.353493292823044e-12,5.2084139321368006e-08
109.15227253218639,170.27754515021076,5.361240162013885e-08,7.190025473139169e-12,5.134504209247438e-08
109.25034285791162,170.43053485834213,5.285406267022318e-08,7.03020796402053e-12,5.061651100378246e-08
109.34841318363685,170.5835245664735,5.210617570066491e-08,6.873959184590518e-12,4.98980505736761e-08
109.44648350936208,170.73651427460487,5.136826169835898e-08,6.721197076612606e-12,4.918919984399537e-08
109.54455383508733,170.88950398273622,5.0639864438467914e-08,6.571842541963937e-12,4.8489540734207105e-08
109.64262416081256,171.0424936908676,4.992058886179678e-08,6.425813901595359e-12,4.779870475351026e-08
109.74069448653779,171.19548339899896,4.9210096746976644e-08,6.2830348947413315e-12,4.7116377932132906e-08
109.83876481226302,171.34847310713033,4.850813363558718e-08,6.143429592446887e-12,4.644230389573278e-08
109.93683513798825,171.5014628152617,4.7814475652102194e-08,6.006923376502835e-12,4.577628506818266e-08
110.0349054637135,171.65445252339305,4.7129026895987435e-08,5.873444061836277e-12,4.511818204635756e-08
110.13297578943873,171.80744223152442,4.6451641625354816e-08,5.742922237516578e-12,4.4467911244334905e-08
110.23104611516396,171.9604319396558,4.578229955177725e-08,5.615290180987599e-12,4.382544095248973e-08
110.3291164408892,172.11342164778716,4.5121026710298224e-08,5.490483147986512e-12,4.319078599839734e-08
110.42718676661444,172.26641135591854,4.4467890085521505e-08,5.3684388738657765e-12,4.256400123052666e-08
110.52525709233967,172.41940106404988,4.3822988447307397e-08,5.2490973818583116e-12,4.1945174071975975e-08
110.6233274180649,172.57239077218125,4.318644597413562e-08,5.132399873639782e-12,4.133441640966113e-08
110.72139774379013,172.72538048031262,4.255839900900787e-08,5.018290966257778e-12,4.073185609429136e-08
110.81946806951538,172.878370188444,4.193899655642259e-08,4.906714009385941e-12,4.0137628328176575e-08
110.91753839524061,173.03135989657537,4.1328386234038785e-08,4.797616716601855e-12,3.9551867211598025e-08
111.01560872096584,173.1843496047067,4.072670649221375e-08,4.690946816548971e-12,3.897469770443872e-08
111.11367904669108,173.33733931283808,4.0134078778465934e-08,4.586652382429918e-12,3.840622823853695e-08
111.2117493724163,173.49032902096945,3.955060035779219e-08,4.484682346595855e-12,3.7846544188448315e-08
111.30981969814155,173.64331872910083,3.897634403130698e-08,4.384986515339612e-12,3.72957023748366e-08
111.40789002386678,173.7963084372322,3.84113302237067e-08,4.28751460384533e-12,3.6753726736622876e-08
111.50596034959202,173.94929814536354,3.78555473149556e-08,4.192217198095734e-12,3.622060526649406e-08
111.60403067531725,174.10228785349491,3.730894239381597e-08,4.0990454589328105e-12,3.569628826080068e-08
111.7021010010425,174.2552775616263,3.677143861891284e-08,4.0079511552333746e-12,3.51806878907111e-08
111.80017132676772,174.40826726975766,3.6242894791628696e-08,3.918886071608193e-12,3.467367905826107e-08
111.89824165249296,174.56125697788903,3.572318182510818e-08,3.831804022629218e-12,3.417510146015685e-08
111.99631197821819,174.71424668602037,3.521205304886258e-08,3.746657608352853e-12,3.36847627452647e-08
112.09438230394343,174.86723639415175,3.4709284775313875e-08,3.663402843436022e-12,3.320244261990254e-08
112.19245262966867,175.02022610228312,3.421462575468065e-08,3.5819961393188083e-12,3.272789772938618e-08
112.2905229553939,175.1732158104145,3.372780418686065e-08,3.502394810701052e-12,3.226086712549752e-08
112.38859328111913,175.32620551854586,3.3248533039480645e-08,3.4245576590949885e-12,3.18010781180991e-08
112.48666360684436,175.4791952266772,3.2776518229458964e-08,3.3484450999954416e-12,3.134825230511317e-08
112.5847339325696,175.63218493480858,3.2311461892468716e-08,3.274018462862549e-12,3.0902111578308357e-08
112.68280425829484,175.78517464293995,3.185307596846952e-08,3.2012406857475648e-12,3.04623839123115e-08
112.78087458402007,175.93816435107132,3.1401084189566276e-08,3.1300759803040013e-12,3.002880876022034e-08
112.8789449097453,176.0911540592027,3.095522792158674e-08,3.0604896915439667e-12,2.9601141900228132e-08
112.97701523547055,176.24414376733404,3.0515270716727105e-08,2.9924476394845037e-12,2.9179159602710175e-08
113.07508556119578,176.3971334754654,3.008100184513e-08,2.9259174286851113e-12,2.8762662015144548e-08
113.17315588692101,176.55012318359678,2.9652243287835333e-08,2.8608657385964086e-12,2.8351475691924376e-08
113.27122621264624,176.70311289172815,2.9228833872164676e-08,2.797261640380822e-12,2.7945455226471238e-08
113.36929653837149,176.85610259985953,2.8810648035308184e-08,2.735074104294327e-12,2.7544483973072773e-08
113.46736686409672,177.0090923079909,2.8397590097683107e-08,2.674272240458929e-12,2.7148473874659365e-08
113.56543718982195,177.16208201612224,2.7989606798394024e-08,2.6148256491900585e-12,2.6757364439509686e-08
113.66350751554718,177.3150717242536,2.7586653916015614e-08,2.5567044776357023e-12,2.6371120934011892e-08
113.76157784127241,177.46806143238499,2.71887501947392e-08,2.499878899319176e-12,2.5989731879577287e-08
113.85964816699766,177.62105114051636,2.679587279203566e-08,2.44431970857627e-12,2.5613205959212745e-08
113.95771849272289,177.77404084864773,2.6408057094269462e-08,2.389998170948129e-12,2.5241568452836565e-08
114.05578881844812,177.92703055677907,2.6025350131150527e-08,2.3368860537308127e-12,2.487485732997054e-08
114.15385914417335,178.08002026491044,2.5647807065815443e-08,2.284955279972602e-12,2.4513119133890724e-08
114.2519294698986,178.23300997304182,2.527548599567739e-08,2.2341790911569933e-12,2.4156404792662248e-08
114.34999979562383,178.3859996811732,2.4908444837517763e-08,2.1845301342374885e-12,2.3804765489807497e-08
114.44807012134906,178.53898938930456,2.4546734691768128e-08,2.135983132149942e-12,2.345824872084428e-08
114.5461404470743,178.6919790974359,2.4190401524742425e-08,2.0885130910195555e-12,2.311689465183469e-08
114.64421077279954,178.84496880556728,2.3839479803669317e-08,2.042095560364645e-12,2.278073288275613e-08
114.74228109852477,178.99795851369865,2.349399001605246e-08,1.9967069391399414e-12,2.244977970239195e-08
114.84035142425,179.15094822183002,2.3153936359696574e-08,1.9523245191174773e-12,2.2124035903048793e-08
114.93842174997523,179.3039379299614,2.281930493221059e-08,1.9089260515323834e-12,2.1803485203355947e-08
115.03649207570047,179.45692763809274,2.2490062171768347e-08,1.866490134002968e-12,2.1488093306343504e-08
115.13456240142571,179.6099173462241,2.2166155089133245e-08,1.8249960051799436e-12,2.1177807598635623e-08
115.23263272715094,179.76290705435548,2.1847509764151816e-08,1.7844234612594433e-12,2.087255747566495e-08
115.33070305287617,179.91589676248685,2.15340325599011e-08,1.7447524783429762e-12,2.057225525801014e-08
115.4287733786014,180.06888647061822,2.1225611694669474e-08,1.7059639891578982e-12,2.0276797645961138e-08
115.52684370432665,180.22187617874957,2.092212165349938e-08,1.6680383219211646e-12,1.998606764380859e-08
115.62491403005188,180.37486588688094,2.0623452214543454e-08,1.6309571567401915e-12,1.9699936872623233e-08
115.72298435577711,180.5278555950123,2.032943203822391e-08,1.5947020966426935e-12,1.941826818080644e-08
115.82105468150235,180.68084530314368,2.0039914216636593e-08,1.559254832203877e-12,1.9140918455669152e-08
115.91912500722759,180.83383501127506,1.975474692271871e-08,1.524597368102338e-12,1.886774153680544e-08
116.01719533295282,180.9868247194064,1.947377723001777e-08,1.4907120749203788e-12,1.859859113300679e-08
116.11526565867806,181.13981442753777,1.919685360941188e-08,1.4575813997316505e-12,1.833332364869135e-08
116.21333598440329,181.29280413566914,1.892382976994028e-08,1.4251882212378074e-12,1.8071800832991772e-08
116.31140631012852,181.44579384380052,1.8654565409179463e-08,1.3935157652725483e-12,1.7813892174329514e-08
116.40947663585376,181.5987835519319,1.83889327108481e-08,1.362547619687016e-12,1.755947697502487e-08
116.507546961579,181.75177326006323,1.8126815985200645e-08,1.3322675245957198e-12,1.7308446053728867e-08
116.60561728730423,181.9047629681946,1.786811343258071e-08,1.3026600381081012e-12,1.706070303768401e-08
116.70368761302946,182.05775267632598,1.7612738114505738e-08,1.2737094057918444e-12,1.6816165221497845e-08
116.8017579387547,182.21074238445735,1.736061834461297e-08,1.2454011009291437e-12,1.6574763983758698e-08
116.89982826447994,182.36373209258872,1.7111700125437098e-08,1.2177207621273053e-12,1.6336444766981472e-08
116.99789859020517,182.51672180072006,1.6865936521711028e-08,1.1906543289879313e-12,1.610116663964826e-08
117.0959689159304,182.66971150885144,1.6623297146200164e-08,1.1641882066944116e-12,1.5868901471171265e-08
117.19403924165564,182.8227012169828,1.6383763699357743e-08,1.138309280557446e-12,1.5639632761164736e-08
117.29210956738088,182.97569092511418,1.6147336252074597e-08,1.1130046563289189e-12,1.5413354173263456e-08
117.39017989310611,183.12868063324555,1.59140132686014e-08,1.0882618828079841e-12,1.519006783070044e-08
117.48825021883134,183.2816703413769,1.568382210243615e-08,1.064068833129109e-12,1.4969782435852216e-08
117.58632054455659,183.43466004950827,1.545675892037807e-08,1.040413660787471e-12,1.4752511278919163e-08
117.68439087028182,183.58764975763964,1.5232845730009603e-08,1.0172845872564645e-12,1.453827020183247e-08
117.78246119600705,183.740639465771,1.501210398918412e-08,9.94670364980224e-13,1.4327075582399272e-08
117.88053152173228,183.89362917390238,1.4794553038036932e-08,9.725593786759108e-13,1.4118942400712092e-08
117.97860184745751,184.04661888203373,1.4580207753106697e-08,9.509407979958987e-13,1.3913882445084578e-08
118.07667217318276,184.1996085901651,1.4369077573671707e-08,9.29803755848137e-13,1.371190270841073e-08
118.17474249890799,184.35259829829647,1.416116363453194e-08,9.091374545406039e-13,1.3513004018106935e-08
118.27281282463322,184.50558800642784,1.3956460800448218e-08,8.889313060155456e-13,1.3317179933935312e-08
118.37088315035845,184.65857771455921,1.3754955124084246e-08,8.691749676800185e-13,1.3124415938328485e-08
118.4689534760837,184.81156742269056,1.3556623571803674e-08,8.49858176503848e-13,1.293468893365604e-08
118.56702380180893,184.96455713082193,1.336143383775228e-08,8.309709561023886e-13,1.2747967050531787e-08
118.66509412753416,185.1175468389533,1.3169344398443965e-08,8.125035648325721e-13,1.2564209761107944e-08
118.76316445325939,185.27053654708467,1.2980304635549393e-08,7.944464995439481e-13,1.238336828167132e-08
118.86123477898464,185.42352625521605,1.2794255868738796e-08,7.767903665777148e-13,1.2205386240063472e-08
118.95930510470987,185.5765159633474,1.2611131268538746e-08,7.595262620670288e-13,1.2030200575778178e-08
119.0573754304351,185.72950567147876,1.2430857167100304e-08,7.42645104419164e-13,1.1857742634270083e-08
119.15544575616033,185.88249537961013,1.2253354407507954e-08,7.261385242031322e-13,1.1687939412222383e-08
119.25351608188556,186.0354850877415,1.2078541155587728e-08,7.099982373230068e-13,1.1520714907375221e-08
119.35158640761081,186.18847479587288,1.1906349739243978e-08,6.942161180247286e-13,1.1355991525053818e-08
119.44965673333604,186.34146450400422,1.1736682465777936e-08,6.78784290440574e-13,1.119369149373816e-08
119.54772705906127,186.4944542121356,1.1569460732111068e-08,6.63695134558753e-13,1.1033738243790489e-08
119.6457973847865,186.64744392026697,1.1404607685011933e-08,6.489411342828395e-13,1.0876057706669453e-08
119.74386771051175,186.80043362839834,1.1242049894069027e-08,6.345150085907833e-13,1.0720579496419541e-08
119.84193803623698,186.9534233365297,1.1081718154097782e-08,6.204096453655935e-13,1.056723794071071e-08
119.94000836196221,187.10641304466105,1.0923548981802568e-08,6.066180801457372e-13,1.0415972934977503e-08
120.03807868768745,187.25940275279243,1.0767484274173378e-08,5.931333776119755e-13,1.0266730600013546e-08
120.13614901341269,187.4123924609238,1.0613474256316345e-08,5.799489073247031e-13,1.0119463730464658e-08
120.23421933913792,187.56538216905517,1.0461476470775181e-08,5.670578255195138e-13,9.974132028795128e-09
120.33228966486315,187.71837187718654,1.031145601654416e-08,5.544537525193163e-13,9.830702126245825e-09
120.43035999058839,187.87136158531789,1.0163385378046362e-08,5.421302981803393e-13,9.689147398865881e-09
120.52843031631362,188.02435129344926,1.0017243987293513e-08,5.30081127200314e-13,9.549447592702939e-09
120.62650064203886,188.17734100158063,9.873019051735788e-09,5.183000430015365e-13,9.411588277534151e-09
120.7245709677641,188.330330709712,9.730698944842643e-09,5.067810093587262e-13,9.275560152998886e-09
120.82264129348933,188.48332041784337,9.590278311520124e-09,4.955180530518045e-13,9.14135823455925e-09
120.92071161921456,188.63631012597472,9.451755243010982e-09,4.845053827699081e-13,9.008980949313271e-09
121.0187819449398,188.7892998341061,9.31513476922063e-09,4.737373560030935e-13,8.878429173280524e-09
121.11685227066504,188.94228954223746,9.180417323301376e-09,4.6320847765498e-13,8.74970524236531e-09
121.21492259639027,189.09527925036883,9.047616436698623e-09,4.529133208407763e-13,8.62281196879891e-09
121.3129929221155,189.2482689585002,8.916724288865526e-09,4.4284674455093077e-13,8.497751693510639e-09
121.41106324784074,189.40125866663155,8.787744918986098e-09,4.3300350060613934e-13,8.374525402643659e-09
121.50913357356598,189.55424837476292,8.660679391132924e-09,4.233787491767459e-13,8.253131933408321e-09
121.6072038992912,189.7072380828943,8.535525350027649e-09,4.139676906965569e-13,8.133567290757131e-09
121.70527422501644,189.86022779102566,8.412276180075606e-09,4.0476560670082837e-13,8.015824092106324e-09
121.80334455074167,190.01321749915704,8.290920990343253e-09,3.9576791243011555e-13,7.899891152659757e-09
121.90141487646692,190.16620720728838,8.17144352227637e-09,3.869701604959504e-13,7.785753218969025e-09
121.99948520219215,190.31919691541975,8.053823883307155e-09,3.7836795336040105e-13,7.673390853356204e-09
122.09755552791738,190.47218662355112,7.938037618200913e-09,3.6995702162546986e-13,7.562780466893419e-09
122.19562585364261,190.6251763316825,7.824056052040057e-09,3.617331878341471e-13,7.45389449394315e-09
122.29369617936786,190.77816603981387,7.711846631992106e-09,3.536923568111869e-13,7.3467016969630225e-09
122.39176650509309,190.9311557479452,7.601373343481359e-09,3.458304494140335e-13,7.2411675865031865e-09
122.48983683081832,191.08414545607658,7.492597089466792e-09,3.381435660514961e-13,7.137254938187934e-09
122.58790715654355,191.23713516420796,7.385476515898918e-09,3.3062768698442854e-13,7.034924386060019e-09
122.6859774822688,191.39012487233933,7.2799681023092255e-09,3.2327906926524904e-13,6.93413507003153e-09
122.78404780799403,191.5431145804707,7.176026973275094e-09,3.160939714257419e-13,6.83484531435818e-09
122.88211813371926,191.69610428860204,7.073607645250223e-09,3.0906869227449696e-13,6.73701331402261e-09
122.98018845944449,191.84909399673342,6.972665539116981e-09,3.021996198505807e-13,6.640597806646752e-09
123.07825878516972,192.0020837048648,6.873166517968578e-09,2.95483243443067e-13,6.545558708987985e-09
123.17632911089497,192.15507341299616,6.775061130091697e-09,2.889160956892229e-13,6.451857699125895e-09
123.2743994366202,192.30806312112753,6.678312655424495e-09,2.8249482032953626e-13,6.35945872801499e-09
123.37246976234543,192.46105282925888,6.58288675178927e-09,2.7621615104533774e-13,6.268328447050734e-09
123.47054008807066,192.61404253739025,6.488752047344234e-09,2.700769086651313e-13,6.178436541552261e-09
123.56861041379591,192.76703224552162,6.395880214914493e-09,2.640739530326028e-13,6.089755963483531e-09
123.66668073952114,192.920021953653,6.304246444301326e-09,2.582043081417321e-13,6.002263060200757e-09
123.76475106524637,193.07301166178436,6.213828863547647e-09,2.524649314954932e-13,5.915937599412754e-09
123.8628213909716,193.2260013699157,6.124609879323752e-09,2.4685301360487603e-13,5.830762693775623e-09
123.96089171669685,193.37899107804708,6.036575265167264e-09,2.413657627464574e-13,5.74672463152233e-09
124.05896204242208,193.53198078617845,5.94971401089009e-09,2.360004286178532e-13,5.663812622175644e-09
124.15703236814731,193.68497049430982,5.864017983079915e-09,2.3075433330765073e-13,5.58201846864971e-09
124.25510269387254,193.8379602024412,5.779481484287803e-09,2.2562487413532362e-13,5.5013361788619946e-09
124.35317301959778,193.99094991057254,5.696101601284857e-09,2.2060947365015318e-13,5.4217615313205005e-09
124.45124334532302,194.1439396187039,5.613874316722562e-09,2.157056265335256e-13,5.343291610004302e-09
124.54931367104825,194.29692932683528,5.53279744192375e-09,2.1091087986669255e-13,5.265924324209378e-09
124.64738399677348,194.44991903496665,5.452869028999127e-09,2.062228288794663e-13,5.18965792889806e-09
124.74545432249872,194.60290874309803,5.374089480837982e-09,2.0163907960535758e-13,5.114490560487208e-09
124.84352464822396,194.75589845122937,5.296455040556347e-09,1.9715734531522716e-13,5.040419801970119e-09
124.9415949739492,194.90888815936074,5.219968184138207e-09,1.927752726076312e-13,4.96744228983601e-09
125.03966529967443,195.06187786749211,5.144617966431424e-09,1.8849067337102613e-13,4.895553373479579e-09
125.13773562539966,195.2148675756235,5.0703994281383865e-09,1.8430136445712393e-13,4.824746835748078e-09
125.2358059511249,195.36785728375486,4.997305301134013e-09,1.8020519017482204e-13,4.755014681023216e-09
125.33387627685013,195.5208469918862,4.925326025065643e-09,1.7620005041228877e-13,4.686346994856361e-09
125.43194660257537,195.67383670001757,4.854449534687119e-09,1.722839069808137e-13,4.618731876748856e-09
125.5300169283006,195.82682640814895,4.784661514801471e-09,1.6845474901239696e-13,4.552155445273089e-09
125.62808725402583,195.97981611628032,4.715945016330551e-09,1.6471063151965712e-13,4.486601912442359e-09
125.72615757975107,196.1328058244117,4.648281679240077e-09,1.6104966208645123e-13,4.422053722132852e-09
125.8242279054763,196.28579553254303,4.581651387762652e-09,1.5746999831855465e-13,4.358491745500893e-09
125.92229823120154,196.4387852406744,4.5160326242838996e-09,1.5396981897631609e-13,4.295895524780914e-09
126.02036855692677,196.59177494880578,4.451402783190914e-09,1.5054739630214497e-13,4.234243555634141e-09
126.11843888265201,196.74476465693715,4.3877384865163384e-09,1.4720096111811016e-13,4.173513597373476e-09
126.21650920837725,196.89775436506852,4.32501656386733e-09,1.4392887725307513e-13,4.113682999932113e-09
126.31457953410248,197.05074407319987,4.263211829744433e-09,1.4072951607431894e-13,4.054729036368402e-09
126.41264985982771,197.20373378133124,4.202300062190936e-09,1.3760127052215844e-13,3.9966292299957075e-09
126.51072018555296,197.3567234894626,4.142257526632229e-09,1.3454257358984216e-13,3.939361665864546e-09
126.60879051127819,197.50971319759398,4.083063270590267e-09,1.3155190053945478e-13,3.882905277267236e-09
126.70686083700342,197.66270290572535,4.024694811140854e-09,1.286277403949671e-13,3.827240099137421e-09
126.80493116272865,197.8156926138567,3.967136614273024e-09,1.257686239672856e-13,3.772347481623998e-09
126.90300148845388,197.96868232198807,3.910365517146539e-09,1.2297311300639636e-13,3.7182102586748203e-09
127.00107181417913,198.12167203011944,3.85436596913696e-09,1.2023979830986267e-13,3.6648128681137793e-09
127.09914213990436,198.2746617382508,3.799123923034788e-09,1.1756727842573333e-13,3.6121414213756444e-09
127.19721246562959,198.42765144638219,3.744626988294097e-09,1.149542162165852e-13,3.560183722724624e-09
127.29528279135482,198.58064115451353,3.6908642964526036e-09,1.1239923764138942e-13,3.508929239372942e-09
127.39335311708007,198.7336308626449,3.637826612024993e-09,1.0990106702311488e-13,3.4583690253898684e-09
127.4914234428053,198.88662057077627,3.585505855057035e-09,1.0745843343752871e-13,3.408495603612316e-09
127.58949376853053,199.03961027890765,3.5338957531976923e-09,1.050700835639446e-13,3.3593028109007754e-09
127.68756409425576,199.19259998703902,3.482991220653324e-09,1.0273479771291313e-13,3.3107856130064425e-09
127.78563441998101,199.34558969517036,3.4327882036746634e-09,1.0045139308579147e-13,3.262939896007408e-09
127.88370474570624,199.49857940330173,3.3832834457794153e-09,9.821870312782078e-14,3.2157622417232403e-09
127.98177507143147,199.6515691114331,3.334474222767154e-09,9.60355995443977e-14,3.1692496947252333e-09
128.0798453971567,199.80455881956448,3.2863585623527895e-09,9.390098411483089e-14,3.1233995285262292e-09
128.17791572288195,199.95754852769585,3.238933042100093e-09,9.181378684997296e-14,3.078209018268602e-09
128.27598604860717,200.1105382358272,3.192194549533732e-09,8.977294889781041e-14,3.0336752267488e-09
128.3740563743324,nan,3.146139453543944e-09,nan,2.9897948099408173e-09
128.47212670005766,nan,3.1007649267503616e-09,nan,2.94656384733824e-09
128.57019702578287,nan,3.056065308061436e-09,nan,2.9039777014532552e-09
128.66826735150812,nan,3.0120382529126346e-09,nan,2.8620309097280933e-09
128.76633767723334,nan,2.968673431583644e-09,nan,2.8207171109652647e-09
128.86440800295858,nan,2.925963972019354e-09,nan,2.7800290072063694e-09
128.96247832868383,nan,2.8839017551677642e-09,nan,2.739958360825032e-09
129.06054865440905,nan,2.842477546408099e-09,nan,2.7004960254831338e-09
129.1586189801343,nan,2.8016809832008064e-09,nan,2.6616320085682534e-09
129.25668930585954,nan,2.761500817985036e-09,nan,2.623355561813921e-09
129.35475963158476,nan,2.721924775214739e-09,nan,2.5856552960299025e-09
129.45282995731,nan,2.6829403170583406e-09,nan,2.548519315258528e-09
129.55090028303522,nan,2.644534483800296e-09,nan,2.51193536523877e-09
129.64897060876046,nan,2.606694117203275e-09,nan,2.4758909908097956e-09
129.7470409344857,nan,2.569406040382337e-09,nan,2.4403736968218615e-09
129.84511126021093,nan,2.5326572195746814e-09,nan,2.4053711072370403e-09
129.94318158593617,nan,2.496435290191209e-09,nan,2.3708711173851734e-09
130.0412519116614,nan,2.4607272208149e-09,nan,2.3368620347733862e-09
130.13932223738664,nan,2.4255209637961922e-09,nan,2.3033327044089783e-09
130.23739256311188,nan,2.3908051018439577e-09,nan,2.2702726152619437e-09
130.3354628888371,nan,2.35657008600844e-09,nan,2.2376719852362898e-09
130.43353321456235,nan,2.3228056551120755e-09,nan,2.2055218228126712e-09
130.5316035402876,nan,2.289505638217606e-09,nan,2.1738139643398596e-09
130.6296738660128,nan,2.2566594474467087e-09,nan,2.1425410867626575e-09
130.72774419173805,nan,2.2242607889173433e-09,nan,2.1116966963546083e-09
130.82581451746327,nan,2.1923040561684157e-09,nan,2.081275094752158e-09
130.92388484318852,nan,2.160784347024172e-09,nan,2.051271324242824e-09
131.02195516891376,nan,2.1296973252335186e-09,nan,2.0216810948281297e-09
131.12002549463898,nan,2.0990392360650627e-09,nan,1.992500696047653e-09
131.21809582036423,nan,2.0688065957138546e-09,nan,1.9637268969058338e-09
131.31616614608944,nan,2.0389965461347263e-09,nan,1.9353568374809776e-09
131.4142364718147,nan,2.009606489466454e-09,nan,1.9073879159140704e-09
131.51230679753994,nan,1.980634005092707e-09,nan,1.879817674475275e-09
131.61037712326515,nan,1.952076733332959e-09,nan,1.8526436882914066e-09
131.7084474489904,nan,1.9239322533324963e-09,nan,1.8258634600970327e-09
131.80651777471564,nan,1.896198251876504e-09,nan,1.7994743240545678e-09
131.90458810044086,nan,1.868871301787325e-09,nan,1.7734733612877436e-09
132.0026584261661,nan,1.8419479348715416e-09,nan,1.7478573293037159e-09
132.10072875189132,nan,1.815424225320784e-09,nan,1.7226226069579718e-09
132.19879907761657,nan,1.7892966169921778e-09,nan,1.6977651560611479e-09
132.29686940334182,nan,1.7635598893788134e-09,nan,1.6732805001572483e-09
132.39493972906703,nan,1.738210768754099e-09,nan,1.6491637204360676e-09
132.49301005479228,nan,1.713241467742172e-09,nan,1.6254094681983495e-09
132.5910803805175,nan,1.68864634130474e-09,nan,1.6020119927864544e-09
132.68915070624274,nan,1.6644192196543175e-09,nan,1.578965183441534e-09
132.787221031968,nan,1.6405535234811049e-09,nan,1.5562626231639032e-09
132.8852913576932,nan,1.617042287135018e-09,nan,1.533897652345739e-09
132.98336168341845,nan,1.5938783194391036e-09,nan,1.511863439722705e-09
133.0814320091437,nan,1.571054131863817e-09,nan,1.4901530580569865e-09
133.1795023348689,nan,1.548562381380321e-09,nan,1.4687595619193375e-09
133.27757266059416,nan,1.5263957696212814e-09,nan,1.447676064980256e-09
133.37564298631938,nan,1.5045471543775278e-09,nan,1.4268958143445985e-09
133.47371331204462,nan,1.4830096280784702e-09,nan,1.4064122596619915e-09
133.57178363776987,nan,1.46177657918471e-09,nan,1.3862191150080897e-09
133.6698539634951,nan,1.4408419578051788e-09,nan,1.3663104118463546e-09
133.76792428922033,nan,1.420199463749327e-09,nan,1.3466805417350584e-09
133.86599461494555,nan,1.3998434547781903e-09,nan,1.327324287825617e-09
133.9640649406708,nan,1.3797686975808208e-09,nan,1.308236844592788e-09
134.06213526639604,nan,1.359971037551416e-09,nan,1.2894138256322362e-09
134.16020559212126,nan,1.3404458665920755e-09,nan,1.270851259743199e-09
134.2582759178465,nan,1.3211908553582226e-09,nan,1.2525455758731282e-09
134.35634624357175,nan,1.3022010073003082e-09,nan,1.2344935778267275e-09
134.45441656929697,nan,1.283473656203116e-09,nan,1.2166924099253437e-09
134.5524868950222,nan,1.2650063601258403e-09,nan,1.1991395150378488e-09
134.65055722074743,nan,1.2467968929974483e-09,nan,1.1818325865855078e-09
134.74862754647268,nan,1.2288431533831778e-09,nan,1.1647695162477003e-09
134.84669787219792,nan,1.2111431689149565e-09,nan,1.1479483391616965e-09
134.94476819792314,nan,1.1936949191877918e-09,nan,1.131367178417526e-09
135.04283852364838,nan,1.1764965489078982e-09,nan,1.1150241906009955e-09
135.1409088493736,nan,1.159546171289266e-09,nan,1.0989175140371652e-09
135.23897917509885,nan,1.1428418396217922e-09,nan,1.0830452212379355e-09
135.3370495008241,nan,1.1263815039602598e-09,nan,1.067405276867717e-09
135.4351198265493,nan,1.1101629678349658e-09,nan,1.0519955023164795e-09
135.53319015227456,nan,1.0941840156585622e-09,nan,1.036813547719479e-09
135.6312604779998,nan,1.0784417384884188e-09,nan,1.0218568719950886e-09
135.72933080372502,nan,1.0629331848548232e-09,nan,1.0071227311958491e-09
135.82740112945027,nan,1.0476551511883196e-09,nan,9.926081751928263e-10
135.92547145517548,nan,1.0326046885154949e-09,nan,9.783100524474785e-10
136.02354178090073,nan,1.017777955485889e-09,nan,9.64225022377074e-10
136.12161210662597,nan,1.0031723256051813e-09,nan,9.50349574597551e-10
136.2196824323512,nan,9.887826793102953e-10,nan,9.366800541362291e-10
136.31775275807644,nan,9.746052599071982e-10,nan,9.23212691552791e-10
136.41582308380166,nan,9.606361452917398e-10,nan,9.099436367931655e-10
136.5138934095269,nan,9.46871320413141e-10,nan,8.968689955293192e-10
136.61196373525215,nan,9.333066917890003e-10,nan,8.839848667101585e-10
136.71003406097736,nan,9.199381767953026e-10,nan,8.712873800625735e-10
136.8081043867026,nan,9.067616543469203e-10,nan,8.587727323358829e-10
136.90617471242786,nan,8.937732087486369e-10,nan,8.464372211734464e-10
137.00424503815307,nan,8.809690563296482e-10,nan,8.342772756175402e-10
137.10231536387832,nan,8.6834559192507e-10,nan,8.22289482402401e-10
137.20038568960354,nan,8.558994142261545e-10,nan,8.104706073597512e-10
137.29845601532878,nan,8.43627339963251e-10,nan,7.988176114440782e-10
137.39652634105403,nan,8.315265351206861e-10,nan,7.873276610761366e-10
137.49459666677924,nan,8.195940247993167e-10,nan,7.759981326949151e-10
137.5926669925045,nan,8.078271962524294e-10,nan,7.648266115956125e-10
137.6907373182297,nan,7.962236355801015e-10,nan,7.538108853078173e-10
137.78880764395495,nan,7.847814965862867e-10,nan,7.429489319291842e-10
137.8868779696802,nan,7.734986013831088e-10,nan,7.322389039715001e-10
137.98494829540542,nan,7.623740049104495e-10,nan,7.216791083940906e-10
138.08301862113066,nan,7.514051310573678e-10,nan,7.112679835920118e-10
138.1810889468559,nan,7.405906509621848e-10,nan,7.010040741712538e-10
138.27915927258113,nan,7.299292648547019e-10,nan,6.908860043794811e-10
138.37722959830637,nan,7.194196977398434e-10,nan,6.809124510688324e-10
138.4752999240316,nan,7.09060650418995e-10,nan,6.710821170476538e-10
138.57337024975683,nan,6.988508086079955e-10,nan,6.613937056323368e-10
138.67144057548208,nan,6.887887498703132e-10,nan,6.518458971413491e-10
138.7695109012073,nan,6.78873077905304e-10,nan,6.42437327983555e-10
138.86758122693254,nan,6.691023221580341e-10,nan,6.33166572886023e-10
138.96565155265776,nan,6.594749357093881e-10,nan,6.240321306863496e-10
139.063721878383,nan,6.499892853468346e-10,nan,6.150324139853188e-10
139.16179220410825,nan,6.406436418818424e-10,nan,6.061657428221459e-10
139.25986252983347,nan,6.314362688359458e-10,nan,5.974303424005817e-10
139.35793285555872,nan,6.223650475909324e-10,nan,5.888243447645236e-10
139.45600318128396,nan,6.134278662454897e-10,nan,5.803457942002278e-10
139.55407350700918,nan,6.046225103750254e-10,nan,5.719926560324242e-10
139.65214383273442,nan,5.959469653473126e-10,nan,5.637628283868767e-10
139.75021415845964,nan,5.873987621667408e-10,nan,5.556541564145859e-10
139.8482844841849,nan,5.789761991062469e-10,nan,5.476644484147085e-10
139.94635480991013,nan,5.706762052076081e-10,nan,5.397914932557756e-10
140.04442513563535,nan,5.624965663099407e-10,nan,5.32033078477908e-10
140.1424954613606,nan,5.544350417281568e-10,nan,5.243870084625417e-10
140.2405657870858,nan,5.464894025751378e-10,nan,5.168511220794618e-10
140.33863611281106,nan,5.386574346980444e-10,nan,5.094233092620535e-10
140.4367064385363,nan,5.309369830824882e-10,nan,5.021015260188002e-10
140.53477676426152,nan,5.233259148767617e-10,nan,4.94883807459181e-10
140.63284708998677,nan,5.158222505599131e-10,nan,4.877682784928559e-10
140.730917415712,nan,5.084241113192533e-10,nan,4.807531619490067e-10
140.82898774143723,nan,5.011297352491035e-10,nan,4.738367839548818e-10
140.92705806716248,nan,4.939374813464023e-10,nan,4.670175765059739e-10
141.0251283928877,nan,4.868458274016678e-10,nan,4.6029407725171547e-10
141.12319871861294,nan,4.798534360253747e-10,nan,4.5366492660734964e-10
141.2212690443382,nan,4.729588631125205e-10,nan,4.471288623823982e-10
141.3193393700634,nan,4.661608405326683e-10,nan,4.406847121864502e-10
141.41740969578865,nan,4.5945817565295923e-10,nan,4.343313839323861e-10
141.51548002151387,nan,4.5284995942732303e-10,nan,4.280678548040592e-10
141.6135503472391,nan,4.46335044236488e-10,nan,4.218931590889653e-10
141.71162067296436,nan,4.3991294518384696e-10,nan,4.158063752962588e-10
141.80969099868958,nan,4.335821873943973e-10,nan,4.098066129862231e-10
141.90776132441482,nan,4.2734196864978226e-10,nan,4.038929997296752e-10
142.00583165014007,nan,4.2119145940674825e-10,nan,3.9806466859531196e-10
142.10390197586528,nan,4.1512980456855883e-10,nan,3.9232074653081777e-10
142.20197230159053,nan,4.091561005776676e-10,nan,3.8666034396120857e-10
142.30004262731575,nan,4.0326940691497795e-10,nan,3.810825458769247e-10
142.398112953041,nan,3.9746869927890015e-10,nan,3.755864046265293e-10
142.49618327876624,nan,3.917529543679167e-10,nan,3.701709345667157e-10
142.59425360449146,nan,3.8612109939638785e-10,nan,3.648351086575458e-10
142.6923239302167,nan,3.8057201823836815e-10,nan,3.5957785702584336e-10
142.79039425594192,nan,3.751045527450685e-10,nan,3.5439806745637316e-10
142.88846458166717,nan,3.6971750367834e-10,nan,3.4929458771081174e-10
142.9865349073924,nan,3.64409687707353e-10,nan,3.44266229520507e-10
143.08460523311763,nan,3.591797260074299e-10,nan,3.393117740519154e-10
143.18267555884287,nan,3.5402627261869867e-10,nan,3.3442997860489663e-10
143.28074588456812,nan,3.489479542702404e-10,nan,3.2961958427453004e-10
143.37881621029334,nan,3.4394354660351865e-10,nan,3.248793242873837e-10
143.47688653601858,nan,3.390115972309896e-10,nan,3.2020793271356637e-10
143.5749568617438,nan,3.341511302539722e-10,nan,3.156041532562247e-10
143.67302718746905,nan,3.293604117317943e-10,nan,3.110667478299647e-10
143.7710975131943,nan,3.2463823180649013e-10,nan,3.0659450465841435e-10
143.8691678389195,nan,3.199833915832159e-10,nan,3.021862456475734e-10
143.96723816464475,nan,3.1539472120466223e-10,nan,2.9784083282476095e-10
144.06530849036997,nan,3.10871076962576e-10,nan,2.9355717367136957e-10
144.16337881609522,nan,3.0641136196802226e-10,nan,2.8933422521981397e-10
144.26144914182046,nan,3.0201449965792304e-10,nan,2.8517099682964203e-10
144.35951946754568,nan,2.976795043074662e-10,nan,2.810665516030314e-10
144.45758979327093,nan,2.9340544561736666e-10,nan,2.7702000644458213e-10
144.55566011899617,nan,2.8919145330646855e-10,nan,2.730305308129211e-10
144.6537304447214,nan,2.8503671509038817e-10,nan,2.690973442509422e-10
144.75180077044664,nan,2.8094047168183504e-10,nan,2.652197128165023e-10
144.84987109617185,nan,2.769020517612708e-10,nan,2.6139694456510947e-10
144.9479414218971,nan,2.7292070131268987e-10,nan,2.576283842598599e-10
145.04601174762234,nan,2.689957451015988e-10,nan,2.5391340750124836e-10
145.14408207334756,nan,2.6512652781856145e-10,nan,2.5025141448001714e-10
145.2421523990728,nan,2.6131253405514315e-10,nan,2.4664182356006286e-10
145.34022272479805,nan,2.575530876708093e-10,nan,2.4308406489560806e-10
145.43829305052327,nan,2.538478732123935e-10,nan,2.3957757427772395e-10
145.53636337624852,nan,2.5019598424077814e-10,nan,2.3612178739045364e-10
145.63443370197373,nan,2.4659688528656513e-10,nan,2.3271613463683113e-10
145.73250402769898,nan,2.430500109021042e-10,nan,2.2936003667083494e-10
145.83057435342423,nan,2.395547699932731e-10,nan,2.2605290074377046e-10
145.92864467914944,nan,2.361105361233081e-10,nan,2.2279411794356524e-10
146.0267150048747,nan,2.3271665776649376e-10,nan,2.1958306137419287e-10
146.1247853305999,nan,2.2937243488164438e-10,nan,2.164190852908423e-10
146.22285565632515,nan,2.260771712977173e-10,nan,2.1330152517554693e-10
146.3209259820504,nan,2.228301487916136e-10,nan,2.1022969870883451e-10
146.41899630777561,nan,2.19630633514217e-10,nan,2.0720290756627665e-10
146.51706663350086,nan,2.1647787921813307e-10,nan,2.0422043994551598e-10
146.6151369592261,nan,2.133711297916663e-10,nan,2.0128157370996025e-10
146.71320728495132,nan,2.103096536133255e-10,nan,1.9838558002033642e-10
146.81127761067657,nan,2.0729262249307442e-10,nan,1.955317273150567e-10
146.9093479364018,nan,2.043192438260374e-10,nan,1.927192854949581e-10
147.00741826212703,nan,2.0138872569904162e-10,nan,1.89947530167387e-10
147.10548858785228,nan,1.9850037791309086e-10,nan,1.8721574680873558e-10
147.2035589135775,nan,1.9565339327100777e-10,nan,1.8452323471291674e-10
147.30162923930274,nan,1.9284725263577438e-10,nan,1.8186931060557693e-10
147.39969956502796,nan,1.9008101049066232e-10,nan,1.792533118194477e-10
147.4977698907532,nan,1.8735403271110327e-10,nan,1.7667459894447606e-10
147.59584021647845,nan,1.8466569803961151e-10,nan,1.7413255788664812e-10
147.69391054220367,nan,1.8201540601868237e-10,nan,1.7162660129085813e-10
147.7919808679289,nan,1.794025728002198e-10,nan,1.6915616930517926e-10
147.89005119365416,nan,1.7682664060482198e-10,nan,1.6672072968566358e-10
147.98812151937938,nan,1.742870600946297e-10,nan,1.6431977726167122e-10
148.08619184510462,nan,1.7178332892159163e-10,nan,1.6195283280113396e-10
148.18426217082984,nan,1.693149694117941e-10,nan,1.596194413325076e-10
148.28233249655509,nan,1.6688152963930075e-10,nan,1.5731916999499644e-10
148.38040282228033,nan,1.6448258102783803e-10,nan,1.550516055006805e-10
148.47847314800555,nan,1.6211771459924057e-10,nan,1.5281635130101026e-10
148.5765434737308,nan,1.5978656068489296e-10,nan,1.5061302455582445e-10
148.674613799456,nan,1.5748869032323525e-10,nan,1.484412530053672e-10
148.77268412518126,nan,1.5522370871985344e-10,nan,1.4630067184483625e-10
148.8707544509065,nan,1.529912218958007e-10,nan,1.441909206970735e-10
148.96882477663172,nan,1.5079090684615088e-10,nan,1.4211164077209106e-10
149.06689510235697,nan,1.4862233926371137e-10,nan,1.4006247229279995e-10
149.1649654280822,nan,1.464852958292019e-10,nan,1.3804305225481914e-10
149.26303575380743,nan,1.4437920665630954e-10,nan,1.3605301257499906e-10
149.36110607953268,nan,1.4230371208158902e-10,nan,1.340919786689131e-10
149.4591764052579,nan,1.4025843305390422e-10,nan,1.3215956848245136e-10
149.55724673098314,nan,1.38242975387235e-10,nan,1.3025539198725175e-10
149.65531705670838,nan,1.3625692585907978e-10,nan,1.2837905113472666e-10
149.7533873824336,nan,1.3429985971064885e-10,nan,1.2653014024907207e-10
149.85145770815885,nan,1.3237132855352253e-10,nan,1.2470824682656205e-10
149.94952803388406,nan,1.304708918347402e-10,nan,1.2291295269688391e-10
150.0475983596093,nan,1.2859810287898438e-10,nan,1.2114383549253506e-10
150.14566868533456,nan,1.2675251335217235e-10,nan,1.1940047036476757e-10
150.24373901105977,nan,1.2493367561515735e-10,nan,1.1768243187921665e-10
150.34180933678502,nan,1.2314114441072008e-10,nan,1.1598929602139976e-10
150.43987966251026,nan,1.213744966359242e-10,nan,1.1432064224165163e-10
150.53794998823548,nan,1.1963326119713104e-10,nan,1.126760554707014e-10
150.63602031396073,nan,1.179169947408735e-10,nan,1.1105512804088179e-10
150.73409063968595,nan,1.1622526078194049e-10,nan,1.0945746145364892e-10
150.8321609654112,nan,1.1455768709458854e-10,nan,1.0788266794141031e-10
150.93023129113644,nan,1.129138384366021e-10,nan,1.0633037178036291e-10
151.02830161686165,nan,1.1129344917378106e-10,nan,1.0480021032071074e-10
151.1263719425869,nan,1.0969600974435098e-10,nan,1.0329183471099584e-10
151.22444226831212,nan,1.0812119121822526e-10,nan,1.0180491030392912e-10
151.32251259403736,nan,1.0656867180538275e-10,nan,1.0033911674170139e-10
151.4205829197626,nan,1.0503814028342357e-10,nan,9.889414772900561e-11
151.51865324548783,nan,1.0352929252146483e-10,nan,9.746971051152615e-11
151.61672357121307,nan,1.0204183600290003e-10,nan,9.606552508625921e-11
151.71479389693832,nan,1.0057547886353962e-10,nan,9.468132317743909e-11
151.81286422266353,nan,9.912995151001902e-11,nan,9.331684701788594e-11
151.91093454838878,nan,9.770499329689167e-11,nan,9.197184798015211e-11
152.009004874114,nan,9.630035288358344e-11,nan,9.064608510482236e-11
152.10707519983924,nan,9.49157867742011e-11,nan,8.933932357468082e-11
152.2051455255645,nan,9.35510572548561e-11,nan,8.805133318326184e-11
152.3032158512897,nan,9.220594405255833e-11,nan,8.678188684455241e-11
152.40128617701495,nan,9.088018785207294e-11,nan,8.553075918749233e-11
152.49935650274017,nan,8.95735447998145e-11,nan,8.42977252745314e-11
152.59742682846542,nan,8.828576793377304e-11,nan,8.308255947804224e-11
152.69549715419066,nan,8.701664843278117e-11,nan,8.188503454209796e-11
152.79356747991588,nan,8.576591702596929e-11,nan,8.070492085017895e-11
152.89163780564112,nan,8.453341927897301e-11,nan,7.954198591207332e-11
152.98970813136637,nan,8.331880048441223e-11,nan,7.83959940757911e-11
153.0877784570916,nan,8.212182778716961e-11,nan,7.726670646296487e-11
153.18584878281683,nan,8.094225846459388e-11,nan,7.615388111921619e-11
153.28391910854205,nan,7.97798430874521e-11,nan,7.505727336450964e-11
153.3819894342673,nan,7.863432388226151e-11,nan,7.397663632278323e-11
153.48005975999254,nan,7.750543956494357e-11,nan,7.291172160532056e-11
153.57813008571776,nan,7.639291874668888e-11,nan,7.186228011848288e-11
153.676200411443,nan,7.529649835154065e-11,nan,7.082806296368726e-11
153.77427073716822,nan,7.421591568735687e-11,nan,6.980882239590841e-11
153.87234106289347,nan,7.315091102027344e-11,nan,6.880431280650265e-11
153.97041138861871,nan,7.21012288069694e-11,nan,6.781429169680538e-11
154.06848171434393,nan,7.106661842899967e-11,nan,6.68385206106193e-11
154.16655204006918,nan,7.004684525325994e-11,nan,6.587676599634204e-11
154.26462236579442,nan,6.904164972877134e-11,nan,6.492879997292684e-11
154.36269269151964,nan,6.805079058554212e-11,nan,6.399440097798286e-11
154.4607630172449,nan,6.707403223645887e-11,nan,6.307335428096576e-11
154.5588333429701,nan,6.611117731304908e-11,nan,6.216545234939241e-11
154.65690366869535,nan,6.516199261466072e-11,nan,6.127049506116544e-11
154.7549739944206,nan,6.422634277404654e-11,nan,6.038828976126747e-11
154.8530443201458,nan,6.330395102764186e-11,nan,5.951865116607815e-11
154.95111464587106,nan,6.239464371792414e-11,nan,5.866140112326993e-11
155.04918497159628,nan,6.149824970360023e-11,nan,5.781636823948919e-11
155.14725529732152,nan,6.06146019415198e-11,nan,5.698338739171717e-11
155.24532562304677,nan,5.974353516392193e-11,nan,5.616229914125741e-11
155.34339594877198,nan,5.888488825787786e-11,nan,5.535294907161054e-11
155.44146627449723,nan,5.803849779881452e-11,nan,5.4555187073064066e-11
155.53953660022248,nan,5.720421047481214e-11,nan,5.376886659760642e-11
155.6376069259477,nan,5.638187543730312e-11,nan,5.2993843907775067e-11
155.73567725167294,nan,5.557134462873717e-11,nan,5.2229977342318095e-11
155.83374757739816,nan,5.477247213843194e-11,nan,5.147712662012016e-11
155.9318179031234,nan,5.39851132770273e-11,nan,5.073515220179015e-11
156.02988822884865,nan,5.320913163105783e-11,nan,5.000391472573898e-11
156.12795855457387,nan,5.244436682764755e-11,nan,4.928327453255702e-11
156.2260288802991,nan,5.169066638671243e-11,nan,4.857309128817949e-11
156.32409920602433,nan,5.094787541737317e-11,nan,4.787322371279969e-11
156.42216953174957,nan,5.021586083855284e-11,nan,4.718352941887229e-11
156.52023985747482,nan,4.949445489133786e-11,nan,4.650386485798449e-11
156.61831018320004,nan,4.878355667191664e-11,nan,4.583408537293544e-11
156.71638050892528,nan,4.808295064583788e-11,nan,4.517404534819518e-11
156.81445083465053,nan,4.7392492838497976e-11,nan,4.452359844908084e-11
156.91252116037575,nan,4.671203507783961e-11,nan,4.3882597937571085e-11
157.010591486101,nan,4.604142701515795e-11,nan,4.325089705075112e-11
157.1086618118262,nan,4.538051531494295e-11,nan,4.262834942647145e-11
157.20673213755146,nan,4.472914651566937e-11,nan,4.2014809559936486e-11
157.3048024632767,nan,4.408716323240228e-11,nan,4.1410133274637355e-11
157.40287278900192,nan,4.345441473362801e-11,nan,4.081417819126596e-11
157.50094311472716,nan,4.2830752255649154e-11,nan,4.022680417899351e-11
157.59901344045238,nan,4.221603032840064e-11,nan,3.964787377470307e-11
157.69708376617763,nan,4.161010728280858e-11,nan,3.9077252557374866e-11
157.79515409190287,nan,4.101284543586863e-11,nan,3.8514809466785046e-11
157.8932244176281,nan,4.0424117204931986e-11,nan,3.796041705788656e-11
157.99129474335334,nan,3.9843781223706796e-11,nan,3.741395168464453e-11
158.08936506907858,nan,3.927170698006548e-11,nan,3.687529360959377e-11
158.1874353948038,nan,3.870776725787533e-11,nan,3.6344327037893704e-11
158.28550572052904,nan,3.815185663588766e-11,nan,3.582094007710565e-11
158.38357604625426,nan,3.7603848496640425e-11,nan,3.53050246262244e-11
158.4816463719795,nan,3.706367193171068e-11,nan,3.4796476199592284e-11
158.57971669770475,nan,3.6531173486861565e-11,nan,3.4295193693169377e-11
158.67778702342997,nan,3.6006258103200984e-11,nan,3.380107910215306e-11
158.77585734915522,nan,3.548883094899688e-11,nan,3.331403720012819e-11
158.87392767488043,nan,3.497879825719803e-11,nan,3.283397519074188e-11
158.97199800060568,nan,3.447606595391065e-11,nan,3.2360802343329265e-11
159.07006832633093,nan,3.3980541043877005e-11,nan,3.1894429623979595e-11
159.16813865205614,nan,3.349212793242968e-11,nan,3.1434769333220735e-11
159.2662089777814,nan,3.301073568629604e-11,nan,3.098173476085602e-11
159.36427930350663,nan,3.2536273744559485e-11,nan,3.0535239867535637e-11
159.46234962923185,nan,3.2068652260587635e-11,nan,3.009519900142235e-11
159.5604199549571,nan,3.160778190554172e-11,nan,2.966152665688178e-11
159.65849028068232,nan,3.115357352492546e-11,nan,2.923413728052993e-11
159.75656060640756,nan,3.070594241153493e-11,nan,2.881294512826548e-11
159.8546309321328,nan,3.026478990327334e-11,nan,2.8397864175169497e-11
159.95270125785802,nan,2.983002196413002e-11,nan,2.7988808078409147e-11
160.05077158358327,nan,2.9401543426390786e-11,nan,2.7585690191609363e-11
160.1488419093085,nan,2.897927214093176e-11,nan,2.7188423627594884e-11
160.24691223503373,nan,2.8563106532146587e-11,nan,2.679692136500128e-11
160.34498256075898,nan,2.8152984312397898e-11,nan,2.6411096393056545e-11
160.4430528864842,nan,2.7748777859275433e-11,nan,2.6030861887856697e-11
160.54112321220944,nan,2.73504017259674e-11,nan,2.5656131412740302e-11
160.6391935379347,nan,2.6957768963790354e-11,nan,2.5286819134908828e-11
160.7372638636599,nan,2.657079229721525e-11,nan,2.49228400502476e-11
160.83533418938515,nan,2.6189383635116077e-11,nan,2.4564110208377693e-11
160.93340451511037,nan,2.581345567257978e-11,nan,2.421054693029295e-11
161.0314748408356,nan,2.5442919625033067e-11,nan,2.3862069011485048e-11
161.12954516656086,nan,2.5077691236055886e-11,nan,2.3518596904222102e-11
161.22761549228608,nan,2.4717687959044756e-11,nan,2.3180052873561963e-11
161.32568581801132,nan,2.436282959478881e-11,nan,2.2846361122747984e-11
161.42375614373654,nan,2.401303844759768e-11,nan,2.251744788478569e-11
161.5218264694618,nan,2.3668239291432e-11,nan,2.2193241478199726e-11
161.61989679518703,nan,2.3328362756894122e-11,nan,2.1873672326202327e-11
161.71796712091225,nan,2.2993331413535877e-11,nan,2.1558672939685826e-11
161.8160374466375,nan,2.266307386056227e-11,nan,2.1248177865594365e-11
161.91410777236274,nan,2.2337520250827428e-11,nan,2.094212360326351e-11
162.01217809808796,nan,2.201661286717306e-11,nan,2.064044849222619e-11
162.1102484238132,nan,2.170028123196986e-11,nan,2.034309257575479e-11
162.20831874953842,nan,2.1388486429553924e-11,nan,2.004999744500743e-11
162.30638907526367,nan,2.108114127751544e-11,nan,1.9761106069063785e-11
162.4044594009889,nan,2.0778191646747813e-11,nan,1.94763626163844e-11
162.50252972671413,nan,2.0479582895645106e-11,nan,1.9195712273272352e-11
162.60060005243938,nan,2.0185260376436068e-11,nan,1.8919101064797758e-11
162.6986703781646,nan,1.9895168685485365e-11,nan,1.8646475683356528e-11
162.79674070388984,nan,1.9609252521301664e-11,nan,1.8377783329585978e-11
162.89481102961508,nan,1.9327454634615215e-11,nan,1.8112971569793195e-11
162.9928813553403,nan,1.9049720102233005e-11,nan,1.785198821336395e-11
163.09095168106555,nan,1.8775993943964452e-11,nan,1.7594781212857736e-11
163.1890220067908,nan,1.8506221416843e-11,nan,1.734129858867379e-11
163.287092332516,nan,1.824034800030003e-11,nan,1.7091488379323288e-11
163.38516265824126,nan,1.7978319294932263e-11,nan,1.6845298617497968e-11
163.48323298396647,nan,1.7720083581279233e-11,nan,1.660267733130581e-11
163.58130330969172,nan,1.7465581284782837e-11,nan,1.636357256927526e-11
163.67937363541697,nan,1.7214755774410858e-11,nan,1.6127932447040872e-11
163.77744396114218,nan,1.696755010374382e-11,nan,1.5895705213021494e-11
163.87551428686743,nan,1.672391522769253e-11,nan,1.566683932991529e-11
163.97358461259265,nan,1.6483791314117607e-11,nan,1.544128356846727e-11
164.0716549383179,nan,1.6247141651207682e-11,nan,1.5218987109721657e-11
164.16972526404314,nan,1.601389227387628e-11,nan,1.499989965186329e-11
164.26779558976835,nan,1.578399400059595e-11,nan,1.478397151776597e-11
164.3658659154936,nan,1.5557397205148756e-11,nan,1.4571153759506884e-11
164.46393624121885,nan,1.5334052460297706e-11,nan,1.4361398256358308e-11
164.56200656694406,nan,1.5113910210493004e-11,nan,1.415465780311901e-11
164.6600768926693,nan,1.4896921641944566e-11,nan,1.3950886186086457e-11
164.75814721839453,nan,1.4683037313741835e-11,nan,1.3750038244476239e-11
164.85621754411977,nan,1.4472210559002794e-11,nan,1.3552069915646883e-11
164.95428786984502,nan,1.4264395790028871e-11,nan,1.3356938263074051e-11
165.05235819557024,nan,1.4059548797738366e-11,nan,1.3164601486607786e-11
165.15042852129548,nan,1.3857626775231496e-11,nan,1.2975018915131192e-11
165.2484988470207,nan,1.3658588235768219e-11,nan,1.278815098229409e-11
165.34656917274594,nan,1.3462394910574571e-11,nan,1.2603959186505097e-11
165.4446394984712,nan,1.3269003668073504e-11,nan,1.2422406036821194e-11
165.5427098241964,nan,1.3078374604771508e-11,nan,1.2243454986754493e-11
165.64078014992165,nan,1.2890468431149527e-11,nan,1.2067070358321185e-11
165.7388504756469,nan,1.2705252554124051e-11,nan,1.189321725887592e-11
165.83692080137212,nan,1.2522686702792456e-11,nan,1.1721861493402643e-11
165.93499112709736,nan,1.2342748506916945e-11,nan,1.1552969474974025e-11
166.03306145282258,nan,1.2165387437283634e-11,nan,1.1386508136043912e-11
166.13113177854783,nan,1.1990571754482018e-11,nan,1.1222444843106124e-11
166.22920210427307,nan,1.18182691656494e-11,nan,1.1060747317050808e-11
166.3272724299983,nan,1.1648447151009871e-11,nan,1.0901383561276935e-11
166.42534275572353,nan,1.1481072571284625e-11,nan,1.074432179929688e-11
166.52341308144875,nan,1.1316112207086701e-11,nan,1.0589530423202372e-11
166.621483407174,nan,1.1153531622823884e-11,nan,1.0436977953964595e-11
166.71955373289924,nan,1.0993297681017137e-11,nan,1.0286633014133099e-11
166.81762405862446,nan,1.0835377214450254e-11,nan,1.0138464313083991e-11
166.9156943843497,nan,1.0679737241378772e-11,nan,9.992440644569038e-12
167.01376471007495,nan,1.0526344999008802e-11,nan,9.848530895940578e-12
167.11183503580017,nan,1.0375167922594692e-11,nan,9.706704068084482e-12
167.20990536152541,nan,1.0226175153982904e-11,nan,9.566929304797e-12
167.30797568725063,nan,1.0079331487539758e-11,nan,9.429175930095843e-12
167.40604601297588,nan,9.934603620587895e-12,nan,9.293413491767031e-12
167.50411633870112,nan,9.791958284187375e-12,nan,9.159611809324574e-12
167.60218666442634,nan,9.651366989215904e-12,nan,9.027741024494886e-12
167.7002569901516,nan,9.512795238011793e-12,nan,8.897771652337941e-12
167.79832731587683,nan,9.376222083583896e-12,nan,8.769674631176194e-12
167.89639764160205,nan,9.241605270934036e-12,nan,8.643421369615793e-12
167.9944679673273,nan,9.108917017819446e-12,nan,8.518983789109766e-12
168.0925382930525,nan,8.978129429567599e-12,nan,8.396334360719424e-12
168.19060861877776,nan,8.849214841247984e-12,nan,8.275446134969719e-12
168.288678944503,nan,8.722145596979663e-12,nan,8.156292763961917e-12
168.38674927022822,nan,8.596894518900428e-12,nan,8.038848515186545e-12
168.48481959595347,nan,8.473434083820694e-12,nan,7.923088276768063e-12
168.58288992167869,nan,8.351738353391698e-12,nan,7.808987554156984e-12
168.68096024740393,nan,8.231781965312294e-12,nan,7.696522458556195e-12
168.77903057312918,nan,8.113540278079992e-12,nan,7.585669687621788e-12
168.8771008988544,nan,7.996989360060105e-12,nan,7.476406499201702e-12
168.97517122457964,nan,7.882105921711747e-12,nan,7.368710679067965e-12
169.07324155030489,nan,7.768868395061918e-12,nan,7.262560503751639e-12
169.1713118760301,nan,7.657252259433164e-12,nan,7.157934699701146e-12
169.26938220175535,nan,7.54723470481034e-12,nan,7.054812400054525e-12
169.36745252748057,nan,7.438793122485391e-12,nan,6.953173100341844e-12
169.4655228532058,nan,7.331908619178102e-12,nan,6.852996614416068e-12
169.56359317893106,nan,7.226557730964052e-12,nan,6.7542630318549246e-12
169.66166350465627,nan,7.122727195580629e-12,nan,6.656952677980465e-12
169.75973383038152,nan,7.020387390351758e-12,nan,6.561046077517387e-12
169.85780415610674,nan,6.919519443365241e-12,nan,6.4665239227569185e-12
169.95587448183198,nan,6.820104092414005e-12,nan,6.373367046917191e-12
170.05394480755723,nan,6.72212189609771e-12,nan,6.2815564032020065e-12
170.15201513328245,nan,6.625553030542216e-12,nan,6.191073049860174e-12
170.2500854590077,nan,6.5303776238123946e-12,nan,6.1018981413482205e-12
170.34815578473294,nan,6.436575122549136e-12,nan,6.014012925503763e-12
170.44622611045816,nan,6.344125763702367e-12,nan,5.927398746451471e-12
170.5442964361834,nan,6.253009826823348e-12,nan,5.84203705279562e-12
170.64236676190862,nan,6.163207774209459e-12,nan,5.7579094105054286e-12
170.74043708763386,nan,6.074700283156865e-12,nan,5.6749975197757746e-12
170.8385074133591,nan,5.987468243506569e-12,nan,5.593283235051615e-12
170.93657773908433,nan,5.901493634218967e-12,nan,5.5127485873376225e-12
171.03464806480957,nan,5.816756032288304e-12,nan,5.433375807879929e-12
171.1327183905348,nan,5.733236218825949e-12,nan,5.3551473523019806e-12
171.23078871626004,nan,5.6509150960997735e-12,nan,5.278045924300207e-12
171.32885904198528,nan,5.569776419196481e-12,nan,5.202054498057903e-12
171.4269293677105,nan,5.489800560204056e-12,nan,5.127156338611009e-12
171.52499969343575,nan,5.410975782990009e-12,nan,5.05333501949746e-12
171.623070019161,nan,5.333278113152745e-12,nan,4.98057443713639e-12
171.7211403448862,nan,5.256691971077757e-12,nan,4.908858821510329e-12
171.81921067061145,nan,5.181201738983324e-12,nan,4.838172742859855e-12
171.91728099633667,nan,5.106791942124992e-12,nan,4.7685011142394126e-12
172.01535132206192,nan,5.033447105505858e-12,nan,4.699829189920923e-12
172.11342164778716,nan,4.961152009398234e-12,nan,4.632142559765996e-12
172.21149197351238,nan,4.889891200351191e-12,nan,4.565427139810573e-12
172.30956229923763,nan,4.819650092834081e-12,nan,4.499669159417635e-12
172.40763262496284,nan,4.7504143768538635e-12,nan,4.434855145449147e-12
172.5057029506881,nan,4.682170093451333e-12,nan,4.370971903985144e-12
172.60377327641334,nan,4.6149036227344154e-12,nan,4.3080065001762876e-12
172.70184360213855,nan,4.548601641548858e-12,nan,4.245946236852114e-12
172.7999139278638,nan,4.483251745781874e-12,nan,4.1847786325232435e-12
172.89798425358904,nan,4.4188397544419825e-12,nan,4.124491399410577e-12
172.99605457931426,nan,4.355352404755729e-12,nan,4.065072422109117e-12
173.0941249050395,nan,4.292776487051633e-12,nan,4.006509737451132e-12
173.19219523076472,nan,4.231100880356214e-12,nan,3.948791516074125e-12
173.29026555648997,nan,4.1703117797732555e-12,nan,3.8919060461254794e-12
173.38833588221522,nan,4.1104012315814115e-12,nan,3.835841719452757e-12
173.48640620794043,nan,4.051351815596909e-12,nan,3.78058702053638e-12
173.58447653366568,nan,3.993152301895556e-12,nan,3.726130518325968e-12
173.6825468593909,nan,3.9357912327766756e-12,nan,3.672460861044418e-12
173.78061718511614,nan,3.879257055506066e-12,nan,3.6195667739277787e-12
173.8786875108414,nan,3.823538015218121e-12,nan,3.5674370597796073e-12
173.9767578365666,nan,3.768622357113651e-12,nan,3.516060602133821e-12
174.07482816229185,nan,3.714497968911674e-12,nan,3.4654263707482044e-12
174.1728984880171,nan,3.66115323669997e-12,nan,3.4155234290884415e-12
174.27096881374231,nan,3.6085766183340172e-12,nan,3.3663409434142446e-12
174.36903913946756,nan,3.5567567275382934e-12,nan,3.317868193045357e-12
174.46710946519278,nan,3.5056823540162828e-12,nan,3.2700945813658867e-12
174.56517979091802,nan,3.4553424618477837e-12,nan,3.2230096471204084e-12
174.66325011664327,nan,3.405726693433318e-12,nan,3.1766030755659614e-12
174.7613204423685,nan,3.3568233515858997e-12,nan,3.130864709066024e-12
174.85939076809373,nan,3.30862147584364e-12,nan,3.085784556748925e-12
174.95746109381895,nan,3.261110211697106e-12,nan,3.0413528028987335e-12
175.0555314195442,nan,3.2142803802940247e-12,nan,2.9975598138003415e-12
175.15360174526944,nan,3.1681208723563095e-12,nan,2.954396142823012e-12
175.25167207099466,nan,3.122625147201684e-12,nan,2.9118525335905883e-12
175.3497423967199,nan,3.0777796076250987e-12,nan,2.869919921154807e-12
175.44781272244515,nan,3.0335754995178954e-12,nan,2.828589431155858e-12
175.54588304817037,nan,2.9900040377937536e-12,nan,2.7878523770186077e-12
175.6439533738956,nan,2.947056504111922e-12,nan,2.747700255294497e-12
175.74202369962083,nan,2.904724158116853e-12,nan,2.708124739314377e-12
175.84009402534608,nan,2.862998379763436e-12,nan,2.6691176713641734e-12
175.93816435107132,nan,2.821870383059395e-12,nan,2.630671053635272e-12
176.03623467679654,nan,2.7813318488685636e-12,nan,2.5927770382301142e-12
176.13430500252178,nan,2.7413745813350882e-12,nan,2.5554279165232346e-12
176.232375328247,nan,2.7019905509130424e-12,nan,2.518616108187044e-12
176.33044565397225,nan,2.6631718880949708e-12,nan,2.482334150190258e-12
176.4285159796975,nan,2.6249108607058934e-12,nan,2.4465746860665748e-12
176.5265863054227,nan,2.5872002358198454e-12,nan,2.4113304557310218e-12
176.62465663114796,nan,2.5500317275262637e-12,nan,2.3765942860939005e-12
176.7227269568732,nan,2.513397556596939e-12,nan,2.342359082687748e-12
176.82079728259842,nan,2.4772899561421394e-12,nan,2.3086178224825056e-12
176.91886760832367,nan,2.4417023516035814e-12,nan,2.2753635480204164e-12
177.01693793404888,nan,2.4066266120785675e-12,nan,2.2425893629557923e-12
177.11500825977413,nan,2.372057981112492e-12,nan,2.210288429037359e-12
177.21307858549937,nan,2.337986242763125e-12,nan,2.178453964524793e-12
177.3111489112246,nan,2.304404761664719e-12,nan,2.1470792439862594e-12
177.40921923694984,nan,2.271306783893812e-12,nan,2.116157599383097e-12
177.50728956267506,nan,2.238685517546252e-12,nan,2.0856824223114593e-12
177.6053598884003,nan,2.2065340742105424e-12,nan,2.0556471672397175e-12
177.70343021412555,nan,2.174845588161482e-12,nan,2.026045355556429e-12
177.80150053985076,nan,2.143613011709282e-12,nan,1.9968705802256752e-12
177.899570865576,nan,2.112829609962211e-12,nan,1.96811651083642e-12
177.99764119130126,nan,2.0824887146515073e-12,nan,1.9397768988292404e-12
178.09571151702647,nan,2.0525837718900407e-12,nan,1.911845582687337e-12
178.19378184275172,nan,2.0231083522552333e-12,nan,1.8843164928892402e-12
178.29185216847694,nan,1.994056147692501e-12,nan,1.857183656436902e-12
178.38992249420218,nan,1.965421259542846e-12,nan,1.8304412007942124e-12
178.48799281992743,nan,1.937197030871628e-12,nan,1.8040833570971937e-12
178.58606314565264,nan,1.909377241115246e-12,nan,1.7781044625259797e-12
178.6841334713779,nan,1.881955738313724e-12,nan,1.7524989617604178e-12
178.7822037971031,nan,1.8549273411268414e-12,nan,1.7272614074738035e-12
178.88027412282835,nan,1.8282857539822697e-12,nan,1.7023864598518434e-12
178.9783444485536,nan,1.802027313986327e-12,nan,1.677868885156112e-12
179.07641477427882,nan,1.7761442787465603e-12,nan,1.6537035533809202e-12
179.17448510000406,nan,1.7506316905646314e-12,nan,1.629885435079888e-12
179.2725554257293,nan,1.725484561074578e-12,nan,1.6064095974621844e-12
179.37062575145453,nan,1.7006979255760988e-12,nan,1.5832711998777857e-12
179.46869607717977,nan,1.6762667903013096e-12,nan,1.5604654888262471e-12
179.566766402905,nan,1.6521862136195872e-12,nan,1.5379877926336005e-12
179.66483672863023,nan,1.6284511404988404e-12,nan,1.5158335159469364e-12
179.76290705435548,nan,1.6050567679081204e-12,nan,1.4939981341967417e-12
179.8609773800807,nan,1.5819983473171532e-12,nan,1.4724771881721897e-12
179.95904770580594,nan,1.559271210790664e-12,nan,1.4512662788458202e-12
180.05711803153116,nan,1.5368707690680588e-12,nan,1.4303610625711e-12
180.1551883572564,nan,1.5147925005154277e-12,nan,1.4097572467598658e-12
180.25325868298165,nan,1.4930321623604191e-12,nan,1.3894505861278736e-12
180.35132900870687,nan,1.471584897427217e-12,nan,1.3694368795753077e-12
180.44939933443212,nan,1.4504461368771832e-12,nan,1.3497119677469266e-12
180.54746966015736,nan,1.4296113176052161e-12,nan,1.3302717312936083e-12
180.64553998588258,nan,1.4090765658145411e-12,nan,1.311112089834286e-12
180.74361031160782,nan,1.3888371132675256e-12,nan,1.2922290015956406e-12
180.84168063733304,nan,1.3688901450326945e-12,nan,1.2736184636867965e-12
180.9397509630583,nan,1.3492297035270886e-12,nan,1.2552765129480923e-12
181.03782128878353,nan,1.3298519070460722e-12,nan,1.2371992272979273e-12
181.13589161450875,nan,1.3107528163217627e-12,nan,1.219382727489096e-12
181.233961940234,nan,1.2919284819072544e-12,nan,1.201823179177165e-12
181.3320322659592,nan,1.2733749108780429e-12,nan,1.1845167951978624e-12
181.43010259168446,nan,1.2550881356860242e-12,nan,1.1674598379481853e-12
181.5281729174097,nan,1.2370640957337331e-12,nan,1.1506486217675159e-12
181.62624324313492,nan,1.2192989222123937e-12,nan,1.1340795152193105e-12
181.72431356886017,nan,1.201788795015999e-12,nan,1.1177489431816019e-12
181.8223838945854,nan,1.1845299690029416e-12,nan,1.101653388664637e-12
181.92045422031063,nan,1.167518778283593e-12,nan,1.08578939428614e-12
182.01852454603588,nan,1.150751632731105e-12,nan,1.0701535633487645e-12
182.1165948717611,nan,1.134225182366007e-12,nan,1.0547425604794577e-12
182.21466519748634,nan,1.1179356416613157e-12,nan,1.0395531118061267e-12
182.3127355232116,nan,1.101879477094171e-12,nan,1.0245820046631612e-12
182.4108058489368,nan,1.0860531931208728e-12,nan,1.009826086832697e-12
182.50887617466205,nan,1.0704538510556963e-12,nan,9.952822653433688e-13
182.60694650038727,nan,1.055077864455486e-12,nan,9.809475048616928e-13
182.7050168261125,nan,1.0399231600547653e-12,nan,9.668188257228822e-13
182.80308715183776,nan,1.0249853033155925e-12,nan,9.528933016578726e-13
182.90115747756298,nan,1.0102614588313744e-12,nan,9.391680572807753e-13
182.99922780328822,nan,9.95748765139942e-13,nan,9.256402654063532e-13
183.09729812901347,nan,9.814443658644473e-13,nan,9.123071442699641e-13
183.19536845473868,nan,9.673453793515028e-13,nan,8.991659547227801e-13
183.29343878046393,nan,9.534489458692294e-13,nan,8.86213997473299e-13
183.39150910618915,nan,9.39752132657463e-13,nan,8.734486104421148e-13
183.4895794319144,nan,9.26252145592023e-13,nan,8.608671662907948e-13
183.58764975763964,nan,9.12946216192826e-13,nan,8.484670701781953e-13
183.68572008336486,nan,8.99831617803834e-13,nan,8.362457577882877e-13
183.7837904090901,nan,8.869056657138626e-13,nan,8.242006936635798e-13
183.88186073481532,nan,8.741657120667788e-13,nan,8.123293698674141e-13
183.97993106054057,nan,8.616092690741393e-13,nan,8.006293049872423e-13
184.0780013862658,nan,8.492334947915631e-13,nan,7.890980434800887e-13
184.17607171199103,nan,8.370357152976952e-13,nan,7.777331553506263e-13
184.27414203771627,nan,8.25013262723984e-13,nan,7.665322361424878e-13
184.37221236344152,nan,8.131638707209947e-13,nan,7.554929072145181e-13
184.47028268916674,nan,8.014847613232428e-13,nan,7.446128162659652e-13
184.56835301489198,nan,7.899742889814207e-13,nan,7.338896380684643e-13
184.6664233406172,nan,7.786290002367203e-13,nan,7.233210753580574e-13
184.76449366634245,nan,7.674466455066506e-13,nan,7.129048598374381e-13
184.8625639920677,nan,7.564249479700393e-13,nan,7.026387532374793e-13
184.9606343177929,nan,7.455616307835605e-13,nan,6.925205483873741e-13
185.05870464351815,nan,7.348543975570708e-13,nan,6.825480702447701e-13
185.15677496924337,nan,7.24300971615999e-13,nan,6.727191768407318e-13
185.25484529496862,nan,7.138990270453401e-13,nan,6.630317600989891e-13
185.35291562069386,nan,7.03646352337564e-13,nan,6.534837464948937e-13
185.45098594641908,nan,6.935407669991577e-13,nan,6.440730975260271e-13
185.54905627214433,nan,6.835801358292475e-13,nan,6.347978099737876e-13
185.64712659786957,nan,6.73762370487463e-13,nan,6.256559159429093e-13
185.7451969235948,nan,6.64085426574932e-13,nan,6.166454826735583e-13
185.84326724932004,nan,6.545473976186817e-13,nan,6.077646121282959e-13
185.94133757504525,nan,6.451461243227823e-13,nan,5.990114403634282e-13
186.0394079007705,nan,6.358795906013937e-13,nan,5.903841367007855e-13
186.13747822649574,nan,6.267457994287604e-13,nan,5.818809027219551e-13
186.23554855222096,nan,6.177430717513459e-13,nan,5.734999711117581e-13
186.3336188779462,nan,6.088693509103394e-13,nan,5.652396043817144e-13
186.43168920367143,nan,6.001234494890129e-13,nan,5.570980935069551e-13
186.52975952939667,nan,5.915028131984084e-13,nan,5.49073756511531e-13
186.62782985512192,nan,5.830058064565436e-13,nan,5.411649370375762e-13
186.72590018084713,nan,5.746307746421227e-13,nan,5.333700029329121e-13
186.82397050657238,nan,5.663760623303156e-13,nan,5.256873448899436e-13
186.92204083229763,nan,5.58239996143963e-13,nan,5.181153751659019e-13
187.02011115802284,nan,5.502209124553235e-13,nan,5.106525264108276e-13
187.1181814837481,nan,5.42317103129988e-13,nan,5.032972506254075e-13
187.2162518094733,nan,5.345269382657873e-13,nan,4.960480182659494e-13
187.31432213519855,nan,5.268488016099423e-13,nan,4.88903317508498e-13
187.4123924609238,nan,5.192811005316742e-13,nan,4.818616536788717e-13
187.51046278664901,nan,5.118222667161649e-13,nan,4.749215488498358e-13
187.60853311237426,nan,5.044707538236323e-13,nan,4.680815416015969e-13
187.70660343809948,nan,4.972251091472266e-13,nan,4.613401869368879e-13
187.80467376382472,nan,4.900836773448067e-13,nan,4.5469605633739465e-13
187.90274408954997,nan,4.830449021988021e-13,nan,4.481477379446991e-13
188.0008144152752,nan,4.761072334715915e-13,nan,4.4169383684556584e-13
188.09888474100043,nan,4.692693553651429e-13,nan,4.3533297543915457e-13
188.19695506672568,nan,4.625296596920154e-13,nan,4.290637938622245e-13
188.2950253924509,nan,4.558871946970241e-13,nan,4.2288495044753166e-13
188.39309571817614,nan,4.493399681461593e-13,nan,4.1679512219077904e-13
188.49116604390136,nan,4.4288668527787486e-13,nan,4.107930052023772e-13
188.5892363696266,nan,4.3652603811593744e-13,nan,4.0487731512168847e-13
188.68730669535185,nan,4.302567208873773e-13,nan,3.9904678747380473e-13
188.78537702107707,nan,4.240774184075641e-13,nan,3.9330017795153017e-13
188.8834473468023,nan,4.1798682834577776e-13,nan,3.876362626084901e-13
188.98151767252753,nan,4.119836210076563e-13,nan,3.820538379527834e-13
189.07958799825278,nan,4.06066533334905e-13,nan,3.7655172093423577e-13
189.17765832397802,nan,4.0023432033839975e-13,nan,3.7112874882214836e-13
189.27572864970324,nan,3.9448576290911533e-13,nan,3.657837789740628e-13
189.37379897542849,nan,3.8881966831914686e-13,nan,3.605156884996507e-13
189.47186930115373,nan,3.8323486817061573e-13,nan,3.5532337382708866e-13
189.56993962687895,nan,3.777302723135868e-13,nan,3.502057501821491e-13
189.6680099526042,nan,3.7230464308617947e-13,nan,3.451617509927184e-13
189.7660802783294,nan,3.6695682365826657e-13,nan,3.4019032723340893e-13
189.86415060405466,nan,3.6168566624931857e-13,nan,3.3529044672629655e-13
189.9622209297799,nan,3.56490204554728e-13,nan,3.3046109341472443e-13
190.06029125550512,nan,3.5136925234364887e-13,nan,3.257012666273145e-13
190.15836158123037,nan,3.4632212303439995e-13,nan,3.210099803490975e-13
190.2564319069556,nan,3.413473394166599e-13,nan,3.163862625158511e-13
190.35450223268083,nan,3.3644395278200327e-13,nan,3.1182915434642806e-13
190.45257255840608,nan,3.316110019878127e-13,nan,3.073377097261807e-13
190.5506428841313,nan,3.268475242378132e-13,nan,3.0291099465254113e-13
190.64871320985654,nan,3.2215254546978024e-13,nan,2.985480867514586e-13
190.74678353558178,nan,3.1752509664324494e-13,nan,2.9424807487095117e-13
190.844853861307,nan,3.1296418273739913e-13,nan,2.9001005875537334e-13
190.94292418703225,nan,3.084688538876339e-13,nan,2.8583314880142333e-13
191.04099451275746,nan,3.040381684084495e-13,nan,2.817164658943733e-13
191.1390648384827,nan,2.996711988199577e-13,nan,2.776591413205818e-13
191.23713516420796,nan,2.9536703249095336e-13,nan,2.7366031675022675e-13
191.33520548993317,nan,2.9112477049500056e-13,nan,2.697191442822538e-13
191.43327581565842,nan,2.869435691289652e-13,nan,2.6583478654199997e-13
191.53134614138366,nan,2.828224690625291e-13,nan,2.62006416820753e-13
191.62941646710888,nan,2.78760569555557e-13,nan,2.582332192456641e-13
191.72748679283413,nan,2.747569747343929e-13,nan,2.545143889680459e-13
191.82555711855935,nan,2.708109254157774e-13,nan,2.508491323580607e-13
191.9236274442846,nan,2.6692149501635116e-13,nan,2.472366671941379e-13
192.02169777000984,nan,2.630881370155355e-13,nan,2.436762228362129e-13
192.11976809573505,nan,2.5930970553845667e-13,nan,2.401670403728651e-13
192.2178384214603,nan,2.555854581513344e-13,nan,2.3670837273375674e-13
192.31590874718552,nan,2.5191464554145933e-13,nan,2.33299484760295e-13
192.41397907291076,nan,2.482965202108674e-13,nan,2.299396532290856e-13
192.512049398636,nan,2.4473032956016013e-13,nan,2.266281668245781e-13
192.61011972436123,nan,2.412153285227387e-13,nan,2.2336432605907484e-13
192.70819005008647,nan,2.377507561459283e-13,nan,2.2014744314011527e-13
192.80626037581172,nan,2.343358896379466e-13,nan,2.169768417869747e-13
192.90433070153694,nan,2.3097001615979855e-13,nan,2.1385185699960123e-13
193.00240102726218,nan,2.2765243717371364e-13,nan,2.1077183478477128e-13
193.1004713529874,nan,2.2438246859960059e-13,nan,2.0773613184546964e-13
193.19854167871264,nan,2.2115943952857164e-13,nan,2.0474411524045615e-13
193.2966120044379,nan,2.1798272326734743e-13,nan,2.0179516202174914e-13
193.3946823301631,nan,2.148516070153726e-13,nan,1.9888865885816121e-13
193.49275265588835,nan,2.1176542363412268e-13,nan,1.9602400165322417e-13
193.59082298161357,nan,2.0872351024646262e-13,nan,1.9320059516573965e-13
193.68889330733882,nan,2.0572530779727651e-13,nan,1.9041785264081334e-13
193.78696363306406,nan,2.0277012948736773e-13,nan,1.8767519545867632e-13
193.88503395878928,nan,1.9985757614601109e-13,nan,1.8497205280776181e-13
193.98310428451452,nan,1.9698679173487748e-13,nan,1.8230786138755803e-13
194.08117461023977,nan,1.9415722474802628e-13,nan,1.7968206514564604e-13
194.179244935965,nan,1.913683161876158e-13,nan,1.7709411505211279e-13
194.27731526169023,nan,1.8861950593543761e-13,nan,1.7454346891328733e-13
194.37538558741545,nan,1.8591022735459424e-13,nan,1.7202959122548089e-13
194.4734559131407,nan,1.8323991683259848e-13,nan,1.6955195306814745e-13
194.57152623886594,nan,1.8060799602418118e-13,nan,1.6711003203474585e-13
194.66959656459116,nan,1.7801391302390113e-13,nan,1.6470331219847276e-13
194.7676668903164,nan,1.7545712113013415e-13,nan,1.623312841091251e-13
194.86573721604162,nan,1.7293708240686477e-13,nan,1.5999344481655746e-13
194.96380754176687,nan,1.7045326811742848e-13,nan,1.5768929791557603e-13
195.06187786749211,nan,1.680051581046754e-13,nan,1.5541835360671574e-13
195.15994819321733,nan,1.6559226476717945e-13,nan,1.5318012876708656e-13
195.25801851894258,nan,1.6321403445942352e-13,nan,1.509741470254562e-13
195.35608884466782,nan,1.6086994800368842e-13,nan,1.4879993883588278e-13
195.45415917039304,nan,1.5855948964006085e-13,nan,1.4665704154451822e-13
195.5522294961183,nan,1.5628222303733087e-13,nan,1.4454499944469339e-13
195.6502998218435,nan,1.5403761572995622e-13,nan,1.4246336381601033e-13
195.74837014756875,nan,1.5182535495228326e-13,nan,1.4041169294386915e-13
195.846440473294,nan,1.496447823442487e-13,nan,1.383895521166923e-13
195.9445107990192,nan,1.4749547254097494e-13,nan,1.3639651359893864e-13
196.04258112474446,nan,1.453769962793333e-13,nan,1.344321565789014e-13
196.14065145046968,nan,1.4328892531203084e-13,nan,1.3249606709116402e-13
196.23872177619492,nan,1.412308283189035e-13,nan,1.3058783791441773e-13
196.33679210192017,nan,1.3920227810829728e-13,nan,1.2870706844615954e-13
196.43486242764538,nan,1.3720283802330842e-13,nan,1.268533645564777e-13
196.53293275337063,nan,1.3523209306515235e-13,nan,1.2502633842375267e-13
196.63100307909588,nan,1.3328963356228578e-13,nan,1.2322560835560224e-13
196.7290734048211,nan,1.313750576427799e-13,nan,1.2145079859875461e-13
196.82714373054634,nan,1.2948797130359402e-13,nan,1.1970153914178495e-13
196.92521405627156,nan,1.276279876624217e-13,nan,1.1797746551475483e-13
197.0232843819968,nan,1.2579474488395037e-13,nan,1.1627821858974975e-13
197.12135470772205,nan,1.2398783099590204e-13,nan,1.1460344438617952e-13
197.21942503344727,nan,1.2220685996910975e-13,nan,1.1295279388441219e-13
197.3174953591725,nan,1.2045144787507384e-13,nan,1.1132592285095297e-13
197.41556568489773,nan,1.187212703991242e-13,nan,1.0972249167791934e-13
197.51363601062297,nan,1.1701592927407349e-13,nan,1.0814216523901992e-13
197.61170633634822,nan,1.1533519205074443e-13,nan,1.065846127636883e-13
197.70977666207344,nan,1.1367856254032537e-13,nan,1.0504950773039263e-13
197.80784698779868,nan,1.1204572027499131e-13,nan,1.0353652777954064e-13
197.90591731352393,nan,1.104363405149908e-13,nan,1.020453546457921e-13
198.00398763924915,nan,1.0885009799119087e-13,nan,1.0057567410900756e-13
198.1020579649744,nan,1.0728666384950623e-13,nan,9.912717596254171e-14
198.2001282906996,nan,1.0574571120964625e-13,nan,9.769955399712504e-14
198.29819861642486,nan,1.0422690495989594e-13,nan,9.629250599817241e-14
198.3962689421501,nan,1.027299255494887e-13,nan,9.490573375406579e-14
198.49433926787532,nan,1.0125445675452779e-13,nan,9.35389430727231e-14
198.59240959360056,nan,9.980018774362248e-14,nan,9.21918438036488e-14
198.69047991932578,nan,9.836681332712079e-14,nan,9.086414986263142e-14
198.78855024505103,nan,9.695403358826564e-14,nan,8.955557925629854e-14
198.88662057077627,nan,9.556156769789903e-14,nan,8.826585410390332e-14
198.9846908965015,nan,9.418909698457427e-14,nan,8.699470065391757e-14
199.08276122222674,nan,9.283632290113907e-14,nan,8.574184929330804e-14
199.18083154795198,nan,9.150294906339047e-14,nan,8.450703454771397e-14
199.2789018736772,nan,9.018872506775309e-14,nan,8.328999507112194e-14
199.37697219940245,nan,8.889334511914955e-14,nan,8.20904736240561e-14
199.47504252512766,nan,8.761663026988984e-14,nan,8.090821703973031e-14
199.5731128508529,nan,8.635820210717051e-14,nan,7.974297617802606e-14
199.67118317657815,nan,8.511781662725941e-14,nan,7.859450586759086e-14
199.76925350230337,nan,8.389522747670997e-14,nan,7.746256483672398e-14
199.86732382802862,nan,8.26901887488989e-14,nan,7.634691563407741e-14
199.96539415375383,nan,8.150245259117123e-14,nan,7.524732454050427e-14
200.06346447947908,nan,8.033177333419118e-14,nan,7.416356147362457e-14
