times,P_opt,P_original,P_extrapolated
0.0,0.0,1.0,1.0,1.0
0.4692190137564253,0.8004324352315489,0.8992409318406557,0.7474074095537221,0.8992409318406557
0.9384380275128505,1.6008648704630979,0.66872273240107,0.328664805348773,0.66872273240107
1.407657041269276,2.401297305694647,0.41388242761759975,0.06023940140676455,0.41388242761759975
1.876876055025701,3.2017297409261958,0.19359714383272078,0.055988220555529024,0.19359714383272078
2.3460950687821263,4.002162176157745,0.06737104272111383,0.1836666777439763,0.06737104272111383
2.815314082538552,4.802594611389294,0.07091977786018586,0.465708386246519,0.07091977786018586
3.284533096294977,5.603027046620842,0.04877564117648916,0.6292542813378946,0.04877564117648916
3.753752110051402,6.4034594818523916,0.11249226495183218,0.5712436196471039,0.11249226495183218
4.222971123807827,7.203891917083941,0.26820262557604524,0.34942752776222447,0.26820262557604524
4.6921901375642525,8.00432435231549,0.43114663355207883,0.15492225364636497,0.43114663355207883
5.161409151320678,8.804756787547038,0.5573159174619967,0.1286999989817646,0.5573159174619967
5.630628165077104,9.605189222778588,0.617228343535808,0.07351136039062266,0.617228343535808
6.099847178833529,10.405621658010137,0.5996303257222244,0.19866602736193456,0.5996303257222244
6.569066192589954,11.206054093241685,0.5129980515264474,0.3611760073535429,0.5129980515264474
7.038285206346379,12.006486528473234,0.38320134778593395,0.40026382857650716,0.38320134778593395
7.507504220102804,12.806918963704783,0.24917456658942547,0.30731039847474545,0.24917456658942547
7.9767232338592295,12.969894281722306,0.15835853472143313,0.2796981013647117,0.15835853472143313
8.445942247615655,13.019894281722307,0.1329673438120633,0.27118703592039084,0.1329673438120633
8.91516126137208,13.069894281722307,0.11886094294694424,0.2627106121192646,0.11886094294694424
9.384380275128505,13.119894281722308,0.08051605931736475,0.25431138261662983,0.08051605931736475
9.853599288884931,13.169894281722309,0.08658355265976328,0.24603249461609772,0.08658355265976328
10.322818302641355,13.21989428172231,0.1796858284776278,0.23791742950797262,0.1796858284776278
10.792037316397781,13.26989428172231,0.2806499587399044,0.23000966606715817,0.2806499587399044
11.261256330154207,13.319894281722311,0.3539603418335767,0.22235225105264375,0.3539603418335767
11.730475343910632,13.369894281722312,0.3828576114626352,0.2149872617380846,0.3828576114626352
12.199694357667058,13.419894281722312,0.3644045342772471,0.20795514802023038,0.3644045342772471
12.668913371423482,13.469894281722313,0.3089501388911398,0.20129394825771638,0.3089501388911398
12.969894281722306,13.519894281722314,0.2634057571637005,0.195038383711753,0.25615457596757885
13.019894281722307,13.569894281722314,0.25575193114181255,0.1892188517308811,0.24891731601674186
13.069894281722307,13.619894281722315,0.24816569154660081,0.18386035703877282,0.24175730134766973
13.119894281722308,13.669894281722316,0.24068442206627197,0.17898144165670699,0.23470906765957608
13.169894281722309,13.719894281722317,0.2333453739638787,0.17459319354552674,0.22780671128002455
13.21989428172231,13.769894281722317,0.22618533849406125,0.17069842714469036,0.22108355182670408
13.26989428172231,13.819894281722318,0.21924025285413715,0.1672911305406049,0.21457173826402615
13.319894281722311,13.869894281722319,0.21254473326432863,0.16435626034136658,0.20830179619437142
13.369894281722312,13.91989428172232,0.206131532207772,0.16186993595503796,0.20230211807236081
13.419894281722312,13.96989428172232,0.20003092229590502,0.15980004354305957,0.19659840338806073
13.469894281722313,14.01989428172232,0.19427001683935832,0.15810721392249372,0.19121306265002688
13.519894281722314,14.069894281722322,0.18887204682507946,0.1567460974095189,0.1861646068057448
13.569894281722314,14.119894281722322,0.18385562492467517,0.15566683027292166,0.18146705175346947
13.619894281722315,14.169894281722323,0.1792340380402404,0.15481657677153784,0.17712937460310696
13.669894281722316,14.219894281722324,0.17501461877466723,0.1541410376824908,0.17315506282420937
13.719894281722317,14.269894281722324,0.1711982507887971,0.15358583675474302,0.16954179785426296
13.769894281722317,14.319894281722325,0.16777906114277508,0.15309772443863848,0.1662813099974012
13.819894281722318,14.369894281722326,0.16474434312987093,0.15262556728423704,0.16335943120454452
13.869894281722319,14.419894281722327,0.16207473599658623,0.15212111680382204,0.16075635738335764
13.91989428172232,14.469894281722327,0.15974466528402279,0.1515395707304809,0.15844711415657434
13.96989428172232,14.519894281722328,0.15772302283768413,0.15083995183410284,0.15640220217033016
14.01989428172232,14.569894281722329,0.155974043059426,0.1499853355273425,0.154588383010262
14.069894281722322,14.61989428172233,0.15445831556863596,0.1489429588607862,0.15296955682314953
14.119894281722322,14.66989428172233,0.1531338665426518,0.14768424177618106,0.1515076790804321
14.169894281722323,14.71989428172233,0.15195724211169417,0.14618474808217888,0.15016366647250148
14.219894281722324,14.769894281722332,0.1508845359318608,0.14442410963245136,0.14889824948323893
14.269894281722324,14.819894281722332,0.14987231685876173,0.14238593337460895,0.1476727398837837
14.319894281722325,14.869894281722333,0.14887842850948368,0.14005770777321627,0.1464496931823437
14.369894281722326,14.919894281722334,0.14786264779935765,0.13743072287045563,0.14519345725095997
14.419894281722327,14.969894281722334,0.14678720244357807,0.13450001710546375,0.14387060774829008
14.469894281722327,15.019894281722335,0.1456171570158299,0.1312643641090587,0.14245027800059637
14.519894281722328,15.069894281722336,0.14432068334227133,0.12772631420059763,0.14090439563397483
14.569894281722329,15.119894281722337,0.14286923420279607,0.12389230850824384,0.13920784076267187
14.61989428172233,15.169894281722337,0.14123764020788698,0.11977288893434901,0.13733854140793114
14.66989428172233,15.219894281722338,0.13940414907602944,0.11538303522217383,0.13527752157602355
14.71989428172233,15.269894281722339,0.13735042504157283,0.11074267202570047,0.13300891655426536
14.769894281722332,15.31989428172234,0.1350615243351446,0.10587740525026061,0.13051996890525733
14.819894281722332,15.36989428172234,0.13252586102130992,0.10081956916074035,0.12780101768564434
14.869894281722333,15.41989428172234,0.12973517626286296,0.09560969432722403,0.12484549285431794
14.919894281722334,15.469894281722341,0.1266845235487096,0.09029853929049984,0.1216499268982206
14.969894281722334,15.519894281722342,0.12337228278922212,0.08494985642545598,0.11821399662540635
15.019894281722335,15.569894281722343,0.11980021769072567,0.07964405724415377,0.11454061013270331
15.069894281722336,15.619894281722344,0.1159735937881647,0.07448283659090735,0.11063605752089518
15.119894281722337,15.669894281722344,0.11190137939500999,0.06959446452044316,0.106510249525259
15.169894281722337,15.719894281722345,0.1075965591715021,0.06513860527740822,0.10217707658590096
15.219894281722338,15.769894281722346,0.10307660091960344,0.0613078838467775,0.09765493299207871
15.269894281722339,15.819894281722346,0.09836413175949248,0.05832112652407074,0.09296746783044585
15.31989428172234,15.869894281722347,0.09348790134191226,0.05640197179024919,0.0881446477866317
15.36989428172234,15.919894281722348,0.08848413810021047,0.05574054730213878,0.08322424679709074
15.41989428172234,15.969894281722349,0.08339843856496056,0.05644815637698334,0.0782539113358847
15.469894281722341,16.01989428172235,0.07828836188133002,0.05852773595920694,0.07329397585379378
15.519894281722342,16.06989428172235,0.07322690773471997,0.061878741447237276,0.06842118605406322
15.569894281722343,16.119894281722353,0.06830697351844603,0.06633211778907529,0.0637333439065661
15.619894281722344,16.16989428172235,0.06364657662428548,0.07169315803419858,0.059354440151464946
15.669894281722344,16.219894281722354,0.05939383178109683,0.07777349403381463,0.0554387906040096
15.719894281722345,16.26989428172235,0.055729062081035494,0.08440723592236365,0.05217077211433378
15.769894281722346,16.319894281722355,0.05285903215365073,0.09145527987822956,0.04975442102473528
15.819894281722346,16.369894281722353,0.05099674794903933,0.09880344025579425,0.04838703081235035
15.869894281722347,16.419894281722357,0.05032392879293093,0.10635836110610289,0.04821781735037459
15.919894281722348,16.469894281722354,0.050945770623861804,0.11404322678102309,0.04930721472536773
15.969894281722349,16.519894281722358,0.052861375199859756,0.12179405806016957,0.051610931370381814
16.01989428172235,16.569894281722355,0.055969256106505265,0.1295567735960831,0.05499938929924755
16.06989428172235,16.61989428172236,0.06010309236620833,0.13728495397429025,0.0592981666295229
16.119894281722353,16.669894281722357,0.06507446413908984,0.14493817572501216,0.06432606528490764
16.16989428172235,16.71989428172236,0.07070370562656607,0.15248078224012868,0.06991827217641537
16.219894281722354,16.769894281722358,0.07683462180122187,0.15988098048343954,0.07593516436854632
16.26989428172235,16.819894281722362,0.08333770279861578,0.1671101775203317,0.08226244923795879
16.319894281722355,16.86989428172236,0.0901076506056371,0.1741424927202454,0.08880763924062962
16.369894281722353,16.919894281722364,0.09705906406401017,0.18095439859173493,0.09549570965892475
16.419894281722357,16.96989428172236,0.10412214227505404,0.1875244559946363,0.10226516002905021
16.469894281722354,17.019894281722365,0.11123907345046091,0.19383311880998597,0.10906483582568581
16.519894281722358,17.069894281722362,0.11836122000304315,0.19986258989450117,0.11585150086446011
16.569894281722355,17.119894281722367,0.12544700372186945,0.2055967150050737,0.12258803250953859
16.61989428172236,17.169894281722364,0.13246034510912386,0.21102090488124423,0.1292420966917393
16.669894281722357,17.219894281722368,0.1393695205838541,0.2161220782081068,0.1357851797972388
16.71989428172236,17.269894281722365,0.14614632754383797,0.22088862002589316,0.14219188166357014
16.769894281722358,17.31989428172237,0.15276547393973233,0.22531035150276763,0.14843939839180426
16.819894281722362,17.369894281722367,0.15920413108335954,0.2293785079832871,0.15450714302299104
16.86989428172236,17.41989428172237,0.16544160524469848,0.23308572296534577,0.1603764665541863
16.919894281722364,17.469894281722368,0.17145909594863318,0.23642601621305548,0.16603045223998938
16.96989428172236,17.519894281722372,0.17723951778905314,0.23939478463195143,0.17145376362954762
17.019894281722365,17.56989428172237,0.1827673689499007,0.24198879485170618,0.17663253214436603
17.069894281722362,17.619894281722374,0.18802863417531795,0.24420617670599162,0.18155427382658915
17.119894281722367,17.66989428172237,0.19301071319171245,0.2460464169876228,0.18620782762847465
17.169894281722364,17.719894281722375,0.19770236793079948,0.24751035300315669,0.19058330958908987
17.219894281722368,17.769894281722372,0.20209368360151012,0.248600165564275,0.19467207867726102
17.269894281722365,17.819894281722377,0.20617603989723624,0.24931937114053204,0.19846671112685246
17.31989428172237,17.869894281722374,0.20994208953484686,0.24967281296423094,0.2019609808613662
17.369894281722367,17.919894281722378,0.21338574199550878,0.2496666509266612,0.20514984417671364
17.41989428172237,17.969894281722375,0.21650215083993943,0.24930835013770178,0.2080294272783882
17.469894281722368,18.01989428172238,0.21928770334838332,0.24860666803895887,0.21059701559079938
17.519894281722372,18.069894281722377,0.22174001152143796,0.24757163996432976,0.2128510439998607
17.56989428172237,18.11989428172238,0.2238579036952803,0.24621456303054612,0.2147910873748115
17.619894281722374,18.169894281722378,0.22564141619095196,0.24454797821252164,0.21641785085596085
17.66989428172237,18.219894281722382,0.22709178454423404,0.24258565041214436,0.21773315950180494
17.719894281722375,18.26989428172238,0.22821143395917154,0.24034254626179216,0.21873994696919252
17.769894281722372,18.319894281722384,0.229003968700695,0.23783480931191198,0.219442242959167
17.819894281722377,18.36989428172238,0.22947416019452802,0.2350797321315876,0.21984515920252684
17.869894281722374,18.419894281722385,0.22962793363867937,0.2320957246977501,0.21995487378558506
17.919894281722378,18.469894281722382,0.229472352952279,0.22890227825820195,0.21977861362972761
17.969894281722375,18.519894281722387,0.22901560389545159,0.22551992362178777,0.2193246349391803
18.01989428172238,18.569894281722384,0.22826697518878342,0.22197018255307535,0.2186022014203197
18.069894281722377,18.619894281722388,0.22723683744263531,0.2182755106280274,0.21762156005300323
18.11989428172238,18.669894281722385,0.22593661967451098,0.214459229544731,0.21639391415947817
18.169894281722378,18.71989428172239,0.22437878314603324,0.2105454464883799,0.2149313934690892
18.219894281722382,18.769894281722387,0.22257679218862134,0.20655895774051417,0.21324702081679076
18.26989428172238,18.81989428172239,0.22054508160746258,0.20252513332891892,0.21135467504007754
18.319894281722384,18.869894281722388,0.21829902015561217,0.19846977918231629,0.2092690495524011
18.36989428172238,18.919894281722392,0.215854869453183,0.19441897304753145,0.2070056059721174
18.419894281722385,18.96989428172239,0.2132297375903897,0.19039887043179612,0.20458052207606023
18.469894281722382,19.019894281722394,0.2104415264986928,0.18643547715503064,0.20201063322905757
18.519894281722387,19.06989428172239,0.2075088720041415,0.18255438585717373,0.19931336631995156
18.569894281722384,19.119894281722395,0.2044510752966736,0.17878047512699408,0.19650666511852896
18.619894281722388,19.169894281722392,0.2012880243673848,0.17513757190562795,0.19360890586680488
18.669894281722385,19.219894281722397,0.1980401037963058,0.17164808052412278,0.19063880184688506
18.71989428172239,19.269894281722394,0.19472809113524822,0.1683325851243418,0.18761529564484292
18.769894281722387,19.319894281722398,0.19137303805007677,0.16520943612160022,0.184557437878943
18.81989428172239,19.369894281722395,0.18799613439777424,0.16229433547040728,0.18148425130816068
18.869894281722388,19.4198942817224,0.18461855355674553,0.15959993930120395,0.1784145795131894
18.919894281722392,19.469894281722397,0.18126127765014793,0.15713549938686336,0.17536691977679544
18.96989428172239,19.5198942817224,0.1779449018501384,0.15490656621173673,0.17235924040960535
19.019894281722394,19.569894281722398,0.17468941776990937,0.15291477558386504,0.1694087835876188
19.06989428172239,19.619894281722402,0.17151397707154895,0.15115773742971766,0.16653185578908128
19.119894281722395,19.6698942817224,0.16843663784728144,0.14962903969807997,0.16374360911653882
19.169894281722392,19.719894281722404,0.16547409803778648,0.14831837267585612,0.1610578181095542
19.219894281722397,19.7698942817224,0.1626414220512381,0.14721177038219838,0.15848665800318118
19.269894281722394,19.819894281722405,0.15995176869853572,0.14629195719814564,0.15604049163994047
19.319894281722398,19.869894281722402,0.1574161303627188,0.14553878065513093,0.15372767324339912
19.369894281722395,19.919894281722407,0.15504309472682237,0.1449297062622303,0.15155437784217088
19.4198942817224,19.969894281722404,0.15283864113000015,0.1444403479019292,0.1495244651385411
19.469894281722397,20.019894281722408,0.15080598346813473,0.14404500769178355,0.14763938593167236
19.5198942817224,20.069894281722405,0.148945470340738,0.14371720189354256,0.14589813778729963
19.569894281722398,20.11989428172241,0.14725455083485114,0.14343015376759635,0.14429727454190275
19.619894281722402,20.169894281722407,0.1457278110502489,0.14315723942870953,0.14283097158646732
19.6698942817224,20.21989428172241,0.144357082490206,0.1428723780231771,0.14149114592733808
19.719894281722404,20.269894281722408,0.1431316191774912,0.14255036234565863,0.14026762705977855
19.7698942817224,20.319894281722412,0.14203833627884635,0.14216712998409983,0.13914837201593488
19.819894281722405,20.36989428172241,0.1410620995872043,0.14169997806525247,0.1381197158283797
19.869894281722402,20.419894281722414,0.14018605277573373,0.14112772667642504,0.1371666472705021
19.919894281722407,20.46989428172241,0.13939196810255622,0.140430837175366,0.13627309917957825
19.969894281722404,20.519894281722415,0.13866060623334775,0.13959149204028015,0.13542224291378005
20.019894281722408,20.569894281722412,0.13797207192228286,0.13859364284180484,0.13459677742507598
20.069894281722405,20.619894281722416,0.13730615419329176,0.13742303251168078,0.13377920486799522
20.11989428172241,20.669894281722414,0.13664264207780616,0.13606719748486046,0.13295208640443074
20.169894281722407,20.719894281722418,0.13596160957581743,0.13451545461652484,0.13209827370759322
20.21989428172241,20.769894281722415,0.13524366604248977,0.1327588771056156,0.13120111344497706
20.269894281722408,20.81989428172242,0.134470170462523,0.1307902630488756,0.1302446236065189
20.319894281722412,20.869894281722416,0.13362340993799582,0.12860409974150255,0.12921364186438072
20.36989428172241,20.91989428172242,0.1326867441345019,0.12619652645730808,0.12809394717384148
20.419894281722414,20.969894281722418,0.1316447184143379,0.12356529820184212,0.12687235655505053
20.46989428172241,21.019894281722422,0.13048314898258492,0.12070975285560635,0.12553679946211224
20.519894281722415,21.06989428172242,0.12918918365162113,0.11763078423756393,0.12407637239261561
20.569894281722412,21.119894281722424,0.12775134186851678,0.11433082396215666,0.12248137646668619
20.619894281722416,21.16989428172242,0.12615953752158143,0.11081383560075685,0.12074334065870176
20.669894281722414,21.219894281722425,0.12440508781222787,0.1070853256938193,0.11885503324168023
20.719894281722418,21.269894281722422,0.1224807112003084,0.10315237775620899,0.11681046384253695
20.769894281722415,21.319894281722426,0.12038051714836079,0.0990237178331046,0.11460487833843151
20.81989428172242,21.369894281722424,0.11809999013650858,0.09470982380691952,0.11223474867743
20.869894281722416,21.419894281722428,0.11563597022233119,0.09022309618031489,0.10969775960470907
20.91989428172242,21.469894281722425,0.11298663230261653,0.08557811651825711,0.10699279424147924
20.969894281722418,21.51989428172243,0.11015146622092489,0.08079203282615793,0.10411992052334794
21.019894281722422,21.569894281722426,0.10713125998573882,0.0758851316374837,0.10108038069007913
21.06989428172242,21.61989428172243,0.10392808865933159,0.07088168894889947,0.09787658637464168
21.119894281722424,21.669894281722428,0.10054531200721172,0.06581124341988995,0.09451212243212838
21.16989428172242,21.719894281722432,0.096987584853914,0.06071051588334823,0.09099176357953272
21.219894281722425,21.76989428172243,0.09326088541548463,0.055626322161979894,0.0873215093419026
21.269894281722422,21.819894281722434,0.08937256889681423,0.05061999834244211,0.08350864496597799
21.319894281722426,21.86989428172243,0.08533145671001706,0.04577404344358414,0.07956183926297984
21.369894281722424,21.919894281722435,0.08114797636325236,0.04120168397534586,0.07549129541556686
21.419894281722428,21.969894281722432,0.07683437432350354,0.037059180151968324,0.07130897867470481
21.469894281722425,22.019894281722436,0.07240503551241985,0.033557111049897455,0.06702895731152442
21.51989428172243,22.069894281722434,0.06787696110723257,0.030957878403367816,0.06266791306760314
21.569894281722426,22.119894281722438,0.06327048524004597,0.029535113411551513,0.0582459094958369
21.61989428172243,22.169894281722435,0.05861035801974312,0.02948140141402647,0.053787558970361325
21.669894281722428,22.21989428172244,0.05392739817301213,0.03081249457230032,0.04932381433569531
21.719894281722432,22.269894281722436,0.04926103954585126,0.033359735793244874,0.04489474662768708
21.76989428172243,22.31989428172244,0.044663278340044986,0.03685879877353955,0.04055387100670198
21.819894281722434,22.369894281722438,0.040204763133210655,0.04104635166156454,0.03637482219341711
21.86989428172243,22.419894281722442,0.03598391856690416,0.045707191319174924,0.032461241087514414
21.919894281722435,22.46989428172244,0.03213945734722439,0.05068031163772699,0.028959759032019583
21.969894281722432,22.519894281722443,0.028863587818979092,0.055848696921866656,0.026071555931073173
22.019894281722436,22.56989428172244,0.026404145719571236,0.061127038409961254,0.02404651889007804
22.069894281722434,22.619894281722445,0.025029316805937986,0.0664519179951156,0.02313104130542033
22.119894281722438,22.669894281722442,0.024934257558211395,0.07177491069626887,0.023463180689456967
22.169894281722435,22.719894281722446,0.026136419113116233,0.07705796227472408,0.024990776448667883
22.21989428172244,22.769894281722443,0.028465212705002862,0.08227033430355302,0.027504360019377096
22.269894281722436,22.819894281722448,0.03165817806319371,0.08738658229497523,0.030745498619756617
22.31989428172244,22.869894281722445,0.035461721305237455,0.09238520618091299,0.03448728102783357
22.369894281722438,22.91989428172245,0.039675197803460266,0.09724773928435296,0.038558366070537864
22.419894281722442,22.969894281722446,0.04415274825759282,0.10195812584945337,0.04283667566942278
22.46989428172244,23.01989428172245,0.04879081867168519,0.10650229078076925,0.047236011494208
22.519894281722443,23.069894281722448,0.053515281546121375,0.11086783911126681,0.05169453272990635
22.56989428172244,23.119894281722452,0.058271796919249524,0.11504384417811929,0.0561666398262917
22.619894281722445,23.16989428172245,0.06301931237275248,0.11902069719864718,0.06061763667299476
22.669894281722442,23.219894281722453,0.0677258312097265,0.12278999980552321,0.06502029018666206
22.719894281722446,23.26989428172245,0.07236567485092892,0.12634448690953087,0.06935261115017521
22.769894281722443,23.319894281722455,0.07691770031743456,0.12967797111688573,0.07359640832306498
22.819894281722448,23.369894281722452,0.08136412550565723,0.1327853025266488,0.07773633324556511
22.869894281722445,23.419894281722456,0.08568974408320533,0.13566233950725998,0.08175923975400783
22.91989428172245,23.469894281722453,0.08988139331731143,0.13830592727696714,0.08565374824141486
22.969894281722446,23.519894281722458,0.09392758852789418,0.14071388197016432,0.08940994518968091
23.01989428172245,23.569894281722455,0.09781826896584848,0.14288497847725995,0.09301917343872866
23.069894281722448,23.61989428172246,0.10154461927643062,0.14481894077716434,0.09647388418318838
23.119894281722452,23.669894281722456,0.10509894290415533,0.14651643379036083,0.09976753148734147
23.16989428172245,23.71989428172246,0.10847457159067947,0.14797905600177483,0.10289449639028753
23.219894281722453,23.769894281722458,0.11166580017526107,0.1492093322597948,0.10585003176248199
23.26989428172245,23.819894281722462,0.11466783923966044,0.15021070626703645,0.10863022177798393
23.319894281722455,23.86989428172246,0.11747678036745768,0.1509875323506302,0.11123195168038714
23.369894281722452,23.919894281722463,0.12008957029857481,0.1515450661424202,0.11365288475409258
23.419894281722456,23.96989428172246,0.1225039912978107,0.15188945381732738,0.11589144426263523
23.469894281722453,24.019894281722465,0.12471864577776393,0.1520277195344639,0.11794679870803404
23.519894281722458,24.069894281722462,0.12673294372324354,0.1519677507023472,0.11981884918176161
23.569894281722455,24.119894281722466,0.12854709182280175,0.15171828064795273,0.12150821787290568
23.61989428172246,24.169894281722463,0.1301620834678352,0.15128886821019,0.12301623700868518
23.669894281722456,24.219894281722468,0.1315796889605677,0.15068987370241999,0.12434493765099142
23.71989428172246,24.269894281722465,0.13280244539950886,0.14993243059696626,0.1254970378768422
23.769894281722458,24.31989428172247,0.13383364579849094,0.1490284121790144,0.12647592994200077
23.819894281722462,24.369894281722466,0.13467732705278482,0.14799039230098698,0.12728566607369124
23.86989428172246,24.41989428172247,0.13533825639971947,0.14683159924633105,0.1279309425660089
23.919894281722463,24.469894281722468,0.13582191603645746,0.14556586159114648,0.1284170818645815
23.96989428172246,24.519894281722472,0.13613448555750252,0.14420754484384182,0.12875001232844402
24.019894281722465,24.56989428172247,0.13628282186180504,0.14277147756155223,0.1289362453496568
24.069894281722462,24.619894281722473,0.1362744361561387,0.14127286560621005,0.12898284949725028
24.119894281722466,24.66989428172247,0.1361174676498543,0.13972719323624175,0.12889742133402363
24.169894281722463,24.719894281722475,0.13582065349838396,0.13815010985907064,0.12868805253507187
24.219894281722468,24.769894281722472,0.1353932945116159,0.1365573015246946,0.12836329291861512
24.269894281722465,24.819894281722476,0.13484521610181724,0.13496434665098567,0.1279321089862058
24.31989428172247,24.869894281722473,0.13418672390835099,0.13338655606205627,0.12740383756476914
24.369894281722466,24.919894281722478,0.13342855350837124,0.13183879820660516,0.1267881341520128
24.41989428172247,24.969894281722475,0.13258181361060498,0.13033531140087978,0.12609491559496927
24.469894281722468,25.01989428172248,0.1316579221412175,0.12888950608297295,0.12533429678487396
24.519894281722472,25.069894281722476,0.13066853467583867,0.12751376131260359,0.12451652113651411
24.56989428172247,25.11989428172248,0.1296254647603144,0.12621922100950983,0.12365188474280177
24.619894281722473,25.169894281722478,0.1285405958051635,0.1250155965678779,0.12275065426089933
24.66989428172247,25.219894281722482,0.12742578444505978,0.12391098336454487,0.12182297879845151
24.719894281722475,25.26989428172248,0.12629275553283106,0.1229116991405933,0.12087879632819176
24.769894281722472,25.319894281722483,0.12515298929174476,0.12202215214433465,0.11992773546344693
24.819894281722476,25.36989428172248,0.12401760157856506,0.12124474619088173,0.11897901376780043
24.869894281722473,25.419894281722485,0.12289721870347824,0.12057982840418598,0.11804133413550436
24.919894281722478,25.469894281722482,0.12180184879198959,0.12002568343397918,0.11712278114485965
24.969894281722475,25.519894281722486,0.12074075222786859,0.11957857554239909,0.11623071962850158
25.01989428172248,25.569894281722483,0.11972231424377974,0.11923283736247418,0.11537169799135194
25.069894281722476,25.619894281722488,0.11875392317716649,0.11898100160783825,0.11455135900576398
25.11989428172248,25.669894281722485,0.11784185822808513,0.11881396981778347,0.11377436089202932
25.169894281722478,25.71989428172249,0.11699119068921046,0.11872121056317643,0.11304431142434249
25.219894281722482,25.769894281722486,0.11620570252121257,0.11869097854651174,0.11236371757066183
25.26989428172248,25.81989428172249,0.1154878257913474,0.11871054573962694,0.11173395277650736
25.319894281722483,25.869894281722488,0.11483860587567303,0.11876643606267148,0.11115524345050941
25.36989428172248,25.91989428172249,0.11425769047057889,0.11884465599607393,0.11062667553300434
25.419894281722485,25.96989428172249,0.11374334542072992,0.11893091477132961,0.11014622127219596
25.469894281722482,26.019894281722493,0.11329249722572216,0.11901082923374962,0.10971078554964199
25.519894281722486,26.06989428172249,0.11290080092960231,0.11907010995291449,0.10931627034634946
25.569894281722483,26.119894281722495,0.11256273102217566,0.11909472654808273,0.1089576552780025
25.619894281722488,26.16989428172249,0.11227169207557047,0.11907105140920302,0.10862909159876602
25.669894281722485,26.219894281722496,0.11202014517021987,0.11898598198167287,0.10832400670926888
25.71989428172249,26.269894281722493,0.11179974576962821,0.1188270425304116,0.10803521602009966
25.769894281722486,26.319894281722497,0.11160148859071856,0.11858246681730769,0.1077550390144564
25.81989428172249,26.369894281722495,0.1114158551653828,0.11824126344310353,0.1074754165042654
25.869894281722488,26.4198942817225,0.11123296015583232,0.11779326575612589,0.1071880263536575
25.91989428172249,26.469894281722496,0.11104269301412173,0.11722916825392794,0.10688439531612957
25.96989428172249,26.5198942817225,0.11083485220228206,0.11654055133569823,0.10655600505925515
26.019894281722493,26.569894281722497,0.11059926985400467,0.11571989613442629,0.10619439089795123
26.06989428172249,26.6198942817225,0.11032592541046457,0.11476059099374863,0.10579123219387133
26.119894281722495,26.6698942817225,0.11000504736232698,0.1136569309747827,0.10533843378122541
26.16989428172249,26.719894281722503,0.10962720275097108,0.11240411159735894,0.1048281981325109
26.219894281722496,26.7698942817225,0.10918337451057246,0.11099821784770622,0.10425308827258728
26.269894281722493,26.819894281722505,0.10866502706541317,0.10943620932698385,0.10360608168363793
26.319894281722497,26.8698942817225,0.10806416083798621,0.10771590227562867,0.1028806156188677
26.369894281722495,26.919894281722506,0.1073733564828107,0.10583594908885763,0.10207062436461124
26.4198942817225,26.969894281722503,0.10658580975090524,0.10379581583928751,0.1011705690660836
26.469894281722496,27.019894281722507,0.10569535792421872,0.10159575824320499,0.10017546076942382
26.5198942817225,27.069894281722505,0.10469649875121444,0.09923679644717752,0.09908087734003884
26.569894281722497,27.11989428172251,0.10358440277628672,0.09672068897124984,0.09788297490214753
26.6198942817225,27.169894281722506,0.10235491989704436,0.09404990612451798,0.09657849441352556
26.6698942817225,27.21989428172251,0.10100458091316544,0.09122760321008484,0.09516476394841562
26.719894281722503,27.269894281722507,0.09953059475507745,0.08825759386302068,0.09363969721497344
26.7698942817225,27.31989428172251,0.09793084200512131,0.08514432392345644,0.09200178878507079
26.819894281722505,27.36989428172251,0.09620386525162324,0.0818928463486397,0.09025010646648242
26.8698942817225,27.419894281722513,0.09434885674990975,0.07850879783124222,0.08838428120246385
26.919894281722506,27.46989428172251,0.09236564380530134,0.07499837804744315,0.08640449484292155
26.969894281722503,27.519894281722515,0.09025467224261033,0.07136833285894029,0.08431146609586913
27.019894281722507,27.56989428172251,0.08801698828528727,0.0676259434261683,0.08210643493848802
27.069894281722505,27.619894281722516,0.08565421913582047,0.06377902420850307,0.0797911457447067
27.11989428172251,27.669894281722513,0.08316855252804013,0.0598359345045292,0.07736782937173256
27.169894281722506,27.719894281722517,0.08056271551297806,0.055805611025010034,0.07483918444283726
27.21989428172251,27.769894281722515,0.07783995274498433,0.05169763395408554,0.07220835807004278
27.269894281722507,27.81989428172252,0.0750040045576158,0.04752234794835664,0.06947892628165384
27.31989428172251,27.869894281722516,0.07205908516530497,0.04329107651156422,0.06665487446136378
27.36989428172251,27.91989428172252,0.06900986140697724,0.039016501823780844,0.0637405781770188
27.419894281722513,27.969894281722517,0.06586143257784015,0.03471335245359986,0.0607407848929414
27.46989428172251,28.01989428172252,0.06261931210294355,0.03039969807073153,0.057660597245000764
27.519894281722515,28.06989428172252,0.05928941213715771,0.026099525744345792,0.05450545885497561
27.56989428172251,28.119894281722523,0.055878032711884705,0.02184825094804449,0.051281144144876833
27.619894281722516,28.16989428172252,0.05239185793350802,0.017705612668706634,0.04799375441704456
27.669894281722513,28.219894281722524,0.04883796323896211,0.013789078633768605,0.044649723842021725
27.719894281722517,28.26989428172252,0.04522384033923539,0.010367287551678487,0.04125584142560786
27.769894281722515,28.319894281722526,0.041557451246523276,0.00808457056802447,0.037819299480271955
27.81989428172252,28.369894281722523,0.037847331799916034,0.007955473438137317,0.03434778765543126
27.869894281722516,28.419894281722527,0.03410278302855253,0.010022745514070017,0.030849668766882186
27.91989428172252,28.469894281722524,0.030334226393644838,0.013256383721545285,0.02733430941749163
27.969894281722517,28.51989428172253,0.026553883744783183,0.01696154634655551,0.02381272274441021
28.01989428172252,28.569894281722526,0.022777149355663568,0.020847968034684656,0.020298891319449966
28.06989428172252,28.61989428172253,0.01902557511157368,0.02479109270584304,0.016812721757264247
28.119894281722523,28.669894281722527,0.01533405683527626,0.02872932177263073,0.01338741669480201
28.16989428172252,28.71989428172253,0.011770559681199078,0.03262745694105935,0.010090759739655609
28.219894281722524,28.76989428172253,0.008499337352737089,0.036462722580295905,0.007098325305979395
28.26989428172252,28.819894281722533,0.006000374331935945,0.04021884036831531,0.0049634938862251655
28.319894281722526,28.86989428172253,0.005422803002448876,0.04388327358604319,0.004910357201100722
28.369894281722523,28.919894281722534,0.0071962829204537835,0.04744584378800674,0.006940479763075239
28.419894281722527,28.96989428172253,0.010112919649245477,0.050897992474995456,0.00979790212205393
28.469894281722524,29.019894281722536,0.013408443504039493,0.054232367509644,0.01290825216927356
28.51989428172253,29.069894281722533,0.016824652522792197,0.05744258269383619,0.016090943485452747
28.569894281722526,29.119894281722537,0.02026528429962904,0.06052307419548029,0.019277568654879642
28.61989428172253,29.169894281722534,0.023686074516930864,0.06346901331684124,0.02243564693625703
28.669894281722527,29.21989428172254,0.02706251126338201,0.06627625309498972,0.025546592218757578
28.71989428172253,29.269894281722536,0.030378845793854824,0.06894129571591678,0.028598117395443944
28.76989428172253,29.31989428172254,0.03362376120909798,0.07146127294199897,0.03158119659153822
28.819894281722533,29.369894281722537,0.036788455691585634,0.073833934728008,0.03448870321168116
28.86989428172253,29.41989428172254,0.03986571465167634,0.07605764295254909,0.03731474360720074
28.919894281722534,29.46989428172254,0.04284942941958897,0.07813136825168589,0.04005430855655257
28.96989428172253,29.519894281722543,0.045734334038693904,0.08005468859770637,0.04270308149186312
29.019894281722536,29.56989428172254,0.048515855560822836,0.08182778867934878,0.04525732892460952
29.069894281722533,29.619894281722544,0.051190026513109645,0.08345145940289508,0.047713836137102644
29.119894281722537,29.66989428172254,0.053753432832728515,0.08492709700077551,0.05006986876137995
29.169894281722534,29.719894281722546,0.05620318266649698,0.08625670133859185,0.052323149565418725
29.21989428172254,29.769894281722543,0.05853688769543362,0.08744287307280854,0.05447184430197523
29.269894281722536,29.819894281722547,0.06075265203428799,0.08848880934246542,0.05651455294602514
29.31989428172254,29.869894281722544,0.062849065663186,0.08939829768708671,0.05845030404448597
29.369894281722537,29.91989428172255,0.06482520045768538,0.0901757078748338,0.06027855071863126
29.41989428172254,29.969894281722546,0.06668060754708885,0.09082598130353489,0.06199916735009512
29.46989428172254,30.01989428172255,0.06841531513698214,0.09135461760537943,0.06361244628250601
29.519894281722543,30.069894281722547,0.07002982618477692,0.0917676580462885,0.06511909405873882
29.56989428172254,30.11989428172255,0.07152511547577337,0.09207166526598627,0.06652022683213989
29.619894281722544,30.16989428172255,0.07290262574671293,0.09227369885769329,0.06781736466468663
29.66989428172254,30.219894281722553,0.0741642625648464,0.09238128624111133,0.06901242447146588
29.719894281722546,30.26989428172255,0.07531238770614461,0.09240238824398984,0.0701077113989827
29.769894281722543,30.319894281722554,0.07634981079466281,0.0923453587823273,0.07110590844096668
29.819894281722547,30.36989428172255,0.07727977897177932,0.09221889802487244,0.0720100641039693
29.869894281722544,30.419894281722556,0.07810596436288225,0.09203199845309226,0.0728235779392817
29.91989428172255,30.469894281722553,0.07883244910315884,0.09179388329331258,0.07355018376016143
29.969894281722546,30.519894281722557,0.07946370767591347,0.09151393691396073,0.07419393036619101
30.01989428172255,30.569894281722554,0.08000458630881244,0.09120162695801826,0.0747591596019287
30.069894281722547,30.61989428172256,0.0804602791680375,0.09086641822733185,0.07525048158684487
30.11989428172255,30.669894281722556,0.08083630109026753,0.09051767865617599,0.07567274696998759
30.16989428172255,30.71989428172256,0.08113845660061945,0.09016457810553173,0.07603101608794675
30.219894281722553,30.769894281722557,0.08137280498437795,0.08981598116814404,0.07633052494055279
30.26989428172255,30.81989428172256,0.08154562121495877,0.08948033567896607,0.07657664794725601
30.319894281722554,30.86989428172256,0.08166335259349781,0.0891655591466266,0.07677485750985859
30.36989428172255,30.919894281722563,0.08173257103001395,0.08887892581898298,0.07693068048526705
30.419894281722556,30.96989428172256,0.08175992099490745,0.08862695752114454,0.07704965176545481
30.469894281722553,31.019894281722564,0.08175206329432522,0.08841532170491306,0.07713726527007621
30.519894281722557,31.06989428172256,0.08171561497380112,0.08824874027396216,0.07719892277800457
30.569894281722554,31.119894281722566,0.08165708582961902,0.0881309126586666,0.07723988115381794
30.61989428172256,31.169894281722563,0.08158281220206212,0.08806445628541211,0.07726519865856846
30.669894281722556,31.219894281722567,0.08149888893157466,0.08805086701851146,0.07727968116407807
30.71989428172256,31.269894281722564,0.08141110056728582,0.08809050137683563,0.07728782920811973
30.769894281722557,31.31989428172257,0.08132485311379806,0.08818258139645618,0.07729378692485817
30.81989428172256,31.369894281722566,0.08124510777087092,0.08832522200007173,0.0773012939512573
30.86989428172256,31.41989428172257,0.0811763182448148,0.088515479729973,0.07731364143689468
30.919894281722563,31.469894281722567,0.08112237327371553,0.08874942078936704,0.0773336332644589
30.96989428172256,31.51989428172257,0.08108654599721626,0.08902220559045586,0.07736355351652728
31.019894281722564,31.56989428172257,0.08107145170608533,0.08932818647869488,0.07740514109990829
31.06989428172256,31.619894281722573,0.08107901532409285,0.08966101501639809,0.07745957226484365
31.119894281722566,31.66989428172257,0.08111044970913986,0.09001375516318101,0.07752745153987392
31.169894281722563,31.719894281722574,0.08116624552433127,0.09037899885980391,0.07760881135517939
31.219894281722567,31.76989428172257,0.08124617304211075,0.09074898086278195,0.07770312036172179
31.269894281722564,31.819894281722576,0.08134929583050665,0.09111569013747417,0.07780930018624546
31.31989428172257,31.869894281722573,0.08147399585775299,0.09147097564358857,0.07792575010909984
31.369894281722566,31.919894281722577,0.08161800916775296,0.09180664489027388,0.07805037892753182
31.41989428172257,31.969894281722574,0.08177847094874328,0.09211455415833894,0.07818064308353263
31.469894281722567,32.01989428172258,0.08195196856018828,0.09238668975579618,0.07831359000077977
31.51989428172257,32.069894281722576,0.08213460091026577,0.09261524007210062,0.07844590549380008
31.56989428172257,32.11989428172258,0.0823220424922419,0.09279265851834047,0.07857396408408687
31.619894281722573,32.16989428172258,0.08250961038901532,0.09291171768524323,0.07869388107869273
31.66989428172257,32.21989428172258,0.08269233263128856,0.09296555522389346,0.07880156532998221
31.719894281722574,32.26989428172258,0.08286501643189882,0.0929477120646257,0.07889277169200103
31.76989428172257,32.31989428172258,0.08302231500006912,0.09285216364845844,0.07896315230959496
31.819894281722576,32.36989428172258,0.08315879184753185,0.0926733448636932,0.0790083060113137
31.869894281722573,32.419894281722584,0.08326898171757109,0.0924061693682872,0.07902382521735751
31.919894281722577,32.46989428172258,0.0833474474843145,0.09204604394541638,0.07900533991178411
31.969894281722574,32.519894281722586,0.08338883257232381,0.09158887849288519,0.07894855835793214
32.01989428172258,32.56989428172258,0.08338790862814523,0.09103109219279189,0.07884930435327808
32.069894281722576,32.61989428172259,0.08333961833147888,0.09036961635072426,0.07870355092209462
32.11989428172258,32.669894281722584,0.08323911336212922,0.08960189433713807,0.07850745043011229
32.16989428172258,32.71989428172259,0.08308178764015824,0.0887258790097629,0.07825736117486232
32.21989428172258,32.769894281722586,0.08286330603243078,0.087740027946392,0.07794987055931264
32.26989428172258,32.81989428172259,0.08257962877180026,0.08664329677310025,0.07758181499623197
32.31989428172258,32.86989428172259,0.0822270318688179,0.08543513083422641,0.07715029671819694
32.36989428172258,32.91989428172259,0.08180212381352982,0.08411545541742638,0.07665269768522957
32.419894281722584,32.96989428172259,0.08130185887002049,0.0826846647197033,0.0760866907906328
32.46989428172258,33.01989428172259,0.08072354726194123,0.08114360971836453,0.07545024856752175
32.519894281722586,33.06989428172259,0.08006486253605216,0.07949358509419269,0.07474164959545895
32.56989428172258,33.119894281722594,0.07932384637507957,0.07773631534264386,0.07395948279994356
32.61989428172259,33.16989428172259,0.07849891111282424,0.07587394020271546,0.0731026498285003
32.669894281722584,33.219894281722596,0.07758884018494394,0.07390899953250933,0.07217036567676881
32.71989428172259,33.26989428172259,0.07659278672928717,0.07184441776620115,0.07116215772712704
32.769894281722586,33.3198942817226,0.07551027053098325,0.06968348810026218,0.07007786335165316
32.81989428172259,33.369894281722594,0.07434117349026761,0.06742985657938905,0.06891762622114536
32.86989428172259,33.4198942817226,0.07308573377576662,0.06508750628776909,0.06768189145291424
32.91989428172259,33.469894281722596,0.07174453881296812,0.0626607419040381,0.06637139972247043
32.96989428172259,33.5198942817226,0.07031851724721107,0.06015417495614449,0.06498718045839692
33.01989428172259,33.5698942817226,0.06880893001296907,0.05757271022755553,0.06353054423593917
33.06989428172259,33.6198942817226,0.06721736063685044,0.054921533937997875,0.062003074483584275
33.119894281722594,33.6698942817226,0.06554570490101719,0.05220610458163549,0.060406618618623495
33.16989428172259,33.7198942817226,0.0637961599972997,0.04943214770495882,0.05874327873313158
33.219894281722596,33.7698942817226,0.06197121331111079,0.046605656533370184,0.05701540196193919
33.26989428172259,33.819894281722604,0.06007363098978583,0.043732901361509265,0.05522557068050402
33.3198942817226,33.8698942817226,0.058106446474330886,0.040820452279310054,0.05337659270522093
33.369894281722594,33.919894281722605,0.056072949210011984,0.037875222613504136,0.05147149170485973
33.4198942817226,33.9698942817226,0.053976673804578525,0.03490454537646836,0.049513498084216345
33.469894281722596,34.01989428172261,0.05182138998071762,0.03191630392140751,0.047506040676964824
33.5198942817226,34.069894281722604,0.049611093782946064,0.028919154818836484,0.04545273969515124
33.5698942817226,34.11989428172261,0.04735000066666636,0.02592291419807934,0.04335740154515909
33.6198942817226,34.169894281722605,0.04504254134703358,0.02293924793670414,0.04122401636168759
33.6698942817226,34.21989428172261,0.042693361664165576,0.019982958551092684,0.03905675947684791
33.7198942817226,34.26989428172261,0.040307328305867536,0.01707452019625978,0.03685999860414185
33.7698942817226,34.31989428172261,0.03788954314992863,0.01424541469412705,0.034638309400764795
33.819894281722604,34.36989428172261,0.0354453704716495,0.01155021755030524,0.032396503490516516
33.8698942817226,34.41989428172261,0.032980483713429126,0.00909568145429639,0.030139675364474962
33.919894281722605,34.46989428172261,0.030500942677069032,0.007108300501804839,0.027873278524001316
33.9698942817226,34.519894281722614,0.028013319293471093,0.006023897093930387,0.025603248106065846
34.01989428172261,34.56989428172261,0.025524903342941444,0.0062748341184966205,0.02333619960362661
34.069894281722604,34.619894281722615,0.023044044366423506,0.007683297308238819,0.021079756367236017
34.11989428172261,34.66989428172261,0.020580734732664665,0.00971621805841614,0.01884310328347833
34.169894281722605,34.71989428172262,0.0181476385269484,0.01202212140194842,0.0166379541852612
34.21989428172261,34.769894281722614,0.015761984013965672,0.01443502201854493,0.014480309456770504
34.26989428172261,34.81989428172262,0.013449209903315407,0.016876156846351898,0.012393787397988345
34.31989428172261,34.869894281722615,0.011250313221431033,0.0193044050367503,0.01041618436031665
34.36989428172261,34.91989428172262,0.009237011217195864,0.02169592322985992,0.008612556111613696
34.41989428172261,34.96989428172262,0.007541139407816557,0.02403553428395701,0.007099252141382497
34.46989428172261,35.01989428172262,0.006391724605737745,0.026312810880897212,0.006071088674081357
34.519894281722614,35.06989428172262,0.006070047827132652,0.02852015827203087,0.005760552032495539
34.56989428172261,35.11989428172262,0.006658637268869176,0.030651812909959473,0.006241286340943627
34.619894281722615,35.16989428172262,0.007922051133581378,0.032703290070614593,0.007327647964426022
34.66989428172261,35.219894281722624,0.009564512227185235,0.03467106499092194,0.0087686748378825
34.71989428172262,35.26989428172262,0.011393824612160448,0.03655238175740827,0.010391577974745438
34.769894281722614,35.319894281722625,0.013306097100058775,0.038345135131909236,0.012099338762778876
34.81989428172262,35.36989428172262,0.0152452832315042,0.04004779551520101,0.013838551595036715
34.869894281722615,35.41989428172263,0.017179380130884304,0.0416593601473886,0.015578479692549892
34.91989428172262,35.469894281722624,0.019088819750302684,0.043179320586574116,0.01730033614865209
34.96989428172262,35.51989428172263,0.02096084778173465,0.044607640387616505,0.018991951040348398
35.01989428172262,35.569894281722625,0.022786692021250655,0.045944739143245546,0.020645039811288898
35.06989428172262,35.61989428172263,0.024560063377764407,0.0471914803796396,0.022253741102516402
35.11989428172262,35.66989428172263,0.02627632303521731,0.04834916160572283,0.02381379778613379
35.16989428172262,35.71989428172263,0.027931998969541124,0.04941950531344893,0.02532207838792176
35.219894281722624,35.76989428172263,0.029524494103106563,0.05040465003632672,0.02677628641188629
35.26989428172262,35.81989428172263,0.03105190388044294,0.05130714076640089,0.02817477744184703
35.319894281722625,35.86989428172263,0.032512898522872404,0.05212991814854447,0.029516440165911876
35.36989428172262,35.919894281722634,0.033906644634424755,0.05287630594205073,0.030800616395539604
35.41989428172263,35.96989428172263,0.035232751296068635,0.05354999628063958,0.03202704540716073
35.469894281722624,36.019894281722635,0.03649123163216856,0.05415503228535142,0.03319582368936586
35.51989428172263,36.06989428172263,0.03768247420724533,0.05469578759959034,0.03430737451216719
35.569894281722625,36.11989428172264,0.03880722061554147,0.0551769424294794,0.0353624237223249
35.61989428172263,36.169894281722634,0.0398665468479289,0.05560345569252279,0.03636197938551591
35.66989428172263,36.21989428172264,0.04086184678327939,0.05598053290986729,0.03730731365970142
35.71989428172263,36.269894281722635,0.04179481663770441,0.056313589528518115,0.038199945774879604
35.76989428172263,36.31989428172264,0.04266743952174652,0.05660820943564446,0.039041625317882134
35.81989428172263,36.36989428172264,0.04348196946678479,0.056870098532863886,0.03983431524022033
35.86989428172263,36.41989428172264,0.044240914427027,0.057105033378111,0.040580174161065116
35.919894281722634,36.46989428172264,0.044947017867692354,0.057318805078272014,0.04128153765080644
35.96989428172263,36.51989428172264,0.04560323862975674,0.057517158826203264,0.04194089826904818
36.019894281722635,36.56989428172264,0.04621272882818347,0.05770572971621795,0.04256088420479517
36.06989428172263,36.619894281722644,0.04677880960169437,0.057889975733293166,0.04314423643283364
36.11989428172264,36.66989428172264,0.04730494459344112,0.05807510907893953,0.043693784363458846
36.169894281722634,36.719894281722645,0.047794711107379824,0.05826602725218385,0.044212420025538685
36.21989428172264,36.76989428172264,0.04825176895733555,0.058467245525172046,0.044703070886931276
36.269894281722635,36.81989428172265,0.04867982710608978,0.05868283261564295,0.04516867148181895
36.31989428172264,36.869894281722644,0.04908260828048581,0.05891635144009975,0.04561213408098807
36.36989428172264,36.91989428172265,0.049463811844410496,0.05917080681321823,0.046036318706922534
36.41989428172264,36.969894281722645,0.049827075312133894,0.05944860182952114,0.0464440028585452
36.46989428172264,37.01989428172265,0.050175934986043315,0.059751504421193646,0.04683785136761092
36.51989428172264,37.06989428172265,0.05051378630032113,0.060080625241064195,0.047220386856850476
36.56989428172264,37.11989428172265,0.05084384453952737,0.0604364075934316,0.04759396130550402
36.619894281722644,37.16989428172265,0.051169106671814,0.0608186296581227,0.04796072924761981
36.66989428172264,37.21989428172265,0.051492315083957074,0.06122641876136156,0.0483226231296312
36.719894281722645,37.26989428172265,0.05181592402357555,0.06165827697860302,0.04868133133437596
36.76989428172264,37.319894281722654,0.052142069538168884,0.06211211694413698,0.04903827933809469
36.81989428172265,37.36989428172265,0.052472543648324245,0.06258530641740535,0.04939461440565506
36.869894281722644,37.419894281722655,0.052808773403582074,0.06307471993398357,0.04975119414929538
36.91989428172265,37.46989428172265,0.05315180534677871,0.06357679575627245,0.05010857918099307
36.969894281722645,37.51989428172266,0.05350229576183735,0.06408759633073763,0.050467029982679566
37.01989428172265,37.569894281722654,0.053860506909017336,0.06460287054191512,0.050826508007345284
37.06989428172265,37.61989428172266,0.05422630927040813,0.0651181162093673,0.05118668091334106
37.11989428172265,37.669894281722655,0.05459918964769355,0.06562864148036925,0.05154693172955706
37.16989428172265,37.71989428172266,0.05497826478445243,0.06612962400633444,0.05190637165569988
37.21989428172265,37.76989428172266,0.055362300035937624,0.0666161670349174,0.05226385612373577
37.26989428172265,37.81989428172266,0.05574973248779303,0.06708335178602966,0.052618003686582024
37.319894281722654,37.86989428172266,0.05613869783645971,0.06752628569656087,0.05296721725983319
37.36989428172265,37.91989428172266,0.056527060290202866,0.06794014630761909,0.05330970722184345
37.419894281722655,37.96989428172266,0.05691244473024821,0.06832022072562124,0.05364351587577425
37.46989428172265,38.019894281722664,0.05729227038359024,0.06866194071380281,0.05396654279218451
37.51989428172266,38.06989428172266,0.05766378529802794,0.06896091356519778,0.05427657057961324
37.569894281722654,38.119894281722665,0.05802410097017521,0.06921294897497149,0.054571290670203054
37.61989428172266,38.16989428172266,0.058370226552404404,0.06941408217311719,0.05484832875446002
37.669894281722655,38.21989428172267,0.05869910214883342,0.06956059360221499,0.05510526955059344
37.71989428172266,38.269894281722664,0.05900763079805165,0.06964902543337528,0.055339680646710056
37.76989428172266,38.31989428172267,0.05929270882662428,0.06967619521048563,0.05554913520608158
37.81989428172266,38.369894281722665,0.0595512543388991,0.0696392069017815,0.055731233374894835
37.86989428172266,38.41989428172267,0.05978023368264907,0.06953545962137529,0.055883622276986664
37.91989428172266,38.46989428172267,0.05997668579503509,0.0693626542639395,0.0560040145201954
37.96989428172266,38.51989428172267,0.06013774438849815,0.0691187982750098,0.05609020517369136
38.019894281722664,38.56989428172267,0.06026065798144634,0.06880220875865863,0.056140087204887265
38.06989428172266,38.61989428172267,0.06034280781444347,0.06841151410453472,0.056151665388463314
38.119894281722665,38.66989428172267,0.06038172371986293,0.06794565429813687,0.0561230687190435
38.16989428172266,38.719894281722674,0.06037509803266789,0.06740388006211616,0.05605256137363201
38.21989428172267,38.76989428172267,0.06032079764325705,0.06678575096266902,0.0559385522806316
38.269894281722664,38.819894281722675,0.06021687430130195,0.06609113260384908,0.055779603359713215
38.31989428172267,38.86989428172267,0.060061573283287935,0.06532019302402255,0.05557443650156478
38.369894281722665,38.91989428172268,0.05985334053703525,0.06447339840278186,0.0553219393591665
38.41989428172267,38.969894281722674,0.059590828414692966,0.06355150818354982,0.055021170023214855
38.46989428172267,39.01989428172268,0.05927290010230654,0.06255556971698685,0.054671360654087446
38.51989428172267,39.069894281722675,0.05889863284968327,0.06148691253341408,0.054271920141686934
38.56989428172267,39.11989428172268,0.05846732009943014,0.06034714235912864,0.05382243586295623
38.61989428172267,39.16989428172268,0.05797847260911908,0.05913813500227799,0.053322674605083824
38.66989428172267,39.21989428172268,0.05743181865589016,0.05786203024959258,0.0527725827206664
38.719894281722674,39.26989428172268,0.05682730340867637,0.056521225936855976,0.05217228557954911
38.76989428172267,39.31989428172268,0.05616508754986817,0.05511837238494527,0.05152208638091103
38.819894281722675,39.36989428172268,0.055445545225787714,0.05365636743164059,0.050822464388544875
38.86989428172267,39.419894281722684,0.05466926140401549,0.05213835233988989,0.0500740726523717
38.91989428172268,39.46989428172268,0.05383702871555233,0.050567708929611405,0.04927773528016466
38.969894281722674,39.519894281722685,0.05294984386122359,0.04894805836747081,0.04843444432543656
39.01989428172268,39.56989428172268,0.05200890366486242,0.047283262164416535,0.04754535636064868
39.069894281722675,39.61989428172269,0.05101560086094615,0.04557742608359215,0.04661178880961338
39.11989428172268,39.669894281722684,0.049971519711884446,0.04383490786466202,0.04563521611947538
39.16989428172268,39.71989428172269,0.04887843156057467,0.04206032994238619,0.044617265861417864
39.21989428172268,39.769894281722685,0.047738290437805246,0.04025859870179844,0.0435597148607444
39.26989428172268,39.81989428172269,0.04655322886249885,0.038434932302231224,0.042464485471985836
39.31989428172268,39.86989428172269,0.04532555399677408,0.03659489976118316,0.041333642134044606
39.36989428172268,39.91989428172269,0.044057744348966824,0.034744474872281654,0.04016938836537576
39.419894281722684,39.96989428172269,0.04275244725808458,0.03289010970686679,0.03897406439136751
39.46989428172268,40.01989428172269,0.041412477445472225,0.03103883398767885,0.037750145637581826
39.519894281722685,40.06989428172269,0.040040816987315625,0.02919838857774166,0.03650024237608771
39.56989428172268,40.119894281722694,0.03864061714990435,0.02737740366746795,0.03522710088149653
39.61989428172269,40.16989428172269,0.03721520264467636,0.02558563470992823,0.033933606543305746
39.669894281722684,40.219894281722695,0.0357680790104855,0.023834270942736834,0.032622789498174105
39.71989428172269,40.26989428172269,0.034302944027325484,0.02213633043849669,0.03129783349804499
39.769894281722685,40.319894281722696,0.032823704323198234,0.020507147596717026,0.029962088928238793
39.81989428172269,40.369894281722694,0.03133449867182597,0.01896493489671469,0.028619091146955218
39.86989428172269,40.4198942817227,0.029839729914887866,0.017531344734784123,0.02727258564987454
39.91989428172269,40.469894281722695,0.028344108001700896,0.016231846793121937,0.025926561987908547
39.96989428172269,40.5198942817227,0.026852707341976253,0.015095555555012916,0.024585298897891752
40.01989428172269,40.569894281722696,0.025371042518133505,0.014153927849094708,0.02325342375003207
40.06989428172269,40.6198942817227,0.023905167364487858,0.013437681016958102,0.02193599014860012
40.119894281722694,40.6698942817227,0.022461803352788336,0.012971726204533563,0.020638578253416
40.16989428172269,40.7198942817227,0.02104850377414229,0.012769140706233325,0.019367422887806924
40.219894281722695,40.7698942817227,0.01967385959341256,0.012826655328810032,0.018129574250896157
40.26989428172269,40.8198942817227,0.018347749482982317,0.013124224022974062,0.016933094016888448
40.319894281722696,40.8698942817227,0.017081627431284933,0.013629132796685841,0.015787283819760085
40.369894281722694,40.919894281722705,0.01588882138944054,0.014302485564594488,0.014702930206999205
40.4198942817227,40.9698942817227,0.014784778343861852,0.015105184109181864,0.013692525019812801
40.469894281722695,41.019894281722706,0.013787127857774866,0.016001783423648663,0.012770377096462436
40.5198942817227,41.0698942817227,0.012915350077756278,0.016962163378594616,0.011952468863390821
40.569894281722696,41.11989428172271,0.012189759491166022,0.017961719460919418,0.011255845723853963
40.6198942817227,41.169894281722705,0.011629545566611521,0.018980810856006784,0.010697310830653157
40.6698942817227,41.21989428172271,0.011249885967516747,0.020003960605012056,0.010291331112111479
40.7198942817227,41.269894281722706,0.011058716917543341,0.021019063422828718,0.01004742333659001
40.7698942817227,41.31989428172271,0.011054329055712325,0.022016703110322264,0.009967783219264148
40.8198942817227,41.36989428172271,0.01122496403237465,0.02298960244071568,0.01004616479036997
40.8698942817227,41.41989428172271,0.01155072373284428,0.023932194781907543,0.010268622720972039
40.919894281722705,41.46989428172271,0.012006950455720077,0.02484029610349179,0.010615841644166882
40.9698942817227,41.51989428172271,0.012567725594052115,0.02571085545346662,0.011066080964980735
41.019894281722706,41.56989428172271,0.013208499343512068,0.026541765035871436,0.011597748551959199
41.0698942817227,41.619894281722715,0.01390756493425348,0.027331714828490575,0.012191098407384861
41.11989428172271,41.66989428172271,0.014646582285267004,0.028080080154528286,0.012829045619104295
41.169894281722705,41.719894281722716,0.015410509082257051,0.028786833449758048,0.013497344394405836
41.21989428172271,41.76989428172271,0.016187245108356913,0.02945247364563406,0.014184405311416506
41.269894281722706,41.81989428172272,0.01696718585775346,0.0300779682216534,0.014880957313513143
41.31989428172271,41.869894281722715,0.017742788062295102,0.03066470418709039,0.015579676423928282
41.36989428172271,41.91989428172272,0.01850819004312336,0.03121444514043889,0.016274841022007273
41.41989428172271,41.969894281722716,0.019258897699404656,0.0317292922110294,0.01696203623566522
41.46989428172271,42.01989428172272,0.019991532189851963,0.03221164717811312,0.017637910796783035
41.51989428172271,42.06989428172272,0.020703629978446228,0.032664176438589605,0.0182999812893775
41.56989428172271,42.11989428172272,0.021393485021148323,0.03308977479330855,0.018946475969599082
41.619894281722715,42.16989428172272,0.02206002383730636,0.03349152827160679,0.019576210233415197
41.66989428172271,42.21989428172272,0.02270270575378606,0.03387267543521456,0.020188486757944102
41.719894281722716,42.26989428172272,0.023321442165743188,0.03423656681066437,0.020783014577014855
41.76989428172271,42.319894281722725,0.02391653001404554,0.034586622303583184,0.021359842537705592
41.81989428172272,42.36989428172272,0.02448859578636614,0.034926286653813254,0.021919303603501514
41.869894281722715,42.419894281722726,0.025038547224029418,0.03525898319790136,0.02246196729952151
41.91989428172272,42.46989428172272,0.025567530598712855,0.035588066411586614,0.02298859825335406
41.969894281722716,42.51989428172273,0.026076891953394,0.035916773902164065,0.023500119300733344
42.01989428172272,42.569894281722725,0.026568141116753347,0.03624817869847704,0.023997578028136228
42.06989428172272,42.61989428172273,0.027042917628808803,0.036585142832165025,0.024482115939801048
42.11989428172272,42.669894281722726,0.0275029579801434,0.03693027330443797,0.02495493968485476
42.16989428172272,42.71989428172273,0.027950063783952938,0.0372858815760897,0.02541729397645797
42.21989428172272,42.76989428172273,0.02838607068061848,0.03765394769587914,0.025870435990272025
42.26989428172272,42.81989428172273,0.028812817925938015,0.038036090089954705,0.026315611151985895
42.319894281722725,42.86989428172273,0.029232118740870946,0.03843354187499691,0.026754030318531147
42.36989428172272,42.91989428172273,0.02964573160464243,0.038847134339161676,0.02718684842862973
42.419894281722726,42.96989428172273,0.03005533275480866,0.03927728797271903,0.02761514474799747
42.46989428172272,43.019894281722735,0.030462490216892856,0.03972401114409232,0.028039904864753693
42.51989428172273,43.06989428172273,0.030868639721730744,0.04018690622866524,0.02846200460300612
42.569894281722725,43.119894281722736,0.0312750628801424,0.04066518272883758,0.02888219601887089
42.61989428172273,43.16989428172273,0.03168286797216958,0.041157676693133194,0.029301095625280594
42.669894281722726,43.21989428172274,0.032092973673061825,0.041662875563674276,0.029719174962091047
42.71989428172273,43.269894281722735,0.03250609598286506,0.0421789474630008,0.030136753588837304
42.76989428172273,43.31989428172274,0.03292273855447966,0.0427037738748111,0.030553994531897628
42.81989428172273,43.369894281722736,0.033343186531043796,0.04323498467483777,0.030970902168828345
42.86989428172273,43.41989428172274,0.03376750391282079,0.04376999451952681,0.03138732248323229
42.91989428172273,43.46989428172274,0.03419553438206896,0.044306039690410644,0.03180294557650956
42.96989428172273,43.51989428172274,0.03462690542708126,0.04484021460887163,0.032217310280608
43.019894281722735,43.56989428172274,0.03506103552854864,0.045369507367437126,0.03262981068035188
43.06989428172273,43.61989428172274,0.035497144106414295,0.04589083375926691,0.03303970432636013
43.119894281722736,43.66989428172274,0.035934263876070745,0.0464010694184945,0.033446121900665336
43.16989428172273,43.719894281722745,0.03637125523033093,0.046897079804303986,0.03384807808697243
43.21989428172274,43.76989428172274,0.03680682224809262,0.047375747867028216,0.03424448339563052
43.269894281722735,43.819894281722746,0.03723952993084498,0.047833999323128845,0.03463415669894874
43.31989428172274,43.86989428172274,0.03766782228216718,0.04826882553724052,0.03501583824433842
43.369894281722736,43.91989428172275,0.038090040870558846,0.048677304064344104,0.03538820292956397
43.41989428172274,43.969894281722745,0.0385044435494849,0.049056616945131436,0.035749873644781396
43.46989428172274,44.01989428172275,0.03890922304755941,0.04940406687479087,0.036099434508686926
43.51989428172274,44.069894281722746,0.03930252518367537,0.049717091381950705,0.036435443849804544
43.56989428172274,44.11989428172275,0.03968246650430564,0.049993275162544364,0.0367564468076552
43.61989428172274,44.16989428172275,0.04004715118127969,0.05023036071489478,0.037060987451456036
43.66989428172274,44.21989428172275,0.040394687046667245,0.050426257419118485,0.03734762033544416
43.719894281722745,44.26989428172275,0.04072320067602536,0.05057904919750162,0.037614921429487747
43.76989428172274,44.31989428172275,0.04103085146161356,0.05068700088401471,0.03786149838106295
43.819894281722746,44.36989428172275,0.04131584464306208,0.05074856342155924,0.03808600007983862
43.86989428172274,44.419894281722755,0.041576443284413615,0.05076237799560708,0.038287125509016605
43.91989428172275,44.46989428172275,0.041810979203724265,0.05072727920313419,0.03846363187833474
43.969894281722745,44.519894281722756,0.042017862874857835,0.05064229734654255,0.03861434204239894
44.01989428172275,44.56989428172275,0.042195592331212624,0.0505066599338578,0.038738151214983425
44.069894281722746,44.61989428172276,0.042342761108352465,0.05031979245904229,0.03883403299533242
44.11989428172275,44.669894281722755,0.04245806526736285,0.05008131852985998,0.038901044726548345
44.16989428172275,44.71989428172276,0.04254030954367253,0.04979105940540662,0.038938332209071745
44.21989428172275,44.769894281722756,0.0425884126674858,0.04944903300118125,0.03894513379425993
44.26989428172275,44.81989428172276,0.04260141190222915,0.04905545241640328,0.03892078388433545
44.31989428172275,44.86989428172276,0.04257846684684111,0.04861072403615529,0.0388647158656725
44.36989428172275,44.91989428172276,0.042518862546591055,0.048115445259819284,0.038776464502661395
44.419894281722755,44.96989428172276,0.04242201195561817,0.04757040190716237,0.038655667819361694
44.46989428172275,45.019894281722756,0.04228745779270988,0.046976565354292774,0.03850206849592621
44.519894281722756,45.06989428172276,0.04211487383012563,0.04633508945355589,0.03831551480643675
44.56989428172275,45.119894281722765,0.04190406565362642,0.04564730729427439,0.03809596112440684
44.61989428172276,45.16989428172276,0.04165497093036657,0.044914727865086365,0.037843468021832395
44.669894281722755,45.21989428172276,0.04136765922001009,0.04413903268352753,0.037558201987354795
44.71989428172276,45.26989428172276,0.04104233136338327,0.04332207246447858,0.037240434788875
44.769894281722756,45.31989428172277,0.040679318482209015,0.04246586390619315,0.03689054250585522
44.81989428172276,45.369894281722765,0.04027908062300156,0.04157258668085069,0.03650900425658386
44.86989428172276,45.41989428172276,0.03984220507805597,0.040644580725928574,0.03609640064588711
44.91989428172276,45.469894281722766,0.03936940441665484,0.03968434394307181,0.035653411959154904
44.96989428172276,45.51989428172277,0.03886151426015039,0.0386945304223399,0.03518081612913703
45.019894281722756,45.56989428172277,0.038319490835471134,0.037677949321328265,0.03467948650275977
45.06989428172276,45.619894281722765,0.03774440834286681,0.03663756453998805,0.03415038943624172
45.119894281722765,45.66989428172277,0.03713745617534602,0.035576495341794204,0.03359458174805701
45.16989428172276,45.71989428172277,0.03649993602929959,0.03449801807834091,0.03301320806082285
45.21989428172276,45.76989428172277,0.03583325894823811,0.03340556917450493,0.03240749806499338
45.26989428172276,45.81989428172277,0.03513894234441823,0.03230274952048544,0.031778763739333804
45.31989428172277,45.86989428172277,0.034418607046365776,0.031193330388579178,0.031128396565531843
45.369894281722765,45.919894281722776,0.03367397442391582,0.03008126093666017,0.030457864776985054
45.41989428172276,45.96989428172277,0.03290686364630334,0.028970677262968498,0.029768710684758382
45.469894281722766,46.01989428172277,0.032119189132961454,0.02786591281845095,0.029062548126901903
45.51989428172277,46.069894281722775,0.031312958260821956,0.026771509737216447,0.028341060090669095
45.56989428172277,46.11989428172278,0.030490269395777488,0.025692230278714537,0.02760599656055664
45.619894281722765,46.169894281722776,0.0296533103191051,0.02463306704606954,0.026859172648270337
45.66989428172277,46.21989428172277,0.028804357121363047,0.023599249909371997,0.026102467063375455
45.71989428172277,46.26989428172278,0.027945773635548475,0.022596246582973406,0.02533782098498843
45.76989428172277,46.31989428172278,0.0270800114766333,0.021629752571032942,0.024567237394657056
45.81989428172277,46.36989428172278,0.02620961074386081,0.020705664757011244,0.023792780927438938
45.86989428172277,46.419894281722776,0.025337201422358346,0.019830031438600834,0.02301657829053969
45.919894281722776,46.46989428172278,0.024465505487533915,0.019008970454772577,0.022240819284471882
45.96989428172277,46.519894281722785,0.023597339663733525,0.018248546823349407,0.021467758437474886
46.01989428172277,46.56989428172278,0.022735618710247832,0.017554602874124737,0.020699717225710575
46.069894281722775,46.61989428172278,0.02188335899343324,0.016932538218919532,0.019939086794027564
46.11989428172278,46.66989428172278,0.02104368194176796,0.016387044789810425,0.0191883310078238
46.169894281722776,46.71989428172279,0.020219816757865418,0.01592181344475763,0.018449989547151678
46.21989428172277,46.769894281722785,0.01941510146451503,0.015539241502142111,0.017726680589862723
46.26989428172278,46.81989428172278,0.0186329809807207,0.015240181301568753,0.01702110241127448
46.31989428172278,46.869894281722786,0.017877000457924223,0.015023773611090937,0.016336032945595845
46.36989428172278,46.91989428172279,0.017150791575048934,0.014887402460936304,0.01567432600746627
46.419894281722776,46.96989428172279,0.016458048946766963,0.014826789394050747,0.015038902471816388
46.46989428172278,47.019894281722785,0.015802493348070854,0.014836219711044986,0.01443273429144717
46.519894281722785,47.06989428172279,0.01518781827583536,0.014908869073446632,0.01385881886502788
46.56989428172278,47.11989428172279,0.014617616707900164,0.01503718356439593,0.013320141073906252
46.61989428172278,47.16989428172279,0.014095286091019078,0.01521326375138323,0.012819620461054126
46.66989428172278,47.21989428172279,0.01362391188093268,0.015429211991742978,0.012360041752396975
46.71989428172279,47.26989428172279,0.013206133500076584,0.015677417164986385,0.011943968443913973
46.769894281722785,47.319894281722796,0.012844001143050668,0.015950766623138084,0.011573641631295064
46.81989428172278,47.36989428172279,0.012538836684865369,0.01624278752503241,0.011250869551370935
46.869894281722786,47.41989428172279,0.012291115716706083,0.01654772735144285,0.010976916981547735
46.91989428172279,47.469894281722794,0.01210038886373776,0.01686058662827793,0.01075240683411995
46.96989428172279,47.5198942817228,0.011965257788359662,0.017177116961282872,0.010577247837895742
47.019894281722785,47.569894281722796,0.011883414477177279,0.017493795776686107,0.010450601075257313
47.06989428172279,47.61989428172279,0.011851742850609212,0.017807786747894034,0.01037089392170955
47.11989428172279,47.6698942817228,0.011866471905040903,0.018116892453152195,0.010335883224654455
47.16989428172279,47.7198942817228,0.011923362209051372,0.01841950370042864,0.010342761957968525
47.21989428172279,47.7698942817228,0.012017904434936116,0.018714548293329282,0.010388297136394178
47.26989428172279,47.819894281722796,0.01214550996794303,0.01900144078781787,0.010468983121177692
47.319894281722796,47.8698942817228,0.012301678337494426,0.019280033939225286,0.010581194228245007
47.36989428172279,47.919894281722804,0.012482132405066692,0.019550571982813014,0.010721323262557904
47.41989428172279,47.9698942817228,0.012682918191265139,0.01981364555516121,0.010885897009471122
47.469894281722794,48.0198942817228,0.012900470824598515,0.020070147887822357,0.011071664441327851
47.5198942817228,48.0698942817228,0.013131650961352397,0.020321231843738442,0.011275657408510152
47.569894281722796,48.11989428172281,0.013373757310187015,0.02056826738828234,0.011495226368717673
47.61989428172279,48.169894281722804,0.013624521012889848,0.020812799167344746,0.011728055221434257
47.6698942817228,48.2198942817228,0.013882087045806981,0.02105650398783907,0.011972159794956095
47.7198942817228,48.269894281722806,0.014144986897463251,0.02130114814804227,0.01222587432073044
47.7698942817228,48.31989428172281,0.014412105808843974,0.02154854473442781,0.012487829641737173
47.819894281722796,48.36989428172281,0.014682646983851353,0.02180051117612999,0.01275692617713072
47.8698942817228,48.419894281722804,0.014956094455398342,0.022058827515243136,0.013032303955453755
47.919894281722804,48.46989428172281,0.015232175741484399,0.022325195997495422,0.013313311411985282
47.9698942817228,48.51989428172281,0.015510825030879798,0.022601202700200676,0.013599474150587902
48.0198942817228,48.56989428172281,0.015792147372871036,0.02288828198092697,0.013890464495341905
48.0698942817228,48.61989428172281,0.01607638418027462,0.023187684542074552,0.014186072386069825
48.11989428172281,48.66989428172281,0.016363880262058282,0.02350044985903641,0.014486177983127825
48.169894281722804,48.719894281722816,0.01665505255789429,0.023827383613901954,0.014790726219338338
48.2198942817228,48.76989428172281,0.016950360732781666,0.02416904061979921,0.015099703452228778
48.269894281722806,48.81989428172281,0.01725027979068274,0.02452571352548077,0.015413116313079067
48.31989428172281,48.869894281722814,0.017555274870863575,0.024897427372261385,0.01573097280964548
48.36989428172281,48.91989428172282,0.017865778391472117,0.025283939854539757,0.01605326570907641
48.419894281722804,48.969894281722816,0.01818216969684444,0.02568474692915889,0.01637995820147247
48.46989428172281,49.01989428172281,0.018504757345555477,0.026099093243455128,0.016710971819900475
48.51989428172281,49.06989428172282,0.018833764144870643,0.026525986718358326,0.017046176568200486
48.56989428172281,49.11989428172282,0.0191693149952944,0.026964216537423872,0.017385383183477748
48.61989428172281,49.16989428172282,0.019511427558911172,0.027412373755967497,0.017728337436321896
48.66989428172281,49.219894281722816,0.01986000571061113,0.02786887375264183,0.018074716349466693
48.719894281722816,49.26989428172282,0.020214835675877414,0.028331979791511464,0.01842412619583264
48.76989428172281,49.319894281722824,0.020575584706324312,0.02879982703661568,0.018776102120600806
48.81989428172281,49.36989428172282,0.020941802097887912,0.029270446453199657,0.019130109219853482
48.869894281722814,49.41989428172282,0.02131292231902486,0.029741788130844167,0.01948554490077386
48.91989428172282,49.46989428172282,0.02168826998910416,0.030211743665598843,0.019841742345512288
48.969894281722816,49.51989428172283,0.022067066431052322,0.030678167334683343,0.020197974902378197
49.01989428172281,49.569894281722824,0.022448437517037706,0.031138895884052883,0.02055346123356113
49.06989428172282,49.61989428172282,0.022831422530597372,0.03159176682361852,0.020907371057485545
49.11989428172282,49.669894281722826,0.02321498378164862,0.03203463518616325,0.021258831335445136
49.16989428172282,49.71989428172283,0.023598016730468203,0.03246538875416628,0.021606932765576826
49.219894281722816,49.76989428172283,0.023979360401049754,0.03288196179481603,0.02195073646178674
49.26989428172282,49.819894281722824,0.024357807891398253,0.03328234736890969,0.02228928071026747
49.319894281722824,49.86989428172283,0.02473211681660461,0.033664608295796976,0.02262158771116731
49.36989428172282,49.91989428172283,0.025101019548564543,0.034026886865747855,0.022946670227334435
49.41989428172282,49.96989428172283,0.025463233142854473,0.03436741339473126,0.023263538075509776
49.46989428172282,50.01989428172283,0.02581746886777418,0.03468451371602746,0.02357120440765054
49.51989428172283,50.06989428172283,0.026162441272415828,0.03497661569959868,0.023868691741086023
49.569894281722824,50.119894281722836,0.026496876749567782,0.03524225488471605,0.024155037705888022
49.61989428172282,50.16989428172283,0.02681952156527466,0.0354800793047807,0.024429300486180586
49.669894281722826,50.21989428172283,0.027129149340049195,0.03568885357619885,0.024690563939184066
49.71989428172283,50.269894281722834,0.027424567977288948,0.035867462316009985,0.024937942381671005
49.76989428172283,50.31989428172284,0.027704626042656,0.03601491294604859,0.025170585038325515
49.819894281722824,50.369894281722836,0.027968218604351194,0.03613033793493957,0.025387680150363297
49.86989428172283,50.41989428172283,0.02821429254865861,0.036212996523314014,0.025588458745817937
49.91989428172283,50.46989428172284,0.028441851388162517,0.036262275972348,0.025772198075249317
49.96989428172283,50.51989428172284,0.028649959581923547,0.03627769237108753,0.025938224718400696
50.01989428172283,50.56989428172284,0.028837746387888438,0.036258891034013335,0.026085917368626164
50.06989428172283,50.619894281722836,0.029004409268121645,0.03620564651688484,0.026214709302822495
50.119894281722836,50.66989428172284,0.029149216867260175,0.0361178622760313,0.026324090545212498
50.16989428172283,50.719894281722844,0.029271511584062444,0.03599556999387347,0.02641360973370626
50.21989428172283,50.76989428172284,0.02937071175516107,0.03583892859149551,0.026482875697773953
50.269894281722834,50.81989428172284,0.02944631346923754,0.035648222947482266,0.026531558756842714
50.31989428172284,50.86989428172284,0.02949789202888533,0.03542386234092098,0.02655939174822374
50.369894281722836,50.91989428172285,0.029525103076466865,0.03516637863537586,0.026566170793508686
50.41989428172283,50.969894281722844,0.029527683399341958,0.03487642421970625,0.026551755812275445
50.46989428172284,51.01989428172284,0.029505451428972297,0.0345547697207475,0.026516070791825944
50.51989428172284,51.069894281722846,0.0294583074476058,0.03420230150203156,0.026459103821559037
50.56989428172284,51.11989428172285,0.029386233515522706,0.03382001896181032,0.026380906900464837
50.619894281722836,51.16989428172285,0.02928929313118352,0.03340903164257464,0.026281595526121707
50.66989428172284,51.219894281722844,0.029167630636054414,0.032970556162932214,0.026161348073484973
50.719894281722844,51.26989428172285,0.029021470375391243,0.0325059129810062,0.026020404971677902
50.76989428172284,51.31989428172285,0.02885111562582825,0.03201652299631246,0.025859067686930064
50.81989428172284,51.36989428172285,0.02865694730023179,0.03150390399421194,0.025677697519754464
50.86989428172284,51.41989428172285,0.028439422439927968,0.03096966693333923,0.025476714224408965
50.91989428172285,51.46989428172285,0.028199072504080703,0.030415512071674474,0.025256594458645008
50.969894281722844,51.519894281722856,0.027936501465668166,0.029843224920911193,0.025017870071705
51.01989428172284,51.56989428172285,0.02765238372316212,0.02925467201121724,0.02476112623848205
51.069894281722846,51.61989428172285,0.027347461836638953,0.028651796439098452,0.02448699944769922
51.11989428172285,51.669894281722854,0.0270225440966191,0.028036613159542666,0.02419617535189079
51.16989428172285,51.71989428172286,0.026678501933426264,0.027411203969643447,0.023889386486874036
51.219894281722844,51.769894281722856,0.02631626717425103,0.02677771211421166,0.023567409868277975
51.26989428172285,51.81989428172285,0.025936829154373398,0.026138336424287492,0.02323106447254128
51.31989428172285,51.86989428172286,0.025541231688114025,0.025495324876939122,0.022881208609596988
51.36989428172285,51.91989428172286,0.025130569904020142,0.024850967439511727,0.02251873719422505
51.41989428172285,51.96989428172286,0.0247059869475167,0.02420758803419756,0.022144578922767073
51.46989428172285,52.019894281722856,0.024268670552735135,0.023567535430656834,0.021759693361557905
51.519894281722856,52.06989428172286,0.023819849483445243,0.022933172847441435,0.021365067953033032
51.56989428172285,52.119894281722864,0.023360789840927192,0.0223068660202104,0.020961714945015014
51.61989428172285,52.16989428172286,0.022892791234218224,0.021690969480523244,0.020550668248173174
51.669894281722854,52.21989428172286,0.02241718280543435,0.021087810789147496,0.020132980226084916
51.71989428172286,52.26989428172286,0.021935319099807806,0.020499672489590417,0.019709718421719265
51.769894281722856,52.31989428172287,0.021448575766729226,0.01992877159946699,0.01928196222352185
51.81989428172285,52.369894281722864,0.020958345074493817,0.019377236548391602,0.018850799473634057
51.86989428172286,52.41989428172286,0.02046603121773997,0.01884708160961603,0.018417323020152167
51.91989428172286,52.469894281722866,0.019973045392893553,0.018340179064225418,0.017982627214771896
51.96989428172286,52.51989428172287,0.01948080061355181,0.0178582295815459,0.01754780435672486
52.019894281722856,52.56989428172287,0.018990706234988903,0.01740273158935822,0.017113941083675213
52.06989428172286,52.619894281722864,0.018504162155311074,0.016974950723217724,0.016682114710295383
52.119894281722864,52.66989428172287,0.01802255266081864,0.01657589075361068,0.01625338951570053
52.16989428172286,52.71989428172287,0.01754723988558102,0.016206267648983582,0.01582881298192516
52.21989428172286,52.76989428172287,0.017079556860976335,0.015866488590619874,0.015409411987338566
52.26989428172286,52.81989428172287,0.0166208001409602,0.015556637761566613,0.014996188961487014
52.31989428172287,52.86989428172287,0.016172222004159933,0.015276470548285147,0.014590118011510592
52.369894281722864,52.919894281722875,0.015735022255520887,0.01502541740662339,0.014192141035186102
52.41989428172286,52.96989428172287,0.015310339678976673,0.014802598072567891,0.013803163841953308
52.469894281722866,53.01989428172287,0.014899243228875722,0.014606846098093098,0.01342405231108065
52.51989428172287,53.069894281722874,0.014502723091439811,0.01443674294723453,0.013055628625426636
52.56989428172287,53.11989428172288,0.01412168179721481,0.01429066019499172,0.012698667629915405
52.619894281722864,53.169894281722875,0.013756925618950977,0.014166807823395283,0.01235389337555079
52.66989428172287,53.21989428172287,0.013409156542928208,0.014063286271472495,0.012021975921974603
52.71989428172287,53.26989428172288,0.013078965150290936,0.013978139797633746,0.01170352848339706
52.76989428172287,53.31989428172288,0.012766824782166898,0.013909408842432724,0.011399105013052408
52.81989428172287,53.36989428172288,0.01247308738118545,0.013855179391379388,0.01110919832875307
52.86989428172287,53.419894281722875,0.012197981395592637,0.013813627765964636,0.010834238885000198
52.919894281722875,53.46989428172288,0.011941612094838608,0.013783059745887335,0.010574594293751691
52.96989428172287,53.519894281722884,0.011703964574089946,0.013761943384470548,0.010330569684747324
53.01989428172287,53.56989428172288,0.011484909619990807,0.013748935276710127,0.010102408975989836
53.069894281722874,53.61989428172288,0.011284212475809489,0.013742900349048001,0.009890297094965578
53.11989428172288,53.66989428172288,0.011101544389846334,0.013742925453557597,0.009694363151734409
53.169894281722875,53.71989428172289,0.010936496669163102,0.013748327172555535,0.009514684517524392
53.21989428172287,53.769894281722884,0.010788596805882077,0.013758654287635997,0.00935129170953003
53.26989428172288,53.81989428172288,0.010657326110025053,0.013773685359316746,0.009204173927977283
53.31989428172288,53.869894281722885,0.010542138183506498,0.013793421820591607,0.009073285039803381
53.36989428172288,53.91989428172289,0.010442477512922257,0.013818076929267297,0.008958549759578797
53.419894281722875,53.96989428172289,0.010357797447690519,0.013848060867136148,0.008859869747515193
53.46989428172288,54.019894281722884,0.010287576863376339,0.013883962232843236,0.008777129330755707
53.519894281722884,54.06989428172289,0.010231334881870908,0.013926526160394075,0.00871020056048923
53.56989428172288,54.11989428172289,0.0101886431218756,0.013976629313614375,0.00865894734483977
53.61989428172288,54.16989428172289,0.010159135075029553,0.014035252061520329,0.008623228444986471
53.66989428172288,54.21989428172289,0.010142512335512208,0.014103448229054436,0.00860289918657091
53.71989428172289,54.26989428172289,0.010138547545953124,0.014182312935734825,0.008597811815357972
53.769894281722884,54.319894281722895,0.01014708405382583,0.014272949170271774,0.008607814509234238
53.81989428172288,54.36989428172289,0.010168032395954837,0.014376433886463617,0.00863274914115427
53.869894281722885,54.41989428172289,0.010201363841573588,0.014493784525818027,0.008672447962797378
53.91989428172289,54.469894281722894,0.01024710132464051,0.014625926955419763,0.008726729440413153
53.96989428172289,54.5198942817229,0.010305308182149501,0.014773665837463399,0.008795393517911046
54.019894281722884,54.569894281722895,0.01037607518499693,0.014937658406503778,0.008878216604813463
54.06989428172289,54.61989428172289,0.01045950639917833,0.0151183925166109,0.008974946587470441
54.11989428172289,54.6698942817229,0.010555704445000112,0.01531616963762766,0.009085298142253563
54.16989428172289,54.7198942817229,0.010664755728097473,0.015531093241699033,0.009208948592489784
54.21989428172289,54.7698942817229,0.010786716196671006,0.015763062750165688,0.00934553450122569
54.26989428172289,54.819894281722895,0.010921598134292877,0.016011772933337887,0.009494649134859246
54.319894281722895,54.8698942817229,0.011069358428677506,0.016276718398442747,0.009655840873658254
54.36989428172289,54.919894281722904,0.011229888667921805,0.016557202587147074,0.009828612589109822
54.41989428172289,54.9698942817229,0.011403007312828055,0.016852350549436165,0.010012421958820912
54.469894281722894,55.0198942817229,0.011588454084364637,0.017161124672550328,0.01020668264996145
54.5198942817229,55.0698942817229,0.011785886596969702,0.017482342520860044,0.010410766273311048
54.569894281722895,55.11989428172291,0.011994879168738344,0.017814695976692867,0.010624004991921301
54.61989428172289,55.169894281722904,0.01221492365473654,0.018156770950295314,0.010845694660334934
54.6698942817229,55.2198942817229,0.01244543208403457,0.018507067034412003,0.011075098370648543
54.7198942817229,55.269894281722905,0.012685740836609508,0.018864016600833786,0.01131145028854458
54.7698942817229,55.31989428172291,0.012935116072923374,0.0192260029601725,0.01155395967376475
54.819894281722895,55.36989428172291,0.01319276012482348,0.019591377322485837,0.011801814993502248
54.8698942817229,55.419894281722904,0.013457818568200887,0.019958474398847396,0.012054188052284129
54.919894281722904,55.46989428172291,0.013729387721663067,0.02032562656916101,0.012310238076876976
54.9698942817229,55.51989428172291,0.014006522347232781,0.020691176608497338,0.012569115708702108
55.0198942817229,55.56989428172291,0.014288243364990148,0.02105348901379391,0.012829966868650662
55.0698942817229,55.61989428172291,0.01457354543041868,0.021410960006837742,0.013091936469762111
55.11989428172291,55.66989428172291,0.014861404258521348,0.021762026310532704,0.013354171961909586
55.169894281722904,55.719894281722915,0.015150783610839097,0.022105172806191894,0.013615826699494703
55.2198942817229,55.76989428172291,0.015440641889307246,0.022438939182513083,0.013876063128370803
55.269894281722905,55.81989428172291,0.015729938304009837,0.022761925684218046,0.014134055792004387
55.31989428172291,55.869894281722914,0.016017638600337943,0.023072798061929353,0.014388994159494286
55.36989428172291,55.91989428172292,0.016302720345155793,0.023370291816204796,0.01464008527972371
55.419894281722904,55.969894281722915,0.016584177781821762,0.023653215818872413,0.014886556266841967
55.46989428172291,56.01989428172291,0.016861026270896647,0.02392045538472542,0.015127656622642977
55.51989428172291,56.06989428172292,0.01713230633770678,0.02417097485681264,0.015362660401388235
55.56989428172291,56.11989428172292,0.01739708735018185,0.024403819759353254,0.015590868222334804
55.61989428172291,56.16989428172292,0.017654470851080125,0.024618118563923073,0.01581160913478012
55.66989428172291,56.219894281722915,0.01790359356827516,0.02481308410710324,0.016024242339897046
55.719894281722915,56.26989428172292,0.018143630125579794,0.024988014691266294,0.01622815877306645
55.76989428172291,56.319894281722924,0.01837379547490111,0.025142294894568713,0.01642278254985444
55.81989428172291,56.36989428172292,0.018593347068580793,0.025275396111456537,0.016607572278260416
55.869894281722914,56.41989428172292,0.01880158678874113,0.025386876840989534,0.01678202223939273
55.91989428172292,56.46989428172292,0.018997862648439633,0.025476382736955877,0.01694566343832487
55.969894281722915,56.51989428172293,0.0191815702775204,0.025543646430995725,0.0170980645265453
56.01989428172291,56.569894281722924,0.019352154204279128,0.025588487137683323,0.017238832597143178
56.06989428172292,56.61989428172292,0.019509108942465093,0.02561081004865295,0.017367613853663855
56.11989428172292,56.669894281722925,0.019651979891735866,0.025610605521316922,0.017484094153420813
56.16989428172292,56.71989428172293,0.019780364058457373,0.02558794806644099,0.017587999425955653
56.219894281722915,56.76989428172293,0.019893910602699173,0.025542995137754956,0.017679095967292075
56.26989428172292,56.819894281722924,0.01999232121639478,0.025475985725824216,0.017757190610625282
56.319894281722924,56.86989428172293,0.02007535033691017,0.025387238757543555,0.017822130774120457
56.36989428172292,56.91989428172293,0.020142805199665898,0.02527715130179227,0.01787380438655653
56.41989428172292,56.96989428172293,0.020194545732980386,0.02514619658097116,0.017912139691639333
56.46989428172292,57.01989428172293,0.020230484297920195,0.024994921787291475,0.017937104931917424
56.51989428172293,57.06989428172293,0.020250585275646958,0.024823945701776803,0.01794870791336036
56.569894281722924,57.119894281722935,0.020254864504523847,0.024633956112942605,0.017946995451799445
56.61989428172292,57.16989428172293,0.020243388569072478,0.024425707031020975,0.01793205270258225
56.669894281722925,57.21989428172293,0.020216273942746575,0.024200015692384336,0.017904002374953192
56.71989428172293,57.269894281722934,0.020173685986397478,0.02395775934748929,0.017863003832841402
56.76989428172293,57.31989428172294,0.020115837804243794,0.023699871824217192,0.017809252083913065
56.819894281722924,57.369894281722935,0.02004298895911496,0.023427339856948743,0.01774297665892946
56.86989428172293,57.41989428172293,0.019955444048711923,0.02314119917011306,0.0176644403836442
56.91989428172293,57.46989428172294,0.01985355114461489,0.022842530303352062,0.017573938045675162
56.96989428172293,57.51989428172294,0.019737700095766274,0.0225324541639161,0.01747179495900188
57.01989428172293,57.56989428172294,0.019608320698168293,0.022212127290566996,0.017358365428969614
57.06989428172293,57.619894281722935,0.019465880732562068,0.021882736812254985,0.01723403112093242
57.119894281722935,57.66989428172294,0.0193108838719027,0.02154549508433524,0.01709919933594403
57.16989428172293,57.719894281722944,0.0191438674605226,0.021201633985325458,0.016954301197212425
57.21989428172293,57.76989428172294,0.01896540016699284,0.020852398858451714,0.01679978975138095
57.269894281722934,57.81989428172294,0.018776079512862986,0.020499042084795922,0.01663613798909094
57.31989428172294,57.86989428172294,0.018576529279702516,0.020142816279102183,0.01646383678972946
57.369894281722935,57.91989428172295,0.018367396797199124,0.01978496710559763,0.016283392795777604
57.41989428172293,57.969894281722944,0.018149350115519373,0.01942672571991834,0.016095326222763162
57.46989428172294,58.01989428172294,0.01792307506572777,0.01906930085475926,0.0159001686114938
57.51989428172294,58.069894281722945,0.01768927221282682,0.01871387058147298,0.01569846053001434
57.56989428172294,58.11989428172295,0.017448653706952488,0.018361573797678114,0.01549074923360408
57.619894281722935,58.16989428172295,0.01720194003947621,0.018013501511972667,0.015277586292114642
57.66989428172294,58.219894281722944,0.016949856712259303,0.017670688020777106,0.01505952519505274
57.719894281722944,58.26989428172295,0.0166931308301135,0.017334102098514954,0.014837118946037049
57.76989428172294,58.31989428172295,0.01643248762867632,0.017004638349742245,0.014610917659605035
57.81989428172294,58.36989428172295,0.016168646952433686,0.0166831088990008,0.014381466174806805
57.86989428172294,58.41989428172295,0.015902319700532942,0.01637023561920781,0.014149301701587602
57.91989428172295,58.46989428172295,0.015634204261322865,0.016066643120084427,0.013914951517607722
57.969894281722944,58.519894281722955,0.015364982960219471,0.015772852732020684,0.013678930734850549
58.01989428172294,58.56989428172295,0.01509531854948049,0.01548927772544206,0.013441740157087411
58.069894281722945,58.61989428172295,0.014825850772705287,0.015216219999012492,0.013203864250954867
58.11989428172295,58.669894281722954,0.014557193041255802,0.014953868450301175,0.012965769254993516
58.16989428172295,58.71989428172296,0.014289929264171433,0.014702299209152555,0.01272790145243144
58.219894281722944,58.769894281722955,0.0140246108773486,0.014461477867371177,0.012490685634687332
58.26989428172295,58.81989428172295,0.013761754121552904,0.01423126378017092,0.012254523783434458
58.31989428172295,58.86989428172296,0.013501837621976499,0.014011416448089425,0.012019793999510706
58.36989428172295,58.91989428172296,0.013245300324275408,0.013801603916747096,0.011786849706892689
58.41989428172295,58.96989428172296,0.012992539843031435,0.013601413060615476,0.011556019159277625
58.46989428172295,59.019894281722955,0.012743911278107818,0.013410361550733281,0.011327605275454764
58.519894281722955,59.06989428172296,0.01249972655215104,0.013227911249581588,0.011101885827523462
58.56989428172295,59.119894281722964,0.012260254318339216,0.013053482732730437,0.010879114003072907
58.61989428172295,59.16989428172296,0.012025720481255891,0.012886470608745003,0.010659519358645448
58.669894281722954,59.21989428172296,0.011796309365447845,0.012726259297008824,0.010443309177144476
58.71989428172296,59.26989428172296,0.011572165555874056,0.01257223892686188,0.010230670236333422
58.769894281722955,59.319894281722966,0.01135339642225946,0.012423821038661879,0.010021770989231349
58.81989428172295,59.369894281722964,0.01114007532562928,0.012280453794891132,0.009816764150092394
58.86989428172296,59.41989428172296,0.010932245490403765,0.012141636443436767,0.009615789671810055
58.91989428172296,59.469894281722965,0.010729924509841235,0.012006932811635269,0.009418978092067156
58.96989428172296,59.51989428172297,0.010533109436813367,0.01187598364472291,0.009226454216391686
59.019894281722955,59.569894281722966,0.010341782396351515,0.011748517632619445,0.00903834109648387
59.06989428172296,59.619894281722964,0.010155916641526966,0.011624360991845429,0.008854764251726327
59.119894281722964,59.66989428172297,0.009975482960322427,0.011503445483086546,0.008675856070598688
59.16989428172296,59.71989428172297,0.009800456328381892,0.011385814748687157,0.008501760316677959
59.21989428172296,59.76989428172297,0.009630822690896332,0.011271628848432951,0.008332636650882989
59.26989428172296,59.819894281722966,0.009466585746241598,0.011161166857717786,0.008168665067467492
59.319894281722966,59.86989428172297,0.00930777359405305,0.011054827372095554,0.008010050125912912
59.369894281722964,59.919894281722975,0.009154445100837042,0.010953126740060255,0.007857024844367151
59.41989428172296,59.96989428172297,0.009006695826627826,0.010856694826755855,0.0077098541029127
59.469894281722965,60.01989428172297,0.0088646633463597,0.010766268101583713,0.007568837387394798
59.51989428172297,60.06989428172297,0.00872853178953387,0.01068267984985388,0.007434310687984637
59.569894281722966,60.11989428172298,0.008598535411831847,0.010606847340885862,0.007306647352965343
59.619894281722964,60.169894281722975,0.008474961003515179,0.010539755850252434,0.007186257690093145
59.66989428172297,60.21989428172297,0.008358148933437932,0.010482439538560703,0.007073587108827861
59.71989428172297,60.269894281722976,0.008248492626757266,0.010435959336298862,0.006969112611043019
59.76989428172297,60.31989428172298,0.008146436282280265,0.010401378171448294,0.006873337470226255
59.819894281722966,60.36989428172298,0.008052470655828994,0.010379734094055352,0.006786783994177796
59.86989428172297,60.419894281722975,0.00796712677339217,0.01037201208164637,0.0067099843471391625
59.919894281722975,60.46989428172298,0.007890967496247469,0.010379115525106156,0.006643469515008487
59.96989428172297,60.51989428172298,0.007824576942592882,0.01040183856477948,0.006587756628847453
60.01989428172297,60.56989428172298,0.007768547877138225,0.010440840538727915,0.0065433350092286915
60.06989428172297,60.61989428172298,0.007723467308670341,0.010496623792624938,0.006510651443517173
60.11989428172298,60.66989428172298,0.007689900678403162,0.010569515969525356,0.006490095341421096
60.169894281722975,60.719894281722986,0.007668375166606012,0.010659657651110668,0.006481984509858793
60.21989428172297,60.76989428172298,0.007659362774874774,0.010766995882649162,0.006486552326088998
60.269894281722976,60.81989428172298,0.007663263937280931,0.010891283720871642,0.0065039370533786734
60.31989428172298,60.869894281722985,0.007680392456906628,0.011032085545692337,0.00653417393131745
60.36989428172298,60.91989428172299,0.007710962540817491,0.011188787521632649,0.0065771904908471035
60.419894281722975,60.969894281722986,0.007755078610430634,0.011360612322147757,0.006632805312229921
60.46989428172298,61.01989428172298,0.007812728400357564,0.011546637063254418,0.006700730191816067
60.51989428172298,61.06989428172299,0.00788377964311985,0.011745813337171642,0.006780575443378684
60.56989428172298,61.11989428172299,0.007967980394508394,0.011956988280971375,0.006871857861652523
60.61989428172298,61.16989428172299,0.008064962814078964,0.012178925736810146,0.006974010740488018
60.66989428172298,61.219894281722986,0.008174250005530206,0.012410326731031908,0.007086395274774398
60.719894281722986,61.26989428172299,0.008295265364434083,0.012649848691448484,0.007208312681061853
60.76989428172298,61.319894281722995,0.008427343788255723,0.012896123011947366,0.007339016434208565
60.81989428172298,61.36989428172299,0.00856974407742453,0.013147770744364507,0.007477724118524728
60.869894281722985,61.41989428172299,0.008721661888698884,0.01340341633937482,0.007623628512660811
60.91989428172299,61.46989428172299,0.008882242679164144,0.013661699467167138,0.0077759076509012984
60.969894281722986,61.519894281723,0.009050594184074851,0.01392128502563889,0.007933733716755818
61.01989428172298,61.569894281722995,0.00922579808802167,0.014180871492452856,0.008096280719795453
61.06989428172299,61.61989428172299,0.00940692066291815,0.014439197802692648,0.008262730980042978
61.11989428172299,61.669894281722996,0.009593022248344865,0.014695048941551549,0.008432280495839588
61.16989428172299,61.719894281723,0.009783165534192423,0.014947260436639099,0.008604143303239822
61.219894281722986,61.769894281723,0.009976422670212625,0.015194721921499748,0.008777554951100481
61.26989428172299,61.819894281722995,0.0101718812725523,0.015436379924287678,0.008951775219964663
61.319894281722995,61.869894281723,0.010368649425850801,0.01567124001586008,0.009126090208229421
61.36989428172299,61.919894281723,0.010565859794114708,0.01589836843164703,0.0092998138990375
61.41989428172299,61.969894281723,0.010762672957628052,0.01611689326273056,0.009472289308309146
61.46989428172299,62.019894281723,0.010958280089704828,0.016326005294307423,0.009642889300159165
61.519894281723,62.069894281723,0.011151905078761529,0.016524958554459578,0.009811017141876361
61.569894281722995,62.119894281723006,0.011342806190093917,0.01671307062301649,0.009976106857477038
61.61989428172299,62.169894281723,0.011530277349440309,0.01688972273918437,0.010137623427025249
61.669894281722996,62.219894281723,0.011713649118024274,0.017054359737395837,0.01029506286863436
61.719894281723,62.269894281723005,0.011892289417000379,0.017206489833284107,0.01044795223135225
61.769894281723,62.31989428172301,0.012065604048510299,0.017345684275590266,0.0105958495199079
61.819894281722995,62.369894281723006,0.012233037051099151,0.017471576874949653,0.010738343566417256
61.869894281723,62.419894281723,0.012394070919101314,0.01758386341666974,0.010875053859451096
61.919894281723,62.46989428172301,0.012548226708744021,0.01768230096162318,0.011005630337180496
61.969894281723,62.51989428172301,0.012695064048037354,0.01776670703707446,0.011129753148475927
62.019894281723,62.56989428172301,0.012834181062896124,0.01783695871750164,0.011247132383695633
62.069894281723,62.619894281723006,0.012965214228233454,0.01789299159414818,0.011357507775321891
62.119894281723006,62.66989428172301,0.013087838149843883,0.017934798631048274,0.011460648367486602
62.169894281723,62.719894281723015,0.013201765280627584,0.01796242890453917,0.011556352152666666
62.219894281723,62.76989428172301,0.013306745572983208,0.01797598622273616,0.011644445673352809
62.269894281723005,62.81989428172301,0.013402566067916327,0.017975627621058976,0.01172478358623939
62.31989428172301,62.86989428172301,0.013489050420486481,0.01796156172962119,0.011797248186393047
62.369894281723006,62.91989428172302,0.013566058360578562,0.01793404700810241,0.01186174888889726
62.419894281723,62.969894281723015,0.01363348508757479,0.017893389843599974,0.011918221665606183
62.46989428172301,63.01989428172301,0.013691260597269966,0.017839942506894343,0.011966628434846636
62.51989428172301,63.069894281723016,0.013739348939283469,0.017774100962559936,0.012006956402168941
62.56989428172301,63.11989428172302,0.013777747403236689,0.017696302528419666,0.01203921735054542
62.619894281723006,63.16989428172302,0.01380648563206944,0.017607023379990754,0.012063446878743122
62.66989428172301,63.219894281723015,0.01382562466103799,0.01750677589582568,0.012079703586947535
62.719894281723015,63.26989428172302,0.013835255881162538,0.017396105840044803,0.012088068209080054
62.76989428172301,63.31989428172302,0.013835499926161905,0.017275589378923085,0.012088642691632678
62.81989428172301,63.36989428172302,0.013826505482221094,0.017145829929177823,0.012081549219237297
62.86989428172301,63.41989428172302,0.01380844802028353,0.017007454836656558,0.012066929187592437
62.91989428172302,63.46989428172302,0.013781528450940238,0.016861111885500837,0.01204494212479091
62.969894281723015,63.519894281723026,0.013745971702406943,0.01670746563961895,0.01201576456252555
63.01989428172301,63.56989428172302,0.01370202522253831,0.016547193620500843,0.011979588859101477
63.069894281723016,63.61989428172302,0.01364995740633268,0.016380982328105816,0.01193662197665268
63.11989428172302,63.669894281723025,0.013590055950933719,0.016209523114798008,0.011887084215449992
63.16989428172302,63.71989428172303,0.013522626140745831,0.016033507926133683,0.011831207908699008
63.219894281723015,63.769894281723026,0.01344798906595201,0.015853624926732555,0.011769236081760594
63.26989428172302,63.81989428172302,0.01336647977846434,0.015670554034485813,0.011701421080284137
63.31989428172302,63.86989428172303,0.013278445390151435,0.015484962391921332,0.011628023172324512
63.36989428172302,63.91989428172303,0.013184243119081132,0.0152974998095711,0.01154930913011488
63.41989428172302,63.96989428172303,0.01308423829049028,0.015108794222537431,0.011465550797788398
63.46989428172302,64.01989428172303,0.012978802300248494,0.014919447207935555,0.011377023651975514
63.519894281723026,64.06989428172304,0.012868310549715756,0.014730029617257978,0.011284005362845325
63.56989428172302,64.11989428172303,0.0127531403620969,0.014541077383655643,0.011186774363800564
63.61989428172302,64.16989428172303,0.0126336688916593,0.014353087569315644,0.011085608438665396
63.669894281723025,64.21989428172303,0.012510271038485378,0.01416651472215367,0.01098078333581249
63.71989428172303,64.26989428172304,0.012383317382756666,0.013981767613535496,0.010872571419244224
63.769894281723026,64.31989428172304,0.012253172153882393,0.013799206429321321,0.010761240367156977
63.81989428172302,64.36989428172303,0.012120191251057108,0.01361914048484744,0.010647051928960717
63.86989428172303,64.41989428172303,0.011984720333019217,0.01344182653028011,0.010530260752075889
63.91989428172303,64.46989428172304,0.011847092995834918,0.013267467705943977,0.010411113290069062
63.96989428172303,64.51989428172304,0.011707629058403946,0.013096213197752667,0.010289846803796555
64.01989428172303,64.56989428172304,0.011566632976015331,0.012928158630913778,0.010166688467181823
64.06989428172304,64.61989428172303,0.011424392402624061,0.012763347225981698,0.010041854589042106
64.11989428172303,64.66989428172305,0.011281176922513993,0.012601771725581613,0.009915549961986203
64.16989428172303,64.71989428172304,0.011137236971616888,0.012443377083372632,0.009787967348817582
64.21989428172303,64.76989428172304,0.010992802967929611,0.01228806388978558,0.009659287116092577
64.26989428172304,64.81989428172304,0.010848084669181775,0.012135692492551411,0.009529677023496321
64.31989428172304,64.86989428172305,0.010703270774145868,0.011986087754801013,0.009399292176520484
64.36989428172303,64.91989428172305,0.010558528781748514,0.01183904438027175,0.009268275148565677
64.41989428172303,64.96989428172304,0.010414005119466703,0.011694332724470546,0.009136756277070687
64.46989428172304,65.01989428172304,0.010269825549410406,0.011551705002931482,0.009004854136611576
64.51989428172304,65.06989428172305,0.010126095857074958,0.0114109018031632,0.008872676190153401
64.56989428172304,65.11989428172305,0.009982902824068128,0.011271658805507602,0.008740319617805173
64.61989428172303,65.16989428172305,0.009840315482277432,0.011133713619714691,0.008607872320570474
64.66989428172305,65.21989428172304,0.009698386643048066,0.0109968126481861,0.008475414094732644
64.71989428172304,65.26989428172305,0.009557154691101882,0.010860717893006237,0.008343017970708487
64.76989428172304,65.31989428172305,0.00941664562925146,0.010725213631420993,0.008210751708473579
64.81989428172304,65.36989428172305,0.009276875356552913,0.010590112892613138,0.008078679440034474
64.86989428172305,65.41989428172305,0.009137852159472382,0.010455263676719144,0.007946863447904922
64.91989428172305,65.46989428172306,0.00899957939298355,0.010320554864286536,0.007815366067136908
64.96989428172304,65.51989428172305,0.008862058326286346,0.010185921770075771,0.00768425169713997
65.01989428172304,65.56989428172305,0.008725291126045233,0.010051351298594653,0.007553588908254614
65.06989428172305,65.61989428172305,0.008589283948636483,0.00991688665942674,0.007423452626762406
65.11989428172305,65.66989428172306,0.008454050111792828,0.009782631597748281,0.007293926380628609
65.16989428172305,65.71989428172306,0.008319613315108772,0.009648754089004037,0.007165104586663392
65.21989428172304,65.76989428172305,0.008186010877959816,0.009515489436240808,0.007037094857813215
65.26989428172305,65.81989428172305,0.008053296962286887,0.009383142693970177,0.0069100203067777154
65.31989428172305,65.86989428172306,0.007921545746166568,0.009252090323805086,0.0067840218188965655
65.36989428172305,65.91989428172306,0.007790854511863026,0.009122780965019497,0.006659260263044605
65.41989428172305,65.96989428172306,0.007661346608855846,0.008995735178672488,0.006535918603894373
65.46989428172306,66.01989428172305,0.007533174247870932,0.008871543998774914,0.006414203872132122
65.51989428172305,66.06989428172307,0.007406521075943144,0.008750866100804253,0.006294348940881701
65.56989428172305,66.11989428172306,0.007281604474789103,0.008634423380410245,0.0061766140465982335
65.61989428172305,66.16989428172306,0.007158677515139521,0.008522994728242519,0.006061287981091499
65.66989428172306,66.21989428172306,0.007038030488194753,0.008417407796386939,0.005948688868379705
65.71989428172306,66.26989428172307,0.006919991922280662,0.008318528584492883,0.005839164426331778
65.76989428172305,66.31989428172307,0.006804928978666215,0.0082272487358108,0.005733091599514538
65.81989428172305,66.36989428172306,0.0066932471063781895,0.008144470530200903,0.005630875437847274
65.86989428172306,66.41989428172306,0.006585388823264618,0.008071089694878995,0.005532947087723412
65.91989428172306,66.46989428172307,0.006481831481731588,0.008007976321428493,0.005439760761008869
65.96989428172306,66.51989428172307,0.00638308387539289,0.007955954369875184,0.005351789556167365
66.01989428172305,66.56989428172307,0.006289681550855815,0.007915780440066779,0.005269520028453119
66.06989428172307,66.61989428172306,0.006202180710927233,0.007888122672621425,0.005193445446263175
66.11989428172306,66.66989428172307,0.006121150635526429,0.007873540777017293,0.005124057731087354
66.16989428172306,66.71989428172307,0.00604716460760305,0.007872468243824,0.005061838159863941
66.21989428172306,66.76989428172307,0.0059807894146857886,0.007885197758943164,0.005007247008759857
66.26989428172307,66.81989428172307,0.0059225736007294805,0.007911870690283073,0.004960712430233524
66.31989428172307,66.86989428172308,0.005873034762126251,0.007952471269243049,0.00492261897000158
66.36989428172306,66.91989428172307,0.005832646305956672,0.00800682576664021,0.004893296232440678
66.41989428172306,66.96989428172307,0.005801824203268902,0.008074606605561488,0.004873008274878667
66.46989428172307,67.01989428172307,0.0057809143579174846,0.00815534100894598,0.0048619443366148
66.51989428172307,67.06989428172308,0.005770181254541569,0.00824842349137374,0.004860211475173872
66.56989428172307,67.11989428172308,0.005769798533280289,0.008353131304777595,0.0048678295860866425
66.61989428172306,67.16989428172307,0.005779842056714655,0.008468641851867503,0.004884729129646307
66.66989428172307,67.21989428172307,0.005800285889301269,0.00859405108645818,0.00491075169533306
66.71989428172307,67.26989428172308,0.0058310014151937576,0.008728392009600452,0.004945653326472524
66.76989428172307,67.31989428172308,0.005871759599960381,0.00887065251865309,0.00498911033176169
66.81989428172307,67.36989428172308,0.005922236183368947,0.009019792044974662,0.005040727151468945
66.86989428172308,67.41989428172307,0.005982019401568621,0.009174756599308288,0.0051000457417745984
66.91989428172307,67.46989428172309,0.006050619699117197,0.009334492012743677,0.005166555897975318
66.96989428172307,67.51989428172308,0.006127480816199917,0.009497955303130004,0.00523970595289832
67.01989428172307,67.56989428172308,0.006211991625098538,0.009664124206479906,0.0053189133495240805
67.06989428172308,67.61989428172308,0.006303498134129394,0.009832004990034695,0.005403574680624237
67.11989428172308,67.66989428172309,0.006401315162226054,0.010000638711588633,0.005493074896475928
67.16989428172307,67.71989428172309,0.0065047372959295925,0.01016910611358687,0.005586795489815262
67.21989428172307,67.76989428172308,0.006613048856436826,0.010336531346185349,0.005684121564380777
67.26989428172308,67.81989428172308,0.006725532714387409,0.010502084706356739,0.005784447773248948
67.31989428172308,67.86989428172309,0.006841477885315701,0.010664984564925513,0.005887183173172825
67.36989428172308,67.91989428172309,0.006960185914488405,0.010824498633806424,0.005991755081789351
67.41989428172307,67.96989428172309,0.007080976115066464,0.01097994470443901,0.0060976120482516705
67.46989428172309,68.01989428172308,0.007203189759585086,0.011130690967321244,0.006204226057904562
67.51989428172308,68.0698942817231,0.007326193344529972,0.011276156002827524,0.006311094091581551
67.56989428172308,68.11989428172309,0.007449381054816279,0.011415808515799855,0.0064177391532100345
67.61989428172308,68.16989428172309,0.007572176552755577,0.011549166871009021,0.006523710868382911
67.66989428172309,68.21989428172309,0.007694034207741695,0.011675798473515034,0.006628585743496091
67.71989428172309,68.2698942817231,0.007814439870946526,0.011795319027093692,0.006731967161472619
67.76989428172308,68.3198942817231,0.007932911285733861,0.01190739169502343,0.006833485177007923
67.81989428172308,68.36989428172309,0.008048998210645166,0.012011726180393412,0.006932796162282667
67.86989428172309,68.41989428172309,0.008162282318600526,0.012108077737445882,0.007029582343513182
67.91989428172309,68.4698942817231,0.008272376923917786,0.012196246121063362,0.00712355125964653
67.96989428172309,68.5198942817231,0.008378926578157388,0.012276074478129534,0.007214435166926488
68.01989428172308,68.5698942817231,0.008481606566719284,0.012347448181946098,0.007301990406847413
68.0698942817231,68.61989428172309,0.008580122330515328,0.012410293609011507,0.007385996750023736
68.11989428172309,68.6698942817231,0.008674208830792557,0.012464576856127514,0.0074662567245651155
68.16989428172309,68.7198942817231,0.008763629870145118,0.012510302394885651,0.007542594934499366
68.21989428172309,68.7698942817231,0.008848177378757,0.012547511660014367,0.007614857371471819
68.2698942817231,68.8198942817231,0.008927670671807076,0.012576281567766119,0.007682910721238942
68.3198942817231,68.8698942817231,0.009001955681592807,0.012596722960446127,0.007746641665244709
68.36989428172309,68.9198942817231,0.009070904166156775,0.012608978973291968,0.007805956176726346
68.41989428172309,68.9698942817231,0.009134412894918086,0.012613223320179235,0.00786077881025511
68.4698942817231,69.0198942817231,0.009192402810922165,0.012609658495040912,0.007911051983315773
68.5198942817231,69.06989428172311,0.00924481816874805,0.012598513886436943,0.007956735248408536
68.5698942817231,69.1198942817231,0.009291625646785883,0.012580043803395887,0.007997804554178495
68.61989428172309,69.1698942817231,0.009332813432467637,0.012554525411476012,0.00803425149420575
68.6698942817231,69.2198942817231,0.009368390279060378,0.01252225657896695,0.00806608254229903
68.7198942817231,69.26989428172311,0.00939838453277836,0.012483553634283103,0.008093318273405176
68.7698942817231,69.31989428172311,0.009422843129216974,0.012438749036897857,0.008115992569562993
68.8198942817231,69.3698942817231,0.009441830558434216,0.012388188965641223,0.0081341518106779
68.8698942817231,69.4198942817231,0.009455427798393711,0.012332230829840057,0.008147854050267139
68.9198942817231,69.46989428172311,0.009463731216923501,0.012271240710619752,0.00815716817671555
68.9698942817231,69.51989428172311,0.00946685144283016,0.012205590741706428,0.008162173060983505
69.0198942817231,69.56989428172311,0.009464912207332069,0.012135656441253716,0.008162956692117765
69.06989428172311,69.6198942817231,0.009458049157532922,0.01206181400854699,0.008159615302328125
69.1198942817231,69.66989428172312,0.009446408644243948,0.011984437601872736,0.008152252483804372
69.1698942817231,69.71989428172311,0.009430146487075422,0.01190389661633429,0.008140978299855979
69.2198942817231,69.76989428172311,0.009409426720351078,0.011820552982883287,0.008125908393356576
69.26989428172311,69.81989428172311,0.009384420324048076,0.011734758512243525,0.008107163095863453
69.31989428172311,69.86989428172312,0.009355303944622851,0.01164685230963706,0.008084866541153837
69.3698942817231,69.91989428172312,0.009322258611243748,0.011557158288184434,0.008059145787269966
69.4198942817231,69.96989428172311,0.009285468453604208,0.011465982810428202,0.008030129951488538
69.46989428172311,70.01989428172311,0.009245119428125751,0.011373612488514236,0.007997949362920637
69.51989428172311,70.06989428172312,0.009201398059965523,0.011280312174046287,0.007962734737700062
69.56989428172311,70.11989428172312,0.009154490208804432,0.011186323168408556,0.007924616381923762
69.6198942817231,70.16989428172312,0.009104579866894488,0.01109186168334758,0.00788372342766223
69.66989428172312,70.21989428172311,0.00905184799827043,0.010997117579761219,0.00784018310745197
69.71989428172311,70.26989428172313,0.008996471428364199,0.010902253409934556,0.0077941200727125
69.76989428172311,70.31989428172312,0.00893862179348444,0.01080740378490322,0.007745655761488814
69.81989428172311,70.36989428172312,0.008878464559719773,0.010712675084268835,0.007694907820804321
69.86989428172312,70.41989428172312,0.008816158120778404,0.010618145520736361,0.007641989588713452
69.91989428172312,70.46989428172313,0.008751852984074823,0.010523865566024044,0.007587009640866977
69.96989428172311,70.51989428172313,0.008685691054005993,0.010429858738790624,0.007530071406044837
70.01989428172311,70.56989428172312,0.008617805020818848,0.010336122749028256,0.007471272854674253
70.06989428172312,70.61989428172312,0.008548317862754054,0.010242630987202924,0.007410706263836363
70.11989428172312,70.66989428172313,0.008477342468264298,0.01014933434050769,0.0073484580616813774
70.16989428172312,70.71989428172313,0.008404981384053285,0.010056163313143017,0.007284608753525561
70.21989428172311,70.76989428172313,0.008331326693483816,0.009963030422741598,0.0072192329312059135
70.26989428172313,70.81989428172312,0.008256460028575385,0.009869832841077009,0.007152399366529943
70.31989428172312,70.86989428172313,0.00818045271738317,0.009776455244148857,0.007084171188894244
70.36989428172312,70.91989428172313,0.008103366067048746,0.009682772834695017,0.007014606146369355
70.41989428172312,70.96989428172313,0.008025251781275413,0.009588654499162807,0.006943756948778055
70.46989428172313,71.01989428172313,0.007946152509440703,0.009493966061147323,0.006871671690541581
70.51989428172313,71.06989428172314,0.007866102523056464,0.009398573594196196,0.006798394350353134
70.56989428172312,71.11989428172313,0.007785128513857058,0.0093023467585771,0.006723965364070521
70.61989428172312,71.16989428172313,0.007703250506475293,0.009205162128953148,0.006648422266616213
70.66989428172313,71.21989428172313,0.007620482877482846,0.009106906482745133,0.006571800398140336
70.71989428172313,71.26989428172314,0.00753683547155418,0.009007480022089044,0.006494133669250917
70.76989428172313,71.31989428172314,0.007452314804676961,0.008906799505530574,0.006415455379747225
70.81989428172312,71.36989428172313,0.007366925343692309,0.00880480126873583,0.006335799085010169
70.86989428172313,71.41989428172313,0.007280670851002363,0.008701444116351233,0.006255199503999692
70.91989428172313,71.46989428172314,0.007193555783030504,0.008596712069522741,0.006173693462680278
70.96989428172313,71.51989428172314,0.0071055867309397554,0.008490616955307145,0.0060913208666232305
71.01989428172313,71.56989428172314,0.007016773892188885,0.008383200825101434,0.006008125696504387
71.06989428172314,71.61989428172313,0.006927132561693702,0.008274538189112673,0.005924157020200737
71.11989428172313,71.66989428172315,0.006836684631627848,0.008164738052625272,0.005839470015162527
71.16989428172313,71.71989428172314,0.006745460089186975,0.008053945737246968,0.005754126994660181
71.21989428172313,71.76989428172314,0.006653498501898856,0.007942344466283776,0.005668198431339889
71.26989428172314,71.81989428172314,0.0065608504802219195,0.007830156687793114,0.005581763971213997
71.31989428172314,71.86989428172315,0.006467579107163368,0.007717645101615618,0.005494913430713504
71.36989428172313,71.91989428172315,0.006373761324387886,0.007605113347782303,0.00540774776867317
71.41989428172313,71.96989428172314,0.006279489263692406,0.0074929063032276415,0.005320380024041612
71.46989428172314,72.01989428172314,0.006184871511700505,0.007381409921972615,0.005232936208633545
71.51989428172314,72.06989428172315,0.0060900342940926975,0.007271050541346213,0.005145556142298558
71.56989428172314,72.11989428172315,0.0059951225635389085,0.007162293564174626,0.00505839421539506
71.61989428172313,72.16989428172315,0.005900300972658555,0.007055641415345635,0.004971620060369452
71.66989428172315,72.21989428172314,0.005805754709724231,0.006951630662373046,0.004885419110502236
71.71989428172314,72.26989428172315,0.005711690170412327,0.006850828185657964,0.004799993019484474
71.76989428172314,72.31989428172315,0.005618335433684684,0.006753826287674502,0.004715559910470729
71.81989428172314,72.36989428172315,0.005525940503939754,0.00666123664424834,0.004632354417735723
71.86989428172315,72.41989428172315,0.005434777275065918,0.006573683028492091,0.004550627478265352
71.91989428172315,72.46989428172316,0.00534513916527778,0.006491792781486259,0.004470645824907598
71.96989428172314,72.51989428172315,0.0052573403651027225,0.006416187065109765,0.004392691127638436
72.01989428172314,72.56989428172315,0.005171714635313605,0.006347470011375976,0.004317058725818205
72.06989428172315,72.61989428172315,0.005088613587928029,0.006286216976423378,0.004244055893003726
72.11989428172315,72.66989428172316,0.005008404382829134,0.006232962209832064,0.004173999578135217
72.16989428172315,72.71989428172316,0.004931466776555325,0.006188186351553058,0.004107213574085701
72.21989428172314,72.76989428172315,0.004858189469958913,0.006152304256785504,0.0040440250780295105
72.26989428172315,72.81989428172315,0.00478896571932933,0.006125653709363916,0.003984760629074529
72.31989428172315,72.86989428172316,0.004724188202539688,0.006108485603094124,0.003929741437881709
72.36989428172315,72.91989428172316,0.0046642431685027,0.006100956138072542,0.0038792781605330655
72.41989428172315,72.96989428172316,0.004609503944387897,0.006103121491777206,0.003833665213508277
72.46989428172316,73.01989428172315,0.004560323928876525,0.006114935287293076,0.0037931747756172122
72.51989428172315,73.06989428172317,0.004517029257686007,0.006136249006520585,0.0037580506718467004
72.56989428172315,73.11989428172316,0.004479911384322296,0.006166815304380313,0.0037285023776335822
72.61989428172315,73.16989428172316,0.0044492198676417336,0.006206293993851824,0.0037046994135487093
72.66989428172316,73.21989428172316,0.004425155690689661,0.006254260313072629,0.0036867664133715243
72.71989428172316,73.26989428172317,0.004407865445244884,0.006310214971483431,0.00367477913803298
72.76989428172315,73.31989428172317,0.004397436698256914,0.006373595411175935,0.0036687616715336373
72.81989428172315,73.36989428172316,0.0043938948079590935,0.006443787712669674,0.0036686849739335304
72.86989428172316,73.41989428172316,0.004397201381194822,0.006520138614352917,0.0036744668859892125
72.91989428172316,73.46989428172317,0.004407254466160429,0.006601967189766353,0.0036859735884595866
72.96989428172316,73.51989428172317,0.004423890466709159,0.006688575822637181,0.003703022426990293
73.01989428172315,73.56989428172317,0.004446887657854719,0.006779260222456466,0.003725385931421833
73.06989428172317,73.61989428172316,0.004475971089178767,0.006873318322197949,0.003752796795186079
73.11989428172316,73.66989428172317,0.004510818593127649,0.006970057986623513,0.0037849535417665984
73.16989428172316,73.71989428172317,0.0045510675744268834,0.007068803530096964,0.0038215265927018507
73.21989428172316,73.76989428172317,0.00459632224629113,0.007168901095521579,0.0038621644632862834
73.26989428172317,73.81989428172317,0.004646160995872685,0.007269722981731812,0.0039064998431205455
73.31989428172317,73.86989428172318,0.0047001435995455264,0.007370671027614391,0.003954155362557845
73.36989428172316,73.91989428172317,0.00475781806067487,0.0074711791702770786,0.004004748896196493
73.41989428172316,73.96989428172317,0.004818726900856021,0.007570715294713467,0.004057898304943686
73.46989428172317,74.01989428172317,0.0048824127935958115,0.007668782486382106,0.00411322556429601
73.51989428172317,74.06989428172318,0.00494842348208327,0.007764919788249573,0.004170360265448561
73.56989428172317,74.11989428172318,0.005016315966943267,0.007858702551966246,0.004228942506301725
73.61989428172316,74.16989428172317,0.0050856599842952705,0.007949742460296564,0.0042886252112655345
73.66989428172317,74.21989428172317,0.005156040819029163,0.008037687285638435,0.004349075932717752
73.71989428172317,74.26989428172318,0.005227061513872052,0.00812222043802904,0.004409978194295645
73.76989428172317,74.31989428172318,0.005298344543002156,0.008203060345767156,0.004471032438335764
73.81989428172317,74.36989428172318,0.005369533021302432,0.008279959702833068,0.00453195663813028
73.86989428172318,74.41989428172317,0.005440291518441081,0.0083527046096618,0.0045924866315049185
73.91989428172317,74.46989428172319,0.0055103065422259625,0.008421113627465249,0.00465237622657293
73.96989428172317,74.51989428172318,0.005579286749271993,0.008485036761085994,0.004711397124182301
74.01989428172317,74.56989428172318,0.005646962933834977,0.008544354381174997,0.004769338695124305
74.06989428172318,74.61989428172318,0.005713087838351537,0.008598976093175318,0.004826007644000919
74.11989428172318,74.66989428172319,0.005777435822218805,0.008648839558039554,0.00488122758599197
74.16989428172317,74.71989428172319,0.005839802418916493,0.008693909267689951,0.004934838557746402
74.21989428172317,74.76989428172318,0.0059000038058610454,0.008734175276842707,0.0049866964792887125
74.26989428172318,74.81989428172318,0.005957876206437842,0.008769651891875218,0.0050366725801714515
74.31989428172318,74.86989428172319,0.006013275239474047,0.008800376316843278,0.0050846528000740646
74.36989428172318,74.91989428172319,0.006066075227944232,0.008826407256492353,0.005130537171586124
74.41989428172317,74.96989428172319,0.006116168475876426,0.008847823476106322,0.005174239190948245
74.46989428172319,75.01989428172318,0.006163464520171927,0.008864722318259348,0.005215685180988239
74.51989428172318,75.0698942817232,0.006207889362288125,0.008877218176949824,0.005254813649315106
74.56989428172318,75.11989428172319,0.006249384683389194,0.008885440930176127,0.005291574643959115
74.61989428172318,75.16989428172319,0.006287907045573163,0.008889534332741856,0.0053259291080190365
74.66989428172319,75.21989428172319,0.006323427081079979,0.00888965437193445,0.005357848234450162
74.71989428172319,75.2698942817232,0.006355928670918066,0.008885967589690978,0.005387312821860171
74.76989428172318,75.3198942817232,0.006385408114075576,0.008878649375931153,0.005414312632040567
74.81989428172318,75.36989428172319,0.006411873288366254,0.00886788223888243,0.0054388457499209035
74.86989428172319,75.41989428172319,0.00643534280397054,0.008853854059425842,0.005460917946669288
74.91989428172319,75.4698942817232,0.006455845150841422,0.00883675633773074,0.005480542046755317
74.96989428172319,75.5198942817232,0.006473417841330978,0.008816782441694314,0.005497737299925979
75.01989428172318,75.5698942817232,0.006488106549638733,0.008794125867926834,0.0055125287592064035
75.0698942817232,75.61989428172319,0.006499964249970532,0.008768978527191497,0.005524946666216842
75.11989428172319,75.6698942817232,0.0065090503556135965,0.008741529067278101,0.005535025845282813
75.16989428172319,75.7198942817232,0.006515429861466892,0.008711961247222635,0.005542805108001353
75.21989428172319,75.7698942817232,0.006519172492904742,0.008680452377535728,0.005548326670104334
75.2698942817232,75.8198942817232,0.006520351864186183,0.00864717184162914,0.005551635582624523
75.3198942817232,75.8698942817232,0.006519044649941708,0.008612279713889299,0.005552779179515684
75.36989428172319,75.9198942817232,0.006515329773564687,0.008575925489804006,0.005551806544000278
75.41989428172319,75.9698942817232,0.006509287616596719,0.008538246943171372,0.005548767996012512
75.4698942817232,76.0198942817232,0.006500999253416765,0.008499369124689014,0.005543714603167699
75.5198942817232,76.06989428172321,0.006490545715713548,0.0084594035151243,0.0055366977177173675
75.5698942817232,76.1198942817232,0.006478007291333017,0.008418447344808162,0.005527768541941425
75.61989428172319,76.1698942817232,0.006463462862139773,0.008376583089390576,0.005516977724381974
75.6698942817232,76.2198942817232,0.006446989285507462,0.008333878149678866,0.0055043749892369764
75.7198942817232,76.26989428172321,0.0064286608239541255,0.008290384720995256,0.005490008801105658
75.7698942817232,76.31989428172321,0.00640854862726002,0.008246139854897853,0.005473926067111749
75.8198942817232,76.3698942817232,0.0063867202711472525,0.008201165713378523,0.005456171878227058
75.8698942817232,76.4198942817232,0.0063632393562621575,0.008155470012861413,0.005436789291378149
75.9198942817232,76.46989428172321,0.006338165170785505,0.008109046652558061,0.005415819153646667
75.9698942817232,76.51989428172321,0.006311552419507316,0.00806187651907277,0.005393299969572792
76.0198942817232,76.56989428172321,0.006283451021648678,0.008013928456674363,0.005369267812246155
76.06989428172321,76.6198942817232,0.006253905979101426,0.007965160390429106,0.00534375627852452
76.1198942817232,76.66989428172322,0.006222957316099393,0.007915520587484215,0.005316796488363903
76.1698942817232,76.71989428172321,0.006190640090643148,0.007864949040250372,0.005288417127880273
76.2198942817232,76.76989428172321,0.006156984477289596,0.007813378954084819,0.005258644535399925
76.26989428172321,76.81989428172321,0.0061220159202007626,0.007760738321339448,0.0052275028293987495
76.31989428172321,76.86989428172322,0.006085755354639509,0.0077069515633086715,0.0051950140768870804
76.3698942817232,76.91989428172322,0.006048219494417475,0.007651941221672916,0.005161198500472359
76.4198942817232,76.96989428172321,0.006009421182157141,0.007595629681452751,0.005126074722032601
76.46989428172321,77.01989428172321,0.005969369798638081,0.0075379409082255485,0.005089660040663787
76.51989428172321,77.06989428172321,0.005928071726969434,0.007478802183356005,0.005051970742328855
76.56989428172321,77.11989428172322,0.005885530866874768,0.007418145822197802,0.005013022438437304
76.6198942817232,77.16989428172322,0.0058417491940008235,0.007355910861572823,0.004972830430425489
76.66989428172322,77.21989428172321,0.005796727358870038,0.007292044704262716,0.0049314100972885164
76.71989428172321,77.26989428172323,0.005750465319893204,0.007226504709692098,0.004888777302935683
76.76989428172321,77.31989428172322,0.005702963004739553,0.007159259721381339,0.004844948820200997
76.81989428172321,77.36989428172322,0.005654220994325856,0.007090291523041269,0.004799942768335964
76.86989428172322,77.41989428172322,0.005604241223725231,0.007019596216316294,0.0047537790608391155
76.91989428172322,77.46989428172321,0.005553027694404379,0.006947185514104423,0.004706479860531591
76.96989428172321,77.51989428172323,0.005500587192361695,0.00687308794404365,0.00465807003886319
77.01989428172321,77.56989428172322,0.0054469300069478,0.006797349957106602,0.004608577636522708
77.06989428172321,77.61989428172322,0.0053920706453881575,0.006720036936246287,0.0045580343225204625
77.11989428172322,77.66989428172323,0.005336028538279861,0.006641234099642846,0.004506475849000626
77.16989428172322,77.71989428172323,0.005278828731584225,0.0065610472922725295,0.004453942499116844
77.21989428172321,77.76989428172323,0.005220502560863894,0.006479603658221661,0.004400479525352748
77.26989428172323,77.81989428172322,0.005161088303700511,0.006397052184368476,0.004346137575679392
77.31989428172322,77.86989428172322,0.005100631806353188,0.006313564103729917,0.004290973104897948
77.36989428172322,77.91989428172323,0.005039187080760567,0.006229333143916544,0.00423504876840483
77.41989428172322,77.96989428172323,0.004976816867926595,0.006144575602770039,0.004178433795421757
77.46989428172321,78.01989428172323,0.004913593163539031,0.006059530229425241,0.004121204338436717
77.51989428172323,78.06989428172324,0.004849597701328725,0.00597445788484518,0.004063443795188526
77.56989428172322,78.11989428172323,0.00478492238916228,0.005889640951484404,0.004005243098977518
77.61989428172322,78.16989428172323,0.004719669692150556,0.005805382457395554,0.0039467009723837786
77.66989428172323,78.21989428172323,0.004653952956131166,0.0057220048761648535,0.0038879241386069294
77.71989428172323,78.26989428172323,0.004587896663729498,0.005639848561019776,0.003829027483597369
77.76989428172323,78.31989428172324,0.0045216366138139535,0.005559269769915033,0.003770134160925419
77.81989428172322,78.36989428172323,0.004455320013540678,0.005480638239119369,0.0037113756299389736
77.86989428172322,78.41989428172323,0.004389105470351809,0.005404334266653673,0.003652891616211765
77.91989428172323,78.46989428172324,0.004323162869292571,0.005330745274791422,0.003594829981626977
77.96989428172323,78.51989428172324,0.0042576731189203545,0.005260261833604179,0.0035373464897397494
78.01989428172323,78.56989428172324,0.004192827747003711,0.005193273145933722,0.003480604450420053
78.06989428172324,78.61989428172323,0.004128828325313696,0.005130162018555185,0.00342477422633476
78.11989428172323,78.66989428172323,0.004065885701305132,0.005071299374459411,0.00337003258277134
78.16989428172323,78.71989428172324,0.004004219013650285,0.005017038396154532,0.003316561861872898
78.21989428172323,78.76989428172324,0.00394405446875838,0.0049677084277505775,0.003264548962830214
78.26989428172323,78.81989428172324,0.0038856238569808933,0.004923608801434149,0.0032141841112832067
78.31989428172324,78.86989428172325,0.0038291627905925186,0.004885002787959589,0.0031656594044672855
78.36989428172323,78.91989428172324,0.003774908651273277,0.00485211189659953,0.0031191671238275922
78.41989428172323,78.96989428172324,0.003723098243068873,0.004825110763206382,0.0030748978141867966
78.46989428172324,79.01989428172324,0.0036739651579189765,0.004804122861915138,0.0030330381382356014
78.51989428172324,79.06989428172324,0.0036277368748429094,0.004789217254294294,0.0029937685270686925
78.56989428172324,79.11989428172325,0.003584631630482832,0.0047804065492604835,0.002957260661392741
78.61989428172323,79.16989428172324,0.0035448551172514095,0.004777646190108082,0.002923674833234142
78.66989428172323,79.21989428172324,0.003508597084695301,0.004780835116245009,0.0028931572534553435
78.71989428172324,79.26989428172325,0.0034760279383042486,0.004789817773174298,0.0028658373847952616
78.76989428172324,79.31989428172325,0.003447295445946671,0.004804387372293019,0.002841825391872486
78.81989428172324,79.36989428172325,0.0034225216732914425,0.004824290239291017,0.0028212098069423223
78.86989428172325,79.41989428172324,0.0034018002739669415,0.0048492310420383536,0.0028040555116410266
78.91989428172324,79.46989428172324,0.0033851942562099224,0.0048788786593931145,0.0027904021293652004
78.96989428172324,79.51989428172325,0.0033727343345142614,0.004912872442358019,0.0027802629098802115
79.01989428172324,79.56989428172325,0.003364417952461675,0.004950828627095839,0.0027736241676450404
79.06989428172324,79.61989428172325,0.0033602090327948387,0.0049923466822498,0.0027704453095092323
79.11989428172325,79.66989428172326,0.0033600384752391016,0.005037015406465432,0.0027706594580122045
79.16989428172324,79.71989428172326,0.0033638053847455346,0.005084418631312629,0.0027741746461645515
79.21989428172324,79.76989428172325,0.0033713789762316706,0.005134140425639991,0.002780875531146833
79.26989428172325,79.81989428172325,0.003382601069900095,0.005185769736241398,0.002790625550401599
79.31989428172325,79.86989428172325,0.0033972890665462116,0.005238904434086241,0.0028032694260811653
79.36989428172325,79.91989428172326,0.0034152392766587814,0.005293154763808109,0.002818635913848767
79.41989428172324,79.96989428172326,0.0034362304711452714,0.005348146216128173,0.002836540689777894
79.46989428172324,80.01989428172325,0.003460027524638301,0.005403521858579929,0.0028567892738621684
79.51989428172325,80.06989428172326,0.0034863850331217383,0.0054589441699440825,0.0028791798990968243
79.56989428172325,80.11989428172326,0.0035150508040423106,0.005514096429108196,0.0029035062495119993
79.61989428172325,80.16989428172326,0.003545769136913386,0.00556868371063536,0.002929560007125835
79.66989428172326,80.21989428172326,0.0035782838335333494,0.005622433538130504,0.002957133164882131
79.71989428172326,80.26989428172325,0.0036123408975190395,0.005675096243402655,0.00298602007889057
79.76989428172325,80.31989428172326,0.003647690901537712,0.005726445075159449,0.003016019247726555
79.81989428172325,80.36989428172326,0.003684091016540133,0.00577627609610986,0.0030469348185956585
79.86989428172325,80.41989428172326,0.00372130671004004,0.005824407902321389,0.0030785778295949213
79.91989428172326,80.46989428172327,0.003759113130004354,0.00587068119378126,0.0031107672041541853
79.96989428172326,80.51989428172327,0.0037972961974393803,0.005914958220546069,0.0031433305182492458
80.01989428172325,80.56989428172326,0.003835653434670998,0.005957122124748871,0.003176104563492365
80.06989428172326,80.61989428172326,0.0038739945580917867,0.0059970761951253304,0.003208935730114173
80.11989428172326,80.66989428172326,0.003912141864272935,0.006034743047635246,0.003241680233546174
80.16989428172326,80.71989428172327,0.003949930437264527,0.006070063743179845,0.0032742042071483876
80.21989428172326,80.76989428172327,0.003987208203032523,0.006102996851317655,0.003306383681906483
80.26989428172325,80.81989428172326,0.004023835854629855,0.0061335174672208686,0.003338104471892916
80.31989428172326,80.86989428172328,0.004059686669126097,0.006161616187844579,0.0033692619821349937
80.36989428172326,80.91989428172327,0.004094646234716553,0.00618729805235874,0.0033997609533971333
80.41989428172326,80.96989428172327,0.004128612103926678,0.006210581451270246,0.003429515156357811
80.46989428172327,81.01989428172327,0.004161493386509459,0.006231497008300303,0.0034584470458028697
80.51989428172327,81.06989428172326,0.004193210293549908,0.006250086438941675,0.003486487383796557
80.56989428172326,81.11989428172328,0.004223693642465432,0.006266401389664774,0.003513574839342374
80.61989428172326,81.16989428172327,0.004252884331024793,0.006280502261939263,0.0035396555708042394
80.66989428172326,81.21989428172327,0.004280732787194036,0.00629245702555827,0.0035646827963143066
80.71989428172327,81.26989428172328,0.00430719840053458,0.006302340026165779,0.003588616356529004
80.76989428172327,81.31989428172328,0.00433224894000462,0.006310230792367075,0.0036114222733903477
80.81989428172326,81.36989428172328,0.004355859962325867,0.006316212848320755,0.003633072307984603
80.86989428172328,81.41989428172327,0.004378014214545826,0.006320372538240122,0.0036535435201435038
80.91989428172327,81.46989428172327,0.0043987010340296095,0.0063227978697476435,0.003672817832086711
80.96989428172327,81.51989428172328,0.004417915748829366,0.006323577383500665,0.003690881598138307
81.01989428172327,81.56989428172328,0.004435659081183387,0.006322799056914753,0.003707725182349865
81.06989428172326,81.61989428172328,0.004451936556772216,0.006320549250128309,0.0037233425457134837
81.11989428172328,81.66989428172329,0.004466757922286721,0.006316911702555367,0.0037377308445372855
81.16989428172327,81.71989428172328,0.004480136573829257,0.00631196658844195,0.0037508900414724993
81.21989428172327,81.76989428172328,0.004492088998658779,0.006305789639757686,0.0037628225306164257
81.26989428172328,81.81989428172328,0.004502634232792974,0.006298451344505098,0.003773532778060593
81.31989428172328,81.86989428172328,0.00451179333698371,0.006290016228105507,0.003783026979203026
81.36989428172328,81.91989428172329,0.00451958889357799,0.006280542224919501,0.003791312734090815
81.41989428172327,81.96989428172328,0.004526044526756904,0.006270080146185163,0.0037983987420011165
81.46989428172327,82.01989428172328,0.004531184448603354,0.0062586732497175515,0.0038042945164013086
81.51989428172328,82.0698942817233,0.004535033033381097,0.006246356915624482,0.003809010121350005
81.56989428172328,82.11989428172329,0.004537614422307655,0.00623315843107874,0.003812555930308541
81.61989428172328,82.16989428172329,0.004538952160971019,0.006219096885872208,0.0038149424082264414
81.66989428172329,82.21989428172328,0.004539068871371844,0.0062041831790957055,0.003816179917643999
81.71989428172328,82.26989428172328,0.0045379859603701155,0.006188420135873904,0.003816278549421493
81.76989428172328,82.3198942817233,0.00453572336607843,0.006171802731674955,0.003815247978557889
81.81989428172328,82.36989428172329,0.004532299343475605,0.0061543184203458725,0.0038130973454045766
81.86989428172328,82.41989428172329,0.004527730290217934,0.006135947560733183,0.0038098351624132093
81.91989428172329,82.4698942817233,0.004522030613304622,0.006116663935566199,0.003805469246383496
81.96989428172328,82.5198942817233,0.004515212636914887,0.006096435355235679,0.003800006675999469
82.01989428172328,82.5698942817233,0.004507286551381786,0.0060752243382166116,0.0037934537742640353
82.0698942817233,82.61989428172329,0.004498260402909051,0.006052988859176834,0.003785816115264307
82.11989428172329,82.66989428172329,0.0044881401232783405,0.0060296831552929375,0.003777098554527247
82.16989428172329,82.7198942817233,0.004476929598441859,0.006005258580965098,0.0037673052820591546
82.21989428172328,82.7698942817233,0.00446463077455636,0.0059796645009790326,0.0037564398970063315
82.26989428172328,82.8198942817233,0.00445124379969459,0.005952849212197663,0.003744505502729941
82.3198942817233,82.8698942817233,0.004436767199175375,0.005924760884062504,0.003731504820958083
82.36989428172329,82.9198942817233,0.004421198082188774,0.005895348508526297,0.0037174403235638383
82.41989428172329,82.9698942817233,0.004404532377161509,0.005864562850502494,0.0037023143804210935
82.4698942817233,83.0198942817233,0.004386765093114337,0.005832357390480042,0.0036861294217113002
82.5198942817233,83.0698942817233,0.004367890604108331,0.005798689251587103,0.003668888112994313
82.5698942817233,83.1198942817233,0.004347902953762771,0.005763520104070917,0.003650593541315274
82.61989428172329,83.1698942817233,0.004326796176753677,0.005726817040867166,0.0036312494105970013
82.66989428172329,83.2198942817233,0.004304564634167315,0.005688553418636766,0.0036108602445625157
82.7198942817233,83.26989428172331,0.0042812033595860475,0.005648709659330123,0.0035894315954441633
82.7698942817233,83.31989428172331,0.0042567084128214945,0.0056072740079764595,0.0035669702567629556
82.8198942817233,83.3698942817233,0.004231077238278448,0.005564243242971263,0.003543484478502143
82.8698942817233,83.4198942817233,0.004204309025028941,0.0055196233356321674,0.0035189841830509587
82.9198942817233,83.4698942817233,0.004176405065793242,0.005473430056196721,0.0034934811803553453
82.9698942817233,83.51989428172331,0.004147369112159587,0.005425689523732548,0.0034669893807794706
83.0198942817233,83.56989428172331,0.004117207723521128,0.00537643869760988,0.0034395250042532346
83.0698942817233,83.6198942817233,0.004085930607360942,0.005325725808237959,0.003411106784352422
83.1198942817233,83.66989428172332,0.004053550948668982,0.005273610724682284,0.003381756166027866
83.1698942817233,83.71989428172331,0.0040200857264223394,0.005220165256551839,0.003351497495764078
83.2198942817233,83.76989428172331,0.0039855560151961945,0.005165473387169409,0.003320358203003154
83.26989428172331,83.81989428172331,0.003949987270092267,0.005109631434511069,0.0032883689717132557
83.31989428172331,83.8698942817233,0.003913409593267967,0.005052748135723736,0.0032555639010087133
83.3698942817233,83.91989428172332,0.003875857980417502,0.004994944650208135,0.003221980653737201
83.4198942817233,83.96989428172331,0.0038373725455912587,0.004936354475300063,0.0031876605919359782
83.4698942817233,84.01989428172331,0.0037979987227350575,0.004877123267517022,0.0031526488980183932
83.51989428172331,84.06989428172332,0.003757787442283123,0.004817408561193193,0.0031169946804821273
83.56989428172331,84.11989428172332,0.003716795281041935,0.004757379375148779,0.0030807510628274378
83.6198942817233,84.16989428172332,0.003675084583453606,0.004697215696898514,0.0030439752542342196
83.66989428172332,84.21989428172331,0.0036327235521235596,0.004637107832885281,0.0030067286003692146
83.71989428172331,84.26989428172331,0.003589786305236083,0.0045772556124401235,0.0029690766124763016
83.76989428172331,84.31989428172332,0.0035463528981633185,0.004517867432762372,0.0029310889726442513
83.81989428172331,84.36989428172332,0.0035025093062004283,0.004459159132348133,0.0028928395128482954
83.8698942817233,84.41989428172332,0.003458347364937682,0.004401352681163784,0.002854406165027948
83.91989428172332,84.46989428172333,0.003413964664318952,0.004344674677673081,0.0028158708791005435
83.96989428172331,84.51989428172332,0.003369464391950636,0.004289354645790938,0.0027773195054284585
84.01989428172331,84.56989428172332,0.003324955120737199,0.004235623129149363,0.002738841637873018
84.06989428172332,84.61989428172332,0.0032805505354591273,0.004183709585872311,0.002700530413201772
84.11989428172332,84.66989428172332,0.003236369092515164,0.004133840094435463,0.002662482262295379
84.16989428172332,84.71989428172333,0.0031925336067723112,0.0040862348900882655,0.0026247966083622057
84.21989428172331,84.76989428172332,0.0031491707593653434,0.0040411057615350205,0.002587575507257822
84.26989428172331,84.81989428172332,0.0031064105204323907,0.0039986533487127215,0.0025509232250732284
84.31989428172332,84.86989428172333,0.003064385481245081,0.003959064393961855,0.002514945748462052
84.36989428172332,84.91989428172333,0.0030232300910776754,0.003922509009852258,0.002479750223785926
84.41989428172332,84.96989428172333,0.0029830797955448015,0.003889138036423411,0.00244544432213587
84.46989428172333,85.01989428172332,0.002944070075104015,0.003859080567558985,0.0024121355286982745
84.51989428172332,85.06989428172332,0.002906335385027424,0.0038324417295913164,0.0023799303568268547
84.56989428172332,85.11989428172333,0.002870008001430021,0.0038093007941335886,0.0023489334895869735
84.61989428172332,85.16989428172333,0.0028352167818871793,0.0037897097009822445,0.002319246854454266
84.66989428172332,85.21989428172333,0.002802085853705884,0.0037736920555726493,0.002290968640228455
84.71989428172333,85.26989428172334,0.002770733247888135,0.003761242649281627,0.002264192268968384
84.76989428172332,85.31989428172334,0.002741269502010094,0.003752327530763128,0.002239005339703676
84.81989428172332,85.36989428172333,0.0027137962603255464,0.003746884633863664,0.0022154885646087324
84.86989428172333,85.41989428172333,0.002688404904002207,0.0037448249442043093,0.0021937147219553434
84.91989428172333,85.46989428172333,0.002665175248079546,0.0037460341640736614,0.0021737476531666984
84.96989428172333,85.51989428172334,0.002644174344051185,0.0037503748155852147,0.002155641333339105
85.01989428172332,85.56989428172334,0.0026254554275147953,0.003757688706531885,0.002139439045357392
85.06989428172332,85.61989428172333,0.0026090570487792846,0.0037677996729655098,0.0021251726869443745
85.11989428172333,85.66989428172334,0.00259500242050511,0.003780516507629418,0.002112862237496165
85.16989428172333,85.71989428172334,0.0025832990103987537,0.003795635983818075,0.0021025154073416644
85.21989428172333,85.76989428172334,0.002573938398923492,0.003812945889399166,0.002094127486265767
85.26989428172334,85.81989428172334,0.0025668964123730154,0.003832227994642686,0.0020876814010531166
85.31989428172334,85.86989428172333,0.002562133531105398,0.003853260889012697,0.0020831479838863843
85.36989428172333,85.91989428172334,0.0025595955619919864,0.00387582263501527,0.0020804864452151155
85.41989428172333,85.96989428172334,0.0025592145539706816,0.0038996932004840847,0.0020796450367845704
85.46989428172333,86.01989428172334,0.002560909926724237,0.003924656643431941,0.002080561883442062
85.51989428172334,86.06989428172335,0.002564589775515401,0.003950503035140204,0.002083165956597325
85.56989428172334,86.11989428172335,0.002570152310492184,0.003977030117075894,0.002087378158142929
85.61989428172333,86.16989428172334,0.002577487386494153,0.004004044695311801,0.002093112481414442
85.66989428172334,86.21989428172334,0.0025864780794871527,0.004031363782353228,0.0021002772153891937
85.71989428172334,86.26989428172334,0.002597002267978298,0.0040588155007536715,0.0021087761596338597
85.76989428172334,86.31989428172335,0.00260893418172087,0.004086239765827434,0.0021185098202398233
85.81989428172334,86.36989428172335,0.002622145885231099,0.00411348876638472,0.0021293765607798263
85.86989428172333,86.41989428172334,0.0026365086696045347,0.0041404272629835025,0.0021412736867973863
85.91989428172334,86.46989428172336,0.0026518943323646463,0.004166932722963914,0.0021540984471305914
85.96989428172334,86.51989428172335,0.002668176331194045,0.004192895310734686,0.0021677489401457457
86.01989428172334,86.56989428172335,0.002685230803071873,0.004218217750611497,0.002182124917450103
86.06989428172335,86.61989428172335,0.002702937445348896,0.004242815078126882,0.0021971284816756607
86.11989428172335,86.66989428172334,0.0027211802595091565,0.004266614294266504,0.0022126646783601003
86.16989428172334,86.71989428172336,0.0027398481617471986,0.004289553935633022,0.0022286419847439053
86.21989428172334,86.76989428172335,0.0027588354670526347,0.0043115835721630556,0.0022449727004550373
86.26989428172334,86.81989428172335,0.0027780422553044205,0.0043326632427717286,0.0022615732466051038
86.31989428172335,86.86989428172336,0.0027973746290290745,0.004352762838197514,0.002278364380839974
86.36989428172335,86.91989428172336,0.0028167448730795157,0.004371861439381265,0.0022952713364535766
86.41989428172334,86.96989428172336,0.002836071526654007,0.004389946618938598,0.0023122238938722123
86.46989428172336,87.01989428172335,0.002855279377903878,0.004407013712666619,0.0023291563927297677
86.51989428172335,87.06989428172335,0.002874299390968484,0.0044230650675536574,0.002346007692458156
86.56989428172335,87.11989428172336,0.002893068574706335,0.004438109272416443,0.00236272108887705
86.61989428172335,87.16989428172336,0.0029115298017292355,0.004452160377055498,0.0023792441937369596
86.66989428172334,87.21989428172336,0.0029296315856425716,0.004465237105675211,0.002395528783593687
86.71989428172336,87.26989428172337,0.002947327823688974,0.004477362070238971,0.0024115306238031266
86.76989428172335,87.31989428172336,0.0029645775113113274,0.004488560989401533,0.0024272092728470527
86.81989428172335,87.36989428172336,0.0029813444345135045,0.004498861918657791,0.002442527871650103
86.86989428172336,87.41989428172336,0.0029975968453123144,0.004508294497350097,0.0024574529220352105
86.91989428172336,87.46989428172336,0.003013307125048226,0.004516889218165983,0.002471954057995189
86.96989428172336,87.51989428172337,0.003028451439854515,0.004524676724716079,0.0024860038130336535
87.01989428172335,87.56989428172336,0.003043009392171916,0.004531687142693235,0.0024995773864478574
87.06989428172335,87.61989428172336,0.0030569636718342495,0.004537949449964893,0.0025126524110873614
87.11989428172336,87.66989428172337,0.0030702997099325557,0.004543490890730212,0.0025252087248210232
87.16989428172336,87.71989428172337,0.0030830053383847627,0.004548336438574701,0.0025372281476773615
87.21989428172336,87.76989428172337,0.0030950704578877218,0.004552508312873202,0.0025486942663842742
87.26989428172337,87.81989428172336,0.003106486716701109,0.0045560255525264074,0.002559592227819585
87.31989428172336,87.86989428172336,0.0031172472025027837,0.004558903650469594,0.0025699085426896424
87.36989428172336,87.91989428172337,0.003127346149356089,0.004561154251771336,0.0025796309005751876
87.41989428172336,87.96989428172337,0.003136778661636888,0.004562784917453876,0.0025887479973187868
87.46989428172336,88.01989428172337,0.003145540456577702,0.004563798955428705,0.0025972493755736757
87.51989428172337,88.06989428172338,0.0031536276268950953,0.004564195319165488,0.0026051252791872382
87.56989428172336,88.11989428172338,0.0031610364247717407,0.004563968573916549,0.0026123665219524037
87.61989428172336,88.16989428172337,0.003167763068265842,0.0045631089295210415,0.002618964371125107
87.66989428172337,88.21989428172337,0.0031738035710164344,0.00456160233803063,0.0026249104459754057
87.71989428172337,88.26989428172337,0.003179153595904234,0.0045594306536503254,0.00263019663151314
87.76989428172337,88.31989428172338,0.003183808333115112,0.004556571851790412,0.0026348150074062505
87.81989428172336,88.36989428172338,0.0031877624028378206,0.0045530003033937075,0.0026387577919911587
87.86989428172336,88.41989428172337,0.0031910097826121694,0.0045486871001486125,0.0026420173011604854
87.91989428172337,88.46989428172338,0.0031935437591297093,0.004543600425733042,0.0026445859218043443
87.96989428172337,88.51989428172338,0.0031953569040796366,0.0045377059678635805,0.002646456099378325
88.01989428172337,88.56989428172338,0.003196441073429884,0.004530967365651895,0.00264762033907456
88.06989428172338,88.61989428172338,0.003196787429340469,0.004523346686596824,0.002648071219983039
88.11989428172338,88.66989428172337,0.003196386483725501,0.004514804927463297,0.0026478014215490044
88.16989428172337,88.71989428172338,0.0031952281623138187,0.004505302533312901,0.002646803761559625
88.21989428172337,88.76989428172338,0.003193301887908835,0.004494799929048126,0.002645071244829685
88.26989428172337,88.81989428172338,0.0031905966814167177,0.004483258058003954,0.0026425971217021523
88.31989428172338,88.86989428172339,0.0031871012791004245,0.004470638922355604,0.0026393749554354316
88.36989428172338,88.91989428172339,0.0031828042644261,0.0044569061203988845,0.002635398697515022
88.41989428172337,88.96989428172338,0.0031776942127980934,0.004442025376087306,0.0026306627699031063
88.46989428172338,89.01989428172338,0.0031717598474299627,0.004425965056566724,0.002625162153225087
88.51989428172338,89.06989428172338,0.0031649902045701316,0.004408696673821822,0.002618892479886946
88.56989428172338,89.11989428172339,0.00315737480629229,0.004390195366928506,0.002611850131120981
88.61989428172338,89.16989428172339,0.0031489038390704613,0.00437044036178263,0.0026040323369694827
88.66989428172337,89.21989428172338,0.003139568336385637,0.004349415405538927,0.0025954372782353635
88.71989428172338,89.2698942817234,0.0031293603636533356,0.004327109173337264,0.0025860641894550006
88.76989428172338,89.31989428172339,0.0031182732038172287,0.004303515645209077,0.0025759134619806087
88.81989428172338,89.36989428172339,0.0031063015420212227,0.004278634451339979,0.0025649867462963884
88.86989428172339,89.41989428172339,0.0030934416478488372,0.00425247118410983,0.0025532870527336725
88.91989428172339,89.46989428172338,0.003079691553701999,0.004225037675535951,0.0025408188497939963
88.96989428172338,89.5198942817234,0.0030650512279795216,0.004196352238905513,0.0025275881593347675
89.01989428172338,89.56989428172339,0.0030495227418062985,0.0041664398734976675,0.002513602647918827
89.06989428172338,89.61989428172339,0.003033110428155157,0.0041353324313635675,0.0024988717136755667
89.11989428172339,89.6698942817234,0.00301582103229306,0.0041030687451532565,0.0024834065680666875
89.16989428172339,89.7198942817234,0.0029976638525691475,0.004069694715951908,0.002467220311992928
89.21989428172338,89.7698942817234,0.002978650870642923,0.004035263360016821,0.0024503280057182504
89.2698942817234,89.81989428172339,0.002958796870324696,0.003999834813193002,0.002432746732124443
89.31989428172339,89.86989428172339,0.002938119544265679,0.003963476291632226,0.002414495652840589
89.36989428172339,89.9198942817234,0.0029166395877906243,0.0039262620072551355,0.0023955960568177405
89.41989428172339,89.9698942817234,0.0028943807792106498,0.0038882730361843643,0.002376071400939002
89.46989428172338,90.0198942817234,0.0028713700459863704,0.003849597138148811,0.002355947342267616
89.5198942817234,90.0698942817234,0.002847637516131298,0.003810328524628853,0.0023352517615407224
89.56989428172339,90.1198942817234,0.0028232165542522204,0.003770567573293879,0.0023140147775133745
89.61989428172339,90.1698942817234,0.0027981437816157096,0.003730420486097798,0.0022922687517454125
89.6698942817234,90.2198942817234,0.0027724590796095847,0.0036899988882697493,0.002270048283403644
89.7198942817234,90.2698942817234,0.002746205575933806,0.00364941936539351,0.0022473901936222794
89.7698942817234,90.3198942817234,0.0027194296128088377,0.0036088029358437132,0.0022243334989267474
89.81989428172339,90.3698942817234,0.0026921806964323343,0.003568274456077529,0.002200919373180391
89.86989428172339,90.4198942817234,0.0026645114268483865,0.0035279619567057923,0.0021771910974604774
89.9198942817234,90.46989428172341,0.00263647740732159,0.0034879959079301926,0.0021531939972117536
89.9698942817234,90.51989428172341,0.0026081371322338866,0.0034485084138726795,0.0021289753659638902
90.0198942817234,90.5698942817234,0.0025795518524510093,0.0034096323365751004,0.002104584374836654
90.0698942817234,90.6198942817234,0.002550785417043542,0.003371500352038978,0.0020800719669971986
90.1198942817234,90.6698942817234,0.0025219040902031763,0.0033342439426169396,0.0020554907361818846
90.1698942817234,90.71989428172341,0.002492976342176254,0.0032979923323532435,0.0020308947883562476
90.2198942817234,90.76989428172341,0.002464072613056101,0.0032628713744636993,0.0020063395855680717
90.2698942817234,90.8198942817234,0.002435265048343906,0.0032290024029802823,0.0019818817710573664
90.3198942817234,90.86989428172342,0.002406627205319386,0.0031965010635599716,0.0019575789747328805
90.3698942817234,90.91989428172342,0.0023782337294712894,0.0031654761414301653,0.0019334895982171163
90.4198942817234,90.96989428172341,0.00235016000053789,0.0031360284072413525,0.0019096725788109732
90.46989428172341,91.01989428172341,0.002322481748113876,0.003108249504017992,0.0018861871319463056
90.51989428172341,91.0698942817234,0.002295274637302728,0.0030822209002222063,0.0018630924719888556
90.5698942817234,91.11989428172342,0.0022686138255428433,0.003058012934954943,0.001840447511634846
90.6198942817234,91.16989428172342,0.002242573492513792,0.003035683981321171,0.0018183105406177538
90.6698942817234,91.21989428172341,0.002217226345932363,0.003015279752828568,0.0017967388850096263
90.71989428172341,91.26989428172342,0.002192643107064856,0.002996832775293863,0.0017757885490616832
90.76989428172341,91.31989428172342,0.002168891980888018,0.00298036204310016,0.001755513842272503
90.8198942817234,91.36989428172342,0.0021460381169919112,0.002965872873886265,0.0017359669951817838
90.86989428172342,91.41989428172342,0.0021241430684857255,0.0029533569700549486,0.0017171977682388165
90.91989428172342,91.46989428172341,0.002103264257282317,0.0029427926891491814,0.0016992530589518252
90.96989428172341,91.51989428172342,0.002083454455129881,0.0029341455185175717,0.0016821765133450514
91.01989428172341,91.56989428172342,0.0020647612905528453,0.0029273687431597985,0.001666008148484008
91.0698942817234,91.61989428172342,0.002047226792380774,0.002922404289596612,0.0016507839934200123
91.11989428172342,91.66989428172343,0.002030886980710468,0.0029191837233943827,0.0016365357562969345
91.16989428172342,91.71989428172343,0.0020157715159007904,0.0029176293738691736,0.0016232905255019608
91.21989428172341,91.76989428172342,0.0020019034154994345,0.0029176555566842962,0.0016110705125832255
91.26989428172342,91.81989428172342,0.001989298847830376,0.002919169863618019,0.0015998928441693266
91.31989428172342,91.86989428172342,0.001977967009343896,0.0029220744886900942,0.0015897694092956427
91.36989428172342,91.91989428172343,0.001967910090797098,0.0029262675609804966,0.0015807067673805353
91.41989428172342,91.96989428172343,0.001959123334972848,0.0029316444566626636,0.0015727061206342475
91.46989428172341,92.01989428172342,0.0019515951860684464,0.0029380990657711446,0.0015657633529824791
91.51989428172342,92.06989428172344,0.0019453075282231333,0.002945524992773271,0.0015598691357238204
91.56989428172342,92.11989428172343,0.0019402360080463257,0.0029538166738635597,0.0015550090982091745
91.61989428172342,92.16989428172343,0.0019363504335958045,0.0029628703978173726,0.0015511640599339105
91.66989428172343,92.21989428172343,0.001933615240163502,0.002972585221032613,0.0015483103186712643
91.71989428172343,92.26989428172342,0.0019319900115582652,0.002982863770904966,0.0015464199877408642
91.76989428172342,92.31989428172344,0.0019314300444014346,0.002993612934818835,0.0015454613742750328
91.81989428172342,92.36989428172343,0.0019318869423073102,0.0030047444347316966,0.0015453993894712413
91.86989428172342,92.41989428172343,0.0019333092267056057,0.00301617528956149,0.0015461959813293472
91.91989428172343,92.46989428172344,0.0019356429514423414,0.0030278281693623564,0.0015478105802684311
91.96989428172343,92.51989428172344,0.001938832309107583,0.003039631646624547,0.0015502005482769773
92.01989428172342,92.56989428172344,0.0019428202182014435,0.0030515203510052217,0.0015533216228285757
92.06989428172344,92.61989428172343,0.0019475488816715436,0.0030634350344428763,0.0015571283476346896
92.11989428172343,92.66989428172343,0.0019529603089402834,0.0030753225539863678,0.0015615744833397107
92.16989428172343,92.71989428172344,0.001958996795198447,0.003087135779836055,0.001566613392421874
92.21989428172343,92.76989428172344,0.0019656013533919945,0.0030988334361015265,0.0015721983937796544
92.26989428172342,92.81989428172344,0.001972718095904993,0.0031103798816729893,0.0015782830836974075
92.31989428172344,92.86989428172345,0.001980292564392349,0.003121744838419943,0.001584821621045985
92.36989428172343,92.91989428172344,0.0019882720075062926,0.0031329030737031914,0.001591768975645072
92.41989428172343,92.96989428172344,0.0019966056073701896,0.003143834043936877,0.0015990811396670128
92.46989428172344,93.01989428172344,0.0020052446565748338,0.0031545215056840233,0.0016067153027806182
92.51989428172344,93.06989428172344,0.0020141426882090193,0.0031649531005230208,0.0016146299924113248
92.56989428172344,93.11989428172345,0.002023255561998745,0.0031751199196888152,0.0016227851810327089
92.61989428172343,93.16989428172344,0.0020325415100341544,0.00318501605427355,0.0016311423628106484
92.66989428172343,93.21989428172344,0.002041961145829407,0.0031946381365653602,0.001639664602207567
92.71989428172344,93.26989428172345,0.0020514774406088657,0.003203984877906106,0.0016483165573338736
92.76989428172344,93.31989428172345,0.002061055670763362,0.0032130566082536256,0.0016570644809224995
92.81989428172344,93.36989428172345,0.0020706633403921437,0.0032218548224346917,0.0016658762018156902
92.86989428172345,93.41989428172344,0.0020802700827565793,0.0032303817378630854,0.0016747210898054841
92.91989428172344,93.46989428172344,0.00208984754433552,0.00323863986826677,0.0016835700065741797
92.96989428172344,93.51989428172345,0.0020993692550023988,0.0032466316177121608,0.001692395245350384
93.01989428172344,93.56989428172345,0.002108810487650293,0.0032543588989264556,0.0017011704617398283
93.06989428172344,93.61989428172345,0.002118148110381976,0.0032618227795974276,0.0017098705980168804
93.11989428172345,93.66989428172346,0.0021273604341631746,0.0032690231599716564,0.0017184718029791698
93.16989428172344,93.71989428172346,0.0021364270586135374,0.0032759584846767443,0.001726951349279363
93.21989428172344,93.76989428172345,0.0021453287183846783,0.003282625491262207,0.0017352875499593763
93.26989428172345,93.81989428172345,0.002154047132349825,0.003289018997491623,0.0017434596757257878
93.31989428172345,93.86989428172345,0.0021625648576074517,0.003295131728930081,0.0017514478743238225
93.36989428172345,93.91989428172346,0.002170865150081717,0.0033009541878634236,0.001759233093192034
93.41989428172344,93.96989428172346,0.0021789318332871336,0.0033064745640676617,0.001766797006412268
93.46989428172344,94.01989428172345,0.002186749176613731,0.0033116786874268483,0.0017741219468099402
93.51989428172345,94.06989428172346,0.0021943017842823006,0.0033165500218858552,0.0017811908439088998
93.56989428172345,94.11989428172346,0.0022015744959181472,0.0033210696997304947,0.0017879871683030488
93.61989428172345,94.16989428172346,0.0022085522994959024,0.0033252165947203496,0.001794494882873864
93.66989428172346,94.21989428172346,0.0022152202572186096,0.0033289674321684256,0.0018006984011587276
93.71989428172346,94.26989428172345,0.0022215634447117372,0.003332296933673977,0.0018065825530597917
93.76989428172345,94.31989428172346,0.0022275669037383613,0.003335177993876247,0.0018121325579767377
93.81989428172345,94.36989428172346,0.002233215608475506,0.0033375818863126423,0.0018173340053490702
93.86989428172345,94.41989428172346,0.002238494445235509,0.0033394784952375826,0.0018221728425049054
93.91989428172346,94.46989428172347,0.002243388205370252,0.0033408365700893917,0.001826635369632744
93.96989428172346,94.51989428172347,0.0022478815909615308,0.003341623999181621,0.0018307082416210473
94.01989428172345,94.56989428172346,0.002251959232778484,0.0033418080991405048,0.0018343784764470147
94.06989428172346,94.61989428172346,0.002255605719873139,0.003341355916608088,0.00183763346974067
94.11989428172346,94.66989428172346,0.002258805640088732,0.00334023453877718,0.001840461015103247
94.16989428172346,94.71989428172347,0.0022615436306725216,0.003338411409413912,0.0018428493297193527
94.21989428172346,94.76989428172347,0.002263804438115485,0.0033358546471506725,0.001844787084770395
94.26989428172345,94.81989428172346,0.0022655729862858134,0.003332533362990257,0.001846263440132079
94.31989428172346,94.86989428172348,0.002266834451880804,0.0033284179741447004,0.0018472680828207023
94.36989428172346,94.91989428172347,0.002267574346192561,0.0033234805115332717,0.0018477912686414796
94.41989428172346,94.96989428172347,0.002267778602165973,0.00331769491847723,0.0018478238664865782
94.46989428172347,95.01989428172347,0.0022674336657222756,0.003311037338348603,0.001847357404730518
94.51989428172347,95.06989428172346,0.002266526590326864,0.0033034863891512676,0.0018463841191756146
94.56989428172346,95.11989428172348,0.00226504513379538,0.003295023423230286,0.001844897002009754
94.61989428172346,95.16989428172347,0.0022629778563560115,0.003285632770515884,0.0018428898512524011
94.66989428172346,95.21989428172347,0.002260314219017508,0.0032753019639083334,0.0018403573201819159
94.71989428172347,95.26989428172348,0.0022570446813305134,0.003264021945596515,0.0018372949662574147
94.76989428172347,95.31989428172348,0.0022531607976731855,0.003251787253274195,0.0018336992990711264
94.81989428172346,95.36989428172348,0.0022486553112397115,0.003238596185372176,0.0018295678268918543
94.86989428172348,95.41989428172347,0.0022435222449611668,0.0032244509445610355,0.001824899101386459
94.91989428172347,95.46989428172347,0.0022377569886410757,0.0032093577588971013,0.001819692760133599
94.96989428172347,95.51989428172348,0.002231356381642149,0.003193326980083867,0.0018139495665719636
95.01989428172347,95.56989428172348,0.0022243187905151536,0.0031763731584026744,0.0018076714470535436
95.06989428172346,95.61989428172348,0.0022166441810147672,0.003158515093930445,0.0018008615247006557
95.11989428172348,95.66989428172349,0.0022083341840000215,0.0031397758637103615,0.0017935241497931372
95.16989428172347,95.71989428172348,0.002199392154767827,0.0031201828245742908,0.0017856649264391523
95.21989428172347,95.76989428172348,0.002189823225416591,0.0030997675913358746,0.0017772907353089211
95.26989428172348,95.81989428172348,0.002179634349882662,0.003078565990082543,0.0017684097522354036
95.31989428172348,95.86989428172348,0.002168834341334882,0.003056617986295619,0.001759031462509101
95.36989428172348,95.91989428172349,0.002157433901651508,0.0030339675875237664,0.001749166670715533
95.41989428172347,95.96989428172348,0.0021454456427393164,0.0030106627203292727,0.0017388275059836745
95.46989428172347,96.01989428172348,0.0021328840994862402,0.0029867550812234752,0.0017280274225312086
95.51989428172348,96.06989428172349,0.002119765734166815,0.0029622999613120237,0.001716781195408024
95.56989428172348,96.11989428172349,0.002106108932143924,0.0029373560443869662,0.0017051049113529276
95.61989428172348,96.16989428172349,0.002091933988730748,0.00291198517823791,0.0016930159546897647
95.66989428172349,96.21989428172348,0.002077263087094289,0.0028862521190147,0.0016805329881984998
95.71989428172348,96.26989428172348,0.0020621202670959736,0.002860224248565845,0.0016676759289038683
95.76989428172348,96.31989428172349,0.00204653138497658,0.0028339712648082975,0.0016544659187294841
95.81989428172348,96.36989428172349,0.0020305240638027054,0.0028075648453624144,0.001640925289968873
95.86989428172348,96.41989428172349,0.002014127634600349,0.0027810782849174713,0.001627077525526824
95.91989428172349,96.4698942817235,0.0019973730681094705,0.0027545861070859975,0.0016129472138852908
95.96989428172348,96.5198942817235,0.0019802928971021753,0.002728163651863238,0.0015985599987481773
96.01989428172348,96.56989428172349,0.0019629211292175267,0.002701886640235449,0.001583942523318987
96.06989428172349,96.61989428172349,0.0019452931502798713,0.0026758307179788284,0.0015691223691655283
96.11989428172349,96.66989428172349,0.0019274456180854312,0.002650070981255854,0.0015541279896268548
96.16989428172349,96.7198942817235,0.001909416346666368,0.002624681487241854,0.0015389886377205572
96.21989428172348,96.7698942817235,0.0018912441810738769,0.0025997347536897827,0.0015237342885142736
96.26989428172348,96.81989428172349,0.0018729688627638558,0.0025753012520475216,0.0015083955559348436
96.31989428172349,96.8698942817235,0.0018546308857225581,0.002551448899457024,0.001493003604002941
96.36989428172349,96.9198942817235,0.0018362713435371215,0.002528242555658575,0.0014775900525019427
96.41989428172349,96.9698942817235,0.001817931767698586,0.0025057435314621616,0.0014621868771179213
96.4698942817235,97.0198942817235,0.0017996539575249467,0.002484009115993019,0.001446826304124975
96.5198942817235,97.06989428172349,0.0017814798022095782,0.0024630921303284144,0.0014315406997372393
96.56989428172349,97.1198942817235,0.00176345109563697,0.0024430405153772422,0.001416362454307563
96.61989428172349,97.1698942817235,0.001745609344763357,0.002423896961874249,0.0014013238616237555
96.66989428172349,97.2198942817235,0.0017279955725327044,0.0024056985901350857,0.0013864569936369812
96.7198942817235,97.26989428172351,0.0017106501164877185,0.0023884766867241737,0.0013717935710540188
96.7698942817235,97.3198942817235,0.0016936124244367747,0.002372256504413819,0.0013573648303348569
96.81989428172349,97.3698942817235,0.001676920848747002,0.00235705713076545,0.0013432013877589944
96.8698942817235,97.4198942817235,0.0016606124410448214,0.0023428914293629737,0.001329333101355845
96.9198942817235,97.4698942817235,0.0016447227493102705,0.0023297660562110185,0.0013157889316340713
96.9698942817235,97.51989428172351,0.0016292856195419723,0.0023176815521310204,0.0013025968021880667
97.0198942817235,97.5698942817235,0.001614333004335282,0.0023066325102102645,0.00128978346140255
97.06989428172349,97.6198942817235,0.0015998947808463439,0.002296607815557441,0.0012773743466124312
97.1198942817235,97.66989428172351,0.0015859985806984651,0.002287590952870881,0.0012653934521988026
97.1698942817235,97.71989428172351,0.0015726696344137813,0.002279560375708256,0.0012538632032056672
97.2198942817235,97.76989428172351,0.0015599306329130641,0.0022724899299280486,0.0012428043361386292
97.26989428172351,97.8198942817235,0.0015478016085120998,0.0022663493226112645,0.0012322357886489928
97.3198942817235,97.8698942817235,0.0015362998376494373,0.0022611046269077804,0.0012221745998073612
97.3698942817235,97.91989428172351,0.0015254397673055253,0.0022567188127101327,0.0012126358226244483
97.4198942817235,97.96989428172351,0.0015152329667201005,0.0022531522928439652,0.0012036324503789696
97.4698942817235,98.01989428172351,0.001505688105589034,0.0022503634745673715,0.0011951753581608145
97.51989428172351,98.06989428172352,0.0014968109594347464,0.002248309306563894,0.001187273260832592
97.5698942817235,98.11989428172352,0.001488604442310479,0.0022469458122574954,0.001179932688356893
97.6198942817235,98.16989428172351,0.001481068666435737,0.0022462286011248065,0.0011731579791360498
97.66989428172351,98.21989428172351,0.0014742010277892272,0.002246113350679417,0.0011669512916744084
97.71989428172351,98.26989428172351,0.0014679963161276428,0.002246556252902477,0.001161312634510975
97.76989428172351,98.31989428172352,0.00146244684737599,0.0022475144200442827,0.001156239913995897
97.8198942817235,98.36989428172352,0.0014575426158680768,0.0022489462458785835,0.0011517289991116882
97.8698942817235,98.41989428172351,0.0014532714635219742,0.0022508117196174625,0.001147773802183895
97.91989428172351,98.46989428172353,0.0014496192627292599,0.0022530726907604454,0.001144366374000311
97.96989428172351,98.51989428172352,0.0014465701095282633,0.002255693084135061,0.001141497011575496
98.01989428172351,98.56989428172352,0.0014441065235254393,0.002258639065273595,0.0011391543765689649
98.06989428172352,98.61989428172352,0.0014422096510254732,0.002261879157054442,0.0011373256221988656
98.11989428172352,98.66989428172351,0.0014408594679251366,0.002265384309215244,0.0011359965263930156
98.16989428172351,98.71989428172353,0.0014400349791096714,0.0022691279229209004,0.0011351516288872839
98.21989428172351,98.76989428172352,0.0014397144113517156,0.0022730858330491,0.0011347743700157499
98.26989428172351,98.81989428172352,0.0014398753970370716,0.0022772362512469236,0.0011348472290330436
98.31989428172352,98.86989428172353,0.0014404951464136195,0.0022815596731232315,0.0011353518599596978
98.36989428172352,98.91989428172353,0.0014415506064631204,0.0022860387531822334,0.0011362692231371124
98.41989428172351,98.96989428172353,0.0014430186049153172,0.0022906581512826423,0.0011375797109096023
98.46989428172353,99.01989428172352,0.001444875978344955,0.002295404354531338,0.001139263266106192
98.51989428172352,99.06989428172352,0.001447099683702704,0.0023002654785976196,0.0011412994922635846
98.56989428172352,99.11989428172353,0.001449666893019749,0.0023052310524687343,0.0011436677548040165
98.61989428172352,99.16989428172353,0.001452555071384383,0.002310291790663216,0.0011463472726483436
98.66989428172351,99.21989428172353,0.0014557420386114694,0.002315439356878632,0.0011493171999980927
98.71989428172353,99.26989428172354,0.0014592060153075358,0.0023206661229757952,0.0011525566982539585
98.76989428172352,99.31989428172353,0.0014629256542735315,0.002325964927093918,0.0011560449982477238
98.81989428172352,99.36989428172353,0.0014668800583832464,0.002331328834550212,0.0011597614531467884
98.86989428172353,99.41989428172353,0.0014710487862287062,0.002336750905004103,0.0011636855825433905
98.91989428172353,99.46989428172353,0.0014754118469363124,0.002342223969160684,0.0011677971083639807
98.96989428172353,99.51989428172354,0.0014799496856317427,0.0023477404180508375,0.0011720759833285
99.01989428172352,99.56989428172353,0.0014846431610705912,0.0023532920076584723,0.0011765024127558083
99.06989428172352,99.61989428172353,0.0014894735169590464,0.002358869681370437,0.0011810568705524385
99.11989428172353,99.66989428172354,0.001494422348468081,0.0023644634124047586,0.0011857201102395388
99.16989428172353,99.71989428172354,0.0014994715653992492,0.002370062068032001,0.0011904731718700137
99.21989428172353,99.76989428172354,0.0015046033533940818,0.0023756532970473673,0.001195297385667562
99.26989428172354,99.81989428172353,0.0015098001344952864,0.002381223441582724,0.0012001743731840904
99.31989428172353,99.86989428172353,0.0015150445282703679,0.002386757473974453,0.00120508604672491
99.36989428172353,99.91989428172354,0.0015203193145993208,0.0023922389590309377,0.0012100146077347095
99.41989428172353,99.96989428172354,0.0015256073991110515,0.0023976500416789275,0.0012149425447739314
99.46989428172353,100.01989428172354,0.0015308917821306915,0.002402971459617609,0.001219852631647191
99.51989428172354,100.06989428172355,0.0015361555318741688,0.002408182580278764,0.0012247279261745697
99.56989428172353,nan,0.0015413817624999613,nan,0.001229551770024868
99.61989428172353,nan,0.0015465536175023394,nan,0.0012343077899584648
99.66989428172354,nan,0.0015516542588077846,nan,0.0012389799007578054
99.71989428172354,nan,0.001556666861818018,nan,0.0012435523100564562
99.76989428172354,nan,0.001561574616530577,nan,0.0012480095252142033
99.81989428172353,nan,0.0015663607347622724,nan,0.0012523363623261966
99.86989428172353,nan,0.0015710084634030725,nan,0.0012565179573994312
99.91989428172354,nan,0.001575501103538757,nan,0.0012605397796798979
99.96989428172354,nan,0.001579822035200467,nan,0.0012643876470689768
100.01989428172354,nan,0.0015839547474287164,nan,0.0012680477435280926
100.06989428172355,nan,0.001587882873278123,nan,0.0012715066383361443
100.11989428172355,nan,0.001591590229337715,nan,0.0012747513070349961
100.16989428172354,nan,0.0015950608592995052,nan,0.0012777691538738286
100.21989428172354,nan,0.0015982790810750475,nan,0.0012805480355434521
100.26989428172354,nan,0.0016012295369354623,nan,0.0012830762859764493
100.31989428172355,nan,0.0016038972461344028,nan,0.001285342741977885
100.36989428172355,nan,0.001606267659464978,nan,0.001287336769444089
100.41989428172354,nan,0.0016083267152003106,nan,0.001289048289923269
