times,tm_orig,P_opt,P_original,P_extrapolated
0.0,0.0,1.0,1.0,1.0
0.21355214021840388,0.28892348382489935,0.9775838698889388,0.9596212503732773,0.9775838698889388
0.42710428043680776,0.5778469676497987,0.9146074676030411,0.8517344906824702,0.9146074676030411
0.6406564206552117,0.8667704514746981,0.8217043429195285,0.7050850175651578,0.8217043429195285
0.8542085608736155,1.1556939352995974,0.7112021728230413,0.5456239699182714,0.7112021728230413
1.0677607010920194,1.4446174191244967,0.5934318848994113,0.3899810029349221,0.5934318848994113
1.2813128413104233,1.7335409029493962,0.4756771695860243,0.24964038539964997,0.4756771695860243
1.494864981528827,2.0224643867742955,0.3630151626602237,0.13691165652485582,0.3630151626602237
1.708417121747231,2.311387870599195,0.25987079761897497,0.07307261090274085,0.25987079761897497
1.921969261965635,2.600311354424094,0.17115848630575792,0.0707675530075347,0.17115848630575792
2.1355214021840387,2.8892348382489934,0.10399999349390235,0.07437582313049902,0.10399999349390235
2.3490735424024427,3.1781583220738927,0.07021848571730849,0.060099414422089686,0.07021848571730849
2.5626256826208467,3.4670818058987924,0.06992219945368838,0.07127817157613203,0.06992219945368838
2.7761778228392506,3.7560052897236917,0.07549244882723452,0.14570378259445468,0.07549244882723452
2.989729963057654,4.044928773548591,0.0708664489916114,0.25068670619559985,0.0708664489916114
3.203282103276058,4.274242107809263,0.05887091669884384,0.3423620319299006,0.05887091669884384
3.416834243494462,4.324242107809263,0.06455394617990615,0.36258374825652934,0.06455394617990615
3.630386383712866,4.374242107809263,0.10854958379990101,0.3827416775941791,0.10854958379990101
3.84393852393127,4.424242107809262,0.17644169215027078,0.40277313100190926,0.17644169215027078
4.0574906641496735,4.474242107809262,0.2564896129445537,0.42261684751577455,0.2564896129445537
4.2710428043680775,4.524242107809262,0.3419453688777837,0.4422130289425884,0.3419453688777837
4.274242107809263,4.574242107809262,0.34310080328659714,0.4615034003692481,0.3438643430217856
4.324242107809263,4.624242107809262,0.36329409935136353,0.48043128872113966,0.36402216471773685
4.374242107809263,4.6742421078092615,0.38341912879002427,0.4989417136591235,0.3841068302435878
4.424242107809262,4.724242107809261,0.40341332562017124,0.5169814865027033,0.404055921605277
4.474242107809262,4.774242107809261,0.4232155652998423,0.5344993138778286,0.4238084768320082
4.524242107809262,4.824242107809261,0.44276619988041516,0.5514459035272699,0.4433050255187642
4.574242107809262,4.874242107809261,0.4620071186163535,0.5677740702691377,0.46248764953372584
4.624242107809262,4.924242107809261,0.4808818264252176,0.5834388404998384,0.48130006135231296
4.6742421078092615,4.9742421078092605,0.49933553452974555,0.5983975539499907,0.49968769439786703
4.724242107809261,5.02424210780926,0.5173152590000438,0.6126099616425953,0.5175978011416438
4.774242107809261,5.07424210780926,0.534769923916658,0.6260383191912767,0.5349795557082997
4.824242107809261,5.12424210780926,0.5516504666092522,0.6386474747264888,0.5517841584606665
4.874242107809261,5.17424210780926,0.5679099429693916,0.6504049508591088,0.5679649405770024
4.924242107809261,5.22424210780926,0.5835036312440022,0.6612810201911204,0.5834774670389355
4.9742421078092605,5.274242107809259,0.5983891330264182,0.671248773967367,0.5982796367565388
5.02424210780926,5.324242107809259,0.6125264704014111,0.6802841835345987,0.6123317787949405
5.07424210780926,5.374242107809259,0.6258781783881848,0.6883661543371165,0.6255967438534281
5.12424210780926,5.424242107809259,0.6384093919747386,0.6954765722344266,0.6380399902966635
5.17424210780926,5.474242107809259,0.650087927158086,0.7016003419770812,0.6496296641581792
5.22424210780926,5.5242421078092585,0.6608843555047387,0.7067254177235234,0.6603366726358701
5.274242107809259,5.574242107809258,0.6707720718299336,0.7108428255242262,0.670134750682974
5.324242107809259,5.624242107809258,0.6797273546661226,0.7139466777403982,0.6790005203698797
5.374242107809259,5.674242107809258,0.6877294192542036,0.7160341794035836,0.6869135427548868
5.424242107809259,5.724242107809258,0.6947604628469692,0.7171056265600135,0.693856362057917
5.474242107809259,5.774242107809258,0.7008057021649096,0.7171643966798715,0.699814541981708
5.5242421078092585,5.824242107809257,0.7058534028910696,0.7162169312469562,0.7047766940714837
5.574242107809258,5.874242107809257,0.7098949011350218,0.7142727106787072,0.708734498047325
5.624242107809258,5.924242107809257,0.7129246168369049,0.7113442217603263,0.7116827140842374
5.674242107809258,5.974242107809257,0.7149400591214106,0.7074469178097903,0.713619187053685
5.724242107809258,6.024242107809257,0.7159418236489813,0.7025991718229411,0.7145448427775757
5.774242107809258,6.0742421078092566,0.7159335820476248,0.6968222228794247,0.7144636763816075
5.824242107809257,6.124242107809256,0.7149220635438551,0.6901401161209225,0.7133827328697531
5.874242107809257,6.174242107809256,0.7129170289455128,0.6825796366425608,0.7113120800755929
5.924242107809257,6.224242107809256,0.7099312371626662,0.6741702376662395,0.708264774179297
5.974242107809257,6.274242107809256,0.7059804044855056,0.6649439633902835,0.7042568180113286
6.024242107809257,6.324242107809256,0.7010831568700686,0.6549353669324692,0.699307112395335
6.0742421078092566,6.3742421078092555,0.6952609755136814,0.6441814238019886,0.6934374008130948
6.124242107809256,6.424242107809255,0.6885381360320045,0.6327214413486831,0.6866722077035976
6.174242107809256,6.474242107809255,0.6809416415781933,0.6205969646427695,0.6790387707360115
6.224242107809256,6.524242107809255,0.6725011502715431,0.6078516792323702,0.6705669674219626
6.274242107809256,6.574242107809255,0.6632488973274193,0.5945313112054827,0.6612892364555591
6.324242107809256,6.624242107809255,0.6532196123014128,0.5806835249423433,0.6512404941889645
6.3742421078092555,6.674242107809254,0.6424504318773191,0.5663578188763988,0.6404580466658292
6.424242107809255,6.724242107809254,0.6309808086390181,0.551605419478041,0.6289814976427135
6.474242107809255,6.774242107809254,0.6188524162684096,0.5364791735227655,0.61685265302747
6.524242107809255,6.824242107809254,0.6061090516021906,0.5210334384887062,0.6041154221501966
6.574242107809255,6.874242107809254,0.5927965339553446,0.5053239706275046,0.5908157162525918
6.624242107809255,6.9242421078092535,0.5789626020733385,0.48940780984176396,0.5770013445297542
6.674242107809254,6.974242107809253,0.564656809000974,0.47334315995064014,0.5627219079772502
6.724242107809254,7.024242107809253,0.5499304150441658,0.45718926219490497,0.5480286911759965
6.774242107809254,7.074242107809253,0.5348362788393024,0.44100625888074996,0.5329745519756781
6.824242107809254,7.124242107809253,0.5194287463173981,0.4248550428409402,0.5176138087980352
6.874242107809254,7.174242107809253,0.5037635370368077,0.4087970868570695,0.502002124954226
6.9242421078092535,7.2242421078092525,0.48789762693354366,0.3928942453027855,0.4861963889305885
6.974242107809253,7.274242107809252,0.47188912597141003,0.3772085180267,0.47025458901416767
7.024242107809253,7.324242107809252,0.4557971484285147,0.36180176393918717,0.45423567986795976
7.074242107809253,7.374242107809252,0.43968167259081015,0.34673534903322095,0.43819943768649716
7.124242107809253,7.424242107809252,0.4236033853930906,0.33206971093081955,0.4222062993247508
7.174242107809253,7.474242107809252,0.4076235060124969,0.3178638199830392,0.4063171792618468
7.2242421078092525,7.524242107809251,0.39180358055102293,0.3041745162112701,0.39059325641586107
7.274242107809252,7.574242107809251,0.37620523774346804,0.29105570302239925,0.3750957206799157
7.324242107809252,7.624242107809251,0.36088989315302583,0.2785573840151156,0.35988546667514254
7.374242107809252,7.674242107809251,0.34591838671880654,0.26672453982387895,0.34502271978171595
7.424242107809252,7.724242107809251,0.331350536092193,0.2555958591344839,0.33056657732909006
7.474242107809252,7.7742421078092505,0.3172445864393139,0.24520236228971462,0.31657444641554305
7.524242107809251,7.82424210780925,0.30365653705379,0.23556598625917677,0.30310135995073334
7.574242107809251,7.87424210780925,0.2906393272697662,0.22669823278755213,0.2901991552095147
7.624242107809251,7.92424210780925,0.27824187010149404,0.21859901111875124,0.27791550570583884
7.674242107809251,7.97424210780925,0.2665079331707858,0.2112558244676768,0.26629280883621087
7.724242107809251,8.02424210780925,0.25547488397001467,0.2046434466973622,0.2553669494722908
7.7742421078092505,8.07424210780925,0.2451723406636083,0.198724206528447,0.24516598357887648
7.82424210780925,8.124242107809248,0.235620799187629,0.19344894115861969,0.23570881448062914
7.87424210780925,8.174242107809249,0.22683033880319228,0.18875860734813435,0.22700396387846758
7.92424210780925,8.22424210780925,0.21879953536971705,0.18458646052109645,0.21904856406452794
7.97424210780925,8.274242107809249,0.21151472640386618,0.18086064844700417,0.21182770938399995
8.02424210780925,8.324242107809248,0.2049497664757012,0.17750702958407388,0.2053142965997702
8.07424210780925,8.374242107809248,0.1990663806302046,0.1744520233217962,0.19946945134854613
8.124242107809248,8.424242107809249,0.19381516821135022,0.1716253270640612,0.1942435830367563
8.174242107809249,8.474242107809248,0.18913723798214707,0.16896238319166829,0.18957804183994206
8.22424210780925,8.524242107809247,0.18496638206624813,0.16640653443541492,0.18540728270830792
8.274242107809249,8.574242107809248,0.18123163712840246,0.1639108573444907,0.18166138740254142
8.324242107809248,8.624242107809248,0.17786004901051153,0.1614397023204984,0.17826876782878354
8.374242107809248,8.674242107809247,0.17477945680904627,0.15896999117489494,0.17515887628977192
8.424242107809249,8.724242107809246,0.17192114058990834,0.15649232844258693,0.17226477680426466
8.474242107809248,8.774242107809247,0.1692222236881149,0.15401197120180835,0.16952547679549795
8.524242107809247,8.824242107809248,0.16662777353727884,0.15154967432160843,0.166887968687504
8.574242107809248,8.874242107809247,0.16409259328184633,0.14914238361568727,0.16430897617977458
8.624242107809248,8.924242107809246,0.16158273262206038,0.14684368792749464,0.16175643339868057
8.674242107809247,8.974242107809246,0.15907676679502888,0.14472386432843284,0.1592107434097843
8.724242107809246,9.024242107809247,0.15656689640637547,0.14286926611599418,0.15666586482327657
8.774242107809247,9.074242107809246,0.1540599082962785,0.14138073072022367,0.15413026156972837
8.824242107809248,9.124242107809245,0.1515780089720237,0.1403706603737802,0.15162772139501515
8.874242107809247,9.174242107809246,0.14915949700308048,0.1399585041565276,0.14919800278371398
8.924242107809246,9.224242107809246,0.1468591788838589,0.14026459570555297,0.14689720778072723
8.974242107809246,9.274242107809245,0.14474835632439967,0.14140268684215615,0.1447977022137676
9.024242107809247,9.324242107809244,0.1429141303834917,0.1434719882762524,0.1429873248113484
9.074242107809246,9.374242107809245,0.14145770013612827,0.14654990859373962,0.14156756482434782
9.124242107809245,9.424242107809246,0.1404913181364708,0.15068675822250846,0.140650382443687
9.174242107809246,9.474242107809244,0.14013365314197626,0.15590333881757498,0.14035344815773168
9.224242107809246,9.524242107809243,0.14050354894556405,0.16219166217145642,0.14079382857587128
9.274242107809245,9.574242107809244,0.14171255992118276,0.16951831201777187,0.14208054228961584
9.324242107809244,9.624242107809245,0.1438571051351798,0.1778294703674626,0.1443068573296594
9.374242107809245,9.674242107809244,0.14701143430135266,0.187056515729778,0.14754352005008398
9.424242107809246,9.724242107809243,0.15122263508216524,0.19712130379716997,0.15183409918470037
9.474242107809244,9.774242107809243,0.15650853431753978,0.20794059227697,0.1571932217766646
9.524242107809243,9.824242107809244,0.16285866548623176,0.21942941031542448,0.16360779751301605
9.574242107809244,9.874242107809243,0.1702377693827672,0.23150341275864222,0.17104065325836415
9.624242107809245,9.924242107809242,0.17859084282664178,0.2440803859858075,0.17943559050785918
9.674242107809244,9.974242107809243,0.18784866887571006,0.25708111106245324,0.18872283082257332
9.724242107809243,10.024242107809243,0.1979329796104319,0.2704297771392826,0.1988240449415881
9.774242107809243,10.074242107809242,0.20876075050299925,0.28405410246667084,0.20965650406056113
9.824242107809244,10.124242107809241,0.220247451838974,0.2978852803091045,0.22113620427746822
9.874242107809243,10.174242107809242,0.2323093092229875,0.31185783143195983,0.23318002760043569
9.924242107809242,10.224242107809243,0.24486474196606026,0.32590941679736424,0.24570710960772754
9.974242107809243,10.274242107809242,0.25783518181637527,0.33998064366182384,0.2586396121661305
10.024242107809243,10.32424210780924,0.2711454597107541,0.354014884167226,0.27190308301259175
10.074242107809242,10.374242107809241,0.2847239126923383,0.36795811622580715,0.2854265486694949
10.124242107809241,10.424242107809242,0.29850232395379755,0.3817587906368458,0.2991424490277909
10.174242107809242,10.474242107809241,0.3124157744601563,0.39536772484646754,0.3129864886464119
10.224242107809243,10.52424210780924,0.3264024575641712,0.4087380217716213,0.3268974538474974
10.274242107809242,10.57424210780924,0.3404034883591673,0.4218250110963054,0.34081702584549284
10.32424210780924,10.624242107809241,0.35436272596964546,0.4345862100361271,0.35468960719131176
10.374242107809241,10.67424210780924,0.3682266180651191,0.4469813005097365,0.3684621702923875
10.424242107809242,10.72424210780924,0.38194407126236674,0.45897211979533487,0.3820841314019416
10.474242107809241,10.77424210780924,0.3954663477047095,0.4705226619893886,0.3955072502491453
10.52424210780924,10.82424210780924,0.4087469862049241,0.48159908786381483,0.40868555367038367
10.57424210780924,10.87424210780924,0.4217417453744669,0.4921697410029203,0.42157528068745304
10.624242107809241,10.924242107809238,0.43440856577448816,0.5022051683734674,0.4341348461157766
10.67424210780924,10.97424210780924,0.4467075480769358,0.511678143731195,0.4463248197481293
10.72424210780924,11.02424210780924,0.4586009443658271,0.5205636924913072,0.45810791830234626
10.77424210780924,11.074242107809239,0.47005315994542424,0.5288391168885201,0.4694490075549533
10.82424210780924,11.124242107809238,0.48103076329680033,0.5364840204256278,0.48031511235215973
10.87424210780924,11.174242107809238,0.49150250210412477,0.5434803307604003,0.49067543246358586
10.924242107809238,11.22424210780924,0.5014393235388959,0.5498123203115055,0.5005013625051278
10.97424210780924,11.274242107809238,0.5108143972354113,0.5554666239774787,0.5097665143970015
11.02424210780924,11.324242107809237,0.5196031396105765,0.5604322534608903,0.5184467410379552
11.074242107809239,11.374242107809238,0.5277832383753863,0.5647006077747855,0.5265201600666536
11.124242107809238,11.424242107809238,0.5353346762554505,0.568265479581948,0.5339671767476132
11.174242107809238,11.474242107809237,0.5422397530859425,0.5711230570810053,0.5407705051639432
11.22424210780924,11.524242107809236,0.5484831055747722,0.57327192120802,0.5469151870248924
11.274242107809238,11.574242107809237,0.5540517241390106,0.5747130379688966,0.5523886075051062
11.324242107809237,11.624242107809238,0.558934966315888,0.5754497457573411,0.5571805076268027
11.374242107809238,11.674242107809237,0.5631245663330041,0.5754877375456616,0.561282992777607
11.424242107809238,11.724242107809236,0.5666146404944316,0.5748350378616213,0.5646905370272721
11.474242107809237,11.774242107809236,0.5694016881015553,0.5735019744838498,0.5673999829672141
11.524242107809236,11.824242107809237,0.5714845876808988,0.5715011448008119,0.5694105368488738
11.574242107809237,11.874242107809236,0.5728645883367188,0.56884737678362,0.5707237588411672
11.624242107809238,11.924242107809235,0.5735452960844413,0.5655576845205152,0.571343548264319
11.674242107809237,11.974242107809236,0.5735326550524351,0.5616512182498196,0.5712761236875905
11.724242107809236,12.024242107809236,0.5728349234644262,0.5571492088076372,0.5705299978019495
11.774242107809236,12.074242107809235,0.5714626443330015,0.5520749063754155,0.5691159469956134
11.824242107809237,12.124242107809234,0.5694286108059456,0.5464535133692949,0.5670469755703915
11.874242107809236,12.174242107809235,0.5667478261112313,0.5403121112566013,0.5643382745394822
11.924242107809235,12.224242107809236,0.5634374580427508,0.5336795810132409,0.5610071749422674
11.974242107809236,12.274242107809235,0.5595167879165648,0.5265865168476603,0.5570730955979664
12.024242107809236,12.324242107809235,0.5550071539056417,0.5190651327110205,0.55255748519682
12.074242107809235,12.374242107809234,0.5499318886286236,0.5111491609882469,0.5474837585937471
12.124242107809234,12.424242107809233,0.5443162508238453,0.5028737426201996,0.5418772271239366
12.174242107809235,12.474242107809234,0.5381873508822658,0.49427530774399053,0.5357650227013595
12.224242107809236,12.524242107809235,0.5315740699407296,0.4853914457585104,0.529176015388407
12.274242107809235,12.574242107809233,0.5245069721486882,0.47626076352987656,0.5221407240366275
12.324242107809235,12.624242107809232,0.5170182096159871,0.4669227302541404,0.5146912194938973
12.374242107809234,12.674242107809233,0.5091414194258105,0.4574175073035989,0.5068610197518765
12.424242107809233,12.724242107809234,0.5009116119552488,0.4477857612150392,0.4986849762695749
12.474242107809234,12.774242107809233,0.49236504958728694,0.43806845785613796,0.4901991505558295
12.524242107809235,12.824242107809232,0.48353911472489947,0.4283066357603558,0.4814406799286411
12.574242107809233,12.874242107809232,0.4744721658353172,0.4185411566894132,0.4724476311982637
12.624242107809232,12.924242107809233,0.46520338006846024,0.4088124317121668,0.46325884085239744
12.674242107809233,12.974242107809232,0.45577258082008343,0.39916012153254904,0.4539137401686413
12.724242107809234,13.024242107809231,0.4462200484645913,0.3896228105137874,0.4444521635593183
12.774242107809233,13.074242107809232,0.43658631238813944,0.3802376548858736,0.4349141383907003
12.824242107809232,13.124242107809232,0.42691192243998527,0.37104000703204426,0.4253396545429231
12.874242107809232,13.174242107809231,0.4172371980270389,0.3620630195491308,0.4157684121257555
12.924242107809233,13.22424210780923,0.4076019533482774,0.35333723495057845,0.40623954608225504
12.974242107809232,13.274242107809231,0.39804519775276,0.3448901693619369,0.3967913269448993
13.024242107809231,13.324242107809232,0.38860481096009214,0.336745901213148,0.3874608378050462
13.074242107809232,13.37424210780923,0.3793171939541873,0.3289246785528858,0.37828362865904286
13.124242107809232,13.42424210780923,0.3702168977864404,0.3214425609201147,0.3692933507311259
13.174242107809231,13.47424210780923,0.36133623431543543,0.3143111133778157,0.3605213751474359
13.22424210780923,13.524242107809231,0.3527048750420463,0.3075371709994253,0.3519964024120259
13.274242107809231,13.57424210780923,0.344349446594726,0.3011226914945064,0.3437440714295926
13.324242107809232,13.624242107809229,0.336293133940388,0.29506471156297853,0.3357865791859622
13.37424210780923,13.67424210780923,0.32855530483373474,0.28935541893609534,0.32814232442919494
13.42424210780923,13.72424210780923,0.3211511711017399,0.2839823470615703,0.32082559053045606
13.47424210780923,13.77424210780923,0.3140915037777158,0.27892869339772974,0.31384628385142743
13.524242107809231,13.824242107809228,0.30738241953328893,0.2741737558544372,0.3072097441158067
13.57424210780923,13.874242107809229,0.3010252550354134,0.26969347571731705,0.3009166422418616
13.624242107809229,13.92424210780923,0.29501654361304364,0.26546107007661046,0.2949629787137244
13.67424210780923,13.974242107809228,0.289348104947038,0.2614477329035477,0.2893401918774271
13.72424210780923,14.024242107809227,0.28400725358350576,0.2576233818280998,0.2840353807499666
13.77424210780923,14.074242107809228,0.2789771262967288,0.25395742747859146,0.27903164140789133
13.824242107809228,14.124242107809229,0.2742371222320225,0.2504195438061189,0.2743085102926471
13.874242107809229,14.174242107809228,0.2697634439635868,0.2469804207940517,0.26984250241266444
13.92424210780923,14.224242107809227,0.2655297227153203,0.24361248487584913,0.2656077279886456
13.974242107809228,14.274242107809227,0.2615077075082097,0.24029057673731494,0.2615765680147536
14.024242107809227,14.324242107809228,0.25766799621961833,0.2369925804710354,0.25772038774762396
14.074242107809228,14.374242107809227,0.2539807865403445,0.23370000186263237,0.2540102673273795
14.124242107809229,14.424242107809226,0.25041662644204116,0.23039849659559378,0.25041773041612786
14.174242107809228,14.474242107809227,0.24694714668676493,0.22707835112781052,0.24691545458552772
14.224242107809227,14.524242107809227,0.24354576167586928,0.22373491974947066,0.24347795077483828
14.274242107809227,14.574242107809226,0.24018832906317586,0.22036902074576412,0.24008220302390254
14.324242107809228,14.624242107809225,0.2368537625892345,0.21698729253339422,0.2367082634381147
14.374242107809227,14.674242107809226,0.23352459613965226,0.21360250698189948,0.23333980060409965
14.424242107809226,14.724242107809227,0.23018749978637987,0.2102338317306084,0.22996460216198564
14.474242107809227,14.774242107809226,0.22683375031181974,0.2069070260703391,0.22657503373963436
14.524242107809227,14.824242107809225,0.2234596592758194,0.2036545459108995,0.22316845680354958
14.574242107809226,14.874242107809225,0.220066960929924,0.20051552283237406,0.21974760704336807
14.624242107809225,14.924242107809226,0.21666316008199654,0.1975355710822815,0.21632093254898943
14.674242107809226,14.974242107809225,0.21326183623060305,0.19476636630996083,0.21290288712468072
14.724242107809227,15.024242107809224,0.2098828947895532,0.19226493357605864,0.20951416848919727
14.774242107809226,15.074242107809225,0.20655274892844133,0.19009258363361647,0.20618188377859178
14.824242107809225,15.124242107809225,0.20330440653799364,0.18831345030668714,0.20293961581677517
14.874242107809225,15.174242107809224,0.20017742648224052,0.1869926122997799,0.19982735351011324
14.924242107809226,15.224242107809223,0.19721769756985477,0.18619383192035008,0.19689123949533913
14.974242107809225,15.274242107809224,0.19447698433951519,0.18597700805617598,0.1941830796998496
15.024242107809224,15.324242107809225,0.1920121786413785,0.18639551142821628,0.1917595556650794
15.074242107809225,15.374242107809224,0.18988419901245215,0.1874936298750057,0.18968108522328883
15.124242107809225,15.424242107809222,0.18815649550591446,0.18930438030337463,0.1880102947326542
15.174242107809224,15.474242107809223,0.18689314988150307,0.19184792611867835,0.18681010006268783
15.224242107809223,15.524242107809224,0.1861566112372406,0.19513077064703185,0.18614144452637077
15.274242107809224,15.574242107809223,0.18600517155860635,0.1991457908177076,0.18606080546257261
15.324242107809225,15.624242107809222,0.1864903537518597,0.203873057083671,0.1866176460600385
15.374242107809224,15.674242107809222,0.18765443967134918,0.20928128491501355,0.18785203850847235
15.424242107809222,15.724242107809223,0.1895283883610654,0.21532970238051355,0.18979270062972653
15.474242107809223,15.774242107809222,0.19213037108158076,0.2219701048919084,0.19245565858032102
15.524242107809224,15.824242107809221,0.19546507794321505,0.22914889512898268,0.19584367339755493
15.574242107809223,15.874242107809222,0.19952384507023144,0.23680895770902277,0.199946464346887
15.624242107809222,15.924242107809222,0.20428553710867162,0.24489127712619665,0.20474165292148946
15.674242107809222,15.974242107809221,0.2097180258224896,0.25333626068808585,0.21019626450195278
15.724242107809223,16.024242107809222,0.21578005148087406,0.262084768512825,0.21626857773240182
15.774242107809222,16.07424210780922,0.22242324534584873,0.2710788784348937,0.22291010829528574
15.824242107809221,16.124242107809224,0.22959412088145378,0.2802624267070824,0.23006754519414507
15.874242107809222,16.17424210780922,0.23723589268489886,0.2895813690063683,0.2376845085302936
15.924242107809222,16.224242107809218,0.24529003924282777,0.298984003895853,0.24570305269585527
15.974242107809221,16.274242107809222,0.2536975762733357,0.30842109539426255,0.2540648867960192
16.024242107809222,16.32424210780922,0.26240004531251626,0.3178459246560383,0.2627123194423778
16.07424210780922,16.37424210780922,0.271340246090778,0.3272142941989841,0.2715889569902218
16.124242107809224,16.42424210780922,0.2804627530451205,0.3364845022785804,0.2806401948462695
16.17424210780922,16.474242107809218,0.2897142592791039,0.34561730015291814,0.28981354380159996
16.224242107809218,16.524242107809222,0.2990437886994555,0.35457584113165064,0.2990588305627319
16.274242107809222,16.57424210780922,0.30840281159700195,0.3633256273587466,0.3083283062616849
16.32424210780922,16.624242107809216,0.3177452924684162,0.37183445809635124,0.3175766904586454
16.37424210780922,16.67424210780922,0.32702769253666275,0.3800723817028346,0.3267611720616998
16.42424210780922,16.724242107809218,0.33620894381591004,0.3880116523930927,0.33584138321882945
16.474242107809218,16.77424210780922,0.3452504069098815,0.3956266921159845,0.3447793577916456
16.524242107809222,16.82424210780922,0.3541158210437447,0.4028940573883349,0.35353948250238654
16.57424210780922,16.874242107809216,0.36277125201119603,0.4097924106144638,0.36208844615887237
16.624242107809216,16.92424210780922,0.37118504162902355,0.41630249523955826,0.37039519037019664
16.67424210780922,16.974242107809218,0.37932776078414837,0.42240711399382497,0.3784308637285418
16.724242107809218,17.024242107809215,0.3871721670999031,0.4280911094526908,0.38616878042280384
16.77424210780922,17.07424210780922,0.3946931675267427,0.433341346145103,0.39358438356090036
16.82424210780922,17.124242107809216,0.40186778568782444,0.43814669347242313,0.4006552130241499
16.874242107809216,17.174242107809217,0.40867513351238544,0.4424980087439713,0.4073608773927946
16.92424210780922,17.224242107809218,0.41509638651676695,0.44638811968487485,0.41368302931632484
16.974242107809218,17.274242107809215,0.42111476200556675,0.44981180582270536,0.41960534361875806
17.024242107809215,17.32424210780922,0.42671549943530723,0.4527657782081761,0.42511349740040694
17.07424210780922,17.374242107809216,0.4318858421898862,0.45524865696990197,0.4301951514044202
17.124242107809216,17.424242107809214,0.43661502004668407,0.4572609462425833,0.4348399319449452
17.174242107809217,17.474242107809218,0.44089423165439195,0.45880500604114866,0.43903941273439745
17.224242107809218,17.524242107809215,0.44471662639162096,0.45988502068002923,0.44278709599349264
17.274242107809215,17.574242107809216,0.4480772850244683,0.46050696335660607,0.4460783922749587
17.32424210780922,17.624242107809216,0.4509731986283416,0.460678556531029,0.44891059847714515
17.374242107809216,17.674242107809214,0.45340324528251597,0.4604092277411991,0.4512828735652389
17.424242107809214,17.724242107809218,0.4553681640838393,0.4597100604920488,0.45319621155424333
17.474242107809218,17.774242107809215,0.45687052605797324,0.458593739852834,0.45465341133857484
17.524242107809215,17.824242107809212,0.4579147015722016,0.45707449238560527,0.4556590429777649
17.574242107809216,17.874242107809216,0.45850682387297387,0.45516802001334117,0.4562194100661876
17.624242107809216,17.924242107809214,0.4586547483840786,0.45289142741856125,0.456342507827068
17.674242107809214,17.974242107809214,0.4583680074078204,0.4502631425443192,0.45603797657752937
17.724242107809218,18.024242107809215,0.4576577598722186,0.44730282975137803,0.455317050212522
17.774242107809215,18.074242107809212,0.4565367357625322,0.44403129517082723,0.45419249935173284
17.824242107809212,18.124242107809216,0.4550191748661492,0.44047038378383757,0.4526785687858426
17.874242107809216,18.174242107809214,0.45312075944701125,0.4366428677637808,0.45079090884785733
17.924242107809214,18.22424210780921,0.4508585404506367,0.4325723256355652,0.44854650032309895
17.974242107809214,18.274242107809215,0.4482508568251702,0.42828301184855505,0.4459635724996369
18.024242107809215,18.324242107809212,0.4453172475299536,0.42379971642934733,0.44306151395176174
18.074242107809212,18.374242107809213,0.4420783557936532,0.41914761448613064,0.4398607756453872
18.124242107809216,18.424242107809214,0.43855582518245323,0.414352105484739,0.4363827659595096
18.174242107809214,18.47424210780921,0.4347721870493817,0.409438642414977,0.4326497372361747
18.22424210780921,18.524242107809215,0.43075073896337107,0.4044325512207541,0.4286846635075902
18.274242107809215,18.574242107809212,0.42651541376684204,0.3993588411835468,0.424511109108561
18.324242107809212,18.62424210780921,0.42209063898966187,0.39424200732757747,0.42015308797119794
18.374242107809213,18.674242107809214,0.417501186461999,0.3891058263547269,0.4156349135231056
18.424242107809214,18.72424210780921,0.4127720121256943,0.38397314811013417,0.41098103927613233
18.47424210780921,18.77424210780921,0.40792808624967025,0.37886568511201035,0.4062158904057824
18.524242107809215,18.824242107809212,0.4029942145150359,0.3738038032304013,0.40136368688588653
18.574242107809212,18.87424210780921,0.3979948507533354,0.3688063171409676,0.39644825906133374
18.62424210780921,18.924242107809214,0.3929539024973928,0.3638902946757916,0.3914928569127411
18.674242107809214,18.97424210780921,0.38789453093500414,0.3590708746027051,0.38651995468616057
18.72424210780921,19.024242107809208,0.38283894733263096,0.35436110264361215,0.3815510530183503
18.77424210780921,19.074242107809212,0.37780820850458635,0.3497717906477752,0.37660648116821743
18.824242107809212,19.12424210780921,0.3728220144214878,0.3453114037304028,0.37170520244594446
18.87424210780921,19.17424210780921,0.36789851155157677,0.3409859798433264,0.36686462638500367
18.924242107809214,19.22424210780921,0.36305410597547577,0.3367990856518045,0.36210043159577027
18.97424210780921,19.274242107809208,0.3583032906700017,0.3327518117575623,0.3574264035361271
19.024242107809208,19.324242107809212,0.3536584915789963,0.32884280926269205,0.35285429159710835
19.074242107809212,19.37424210780921,0.3491299371398852,0.3250683684624062,0.3483936898959247
19.12424210780921,19.424242107809206,0.34472555578111236,0.3214225391551046,0.344051945967058
19.17424210780921,19.47424210780921,0.340450905526052,0.31789729074605644,0.3398341011281736
19.22424210780921,19.524242107809208,0.3363091392269776,0.31448270908063986,0.33574286566964584
19.274242107809208,19.57424210780921,0.33230100811997776,0.31116722585479006,0.33177863118993567
19.324242107809212,19.62424210780921,0.3284249053701001,0.30793787558177016,0.32793952140741234
19.37424210780921,19.674242107809206,0.3246769501158488,0.3047805744940959,0.32422148167235204
19.424242107809206,19.72424210780921,0.32105111128932645,0.30168041545274205,0.3206184062437156
19.47424210780921,19.774242107809208,0.3175393692584744,0.29862197292341297,0.3171223012543921
19.524242107809208,19.824242107809205,0.3141319121889875,0.2955896123398088,0.31372348023701413
19.57424210780921,19.87424210780921,0.3108173630284504,0.29256779866603316,0.310410788185274
19.62424210780921,19.924242107809206,0.307583032234146,0.2895413996411732,0.3071718494352073
19.674242107809206,19.974242107809207,0.30441519084054336,0.28649597997855075,0.30399333420211205
19.72424210780921,20.024242107809208,0.3012993582128376,0.28341808363910065,0.3008612384165762
19.774242107809208,20.074242107809205,0.298220598856667,0.2802955021453909,0.29776117156219317
19.824242107809205,20.12424210780921,0.2951638229285083,0.27711752769944265,0.29467864750440276
19.87424210780921,20.174242107809206,0.29211408557699065,0.2738751905714755,0.29159937377669254
19.924242107809206,20.224242107809204,0.28905688089182724,0.27056148080393616,0.2885095354095188
19.974242107809207,20.274242107809208,0.2859784269881216,0.26717155469839776,0.2853960700966758
20.024242107809208,20.324242107809205,0.28286593955268036,0.26370292679931406,0.28224693224126607
20.074242107809205,20.37424210780921,0.27970789197255874,0.2601556481370019,0.27905134416011346
20.12424210780921,20.424242107809206,0.27649426090759777,0.25653247132021095,0.275800033408459
20.174242107809206,20.474242107809204,0.2732167568187951,0.2528390026499854,0.2724854557796736
20.224242107809204,20.524242107809208,0.2698690394909097,0.2490838407297429,0.2691020040073026
20.274242107809208,20.574242107809205,0.26644691896444594,0.24527870003463675,0.26564620252390714
20.324242107809205,20.624242107809202,0.26294854249648675,0.24143851653665582,0.2621168887903714
20.37424210780921,20.674242107809206,0.25937456818020993,0.23758153072445462,0.2585153816788192
20.424242107809206,20.724242107809204,0.25572832564620784,0.2337293411878835,0.2548456371482775
20.474242107809204,20.774242107809208,0.2520159638180954,0.22990691937057364,0.25111439096744564
20.524242107809208,20.824242107809205,0.2482465849686087,0.22614257320645043,0.24733128748169972
20.574242107809205,20.874242107809202,0.24443236328419582,0.2224678443245253,0.2435089923567332
20.624242107809202,20.924242107809206,0.24058864475853878,0.21891732065238523,0.23966328582434793
20.674242107809206,20.974242107809204,0.236734023466732,0.21552834408185967,0.2358131311805208
20.724242107809204,21.0242421078092,0.23289038710857363,0.2123405921043915,0.23198071113692934
20.774242107809208,21.074242107809205,0.22908292217637793,0.2093955139003868,0.22819142214181848
20.824242107809205,21.124242107809202,0.22534006629137976,0.20673560630128096,0.22447381407203348
20.874242107809202,21.174242107809206,0.22169339235812918,0.2044035242576947,0.22085945996944428
20.924242107809206,21.224242107809204,0.2181774065492914,0.202441034430072,0.2173827381124218
20.974242107809204,21.2742421078092,0.21482924027967426,0.20088783890248996,0.2140805072164097
21.0242421078092,21.324242107809205,0.2116882159871199,0.1997803171866422,0.21099165567624437
21.074242107809205,21.374242107809202,0.20879526861370334,0.1991502555803663,0.20815650837499305
21.124242107809202,21.4242421078092,0.20619221014576514,0.1990236493531044,0.20561608059615397
21.174242107809206,21.474242107809204,0.20392083424927576,0.19941967059736962,0.20341117869705974
21.224242107809204,21.5242421078092,0.20202187227057272,0.20034988934634812,0.2015813616137249
21.2742421078092,21.574242107809205,0.20053383012130582,0.20181781653683656,0.20016379525092468
21.324242107809205,21.624242107809202,0.19949175605608493,0.2038188066825746,0.1991920514446089
21.374242107809202,21.6742421078092,0.19892600896300097,0.20634032090391072,0.19869492130820224
21.4242421078092,21.724242107809204,0.198861111391879,0.20936251420959706,0.19869532539864163
21.474242107809204,21.7742421078092,0.1993147768803284,0.21285908139447712,0.19920940634179796
21.5242421078092,21.824242107809198,0.20029719409248756,0.21679827823081146,0.20024588072309646
21.574242107809205,21.874242107809202,0.20181063017994058,0.22114403025709406,0.20180570600331263
21.624242107809202,21.9242421078092,0.20384938506159644,0.22585704881986196,0.20388208774823413
21.6742421078092,21.974242107809204,0.20640009226522502,0.23089588947751763,0.2064608178464317
21.724242107809204,22.0242421078092,0.2094423272913721,0.236217907134101,0.2095209020156083
21.7742421078092,22.074242107809198,0.21294945738676213,0.2417800815330385,0.21303541043669974
21.824242107809198,22.124242107809202,0.21688965119630757,0.24753970336514222,0.21697247225411986
21.874242107809202,22.1742421078092,0.22122696401273503,0.2534549238977716,0.22129633351260536
21.9242421078092,22.224242107809197,0.22592242246530797,0.25948517946884897,0.22596840689571163
21.974242107809204,22.2742421078092,0.23093504790507868,0.2655915068819759,0.23094825689082174
22.0242421078092,22.324242107809198,0.2362227763760164,0.2717367675058956,0.2361944819006852
22.074242107809198,22.374242107809202,0.24174325138955802,0.2778857976100794,0.24166547213064182
22.124242107809202,22.4242421078092,0.2474544813571006,0.2840055009467824,0.24732003667395558
22.1742421078092,22.474242107809197,0.2533153653213056,0.29006489743505715,0.25311790410675855
22.224242107809197,22.5242421078092,0.2592860984049909,0.29603513944777016,0.2590201080111614
22.2742421078092,22.574242107809198,0.26532847265341464,0.30188950492403904,0.26498927266695843
22.324242107809198,22.624242107809195,0.27140609047283937,0.30760337447939795,0.27098981544672746
22.374242107809202,22.6742421078092,0.27748450750552967,0.31315419793163274,0.27698808200535846
22.4242421078092,22.724242107809197,0.2835313202683271,0.31852145421388633,0.28295242886129246
22.474242107809197,22.7742421078092,0.2895162117935134,0.32368660748888245,0.2888532659548428
22.5242421078092,22.824242107809198,0.29541096624955354,0.32863306137391346,0.2946630696099801
22.574242107809198,22.874242107809195,0.30118946134027436,0.3333461124953035,0.30035637425377004
22.624242107809195,22.9242421078092,0.3068276453245479,0.3378129040735668,0.3059097493906276
22.6742421078092,22.974242107809197,0.3123035038257546,0.3420223798606883,0.31130176674186216
22.724242107809197,23.024242107809194,0.3175970202214522,0.3459652384780697,0.31651296115307
22.7742421078092,23.074242107809198,0.3226901322995477,0.3496338880123186,0.3215257878240228
22.824242107809198,23.124242107809195,0.3275666870044306,0.3530224005959208,0.32632457759608313
22.874242107809195,23.1742421078092,0.3322123944365718,0.3561264666148787,0.33089549140456975
22.9242421078092,23.224242107809197,0.3366147817742995,0.3589433481333411,0.33522647453236715
22.974242107809197,23.274242107809194,0.3407631474229237,0.3614718310968933,0.33930721095440625
23.024242107809194,23.324242107809198,0.34464851543482933,0.36371217586457094,0.34312907781292423
23.074242107809198,23.374242107809195,0.3482635900605924,0.3656660656200236,0.346685099887893
23.124242107809195,23.424242107809192,0.3516027101662157,0.3673365522211133,0.3499699038074851
23.1742421078092,23.474242107809197,0.3546618031700565,0.368727999062455,0.35297967166547134
23.224242107809197,23.524242107809194,0.35743833810321307,0.3698460205457597,0.3557120936650066
23.274242107809194,23.574242107809198,0.35993127737028,0.3706974177778425,0.3581663193830279
23.324242107809198,23.624242107809195,0.3621410267769152,0.37129011014593644,0.36034290724023277
23.374242107809195,23.674242107809192,0.3640693833919774,0.37163306245513195,0.36224377176401457
23.424242107809192,23.724242107809197,0.3657194808218427,0.37173620735430224,0.36387212824268833
23.474242107809197,23.774242107809194,0.3670957314908646,0.3716103628260847,0.3652324343869601
23.524242107809194,23.82424210780919,0.36820376554362905,0.3712671445747729,0.36633032863779486
23.574242107809198,23.874242107809195,0.36905036601128,0.37071887321494573,0.3671725647882124
23.624242107809195,23.924242107809192,0.3696433999158345,0.3699784762447851,0.36776694262023346
23.674242107809192,23.974242107809197,0.36999174502371457,0.36905938488270196,0.36812223429776275
23.724242107809197,24.024242107809194,0.3701052120035937,0.36797542595514193,0.3682481063025034
23.774242107809194,24.07424210780919,0.3699944617952619,0.3667407091478024,0.36815503675408856
23.82424210780919,24.124242107809195,0.36967091805693847,0.36536951007187524,0.3678542280187446
23.874242107809195,24.174242107809192,0.36914667462962764,0.3638761497502646,0.3673575145840803
23.924242107809192,24.22424210780919,0.3684343980400821,0.3622748712939783,0.36667726626220665
23.974242107809197,24.274242107809194,0.36754722515981897,0.3605797147127279,0.365826286880103
24.024242107809194,24.32424210780919,0.36649865624717837,0.3588043909815314,0.3648177087255031
24.07424210780919,24.374242107809195,0.3653024437228784,0.35696215666078,0.3636648831384474
24.124242107809195,24.424242107809192,0.36397247716648234,0.3550656905334931,0.3623812677723142
24.174242107809192,24.47424210780919,0.36252266517028675,0.3531269738718705,0.3609803111919603
24.22424210780919,24.524242107809194,0.36096681484606097,0.35115717606665003,0.3594753356279778
24.274242107809194,24.57424210780919,0.359318509945285,0.34916654743768216,0.35787941886131447
24.32424210780919,24.624242107809188,0.35759098872027456,0.3471643210835116,0.35620527636680643
24.374242107809195,24.674242107809192,0.355797022815889,0.3451586256136202,0.3544651449916222
24.424242107809192,24.72424210780919,0.3539487986322555,0.3431564105331801,0.3526706695784264
24.47424210780919,24.774242107809194,0.3520578027300853,0.3411633859131811,0.35083279405564427
24.524242107809194,24.82424210780919,0.35013471295316523,0.33918397777833237,0.348961658600751
24.57424210780919,24.874242107809188,0.3481892970088365,0.3372213003844595,0.34706650452926757
24.624242107809188,24.924242107809192,0.34623032026866374,0.3352771462434326,0.34515558856512546
24.674242107809192,24.97424210780919,0.3442654645211911,0.33335199439762647,0.3432361081016018
24.72424210780919,25.024242107809187,0.34230125932169786,0.33144503706142703,0.3413141389623223
24.774242107809194,25.07424210780919,0.34034302743782013,0.329554224350478,0.33939458701763026
24.82424210780919,25.124242107809188,0.3383948456854483,0.3276763264275056,0.33748115480449986
24.874242107809188,25.174242107809192,0.33645952219043385,0.3258070120240452,0.33557632404277177
24.924242107809192,25.22424210780919,0.3345385908058964,0.32394094196626716,0.3336813546446
24.97424210780919,25.274242107809187,0.3326323230728966,0.32207187605406895,0.3317963004880566
25.024242107809187,25.32424210780919,0.3307397577473418,0.32019279142616114,0.3299200418825955
25.07424210780919,25.374242107809188,0.328858747543375,0.31829601039652533,0.3280503343076623
25.124242107809188,25.424242107809185,0.32698602237919844,0.31637333567192355,0.3261838726707859
25.174242107809192,25.47424210780919,0.3251172680710992,0.31441619085454237,0.3243163700221528
25.22424210780919,25.524242107809187,0.32324721911977744,0.3124157641932912,0.32244264939166667
25.274242107809187,25.57424210780919,0.32136976398196565,0.31036315366381517,0.3205567471921696
25.32424210780919,25.624242107809188,0.31947806102879256,0.3082495116208666,0.31865202646638957
25.374242107809188,25.674242107809185,0.31756466326568256,0.3060661874660353,0.3167212981494166
25.424242107809185,25.72424210780919,0.315621649828481,0.30380486699734505,0.31475694847395663
25.47424210780919,25.774242107809187,0.3136407622749976,0.30145770734347266,0.31275107065991137
25.524242107809187,25.824242107809184,0.3116135437551162,0.2990174666239036,0.31069559909785105
25.57424210780919,25.874242107809188,0.30953147925842966,0.29647762770789,0.30858244435042786
25.624242107809188,25.924242107809185,0.30738613529654407,0.2938325156617709,0.30640362744787125
25.674242107809185,25.97424210780919,0.30516929756730693,0.2910774086695624,0.3041514121338184
25.72424210780919,26.024242107809187,0.3028731053595019,0.2882086423804985,0.30181843391601587
25.774242107809187,26.074242107809184,0.30049018167857555,0.28522370777509676,0.29939782498341705
25.824242107809184,26.124242107809188,0.298013758297128,0.2821213427447111,0.2968833342581437
25.874242107809188,26.174242107809185,0.2954377951496747,0.2789016176448648,0.2942694420499881
25.924242107809185,26.224242107809182,0.29275709369234765,0.2755660151062056,0.2915514689658991
25.97424210780919,26.274242107809187,0.2899674040286752,0.27211750436417403,0.2887256788917069
26.024242107809187,26.324242107809184,0.28706552575746475,0.268560610293741,0.28578937600349974
26.074242107809184,26.374242107809188,0.2840494026238852,0.26490147720167667,0.28274099587750423
26.124242107809188,26.424242107809185,0.28091821114652027,0.2611479272267851,0.2795801908464669
26.174242107809185,26.474242107809182,0.2776724434477319,0.257309512917501,0.2763079097935321
26.224242107809182,26.524242107809187,0.2743139845282694,0.25339756318387835,0.2729264725774504
26.274242107809187,26.574242107809184,0.2708461841949108,0.24942522134398126,0.2694396392406696
26.324242107809184,26.62424210780918,0.26727392376619424,0.2454074733904713,0.26585267405840807
26.374242107809188,26.674242107809185,0.26360367753861547,0.24136116388228673,0.2621724043348062
26.424242107809185,26.724242107809182,0.25984356878510523,0.2373049960162229,0.2584072736327602
26.474242107809182,26.774242107809187,0.25600341976845076,0.23325951146413149,0.25456738882671115
26.524242107809187,26.824242107809184,0.2520947948727515,0.22924704450375716,0.2506645599813558
26.574242107809184,26.87424210780918,0.24813103547368953,0.22529164388507208,0.24671233157269343
26.62424210780918,26.924242107809185,0.24412728457219007,0.22141895486041627,0.24272600297181765
26.674242107809185,26.974242107809182,0.24010049849881793,0.2176560530180106,0.23872263540169783
26.724242107809182,27.02424210780918,0.236069442158541,0.21403122120534676,0.23472104175702957
26.774242107809187,27.074242107809184,0.23205466334155558,0.21057366117963508,0.23074175476574657
26.824242107809184,27.12424210780918,0.22807844061114302,0.2073131329858212,0.22680696800874975
26.87424210780918,27.174242107809185,0.22416469825973206,0.20427951774976955,0.22294044337321917
26.924242107809185,27.224242107809182,0.22033888090599726,0.2015023038313109,0.21916737770632333
26.974242107809182,27.27424210780918,0.21662777964524021,0.1990100021959468,0.21551422091953634
27.02424210780918,27.324242107809184,0.21305930147375912,0.19682950425279122,0.21200843777926925
27.074242107809184,27.37424210780918,0.2096621742477305,0.19498540371934717,0.20867820636060588
27.12424210780918,27.424242107809178,0.2064655810017749,0.19349931234809892,0.20555204791179527
27.174242107809185,27.474242107809182,0.2034987203249982,0.19238920626748646,0.20265838592826682
27.224242107809182,27.52424210780918,0.20079029387759428,0.1916688437695667,0.20002503672479233
27.27424210780918,27.574242107809184,0.19836792806315254,0.19134729529491867,0.197678639701281
27.324242107809184,27.62424210780918,0.19625754411250193,0.19142862133801092,0.1956440425278065
27.37424210780918,27.674242107809178,0.19448269878932412,0.19191172410362725,0.19394366399390017
27.424242107809178,27.724242107809182,0.19306392561956018,0.19279038506513504,0.19259686429728687
27.474242107809182,27.77424210780918,0.19201811269438296,0.19405348503809236,0.1916193578591525
27.52424210780918,27.824242107809177,0.19135795631641345,0.19568538835590912,0.19102270607740468
27.574242107809184,27.87424210780918,0.19109152887822084,0.1976664604651622,0.19081392575754327
27.62424210780918,27.924242107809178,0.1912219937717918,0.19997368035470314,0.19099524286268382
27.674242107809178,27.974242107809182,0.19174749005985112,0.20258130635343752,0.19156401107625193
27.724242107809182,28.02424210780918,0.19266119625131226,0.20546155566220953,0.19251280168948143
27.77424210780918,28.074242107809177,0.19395156771575217,0.20858526346710463,0.19382965736125485
27.824242107809177,28.12424210780918,0.19560272827995104,0.21192249517786693,0.19549848942860906
27.87424210780918,28.174242107809178,0.1975949854171355,0.21544309379948,0.19749958849936972
27.924242107809178,28.224242107809175,0.19990543156043653,0.21911715249196137,0.19981021221118925
27.974242107809182,28.27424210780918,0.2025085919378348,0.2229154092128322,0.2024052126258849
28.02424210780918,28.324242107809177,0.20537708153889958,0.22680956558233842,0.20525766827660966
28.074242107809177,28.37424210780918,0.208482239331438,0.2307725357079542,0.20833949136517194
28.12424210780918,28.424242107809178,0.21179471528614424,0.23477863281936684,0.21162198774009686
28.174242107809178,28.474242107809175,0.21528499380116464,0.23880370248235505,0.21507635484887927
28.224242107809175,28.52424210780918,0.21892384466981896,0.2428252111967663,0.21867410988505645
28.27424210780918,28.574242107809177,0.22268269910018795,0.24682229863594682,0.22238744622492082
28.324242107809177,28.624242107809174,0.22653395314379957,0.25077580089762713,0.22618952069163617
28.37424210780918,28.674242107809178,0.23045120419107432,0.2546682510953906,0.23005467718671915
28.424242107809178,28.724242107809175,0.23440942811169996,0.2584838625550456,0.23395861395683035
28.474242107809175,28.77424210780918,0.23838510542908067,0.26220849887364495,0.2378785024724155
28.52424210780918,28.824242107809177,0.24235630491639162,0.2658296341965952,0.2417930658594046
28.574242107809177,28.874242107809174,0.24630273246232778,0.26933630629050404,0.24568262429905519
28.624242107809174,28.924242107809178,0.2502057522043706,0.27271906433926685,0.24952911400245661
28.674242107809178,28.974242107809175,0.25404838593811907,0.27596991286148886,0.253316085432659
28.724242107809175,29.024242107809172,0.25781529580253854,0.27908225272618103,0.25702868549839186
28.77424210780918,29.074242107809177,0.26149275428873964,0.282050819916276,0.2606536275484547
28.824242107809177,29.124242107809174,0.26506860476658045,0.2848716224411964,0.2641791521939735
28.874242107809174,29.174242107809178,0.2685322149876215,0.2875418756169621,0.26759498129403086
28.924242107809178,29.224242107809175,0.27187442540763357,0.29005993580304235,0.27089226686126094
28.974242107809175,29.274242107809172,0.2750874936704752,0.2924252325994176,0.27406353617188706
29.024242107809172,29.324242107809177,0.2781650361960461,0.294638199456502,0.27710263398862517
29.074242107809177,29.374242107809174,0.281101967504655,0.2967002026281549,0.2800046625122499
29.124242107809174,29.42424210780917,0.28389443767479394,0.2986134683984052,0.28276591945577606
29.174242107809178,29.474242107809175,0.2865397681582008,0.30038100853158906,0.28538383447216426
29.224242107809175,29.524242107809172,0.28903638605401655,0.30200654392988824,0.2878569040517909
29.274242107809172,29.574242107809177,0.29138375686322865,0.3034944265290987,0.29018462493059255
29.324242107809177,29.624242107809174,0.2935823156974452,0.3048495595204764,0.2923674260063567
29.374242107809174,29.67424210780917,0.29563339689603096,0.3060773160518241,0.29440659874298425
29.42424210780917,29.724242107809175,0.29753916200750957,0.30718345663254804,0.29630422604571754
29.474242107809175,29.774242107809172,0.2993025261107821,0.3081740455435031,0.29806310961040733
29.524242107809172,29.82424210780917,0.30092708248587857,0.3090553666309153,0.299686695783575
29.574242107809177,29.874242107809174,0.3024170256898799,0.3098338389425061,0.30117900001472514
29.624242107809174,29.92424210780917,0.3037770731490805,0.31051593274070216,0.30254453003572634
29.67424210780917,29.974242107809175,0.3050123854413333,0.311108086500053,0.30378820796207834
29.724242107809175,30.024242107809172,0.30612848551095784,0.31161662556093944,0.3049152915755973
29.774242107809172,30.07424210780917,0.3071311771306283,0.31204768316666087,0.30593129511547545
29.82424210780917,30.124242107809174,0.3080264629983173,0.31240712465319737,0.3068419099729113
29.874242107809174,30.17424210780917,0.30882046293053594,0.31270047558785197,0.30765292575138353
29.92424210780917,30.224242107809168,0.3095193326834818,0.31293285466219917,0.3083701522180106
29.974242107809175,30.274242107809172,0.3101291839988677,0.3131089121344856,0.30899934272899776
30.024242107809172,30.32424210780917,0.31065600652863906,0.3132327745855754,0.30954611976156005
30.07424210780917,30.374242107809174,0.31110559233994567,0.31330799670015275,0.3100159032236382
30.124242107809174,30.42424210780917,0.31148346373609975,0.3133375207115406,0.3104138422389722
30.17424210780917,30.474242107809168,0.31179480514858643,0.31332364405531876,0.31074475111668687
30.224242107809168,30.524242107809172,0.31204439985745835,0.3132679956660839,0.3110130502098675
30.274242107809172,30.57424210780917,0.3122365722811738,0.3131715212261104,0.3112227123454786
30.32424210780917,30.624242107809167,0.3123751365411735,0.31303447753806646,0.31137721546780556
30.374242107809174,30.67424210780917,0.31246335195102715,0.3128564360505774,0.31147950207949027
30.42424210780917,30.724242107809168,0.31250388600536916,0.31263629541994037,0.3115319459889076
30.474242107809168,30.774242107809172,0.3124987853514463,0.3123723028484452,0.31153632678168613
30.524242107809172,30.82424210780917,0.31244945511813293,0.3120620838041632,0.3114938123297804
30.57424210780917,30.874242107809167,0.31235664685662456,0.31170267960300607,0.3114049495365577
30.624242107809167,30.92424210780917,0.3122204552172796,0.3112905922249965,0.3112696633942331
30.67424210780917,30.974242107809168,0.3120403233522564,0.31082183564597393,0.3110872643044114
30.724242107809168,31.024242107809165,0.3118150568979712,0.3102919928954334,0.3108564634874085
30.774242107809172,31.07424210780917,0.31154284625933804,0.3096962780020204,0.31057539618531554
30.82424210780917,31.124242107809167,0.3112212967934025,0.3090296019605911,0.31024165225114236
30.874242107809167,31.17424210780917,0.31084746637713145,0.3082866418480826,0.30985231361512955
30.92424210780917,31.224242107809168,0.31041790974599914,0.30746191222832714,0.3094039980321997
30.974242107809168,31.274242107809165,0.3099287289091197,0.306549838016425,0.3088929084436512
31.024242107809165,31.32424210780917,0.3093756288847305,0.3055448280188958,0.30831488723291145
31.07424210780917,31.374242107809167,0.30875397795771714,0.3044413484238756,0.30766547462014104
31.124242107809167,31.424242107809164,0.30805887163862944,0.30323399558322306,0.3069399704235561
31.17424210780917,31.474242107809168,0.30728519950057903,0.3019175675027619,0.30613349841579157
31.224242107809168,31.524242107809165,0.3064277140851741,0.3004871335352593,0.30524107252012384
31.274242107809165,31.57424210780917,0.30548110109932564,0.29893810185070346,0.3042576641220966
31.32424210780917,31.624242107809167,0.304440050169121,0.29726628433773383,0.30317826981501333
31.374242107809167,31.674242107809164,0.30329932547245103,0.29546795866687964,0.30199797895050356
31.424242107809164,31.724242107809168,0.30205383563610255,0.29353992731892153,0.3007120404256169
31.474242107809168,31.774242107809165,0.3006987023530343,0.2914795734490192,0.2993159282033371
31.524242107809165,31.824242107809162,0.2992293272490244,0.2892849135181161,0.29780540513173803
31.57424210780917,31.874242107809167,0.29764145660261027,0.286954646676848,0.29617658469632063
31.624242107809167,31.924242107809164,0.2959312435962219,0.2844882009329076,0.29442599040846484
31.674242107809164,31.974242107809168,0.29409530784788995,0.28188577617007077,0.29255061259889525
31.724242107809168,32.024242107809165,0.2921307920404841,0.2791483841151035,0.29054796244729125
31.774242107809165,32.07424210780916,0.2900354155278883,0.276277885366876,0.28841612313651344
31.824242107809162,32.12424210780917,0.2878075248538713,0.27327702360919237,0.2861537980714872
31.874242107809167,32.174242107809164,0.28544614116890776,0.27014945712394967,0.28376035614783807
31.924242107809164,32.22424210780916,0.2829510045720696,0.266899787702568,0.2812358740930879
31.974242107809168,32.274242107809165,0.28032261543877623,0.2635335870192668,0.2785811759330576
32.024242107809165,32.32424210780916,0.2775622728198882,0.2600574204769743,0.27579786965721004
32.07424210780916,32.37424210780917,0.2746721100125584,0.25647886846244816,0.27288838116817793
32.12424210780917,32.424242107809164,0.271655127407451,0.25280654484770776,0.26985598560161245
32.174242107809164,32.47424210780916,0.2685152227090157,0.24905011244592348,0.2667048360913053
32.22424210780916,32.524242107809165,0.2652572186038624,0.24522029496676342,0.2634399900296698
32.274242107809165,32.57424210780916,0.26188688791485976,0.24132888481412032,0.2600674328329451
32.32424210780916,32.62424210780916,0.2584109762226812,0.2373887458236176,0.25659409916132087
32.37424210780917,32.674242107809164,0.25483722185915847,0.23341380974520923,0.2530278914635791
32.424242107809164,32.72424210780916,0.251174373074253,0.22941906493632586,0.24937769561024056
32.47424210780916,32.774242107809165,0.24743220204666314,0.2254205353464659,0.2456533932447959
32.524242107809165,32.82424210780916,0.24362151524269748,0.22143524745358956,0.24186587031540266
32.57424210780916,32.87424210780916,0.23975415942468956,0.21748118237377373,0.23802702104563797
32.62424210780916,32.924242107809164,0.23584302236524693,0.213577209937585,0.2341497463596245
32.674242107809164,32.97424210780916,0.2319020270345818,0.20974300115389677,0.23024794549269892
32.72424210780916,33.02424210780916,0.22794611769528814,0.20599891522654135,0.2263364991953709
32.774242107809165,33.07424210780916,0.2239912359666256,0.20236585723282116,0.22243124258157684
32.82424210780916,33.12424210780916,0.22005428451925185,0.19886510281468178,0.21854892529474657
32.87424210780916,33.174242107809164,0.21615307565090028,0.19551808688467234,0.2147071562883988
32.924242107809164,33.22424210780916,0.21230626160507524,0.19234615452025067,0.21092433017498044
32.97424210780916,33.27424210780916,0.2085332431741689,0.18937027400143894,0.20721953183454506
33.02424210780916,33.32424210780916,0.20485405293842837,0.18661071437908583,0.20361241585650464
33.07424210780916,33.37424210780916,0.20128920951317075,0.18408669300247518,0.2001230574913283
33.12424210780916,33.42424210780916,0.19785953950413268,0.1818160019291251,0.19677177220520528
33.174242107809164,33.47424210780916,0.1945859646085514,0.17981462579341304,0.19357890175398731
33.22424210780916,33.52424210780916,0.1914892525462762,0.1780963670964322,0.19056456600823665
33.27424210780916,33.57424210780916,0.18858973233402315,0.176672497472153,0.18774838162394872
33.32424210780916,33.62424210780916,0.1859069768473677,0.17555145473868256,0.18514915106285484
33.37424210780916,33.67424210780916,0.18345945858619578,0.17473860500167115,0.18278452833824724
33.42424210780916,33.72424210780916,0.1812641878958011,0.17423608649358546,0.1806706710070031
33.47424210780916,33.77424210780916,0.17933634629648534,0.17404274726947616,0.17882189104097324
33.52424210780916,33.824242107809155,0.1776889306201424,0.1741541827460428,0.1772503198860268
33.57424210780916,33.87424210780916,0.17633242584725914,0.17456287207858712,0.17596560479531798
33.62424210780916,33.92424210780916,0.17527452538768146,0.17525840541092708,0.17497465396754858
33.67424210780916,33.97424210780916,0.17451991666415698,0.17622778800012828,0.17428144681227456
33.72424210780916,34.02424210780916,0.17407014706338528,0.17745580282867449,0.17388692269640899
33.77424210780916,34.074242107809155,0.17392358073317546,0.17892541098298406,0.17378895696794094
33.824242107809155,34.12424210780916,0.17407545076043665,0.18061816885481569,0.17398242735501543
33.87424210780916,34.17424210780916,0.17451800465910283,0.18251464284730187,0.17445936767059808
33.92424210780916,34.224242107809154,0.1752407346635646,0.18459480525567948,0.175209199883234
33.97424210780916,34.27424210780916,0.17623067886988433,0.18683839876536965,0.17621903076072565
34.02424210780916,34.324242107809155,0.17747277541861925,0.18922526100998072,0.1774739959870196
34.074242107809155,34.37424210780916,0.1789502500022107,0.1917356044071995,0.17895763315060834
34.12424210780916,34.42424210780916,0.18064501701420513,0.1943502497346299,0.1806522652702334
34.17424210780916,34.474242107809154,0.18253807636161282,0.19705081446167563,0.182539378279542
34.224242107809154,34.52424210780916,0.18460989087209634,0.1998198586828408,0.18459997869913358
34.27424210780916,34.574242107809155,0.18684073280801536,0.2026409926566948,0.1868149210912986
34.324242107809155,34.62424210780915,0.18921099174352934,0.2054989505491935,0.18916519836556245
34.37424210780916,34.67424210780916,0.19170143956423544,0.20837963513725086,0.1916321912242412
34.42424210780916,34.724242107809154,0.19429345134092302,0.21127013807403255,0.19419787577175554
34.474242107809154,34.77424210780916,0.19696918317379708,0.21415873996242515,0.1968449904447643
34.52424210780916,34.824242107809155,0.19971170977613453,0.2170348940171839,0.1995571649360419
34.574242107809155,34.87424210780915,0.20250512562086379,0.2198891965871463,0.20231901473653408
34.62424210780915,34.92424210780916,0.2053346140096116,0.22271334730359602,0.20511620539951442
34.67424210780916,34.974242107809154,0.20818648855872549,0.22550010114989527,0.20793549074568074
34.724242107809154,35.02424210780915,0.21104821144627883,0.22824321432781927,0.21076472908354227
34.77424210780916,35.074242107809155,0.21390839242966095,0.2309373854354111,0.21359288120773884
34.824242107809155,35.12424210780915,0.2167567722074066,0.23357819317062792,0.2164099935337148
34.87424210780915,35.17424210780916,0.21958419322335726,0.2361620315316567,0.2192071692868421
34.92424210780916,35.224242107809154,0.2223825605393901,0.23868604329303028,0.22197653022699965
34.974242107809154,35.27424210780915,0.2251447949628011,0.2411480523902011,0.22471117098146115
35.02424210780915,35.324242107809155,0.22786478022177736,0.24354649573698584,0.2274051076942312
35.074242107809155,35.37424210780915,0.23053730564436736,0.24588035492378915,0.23005322238531176
35.12424210780915,35.42424210780915,0.2331580055141523,0.2481490881933239,0.23265120415002874
35.17424210780916,35.474242107809154,0.2357232960465991,0.2503525630591859,0.23519548811392452
35.224242107809154,35.52424210780915,0.23823031074896994,0.2524909899159531,0.23768319288846862
35.27424210780915,35.574242107809155,0.2406768347876108,0.254564856983192,0.24011205714140352
35.324242107809155,35.62424210780915,0.24306123888307407,0.25657486692591236,0.2424803757970048
35.37424210780915,35.67424210780915,0.2453824131796334,0.2585218754974983,0.24478693631027812
35.42424210780915,35.724242107809154,0.24763970148546918,0.260406832555014,0.24703095540959863
35.474242107809154,35.77424210780915,0.24983283624787728,0.26223072579889656,0.24921201666971193
35.52424210780915,35.82424210780915,0.2519618746095784,0.26399452758738046,0.25133000925697097
35.574242107809155,35.87424210780915,0.25402713588342796,0.2656991451692281,0.2533850681773155
35.62424210780915,35.92424210780915,0.2560291407800241,0.2673453746653223,0.2553775163515622
35.67424210780915,35.974242107809154,0.25796855272281893,0.26893385910986156,0.2573078088392413
35.724242107809154,36.02424210780915,0.25984612158575016,0.27046505083491434,0.2591764795290819
35.77424210780915,36.07424210780915,0.26166263018708974,0.27193917844816545,0.26098409060951216
35.82424210780915,36.12424210780915,0.26341884386837644,0.27335621861312914,0.2627311851245505
35.87424210780915,36.17424210780915,0.26511546347772164,0.2747158727947942,0.26441824290819704
35.92424210780915,36.22424210780915,0.2667530820615227,0.2760175490825055,0.2660456401730852
35.974242107809154,36.27424210780915,0.26833214554718976,0.2772603491471818,0.2676136130062778
36.02424210780915,36.32424210780915,0.26985291767166836,0.27844306033304156,0.269122224996676
36.07424210780915,36.37424210780915,0.27131544937653773,0.2795641528263711,0.27057133918467985
36.12424210780915,36.42424210780915,0.2727195528507079,0.28062178178695296,0.27196059448604837
36.17424210780915,36.474242107809154,0.2740647803570035,0.28161379427309224,0.2732893866990492
36.22424210780915,36.52424210780915,0.2753504079301506,0.28253774073999577,0.2745568541578733
36.27424210780915,36.57424210780915,0.27657542398204493,0.2833908908448407,0.27576186804700636
36.32424210780915,36.62424210780915,0.27773852279693445,0.2841702532511281,0.2769030273419302
36.37424210780915,36.67424210780915,0.2788381028456496,0.28487259909067925,0.2779786582923942
36.42424210780915,36.72424210780915,0.2798722697955681,0.28549448871437094,0.2789868183167311
36.474242107809154,36.77424210780915,0.2808388440429481,0.28603230134271684,0.2799253041304173
36.52424210780915,36.82424210780915,0.2817353725477351,0.2864822672147093,0.2807916638903386
36.57424210780915,36.874242107809145,0.28255914470901816,0.28684050182776044,0.28158321309889006
36.62424210780915,36.92424210780915,0.28330721198280395,0.28710304186273317,0.2822970539798248
36.67424210780915,36.97424210780915,0.2839764109133625,0.2872658823954081,0.2829300980112152
36.72424210780915,37.02424210780915,0.2845633892254639,0.2873250150086288,0.2834790912803182
36.77424210780915,37.07424210780915,0.2850646346076139,0.28727646643705435,0.28394064231068167
36.82424210780915,37.124242107809145,0.2854765058058665,0.2871163373981464,0.2843112520034606
36.874242107809145,37.17424210780915,0.28579526564376,0.2868408412879205,0.2845873453323901
36.92424210780915,37.22424210780915,0.28601711558601045,0.28644634244729467,0.2847653044348596
36.97424210780915,37.27424210780915,0.2861382314713125,0.2859293937338471,0.2848415027495484
37.02424210780915,37.32424210780915,0.28615480005230737,0.2852867731637309,0.28481233986357984
37.07424210780915,37.374242107809145,0.286063055997823,0.2845155194187755,0.284674276748493
37.124242107809145,37.42424210780915,0.28585931903314404,0.28361296604389535,0.2844238710838764
37.17424210780915,37.47424210780915,0.2855400309175815,0.28257677418933175,0.28405781238960104
37.22424210780915,37.524242107809144,0.2851017919843096,0.28140496378061586,0.28357295671158733
37.27424210780915,37.57424210780915,0.28454139699459025,0.2800959430261273,0.28296636063133235
37.32424210780915,37.624242107809145,0.2838558700865322,0.27864853619746704,0.28223531439546307
37.374242107809145,37.67424210780914,0.2830424986268381,0.27706200964139527,0.2813773739878459
37.42424210780915,37.72424210780915,0.28209886580209964,0.27533609600359293,0.2803903919928321
37.47424210780915,37.774242107809144,0.28102288181367574,0.2734710166639039,0.27927254712368577
37.524242107809144,37.82424210780915,0.27981281356666426,0.2714675023998024,0.2780223723147555
37.57424210780915,37.874242107809145,0.2784673127686921,0.2693268123095487,0.2766387812992962
37.624242107809145,37.92424210780914,0.27698544237791073,0.2670507510385786,0.2751210936167461
37.67424210780914,37.97424210780915,0.2753667013615266,0.2646416843620192,0.2734690580135354
37.72424210780915,38.024242107809144,0.27361104774626616,0.2621025531824377,0.2716828742200084
37.774242107809144,38.07424210780915,0.2717189199601719,0.259436886004772,0.2697632131025694
37.82424210780915,38.124242107809145,0.2696912564809471,0.2566488099492925,0.2677112352045849
37.874242107809145,38.17424210780914,0.26752951381955375,0.25374306035789307,0.26552860770174525
37.92424210780914,38.22424210780915,0.2652356828786895,0.2507249890382064,0.26321751980720876
37.97424210780915,38.274242107809144,0.2628123037339477,0.24760057117312764,0.2607806966687742
38.024242107809144,38.32424210780914,0.2602624788905561,0.2443764108991535,0.25822141180416086
38.07424210780915,38.374242107809145,0.25758988507023783,0.24105974552430512,0.2555434981208149
38.124242107809145,38.42424210780914,0.2547987835804594,0.23765844831369562,0.25275135756308026
38.17424210780914,38.47424210780914,0.2518940293114713,0.2341810297164856,0.2498499694213267
38.22424210780915,38.524242107809144,0.24888107839445325,0.23063663684016011,0.24684489732407883
38.274242107809144,38.57424210780914,0.24576599453571732,0.22703505089499,0.2437422949143759
38.32424210780914,38.624242107809145,0.2425554540163045,0.22338668223139935,0.24054891018442465
38.374242107809145,38.67424210780914,0.23925674931216728,0.2197025624744686,0.23727208840697855
38.42424210780914,38.72424210780914,0.2358777912459719,0.2159943331220078,0.23391977355629906
38.47424210780914,38.774242107809144,0.2324271095258718,0.21227422981609423,0.23050050805466588
38.524242107809144,38.82424210780914,0.2289138514577502,0.20855506132447407,0.22702343061072067
38.57424210780914,38.874242107809145,0.22534777853369328,0.20485018208244277,0.2234982718319635
38.624242107809145,38.92424210780914,0.22173926049945705,0.20117345695543942,0.21993534719440497
38.67424210780914,38.97424210780914,0.2180992663863409,0.19753921669990368,0.2163455468370643
38.72424210780914,39.024242107809144,0.21443935185785973,0.19396220244256263,0.21274032151777814
38.774242107809144,39.07424210780914,0.21077164206985388,0.19045749739021609,0.20913166392134078
38.82424210780914,39.12424210780914,0.20710880907681942,0.18704044395390965,0.2055320843545378
38.874242107809145,39.17424210780914,0.20346404264257287,0.18372654456026785,0.201954579701257
38.92424210780914,39.22424210780914,0.19985101313844814,0.18053134467024773,0.1984125943539377
38.97424210780914,39.27424210780914,0.19628382504997727,0.17747029697452943,0.19491997169858719
39.024242107809144,39.32424210780914,0.19277695948168902,0.17455860642302562,0.19149089462814825
39.07424210780914,39.37424210780914,0.1893452039731662,0.17181105669840008,0.18813981351679276
39.12424210780914,39.42424210780914,0.18600356794802714,0.16924181996124285,0.18488136013494116
39.17424210780914,39.47424210780914,0.1827671822464185,0.16686425314420217,0.18173024615467598
39.22424210780914,39.52424210780914,0.17965118147950818,0.16469068567569103,0.17870114522263753
39.27424210780914,39.57424210780914,0.17667056842947676,0.1627322051430229,0.17580855809527027
39.32424210780914,39.62424210780914,0.17384006043203698,0.16099844888522324,0.17306666106377003
39.37424210780914,39.67424210780914,0.17117391863736753,0.15949741063050316,0.17048913885173175
39.42424210780914,39.72424210780914,0.16868576224196558,0.15823527184993397,0.16808900433110208
39.47424210780914,39.77424210780914,0.16638837117656446,0.15721626730627508,0.16587840872226317
39.52424210780914,39.82424210780914,0.16429348224003926,0.15644259322649332,0.16386844733380868
39.57424210780914,39.87424210780914,0.1624115851574442,0.1559143646169759,0.16206896722943415
39.62424210780914,39.924242107809135,0.1607517263436223,0.1556296255965098,0.16048838432386972
39.67424210780914,39.97424210780914,0.15932132908015348,0.15558441348855126,0.15913351813242707
39.72424210780914,40.02424210780914,0.15812603917352613,0.15577287412308025,0.15800945256545895
39.77424210780914,40.074242107809134,0.1571696048043967,0.15618742271447938,0.15711943064781544
39.82424210780914,40.12424210780914,0.156453798123177,0.15681894214047254,0.15646478980498693
39.87424210780914,40.174242107809135,0.15597838421949384,0.15765700869679844,0.1560449424378314
39.924242107809135,40.22424210780914,0.15574114053020785,0.1586901345686685,0.15585740405377344
39.97424210780914,40.27424210780914,0.1557379267943517,0.1599060163365581,0.15589786846843334
40.02424210780914,40.324242107809134,0.15596280262529227,0.1612917796990753,0.15616032682562841
40.074242107809134,40.37424210780914,0.15640818698163278,0.16283421204914167,0.15663722470023447
40.12424210780914,40.424242107809135,0.15706505157287395,0.16451997634629603,0.15731964960005967
40.174242107809135,40.47424210780914,0.1579231387427244,0.16633580165827455,0.15819753994051672
40.22424210780914,40.52424210780914,0.1589711937275346,0.16826864760618032,0.1592599060969224
40.27424210780914,40.574242107809134,0.16019720136686505,0.17030584159985335,0.16049505440768982
40.324242107809134,40.62424210780914,0.16158861822535525,0.17243518911056835,0.16189080588673216
40.37424210780914,40.674242107809135,0.16313259248146753,0.17464505826539534,0.16343470273064606
40.424242107809135,40.72424210780913,0.16481616563451026,0.17692444076943456,0.1651141972820298
40.47424210780914,40.77424210780914,0.16662645187067787,0.1792629916033999,0.1669168197523378
40.52424210780914,40.824242107809134,0.16855079264069142,0.18165105015348357,0.16883032256650657
40.574242107809134,40.87424210780913,0.17057688551363348,0.18407964546150984,0.17084280056159779
40.62424210780914,40.924242107809135,0.1726928876124083,0.1865404881868394,0.17294278739244043
40.674242107809135,40.97424210780913,0.17488749488003716,0.18902595169184705,0.17511932934802807
40.72424210780913,41.02424210780914,0.17714999908182227,0.19152904443591515,0.17736203837287326
40.77424210780914,41.074242107809134,0.1794703248485413,0.19404337561627177,0.17966112644744112
40.824242107809134,41.12424210780913,0.1818390492550172,0.19656311574706709,0.18200742365148023
40.87424210780913,41.174242107809135,0.184247406455005,0.19908295363369918,0.18439238225702784
40.924242107809135,41.22424210780913,0.18668727980347277,0.20159805098506475,0.18680806911534004
40.97424210780913,41.27424210780914,0.18915118373123244,0.20410399571578156,0.18924714845004423
41.02424210780914,41.324242107809134,0.19163223742714194,0.2065967548242069,0.19170285697680173
41.074242107809134,41.37424210780913,0.19412413215470098,0.20907262758937473,0.1941689730601087
41.12424210780913,41.424242107809135,0.19662109380063728,0.21152819970850265,0.19663978140681837
41.174242107809135,41.47424210780913,0.19911784203475916,0.2139602988939577,0.19911003459420823
41.22424210780913,41.52424210780913,0.20160954726004043,0.21636595236152378,0.2015749125445026
41.27424210780914,41.574242107809134,0.20409178635297115,0.2187423465678159,0.20402998089096125
41.324242107809134,41.62424210780913,0.2065604980375105,0.22108678949112204,0.20647114903380606
41.37424210780913,41.67424210780913,0.20901193860078127,0.22339667569469587,0.2088946285569212
41.424242107809135,41.72424210780913,0.21144263854299422,0.22566945436261968,0.21129689256673143
41.47424210780913,41.77424210780913,0.21384936065572324,0.22790260045445673,0.21367463642096504
41.52424210780913,41.824242107809134,0.21622905993893413,0.2300935890847431,0.21602474023490828
41.574242107809134,41.87424210780913,0.21857884569566272,0.2322398731962127,0.21834423348396498
41.62424210780913,41.92424210780913,0.2208959460816455,0.2343388645608738,0.22063026196192975
41.67424210780913,41.97424210780913,0.22317767533349422,0.2363879181103736,0.2228800573024717
41.72424210780913,42.02424210780913,0.2254214038515365,0.23838431956630143,0.22509090922542674
41.77424210780913,42.074242107809134,0.22762453127084176,0.24032527631223213,0.2272601406284073
41.824242107809134,42.12424210780913,0.22978446261515392,0.24220791142238376,0.22938508560696697
41.87424210780913,42.17424210780913,0.2318985875927145,0.24402926073701703,0.23146307045237025
41.92424210780913,42.22424210780913,0.23396426305975082,0.24578627285216484,0.23349139764451463
41.97424210780913,42.27424210780913,0.23597879864635954,0.247475811871253,0.23546733282826304
42.02424210780913,42.32424210780913,0.23793944551053225,0.24909466274869363,0.23738809473434433
42.074242107809134,42.37424210780913,0.23984338815904738,0.25063953904080694,0.23925084798088997
42.12424210780913,42.42424210780913,0.24168773924895673,0.25210709286746247,0.24105269866863718
42.17424210780913,42.474242107809125,0.2434695372605242,0.2534939268787172,0.2427906926619412
42.22424210780913,42.52424210780913,0.24518574691183562,0.2547966080143639,0.2444618164289879
42.27424210780913,42.57424210780913,0.24683326216704285,0.2560116828406939,0.24606300029817255
42.32424210780913,42.62424210780913,0.24840891167440698,0.25713569424773053,0.24759112397350966
42.37424210780913,42.67424210780913,0.24990946645708792,0.25816519929158144,0.24904302414023272
42.42424210780913,42.724242107809125,0.2513316496690103,0.2590967879701803,0.25041550398247997
42.474242107809125,42.77424210780913,0.2526721482201401,0.25992710272631686,0.2517053444280885
42.52424210780913,42.82424210780913,0.2539276260700667,0.2606528584792478,0.2529093169309951
42.57424210780913,42.87424210780913,0.25509473898586293,0.26127086299511104,0.2540241975995071
42.62424210780913,42.92424210780913,0.25617015055962816,0.2617780374165444,0.25504678247859236
42.67424210780913,42.974242107809125,0.25715054928275893,0.262171436783143,0.2559739037962427
42.724242107809125,43.02424210780913,0.2580326664776873,0.2624482703863918,0.2568024469876923
42.77424210780913,43.07424210780913,0.25881329489332033,0.262605921815302,0.2575293683166374
42.82424210780913,43.124242107809124,0.25948930777753276,0.26264196856194094,0.2581517129194242
42.87424210780913,43.17424210780913,0.26005767824856024,0.2625542010691899,0.2586666331062206
42.92424210780913,43.224242107809125,0.26051549879678787,0.26234064111625577,0.2590714067622828
42.974242107809125,43.27424210780912,0.260860000759017,0.2619995594505289,0.25936345570235514
43.02424210780913,43.32424210780913,0.26108857361859583,0.2615294925872358,0.25954036384182894
43.07424210780913,43.374242107809124,0.2611987839966372,0.2609292587108521,0.25959989505933273
43.124242107809124,43.42424210780913,0.2611883942117145,0.26019797262436745,0.25954001063679416
43.17424210780913,43.474242107809125,0.26105538029777975,0.2593350597041268,0.25935888617453634
43.224242107809125,43.52424210780912,0.26079794938243345,0.2583402688290957,0.259054927890524
43.27424210780912,43.57424210780913,0.2604145563399556,0.2572136842639287,0.2586267882243424
43.32424210780913,43.624242107809124,0.25990391964559645,0.2559557364851471,0.25807338067777424
43.374242107809124,43.67424210780913,0.259265036369405,0.2545672119489965,0.2573938938348443
43.42424210780913,43.724242107809125,0.2584971962592814,0.2530492618081364,0.2565878045148656
43.474242107809125,43.77424210780912,0.2575999948739108,0.2514034095921329,0.25565489002227365
43.52424210780912,43.82424210780913,0.2565733457367051,0.2496315578737824,0.2545952394668189
43.57424210780913,43.874242107809124,0.2554174914918102,0.24773599394945278,0.2534092641369686
43.624242107809124,43.92424210780912,0.25413301405257355,0.24571939456684572,0.25209770691807265
43.67424210780913,43.974242107809125,0.25272084374158243,0.24358482973774373,0.25066165075495905
43.724242107809125,44.02424210780912,0.2511822674294173,0.24133576567622222,0.24910252616606698
43.77424210780912,44.07424210780912,0.249518935686564,0.23897606690435863,0.24742211782294588
43.82424210780913,44.124242107809124,0.24773286896945554,0.23650999756737962,0.24562257021489287
43.874242107809124,44.17424210780912,0.24582646286725188,0.23394222199822454,0.24370639242355122
43.92424210780912,44.224242107809125,0.24380249244063953,0.23127780456727923,0.24167646203637963
43.974242107809125,44.27424210780912,0.24166411568753843,0.22852220884624058,0.2395360282308667
44.02424210780912,44.32424210780912,0.23941487617293516,0.22568129610512505,0.2372887140630631
44.07424210780912,44.374242107809124,0.2370587048609781,0.22276132314793312,0.23493851799422874
44.124242107809124,44.42424210780912,0.23459992118673564,0.21976893947467474,0.23248981468791977
44.17424210780912,44.474242107809125,0.23204323340231833,0.216711183734795,0.22994735510638215
44.224242107809125,44.52424210780912,0.22939373822710152,0.21359547940868487,0.22731626592932097
44.27424210780912,44.57424210780912,0.2266569198241567,0.21042962961921888,0.22460204830964586
44.32424210780912,44.624242107809124,0.22383864811423046,0.20722181093334227,0.221810575969121
44.374242107809124,44.67424210780912,0.22094517642419767,0.20398056596399747,0.21894809262155773
44.42424210780912,44.72424210780912,0.21798313844825648,0.20071479452456592,0.21602120869166813
44.474242107809125,44.77424210780912,0.2149595444766018,0.19743374302140843,0.2130368972733661
44.52424210780912,44.82424210780912,0.21188177681723144,0.19414699169512584,0.21000248924158163
44.57424210780912,44.87424210780912,0.20875758430118443,0.19086443923893237,0.20692566739590426
44.624242107809124,44.92424210780912,0.20559507571932534,0.18759628423483318,0.20381445947210966
44.67424210780912,44.97424210780912,0.2024027119891292,0.18435300275838729,0.20067722980845965
44.72424210780912,45.02424210780912,0.19918929679253253,0.1811453214154958,0.19752266939745022
44.77424210780912,45.07424210780912,0.19596396536081695,0.1779841849967929,0.1943597839907044
44.82424210780912,45.12424210780912,0.1927361710101255,0.17488071787585474,0.19119787985573403
44.87424210780912,45.17424210780912,0.1895156689529186,0.17184617824837434,0.18804654670988352
44.92424210780912,45.22424210780912,0.18631249682865492,0.1688919043246121,0.184915637281561
44.97424210780912,45.27424210780912,0.18313695131477034,0.16602925166306437,0.18181524287561227
45.02424210780912,45.32424210780912,0.17999956010176926,0.1632695209864831,0.17875566425388595
45.07424210780912,45.37424210780912,0.17691104845102032,0.16062387606875342,0.17574737709088947
45.12424210780912,45.42424210780912,0.17388229950983258,0.15810325163626987,0.17280099123700032
45.17424210780912,45.47424210780912,0.17092430754707072,0.15571825169772646,0.16992720302920075
45.22424210780912,45.524242107809116,0.16804812330741237,0.15347903929907836,0.1671367399443119
45.27424210780912,45.57424210780912,0.16526479077839976,0.1513952193795319,0.16444029700595286
45.32424210780912,45.62424210780912,0.16258527483715685,0.1494757171463395,0.16184846454738963
45.37424210780912,45.674242107809114,0.1600203795071118,0.14772865513906067,0.1593716472094398
45.42424210780912,45.72424210780912,0.15758065691985215,0.14616123284838392,0.157019974422961
45.47424210780912,45.774242107809116,0.15527630754701802,0.14477961330864658,0.1548032030891234
45.524242107809116,45.82424210780912,0.15311707283557907,0.1435888214110159,0.15273061371775032
45.57424210780912,45.87424210780912,0.15111212202723137,0.1425926587086366,0.150810901891832
45.62424210780912,45.924242107809114,0.14926993563340382,0.14179363915113188,0.1490520675578529
45.674242107809114,45.97424210780912,0.1475981887194794,0.14119294947490627,0.14746130524574957
45.72424210780912,46.024242107809116,0.1461036377587658,0.14079043691395704,0.14604489883656502
45.774242107809116,46.07424210780912,0.1447920152727692,0.140584625557022,0.14480812485181438
45.82424210780912,46.12424210780912,0.14366793670331904,0.14057276117545103,0.1437551683706612
45.87424210780912,46.174242107809114,0.14273482389901032,0.14075088282310447,0.1428890555367229
45.924242107809114,46.22424210780912,0.1419948492017659,0.1411139181116776,0.1422116061670298
45.97424210780912,46.274242107809116,0.14144890338216737,0.1416557979228924,0.14172340922523505
46.024242107809116,46.32424210780911,0.1410965896288631,0.14236958552882703,0.14142382291032599
46.07424210780912,46.37424210780912,0.1409362445236568,0.14324761470222375,0.14131099991683585
46.12424210780912,46.424242107809114,0.14096498553954392,0.14428163140908692,0.14138193714600533
46.174242107809114,46.47424210780911,0.14117878321344157,0.1454629340411434,0.14163254790613572
46.22424210780912,46.524242107809116,0.14157255489916798,0.14678250778864524,0.14205775354818062
46.274242107809116,46.57424210780911,0.14214027601188534,0.14823114958041164,0.14265159063394792
46.32424210780911,46.62424210780912,0.14287510401161324,0.14979958093191134,0.14340732919199667
46.37424210780912,46.674242107809114,0.14376951007669747,0.1514785469576133,0.14431759740503033
46.424242107809114,46.72424210780911,0.14481541348049673,0.1532589006529742,0.14537450817899505
46.47424210780911,46.774242107809116,0.1460043140603371,0.15513167228773878,0.14656978342298857
46.524242107809116,46.82424210780911,0.14732741878464783,0.15708812435042038,0.14789487245381044
46.57424210780911,46.87424210780912,0.14877575919668798,0.1591197929365314,0.14934106165304184
46.62424210780912,46.924242107809114,0.15034029735567578,0.16121851678688456,0.15089957327259337
46.674242107809114,46.97424210780911,0.15201201873281459,0.16337645537262543,0.15256165204108726
46.72424210780911,47.024242107809116,0.1537820112914994,0.16558609751109726,0.15431863891740893
46.774242107809116,47.07424210780911,0.15564153064783057,0.16784026200314245,0.15616203193533476
46.82424210780911,47.12424210780911,0.15758205174805692,0.17013209172920452,0.15808353456647084
46.87424210780912,47.174242107809114,0.15959530790803916,0.1724550425472824,0.16007509239360745
46.924242107809114,47.22424210780911,0.16167331834261217,0.17480286821616858,0.16212891913910774
46.97424210780911,47.27424210780911,0.16380840548412356,0.17716960243479718,0.16423751324591837
47.024242107809116,47.32424210780911,0.1659932034678103,0.17954953895221853,0.1663936662786452
47.07424210780911,47.37424210780911,0.16822065916689652,0.18193721056935733,0.16859046441640974
47.12424210780911,47.424242107809114,0.1704840271112135,0.18432736772754582,0.17082128426466164
47.174242107809114,47.47424210780911,0.1727768595366858,0.18671495726253723,0.17307978413476005
47.22424210780911,47.52424210780911,0.1750929927032634,0.1890951017975299,0.1753598918405217
47.27424210780911,47.57424210780911,0.17742653049701199,0.1914630801550724,0.1776557899500639
47.32424210780911,47.62424210780911,0.1797718262065586,0.19381430908526448,0.17996189931679343
47.37424210780911,47.674242107809114,0.18212346324094617,0.19614432653584676,0.18227286160072778
47.424242107809114,47.72424210780911,0.18447623543919,0.1984487766276107,0.1845835213842257
47.47424210780911,47.77424210780911,0.18682512751388972,0.20072339644525208,0.18688890838687391
47.52424210780911,47.82424210780911,0.1891652960734238,0.20296400470822243,0.1891842201939783
47.57424210780911,47.87424210780911,0.19149205157984964,0.2051664923475426,0.19146480583225228
47.62424210780911,47.92424210780911,0.1938008415225876,0.20732681498196381,0.1937261504547762
47.674242107809114,47.97424210780911,0.1960872350206386,0.209440987259629,0.19596386133470936
47.72424210780911,48.02424210780911,0.19834690900777152,0.21150507900877777,0.1981736553128782
47.77424210780911,48.074242107809106,0.20057563610497126,0.2135152131225234,0.20035134779755062
47.82424210780911,48.12424210780911,0.20276927424157265,0.21546756508773074,0.20249284337463871
47.87424210780911,48.17424210780911,0.2049237580501307,0.21735836405619763,0.2045941280525088
47.92424210780911,48.22424210780911,0.20703509202937462,0.21918389534721616,0.20665126313684473
47.97424210780911,48.27424210780911,0.20909934544391012,0.22094050426389844,0.20866038070693071
48.02424210780911,48.324242107809106,0.21111264890802095,0.22262460110106722,0.21061768064474676
48.074242107809106,48.37424210780911,0.21307119258345886,0.22423266721979818,0.21251942915191904
48.12424210780911,48.42424210780911,0.21497122590698384,0.22576126206260255,0.21436195867632782
48.17424210780911,48.47424210780911,0.21680905875227033,0.2272070309835931,0.21614166915974425
48.22424210780911,48.52424210780911,0.21858106392222104,0.2285667137695287,0.21785503050984786
48.27424210780911,48.574242107809106,0.22028368086141498,0.2298371537303003,0.21949858619407184
48.324242107809106,48.62424210780911,0.22191342047413293,0.23101530724095676,0.22106895784872235
48.37424210780911,48.67424210780911,0.2234668709308354,0.2320982536217138,0.22256285079442545
48.42424210780911,48.724242107809104,0.22494070434495375,0.2330832052473563,0.2239770603480022
48.47424210780911,48.77424210780911,0.2263316842021774,0.2339675177829489,0.2253084788211887
48.52424210780911,48.824242107809106,0.22763667342589197,0.23474870044869303,0.22655410309797552
48.574242107809106,48.8742421078091,0.22885264296491092,0.23542442622302945,0.22771104268467945
48.62424210780911,48.92424210780911,0.22997668079297925,0.2359925418995716,0.2287765281299614
48.67424210780911,48.974242107809104,0.23100600121359086,0.2364510779201341,0.2297479197158014
48.724242107809104,49.02424210780911,0.2319379543683377,0.23679825791288367,0.2306227163248003
48.77424210780911,49.074242107809106,0.23277003585216474,0.23703250787145833,0.2313985643939976
48.824242107809106,49.1242421078091,0.23349989634448623,0.23715246491771402,0.23207326687059837
48.8742421078091,49.17424210780911,0.23412535117098957,0.23715698559752424,0.2326447920904984
48.92424210780911,49.224242107809104,0.23464438971707152,0.237045153665743,0.23311128250620747
48.974242107809104,49.27424210780911,0.23505518462012884,0.23681628732301438,0.23347106319665423
49.02424210780911,49.324242107809106,0.23535610067430987,0.23646994587354356,0.2337226500973306
49.074242107809106,49.3742421078091,0.23554570338776007,0.23600593577921922,0.2338647578952606
49.1242421078091,49.42424210780911,0.23562276713883407,0.23542431609156894,0.23389630753932106
49.17424210780911,49.474242107809104,0.23558628288414024,0.2347254032489258,0.23381643332244348
49.224242107809104,49.5242421078091,0.23543546537760915,0.23390977523186704,0.23362448949817327
49.27424210780911,49.574242107809106,0.23516975986600122,0.2329782750754393,0.233320056399914
49.324242107809106,49.6242421078091,0.23478884823236337,0.23193201374189615,0.23290294603691725
49.3742421078091,49.6742421078091,0.23429265456488896,0.23077237236260514,0.23237320714667292
49.42424210780911,49.724242107809104,0.23368135013441366,0.22950100386244915,0.2317311296887897
49.474242107809104,49.7742421078091,0.2329553577693667,0.2281198339843684,0.23097724877070447
49.5242421078091,49.824242107809106,0.2321153556223742,0.22663106173568387,0.23011234800061287
49.574242107809106,49.8742421078091,0.2311622803278763,0.22503715928143317,0.2291374622678465
49.6242421078091,49.9242421078091,0.23009732955502896,0.22334087131309519,0.22805387995550835
49.6742421078091,49.974242107809104,0.2289219639648041,0.22154521392372228,0.22686314459450022
49.724242107809104,50.0242421078091,0.2276379085845711,0.21965347302255747,0.2255670559721063
49.7742421078091,50.074242107809106,0.22624715361746095,0.2176692023235737,0.22416767071198287
49.824242107809106,50.1242421078091,0.2247519547074967,0.21559622094297998,0.2226673023457369
49.8742421078091,50.1742421078091,0.22315483268473715,0.21343861064036668,0.22106852089917764
49.9242421078091,50.224242107809104,0.22145857281748696,0.21120071273676344,0.21937415201874264
49.974242107809104,50.2742421078091,0.21966622360090673,0.2088871247401601,0.21758727566548688
50.0242421078091,50.3242421078091,0.217781095113018,0.20650269670487278,0.215711224405253
50.074242107809106,50.3742421078091,0.2158067569700657,0.20405252734521476,0.21374958132414956
50.1242421078091,50.4242421078091,0.2137470359133422,0.20154195991602103,0.21170617759812724
50.1742421078091,50.4742421078091,0.2116060130587437,0.19897657786231723,0.20958508974409057
50.224242107809104,50.5242421078091,0.20938802083841623,0.1963622002275698,0.20739063657752493
50.2742421078091,50.5742421078091,0.20709763966058964,0.19370487679404938,0.2051273758977825
50.3242421078091,50.6242421078091,0.20473969430895006,0.1910108829096017,0.20280010091683914
50.3742421078091,50.6742421078091,0.20231925009640364,0.18828671393220284,0.2004138364402151
50.4242421078091,50.7242421078091,0.19984160877954682,0.18553907919669832,0.19797383479961797
50.4742421078091,50.7742421078091,0.1973123042293259,0.18277489537699998,0.19548557152545576
50.5242421078091,50.8242421078091,0.19473709783991658,0.18000127908151084,0.19295474073337782
50.5742421078091,50.8742421078091,0.19212197364145714,0.177225538479905,0.1903872501821777
50.6242421078091,50.9242421078091,0.18947313306262115,0.17445516371593886,0.18778921594044665
50.6742421078091,50.9742421078091,0.186796989265834,0.1716978158145506,0.18516695657611157
50.7242421078091,51.0242421078091,0.18410016095098225,0.16896131374343037,0.18252698675624807
50.7742421078091,51.0742421078091,0.1813894654926241,0.16625361924150475,0.17987601011432486
50.8242421078091,51.124242107809096,0.178671911240984,0.163582818982103,0.17722091120845113
50.8742421078091,51.1742421078091,0.1759546887786707,0.16095710360072707,0.17456874635762928
50.9242421078091,51.2242421078091,0.17324516088367467,0.15838474309091682,0.17192673310421758
50.9742421078091,51.274242107809094,0.17055085090567393,0.1558740580625022,0.16930223801085764
51.0242421078091,51.3242421078091,0.16787942921859242,0.15343338637114246,0.16670276246071514
51.0742421078091,51.374242107809096,0.1652386973697791,0.15107104467382496,0.16413592609325106
51.124242107809096,51.4242421078091,0.16263656950802005,0.14879528454941562,0.1616094474769063
51.1742421078091,51.4742421078091,0.1600810506426406,0.14661424295348588,0.1591311215987771
51.2242421078091,51.524242107809094,0.15758021126881996,0.14453588695786268,0.1567087937441476
51.274242107809094,51.5742421078091,0.15514215789547411,0.14256795296048713,0.15435032935086107
51.3242421078091,51.624242107809096,0.15277499903794245,0.14071788083861492,0.15206357946074017
51.374242107809096,51.6742421078091,0.1504868062949028,0.13899274385113833,0.14985634145851895
51.4242421078091,51.7242421078091,0.1482855702240364,0.13739917545991612,0.14773631489353925
51.4742421078091,51.774242107809094,0.1461791508697686,0.13594329461420837,0.1457110523252927
51.524242107809094,51.8242421078091,0.14417522298281465,0.13463063139829423,0.14378790532302133
51.5742421078091,51.874242107809096,0.14228121620634573,0.13346605524623786,0.14197396598141407
51.624242107809096,51.92424210780909,0.14050425078400766,0.13245370814308358,0.14027600458398726
51.6742421078091,51.9742421078091,0.1388510696621932,0.13159694532364263,0.13870040434305242
51.7242421078091,52.024242107809094,0.1373279681979343,0.1308982859201679,0.1372530944546883
51.774242107809094,52.07424210780909,0.13594072302306506,0.1303593757821257,0.1359394830076275
51.8242421078091,52.124242107809096,0.1346945219276528,0.12998096429445608,0.13476439155077516
51.874242107809096,52.17424210780909,0.13359389687965909,0.12976289647310393,0.13373199332673824
51.92424210780909,52.2242421078091,0.13264266246085524,0.12970412095424722,0.13284575729008663
51.9742421078091,52.274242107809094,0.13184386204148255,0.12980271376748012,0.13210840002479687
52.024242107809094,52.32424210780909,0.1311997239156104,0.13005591705308436,0.13152184753884158
52.07424210780909,52.374242107809096,0.1307116293649273,0.13046019121067393,0.131087208639911
52.124242107809096,52.42424210780909,0.13038009421505434,0.1310112784055368,0.13080476119310547
52.17424210780909,52.4742421078091,0.13020476491608515,0.13170427495109827,0.1306739520516982
52.2242421078091,52.524242107809094,0.13018442955409243,0.13253370985440516,0.13069341087105624
52.274242107809094,52.57424210780909,0.13031704353084467,0.13349362676024196,0.13086097740797062
52.32424210780909,52.624242107809096,0.13059976898933115,0.13457766664443338,0.13117374132132528
52.374242107809096,52.67424210780909,0.1310290264667309,0.1357791488599424,0.13162809297152966
52.42424210780909,52.72424210780909,0.13160055677068327,0.1370911484936591,0.13221978330406045
52.4742421078091,52.774242107809094,0.13230949073274267,0.13850656840706227,0.13294399062330667
52.524242107809094,52.82424210780909,0.13315042431206114,0.14001820477177712,0.1337953919287185
52.57424210780909,52.87424210780909,0.1341174965029526,0.14161880533826202,0.13476823649342967
52.624242107809096,52.92424210780909,0.13520446762704003,0.1433011200669473,0.13585641950060826
52.67424210780909,52.97424210780909,0.13640479583752313,0.1450579440888911,0.13705355378999712
52.72424210780909,53.024242107809094,0.13771170999605448,0.14688215323825757,0.13835303807620766
52.774242107809094,53.07424210780909,0.13911827746594196,0.14876673260916085,0.13974812034984324
52.82424210780909,53.12424210780909,0.14061746576504744,0.1507047987375651,0.14123195553315976
52.87424210780909,53.17424210780909,0.14220219740900245,0.15268961610120924,0.1427976568090262
52.92424210780909,53.22424210780909,0.1438653976282181,0.15471460867545037,0.14443834035676234
52.97424210780909,53.274242107809094,0.14560003494601176,0.15677336728955338,0.14614716349879117
53.024242107809094,53.32424210780909,0.14739915485229863,0.15885965350539136,0.14791735648159215
53.07424210780909,53.37424210780909,0.14925590699592736,0.16096740069697613,0.149742248281949
53.12424210780909,53.42424210780909,0.1511635664515872,0.16309071295188,0.15161528694750892
53.17424210780909,53.47424210780909,0.1531155496999992,0.16522386235028744,0.15353005505430256
53.22424210780909,53.52424210780909,0.15510542600039365,0.16736128510881199,0.15548028089982638
53.274242107809094,53.57424210780909,0.1571269248401842,0.1694975770077287,0.1574598460556545
53.32424210780909,53.62424210780909,0.15917394012632813,0.17162748845448395,0.15946278988543416
53.37424210780909,53.674242107809086,0.16124053174348058,0.17374591947480694,0.16148331159900797
53.42424210780909,53.72424210780909,0.1633209250520533,0.17584791486653129,0.1635157703668644
53.47424210780909,53.77424210780909,0.16540950883998887,0.17792865970077176,0.165554683965912
53.52424210780909,53.82424210780909,0.16750083217958311,0.1799834753105764,0.16759472637132225
53.57424210780909,53.87424210780909,0.16958960057821637,0.1820078158683632,0.16963072465277923
53.62424210780909,53.924242107809086,0.17167067175163297,0.18399726562016136,0.17165765547893433
53.674242107809086,53.97424210780909,0.1737390512919718,0.18594753681637288,0.1736706414825766
53.72424210780909,54.02424210780909,0.17578988845100485,0.18785446835510045,0.1756649476918845
53.77424210780909,54.07424210780909,0.17781847221250408,0.18971402513450394,0.1776359781905586
53.82424210780909,54.12424210780909,0.17982022778644605,0.19152229809467985,0.17957927313183855
53.87424210780909,54.174242107809086,0.18179071362175112,0.19327550491681403,0.18149050619827914
53.924242107809086,54.22424210780909,0.18372561900327028,0.19496999133732712,0.1833654825705338
53.97424210780909,54.27424210780909,0.18562076227231702,0.19660223302713234,0.18520013744393884
54.02424210780909,54.324242107809084,0.18747208968786389,0.19816883798053203,0.18699053511107647
54.07424210780909,54.37424210780909,0.18927567492712952,0.19966654935445083,0.1887328686113261
54.12424210780909,54.424242107809086,0.19102771920923456,0.2010922486963253,0.19042345993432988
54.174242107809086,54.47424210780908,0.19272455201352257,0.20244295949786428,0.19205876075293501
54.22424210780909,54.52424210780909,0.19436263235462653,0.20371585101178175,0.19363535365217893
54.27424210780909,54.574242107809084,0.19593855056907727,0.2049082422694025,0.1951499538139698
54.324242107809084,54.62424210780909,0.19744903056288216,0.20601760623851847,0.19659941111195867
54.37424210780909,54.674242107809086,0.19889093246575698,0.20704157406295073,0.19798071256749222
54.424242107809086,54.72424210780908,0.20026125563535518,0.20797793932782277,0.19929098511521082
54.47424210780908,54.77424210780909,0.20155714195366792,0.2088246622974798,0.20052749862565264
54.52424210780909,54.824242107809084,0.202775879357569,0.20957987407621634,0.20168766913193623
54.574242107809084,54.87424210780909,0.2039149055461287,0.2102418806454464,0.2027690622080925
54.62424210780909,54.924242107809086,0.20497181180863272,0.21080916673458264,0.20376939644776906
54.674242107809086,54.97424210780908,0.2059443469191183,0.21128039948666708,0.20468654699370417
54.72424210780908,55.02424210780909,0.20683042104558988,0.2116544318836457,0.20551854907049943
54.77424210780909,55.074242107809084,0.20762810962477066,0.2119303059000954,0.2062636014756962
54.824242107809084,55.12424210780908,0.20833565715626115,0.21210725535813754,0.20692006998692447
54.87424210780909,55.174242107809086,0.20895148087319937,0.21218470846021156,0.20748649064588842
54.924242107809086,55.22424210780908,0.20947417424992756,0.21216228998028744,0.20796157288311207
54.97424210780908,55.27424210780908,0.20990251031070917,0.21203982309797353,0.20834420245066015
55.02424210780909,55.324242107809084,0.21023544470715902,0.21181733086378923,0.20863344413343596
55.074242107809084,55.37424210780908,0.21047211853573847,0.21149503728762034,0.20882854421309238
55.12424210780908,55.424242107809086,0.21061186087037212,0.21107336804604637,0.20892893266207102
55.174242107809086,55.47424210780908,0.210654190988958,0.21055295080779438,0.20893422504875692
55.22424210780908,55.52424210780908,0.21059882027623844,0.2099346151800485,0.20884422413820267
55.27424210780908,55.574242107809084,0.21044565378915753,0.2092193922816847,0.208658921176308
55.324242107809084,55.62424210780908,0.21019479147444334,0.2084085139527246,0.20837849684872234
55.37424210780908,55.674242107809086,0.20984652903169118,0.20750341161235963,0.20800332190905468
55.424242107809086,55.72424210780908,0.20940135841868854,0.2065057147808123,0.2075339574742159
55.47424210780908,55.77424210780908,0.20885996799909273,0.2054172492830066,0.20697115498786428
55.52424210780908,55.824242107809084,0.20822324233583286,0.20424003515454095,0.2063158558559606
55.574242107809084,55.87424210780908,0.20749226163675197,0.20297628427272058,0.2055691907613599
55.62424210780908,55.92424210780908,0.20666830086201282,0.20162839773741636,0.20473247866713892
55.674242107809086,55.97424210780908,0.2057528285056439,0.20019896302820825,0.20380722552097802
55.72424210780908,56.02424210780908,0.2047475050662906,0.1986907509656222,0.20279512267536473
55.77424210780908,56.07424210780908,0.20365418122472417,0.19710671250518982,0.2016980450406151
55.824242107809084,56.12424210780908,0.20247489574793956,0.1954499753935467,0.20051804898973635
55.87424210780908,56.17424210780908,0.20121187314169853,0.19372384071569013,0.19925737003589794
55.92424210780908,56.22424210780908,0.19986752107511568,0.19193177936182715,0.19791842030474027
55.97424210780908,56.27424210780908,0.1984444276023166,0.19007742844081596,0.19650378582487774
56.02424210780908,56.32424210780908,0.19694535820724426,0.18816458766494423,0.1950162236606853
56.07424210780908,56.37424210780908,0.19537325269831962,0.1861972157275791,0.19345865891174993
56.12424210780908,56.42424210780908,0.19373122197980785,0.1841794266909191,0.1918341816031728
56.17424210780908,56.47424210780908,0.1920225447263215,0.18211548639551164,0.19014604349010386
56.22424210780908,56.52424210780908,0.1902506639858226,0.18000980889626136,0.1883976547984504
56.27424210780908,56.57424210780908,0.1884191837346895,0.1778669529210766,0.18659258092149822
56.32424210780908,56.62424210780908,0.1865318654057514,0.17569161833801847,0.18473453908910656
56.37424210780908,56.67424210780908,0.1845926244065813,0.1734886426045392,0.1828273950221183
56.42424210780908,56.724242107809076,0.1826055266406105,0.1712629971580481,0.180875159579472
56.47424210780908,56.77424210780908,0.18057478503765712,0.1690197836904231,0.17888198539914388
56.52424210780908,56.82424210780908,0.17850475609311298,0.16676423023013714,0.17685216352631275
56.57424210780908,56.874242107809074,0.17639993640609672,0.1645016869343169,0.17479012001288355
56.62424210780908,56.92424210780908,0.1742649591962598,0.16223762146943954,0.17270041246163714
56.67424210780908,56.974242107809076,0.17210459076643744,0.15997761383361372,0.17058772647561815
56.724242107809076,57.02424210780908,0.16992372686383317,0.15772735044596423,0.16845687195886955
56.77424210780908,57.07424210780908,0.16772738887584843,0.1554926173001054,0.16631277919824267
56.82424210780908,57.124242107809074,0.16552071977794025,0.15327929194998322,0.164160494637696
56.874242107809074,57.17424210780908,0.16330897973004552,0.15109333406874836,0.16200517623642294
56.92424210780908,57.224242107809076,0.1610975411953212,0.14894077429645342,0.15985208828048642
56.974242107809076,57.27424210780908,0.15889188343046362,0.14682770107231838,0.15770659549475433
57.02424210780908,57.32424210780908,0.15669758617117885,0.14476024513472313,0.1555741562784104
57.07424210780908,57.374242107809074,0.15452032231020846,0.14274456136984465,0.15346031486392675
57.124242107809074,57.42424210780908,0.15236584933961428,0.14078680770147747,0.15137069217719953
57.17424210780908,57.474242107809076,0.15023999930519646,0.1388931207435233,0.1493109751569647
57.224242107809076,57.52424210780907,0.14814866700058876,0.13706958798656985,0.14728690427631824
57.27424210780908,57.57424210780908,0.1460977961138924,0.13532221636410954,0.1453042590002647
57.32424210780908,57.624242107809074,0.14409336303319606,0.13365689714465892,0.1433688409130798
57.374242107809074,57.67424210780907,0.142141358021771,0.13207936722449254,0.14148645426056292
57.42424210780908,57.724242107809076,0.14024776349233817,0.13059516705102778,0.13966288367778412
57.474242107809076,57.77424210780907,0.13841852914572797,0.12920959558581732,0.13790386891543518
57.52424210780907,57.82424210780908,0.13665954379556183,0.1279276629123248,0.13621507643987735
57.57424210780908,57.874242107809074,0.13497660377986037,0.1267540412977452,0.13460206786523762
57.624242107809074,57.92424210780907,0.13337537796430576,0.12569301571741456,0.13307026528129093
57.67424210780907,57.974242107809076,0.13186136947052812,0.12474843502970481,0.1316249136676996
57.724242107809076,58.02424210780907,0.13043987441450644,0.12392366513193435,0.13027104073097875
57.77424210780907,58.07424210780908,0.12911593811088698,0.12322154551700241,0.12901341466054783
57.82424210780908,58.124242107809074,0.1278943093819339,0.12264435067139541,0.12785650046724462
57.874242107809074,58.17424210780907,0.12677939379526765,0.12219375769701737,0.12680441573218165
57.92424210780907,58.224242107809076,0.1257752068303015,0.12187082139716042,0.1258608867442129
57.974242107809076,58.27424210780907,0.12488532812518298,0.1216759578432333,0.12502920612767712
58.02424210780907,58.32424210780907,0.12411285806902554,0.12160893714404426,0.12431219314537775
58.07424210780908,58.374242107809074,0.12346037806386549,0.12166888579130891,0.12371215789296298
58.124242107809074,58.42424210780907,0.12292991577504297,0.12185429857739317,0.12323087057074379
58.17424210780907,58.47424210780907,0.12252291660964904,0.12216305970130106,0.12286953692231453
58.224242107809076,58.52424210780907,0.1222402225081293,0.12259247232418068,0.12262878076638956
58.27424210780907,58.57424210780907,0.12208205890852769,0.12313929553105406,0.12250863432506802
58.32424210780907,58.624242107809074,0.12204803045764727,0.12379978742058191,0.1225085367803423
58.374242107809074,58.67424210780907,0.12213712571619785,0.12456975289171687,0.12262734118797611
58.42424210780907,58.72424210780907,0.1223477307580329,0.1254445946292751,0.12286332956426925
58.47424210780907,58.77424210780907,0.12267765122137128,0.12641936580624888,0.1232142356582885
58.52424210780907,58.82424210780907,0.12312414205656115,0.12748882310904044,0.12367727465046711
58.57424210780907,58.874242107809074,0.12368394395155934,0.12864747883809033,0.12424917879541889
58.624242107809074,58.92424210780907,0.12435332521873972,0.12988965102337907,0.12492623786484769
58.67424210780907,58.97424210780907,0.1251281278041665,0.1312095107045023,0.1257043431521613
58.72424210780907,59.02424210780907,0.12600381603526828,0.1326011257420187,0.12657903377431226
58.77424210780907,59.07424210780907,0.12697552675049795,0.13405850073690015,0.12754554404349527
58.82424210780907,59.12424210780907,0.12803811954525163,0.13557561282745675,0.1285988507722255
58.874242107809074,59.17424210780907,0.1291862260084794,0.13714644330098819,0.12973371950772855
58.92424210780907,59.22424210780907,0.13041429699867405,0.13876500509660325,0.13094474885188123
58.97424210780907,59.274242107809066,0.1317166472007311,0.14042536638497177,0.13222641219769546
59.02424210780907,59.32424210780907,0.1330874964023501,0.14212167049117058,0.13357309639034856
59.07424210780907,59.37424210780907,0.1345210071182788,0.14384815248074428,0.13497913698997138
59.12424210780907,59.42424210780907,0.13601131836379182,0.14559915276005914,0.13643884996718234
59.17424210780907,59.47424210780907,0.13755257552922898,0.14736912805385316,0.13794655979570558
59.22424210780907,59.524242107809066,0.13913895643197444,0.14915266011952746,0.13949662401664853
59.274242107809066,59.57424210780907,0.14076469371999117,0.1509444625429036,0.14108345443550238
59.32424210780907,59.62424210780907,0.14242409387291274,0.15273938593720868,0.14270153517658402
59.37424210780907,59.67424210780907,0.14411155309495965,0.1545324218388553,0.1443454378624561
59.42424210780907,59.72424210780907,0.14582157042170965,0.15631870556238506,0.14600983421058475
59.47424210780907,59.774242107809066,0.14754875837337986,0.15809351824476983,0.14768950634906605
59.524242107809066,59.82424210780907,0.1492878514843233,0.15985228827730294,0.14937935515078843
59.57424210780907,59.87424210780907,0.15103371302518004,0.16159059229278933,0.15107440687374069
59.62424210780907,59.924242107809064,0.15278134021348927,0.16330415584716124,0.152769818376934
59.67424210780907,59.97424210780907,0.1545258681831796,0.16498885390855236,0.1544608811588159
59.72424210780907,60.024242107809066,0.1562625729551714,0.16664071124340404,0.1561430244399607
59.774242107809066,60.07424210780906,0.15798687362218328,0.1682559027684483,0.15781181748569886
59.82424210780907,60.12424210780907,0.15969433393183038,0.1698307539193495,0.15946297133833803
59.87424210780907,60.174242107809064,0.16138066342427576,0.17136174107127228,0.16109234010354062
59.924242107809064,60.22424210780907,0.16304171825461797,0.1728454920335009,0.1626959219118708
59.97424210780907,60.274242107809066,0.16467350180628657,0.17427878662926258,0.16426985965482205
60.024242107809066,60.32424210780906,0.16627216518016177,0.17565855736289487,0.16581044157504155
60.07424210780906,60.37424210780907,0.1678340076250433,0.1769818901692293,0.16731410177301925
60.12424210780907,60.424242107809064,0.16935547695838493,0.17824602523432026,0.16877742067721616
60.174242107809064,60.47424210780907,0.17083317001182832,0.1794483578722826,0.1701971255113659
60.22424210780907,60.524242107809066,0.17226383312384155,0.1805864394397364,0.17157009078141625
60.274242107809066,60.57424210780906,0.17364436269150998,0.1816579782671731,0.1728933387950546
60.32424210780906,60.62424210780907,0.17497180578510377,0.1826608405851428,0.17416404021892934
60.37424210780907,60.674242107809064,0.1762433608221659,0.1835930514225405,0.17537951467226365
60.424242107809064,60.72424210780906,0.17745637829248076,0.18445279545420995,0.17653723135047214
60.47424210780907,60.774242107809066,0.17860836152107895,0.18523841777555575,0.17763480966844092
60.524242107809066,60.82424210780906,0.17969696745335792,0.18594842458274136,0.17867001991018688
60.57424210780906,60.87424210780906,0.18072000744423045,0.18658148373828423,0.17964078386952706
60.62424210780907,60.924242107809064,0.18167544803186392,0.18713642520337692,0.18054517546505963
60.674242107809064,60.97424210780906,0.18256141167588497,0.18761224131999948,0.18138142131205096
60.72424210780906,61.024242107809066,0.18337617743983875,0.18800808692781867,0.18214790123367908
60.774242107809066,61.07424210780906,0.18411818159805937,0.1883232793029124,0.18284314869436105
60.82424210780906,61.12424210780906,0.18478601814789977,0.18855729790753206,0.18346585113858535
60.87424210780906,61.174242107809064,0.18537843920938202,0.18870978394233087,0.18401485021964764
60.924242107809064,61.22424210780906,0.18589435529570977,0.18878053969477476,0.18448914190394453
60.97424210780906,61.274242107809066,0.18633283543969387,0.188769527679742,0.18488787643792487
61.024242107809066,61.32424210780906,0.18669310716290854,0.18867686957062327,0.18521035816642978
61.07424210780906,61.37424210780906,0.1869745562763062,0.18850284492151495,0.18545604519288442
61.12424210780906,61.424242107809064,0.18717672650302375,0.18824788968335673,0.18562454887366167
61.174242107809064,61.47424210780906,0.1872993189161868,0.18791259451906386,0.18571563314083014
61.22424210780906,61.52424210780906,0.18734219118663667,0.18749770292485374,0.18572921364946007
61.274242107809066,61.57424210780906,0.18730535663764664,0.18700410916703175,0.1856653567476225
61.32424210780906,61.62424210780906,0.18718898310583154,0.18643285604548004,0.1855242782691866
61.37424210780906,61.67424210780906,0.18699339160958303,0.18578513249696457,0.18530634215147018
61.424242107809064,61.72424210780906,0.18671905482844828,0.18506227105312806,0.18501205888171174
61.47424210780906,61.77424210780906,0.18636659539891745,0.1842657451696543,0.18464208377819671
61.52424210780906,61.82424210780906,0.18593678403405875,0.18339716644453777,0.18419721511366577
61.57424210780906,61.87424210780906,0.18543053747634272,0.18245828174469067,0.18367839209035097
61.62424210780906,61.92424210780906,0.18484891629480113,0.18145097026118304,0.18308669267760316
61.67424210780906,61.97424210780906,0.1841931225393662,0.1803772405142902,0.18242333132458058
61.72424210780906,62.02424210780906,0.18346449726680453,0.17923922733010975,0.1816896565618458
61.77424210780906,62.07424210780906,0.18266451795409808,0.1780391888108391,0.18088714850694984
61.82424210780906,62.12424210780906,0.18179479581638125,0.1767795033207979,0.18001741629014137
61.87424210780906,62.17424210780906,0.18085707304764675,0.17546266650991074,0.17908219541722092
61.92424210780906,62.22424210780906,0.17985322000329676,0.17409128839558857,0.1780833450872132
61.97424210780906,62.27424210780906,0.1787852323442792,0.17266809052270443,0.17702284548296715
62.02424210780906,62.324242107809056,0.17765522816293058,0.17119590321959896,0.1759027950529416
62.07424210780906,62.37424210780906,0.17646544511074466,0.1696776629657033,0.17472540780229667
62.12424210780906,62.42424210780906,0.17521823754805102,0.16811640988336818,0.1734930106109303
62.17424210780906,62.474242107809054,0.1739160737349807,0.16651528536275592,0.17220804059524591
62.22424210780906,62.52424210780906,0.1725615330820781,0.16487752982410742,0.1708730425291572
62.27424210780906,62.574242107809056,0.1711573034774178,0.16320648061627102,0.16949066633809376
62.324242107809056,62.62424210780906,0.16970617870508162,0.16150557004392932,0.16806366467749587
62.37424210780906,62.67424210780906,0.16821105596724184,0.15977832350851423,0.16659489060444532
62.42424210780906,62.724242107809054,0.16667493351886045,0.15802835773910492,0.16508729534757477
62.474242107809054,62.77424210780906,0.16510090842001673,0.1562593790797928,0.16354392617621033
62.52424210780906,62.824242107809056,0.16349217440614244,0.15447518178881495,0.16196792436472682
62.574242107809056,62.87424210780906,0.16185201987076844,0.152679646292341,0.16036252324228642
62.62424210780906,62.92424210780906,0.16018382594882302,0.1508767373220553,0.15873104631142568
62.67424210780906,62.974242107809054,0.15849106468090013,0.14907050185071802,0.1570769054112879
62.724242107809054,63.02424210780906,0.15677729723022735,0.14726506672384415,0.15540359889263616
62.77424210780906,63.074242107809056,0.1550461721142304,0.14546463586872393,0.15371470976208035
62.824242107809056,63.12424210780905,0.15330142340160693,0.14367348694457976,0.15201390374224272
62.87424210780906,63.17424210780906,0.1515468688136546,0.14189596728018034,0.15030492718284985
62.92424210780906,63.224242107809054,0.14978640765534412,0.14013648892836286,0.1485916047451266
62.974242107809054,63.27424210780905,0.14802401848733895,0.13839952265147765,0.1468778367684574
63.02424210780906,63.324242107809056,0.14626375643504835,0.13668959063880173,0.14516759621433217
63.074242107809056,63.37424210780905,0.14450975001513872,0.13501125774774103,0.14346492506841255
63.12424210780905,63.42424210780906,0.14276619734404544,0.13336912105656074,0.1417739300675565
63.17424210780906,63.474242107809054,0.1410373615775668,0.13176779751921464,0.1400987776053951
63.224242107809054,63.52424210780905,0.13932756541609811,0.13021190952420422,0.13844368765826917
63.27424210780905,63.574242107809056,0.13764118449749418,0.12870606818131142,0.1368129265638392
63.324242107809056,63.62424210780905,0.1359826394898493,0.12725485419407823,0.13521079847854772
63.37424210780905,63.67424210780906,0.13435638669096328,0.12586279622370436,0.13364163533846388
63.42424210780906,63.724242107809054,0.13276690694123694,0.12453434671254675,0.13210978515220753
63.474242107809054,63.77424210780905,0.13121869266386332,0.1232738552130185,0.1306195984660075
63.52424210780905,63.824242107809056,0.12971623286190442,0.12208553935976854,0.12917541286089326
63.574242107809056,63.87424210780905,0.12826399592790835,0.12097345372775806,0.12778153537185738
63.62424210780905,63.92424210780905,0.12686641015945416,0.119941456933014,0.12644222275966718
63.67424210780906,63.974242107809054,0.12552784192458277,0.11899317745171381,0.12516165961851783
63.724242107809054,64.02424210780904,0.12425257148508563,0.11813197875066056,0.12394393436716433
63.77424210780905,64.07424210780904,0.12304476656291163,0.11736092443068726,0.12279301324684096
63.824242107809056,64.12424210780905,0.1219084538245177,0.11668274417588567,0.12171271253482341
63.87424210780905,64.17424210780905,0.12084748855750907,0.11609980136727036,0.12070666927526266
63.92424210780905,64.22424210780905,0.11986552291999013,0.11561406325178368,0.1197783109253232
63.974242107809054,64.27424210780904,0.1189659732508117,0.11522707455004588,0.11893082440990795
64.02424210780904,64.32424210780904,0.11815198703237799,0.11493993533496083,0.11816712516668826
64.07424210780904,64.37424210780905,0.11742641018989987,0.11475328391736454,0.11748982683843232
64.12424210780905,64.42424210780905,0.11679175548454658,0.11466728533699198,0.11690121232530085
64.17424210780905,64.47424210780905,0.1162501728055104,0.11468162588346333,0.1164032069396927
64.22424210780905,64.52424210780904,0.11580342218110408,0.11479551387233562,0.11599735440535222
64.27424210780904,64.57424210780904,0.11545285030682717,0.1150076866875742,0.11568479640738992
64.32424210780904,64.62424210780905,0.11519937132633538,0.11531642388750817,0.11546625632944876
64.37424210780905,64.67424210780905,0.11504345249982417,0.11571956596990901,0.11534202770993908
64.42424210780905,64.72424210780905,0.11498510525704565,0.11621453821547152,0.1153119678152343
64.47424210780905,64.77424210780904,0.11502388196563858,0.1167983788874736,0.11537549657069543
64.52424210780904,64.82424210780904,0.11515887855897759,0.11746777096531624,0.11553160091915349
64.57424210780904,64.87424210780904,0.11538874297248554,0.11821907653393895,0.1157788445011049
64.62424210780905,64.92424210780905,0.11571168914529188,0.11904837293915045,0.1161153823818246
64.67424210780905,64.97424210780905,0.11612551616694591,0.11995148984694212,0.11653898039774216
64.72424210780905,65.02424210780904,0.11662763199684713,0.12092404640668097,0.11704703856613685
64.77424210780904,65.07424210780904,0.11721508106506898,0.12196148780596065,0.11763661790466731
64.82424210780904,65.12424210780904,0.11788457498230832,0.12305912061043996,0.1183044699440446
64.87424210780904,65.17424210780905,0.11863252554559307,0.12421214639696371,0.11904706818912907
64.92424210780905,65.22424210780905,0.11945507922389,0.12541569330518018,0.1198606407891779
64.97424210780905,65.27424210780904,0.12034815234000702,0.12666484524554228,0.12074120371308053
65.02424210780904,65.32424210780904,0.12130746622637402,0.127954668605174,0.12168459378485538
65.07424210780904,65.37424210780904,0.12232858171540485,0.12928023638440966,0.12268650101218234
65.12424210780904,65.42424210780905,0.12340693242275423,0.1306366497739232,0.12374249972987637
65.17424210780905,65.47424210780905,0.1245378563866839,0.13201905724468202,0.12484807817474436
65.22424210780905,65.52424210780904,0.12571662573251965,0.13342267127074747,0.1259986662027935
65.27424210780904,65.57424210780904,0.12693847413247872,0.13484278283924947,0.12718966094975814
65.32424210780904,65.62424210780904,0.12819862192392054,0.13627477392418627,0.12841645031802865
65.37424210780904,65.67424210780904,0.1294922988306334,0.137714128112777,0.1296744342450831
65.42424210780905,65.72424210780905,0.1308147643005256,0.13915643957673293,0.13095904376914405
65.47424210780905,65.77424210780904,0.13216132552858728,0.14059742057782407,0.1322657579567125
65.52424210780904,65.82424210780904,0.13352735327658594,0.14203290768911092,0.13359011879419916
65.57424210780904,65.87424210780904,0.13490829563152087,0.14345886690165902,0.13492774417286854
65.62424210780904,65.92424210780904,0.13629968986479735,0.1448713977726811,0.13627433911399114
65.67424210780904,65.97424210780905,0.13769717256490258,0.14626673675588994,0.1376257053907228
65.72424210780905,66.02424210780904,0.1390964882196497,0.14764125983918755,0.13897774970627175
65.77424210780904,66.07424210780904,0.14049349642144482,0.14899148459932382,0.1403264905856767
65.82424210780904,66.12424210780904,0.14188417786190358,0.1503140717682217,0.14166806413231334
65.87424210780904,66.17424210780904,0.14326463927180708,0.15160582639168646,0.14299872879116313
65.92424210780904,66.22424210780905,0.14463111744997498,0.15286369864832253,0.14431486924989598
65.97424210780905,66.27424210780904,0.14597998251098823,0.15408478438484843,0.1456129995967221
66.02424210780904,66.32424210780904,0.14730774046758663,0.1552663254136261,0.14688976584142577
66.07424210780904,66.37424210780904,0.14861103524956987,0.15640570960912645,0.1481419478934726
66.12424210780904,66.42424210780904,0.14988665024749376,0.15750047083218718,0.14936646107897478
66.17424210780904,66.47424210780903,0.15113150945674403,0.15854828870421442,0.15056035726686795
66.22424210780905,66.52424210780904,0.15234267828584158,0.15954698824783872,0.15172082566408207
66.27424210780904,66.57424210780904,0.15351736408217775,0.16049453940588027,0.15284519332985025
66.32424210780904,66.62424210780904,0.15465291641888992,0.16138905644671853,0.15393092545068768
66.37424210780904,66.67424210780904,0.1557468271782215,0.16222879726116285,0.15497562540995932
66.42424210780904,66.72424210780903,0.15679673045946477,0.16301216255364503,0.1559770346793269
66.47424210780903,66.77424210780904,0.15780040233336812,0.16373769492887247,0.1569330325536729
66.52424210780904,66.82424210780904,0.15875576045967693,0.1644040778739261,0.15784163574629245
66.57424210780904,66.87424210780904,0.15966086358012033,0.16501013463510095,0.15870099785712194
66.62424210780904,66.92424210780904,0.1605139108956496,0.1655548269884648,0.15950940872351121
66.67424210780904,66.97424210780903,0.16131324133391078,0.1660372539031397,0.1602652936604046
66.72424210780903,67.02424210780904,0.16205733271077893,0.16645665009658894,0.16096721259478033
66.77424210780904,67.07424210780904,0.16274480078818113,0.16681238448171895,0.16161385909765844
66.82424210780904,67.12424210780904,0.1633743982293143,0.16710395850629142,0.16220405931591586
66.87424210780904,67.17424210780904,0.16394501345167786,0.16733100438598625,0.16273677080546586
66.92424210780904,67.22424210780903,0.1644556693780065,0.1674932832334059,0.16321108126699246
66.97424210780903,67.27424210780903,0.16490552208516282,0.16759068308634512,0.16362620718536158
67.02424210780904,67.32424210780904,0.1652938593512713,0.1676232168397351,0.16398149237399162
67.07424210780904,67.37424210780904,0.1656200991018197,0.16759102008678858,0.16427640642581534
67.12424210780904,67.42424210780904,0.16588378775605409,0.16749434887600184,0.16451054307298035
67.17424210780904,67.47424210780903,0.16608459847573515,0.16733357739178456,0.16468361845806867
67.22424210780903,67.52424210780903,0.16622232931917158,0.16710919556758044,0.16479546932034833
67.27424210780903,67.57424210780904,0.16629690130436167,0.166821806641386,0.16484605110136236
67.32424210780904,67.62424210780904,0.16630835638604086,0.16647212466456196,0.16483543597500944
67.37424210780904,67.67424210780904,0.16625685535243362,0.16606097197574296,0.1647638108081283
67.42424210780904,67.72424210780903,0.16614267564850288,0.16558927665247233,0.16463147505846856
67.47424210780903,67.77424210780903,0.16596620913348306,0.16505806995390776,0.16443883861778053
67.52424210780903,67.82424210780904,0.16572795978144114,0.16446848376854104,0.1641864196085767
67.57424210780904,67.87424210780904,0.16542854133452214,0.16382174808134134,0.16387484214388884
67.62424210780904,67.92424210780904,0.16506867491938795,0.1631191884750436,0.16350483406005367
67.67424210780904,67.97424210780903,0.1646491866381345,0.16236222368045797,0.16307722463319077
67.72424210780903,68.02424210780903,0.16417100514565539,0.16155236319063318,0.16259294229057647
67.77424210780903,68.07424210780903,0.16363515922600327,0.16069120495347516,0.16205301232855285
67.82424210780904,68.12424210780904,0.16304277538075582,0.15978043315695506,0.161458554648921
67.87424210780904,68.17424210780904,0.1623950754427236,0.15882181612033935,0.160810781525952
67.92424210780904,68.22424210780903,0.1616933742285072,0.15781720430388904,0.16011099541617024
67.97424210780903,68.27424210780903,0.1609390772434237,0.15676852844821226,0.1593605868229368
68.02424210780903,68.32424210780903,0.16013367845214643,0.1556777978528507,0.1585610322275285
68.07424210780903,68.37424210780902,0.1592787581280203,0.1545470988017342,0.1577138920978939
68.12424210780904,68.42424210780904,0.15837598079341814,0.1533785931407941,0.15682080898552492
68.17424210780904,68.47424210780903,0.15742709326266088,0.15217451701027476,0.15588350571989487
68.22424210780903,68.52424210780903,0.15643392279790205,0.15093717973105042,0.15490378370866895
68.27424210780903,68.57424210780903,0.1553983753869876,0.14966896284056047,0.1538835213503662
68.32424210780903,68.62424210780902,0.15432243415056768,0.14837231926970193,0.15282467256429427
68.37424210780902,68.67424210780904,0.1532081578836681,0.14704977264721703,0.15172926544040385
68.42424210780904,68.72424210780903,0.15205767973448192,0.14570391671267566,0.15059940100915828
68.47424210780903,68.77424210780903,0.15087320602028328,0.14433741481308696,0.14943725212856696
68.52424210780903,68.82424210780903,0.14965701517705024,0.14295299945145484,0.14824506248216102
68.57424210780903,68.87424210780902,0.14841145683562215,0.14155347184819184,0.14702514567788116
68.62424210780902,68.92424210780902,0.1471389510129131,0.1401417014682454,0.14577988443354356
68.67424210780904,68.97424210780903,0.14584198740187845,0.13872062545810102,0.14451172982975488
68.72424210780903,69.02424210780903,0.14452312473853826,0.13729324792753705,0.14322320060584115
68.77424210780903,69.07424210780903,0.1431849902183776,0.13586263900125092,0.1419168824685149
68.82424210780903,69.12424210780902,0.1418302789278651,0.13443193355536986,0.14059542737664515
68.87424210780902,69.17424210780902,0.14046175324965682,0.1330043295436091,0.1392615527586306
68.92424210780902,69.22424210780903,0.13908224219231408,0.13158308580770703,0.13791804061154925
68.97424210780903,69.27424210780903,0.13769464058707703,0.1301715192571269,0.13656773642351658
69.02424210780903,69.32424210780903,0.1363019080855369,0.1287730012942541,0.13521354785266004
69.07424210780903,69.37424210780902,0.1349070678829674,0.12739095335404682,0.13385844308789777
69.12424210780902,69.42424210780902,0.13351320508287667,0.12602884142186027,0.1325054488085449
69.17424210780902,69.47424210780902,0.13212346460915814,0.12469016939080292,0.1311576476518181
69.22424210780903,69.52424210780903,0.13074104856338256,0.12337847112124276,0.1298181750899594
69.27424210780903,69.57424210780903,0.12936921291665904,0.12209730107092108,0.1284902156122687
69.32424210780903,69.62424210780902,0.12801126341850952,0.12085022337543176,0.1271769981022708
69.37424210780902,69.67424210780902,0.12667055059991722,0.11964079927657506,0.12588179029712168
69.42424210780902,69.72424210780902,0.12535046374472897,0.11847257282104373,0.12460789221570304
69.47424210780902,69.77424210780903,0.1240544237036368,0.11734905478478395,0.12335862844436521
69.52424210780903,69.82424210780903,0.12278587442877616,0.11627370481951706,0.12213733917564491
69.57424210780903,69.87424210780902,0.12154827311541572,0.11524991186735233,0.12094736990620494
69.62424210780902,69.92424210780902,0.12034507885104545,0.11428097294662613,0.11979205971637914
69.67424210780902,69.97424210780902,0.1191797396921916,0.11337007047596259,0.11867472807570699
69.72424210780902,70.02424210780903,0.11805567811612624,0.11252024837223773,0.11759866014707329
69.77424210780903,70.07424210780903,0.11697627482874919,0.11173438722913412,0.11656709059682019
69.82424210780903,70.12424210780902,0.11594485095142487,0.1110151789530023,0.11558318595932221
69.87424210780902,70.17424210780902,0.11496464865822538,0.11036510129801248,0.11465002565156825
69.92424210780902,70.22424210780902,0.11403881039011768,0.1097863927987687,0.11377058178531554
69.97424210780902,70.27424210780903,0.11317035683278286,0.10928102864133962,0.11294769797988667
70.02424210780903,70.32424210780903,0.11236216390810468,0.10885069803883303,0.11218406743571614
70.07424210780903,70.37424210780902,0.11161693909326563,0.10849678368166031,0.11148221058476668
70.12424210780902,70.42424210780902,0.11093719744277228,0.10822034381301253,0.11084445268598775
70.17424210780902,70.47424210780902,0.11032523774398968,0.1080220974356217,0.11027290177887104
70.22424210780902,70.52424210780902,0.10978311928205936,0.1079024130871622,0.10976942744250212
70.27424210780903,70.57424210780903,0.10931263972164817,0.10786130153091564,0.10933564082817393
70.32424210780903,70.62424210780902,0.10891531462734257,0.10789841259957901,0.10897287643790429
70.37424210780902,70.67424210780902,0.10859235913892586,0.1080130363087873,0.10868217610708707
70.42424210780902,70.72424210780902,0.10834467229055086,0.1082041082295456,0.1084642756160602
70.47424210780902,70.77424210780902,0.10817282441352148,0.10847021898232367,0.10831959430279478
70.52424210780902,70.82424210780903,0.10807704799211373,0.108809627596963,0.10824822797874398
70.57424210780903,70.87424210780902,0.10805723225322106,0.10922027837799222,0.10824994536493465
70.62424210780902,70.92424210780902,0.1081129216676078,0.10969982082947222,0.10832418816956774
70.67424210780902,70.97424210780902,0.10824331842838919,0.11024563213055505,0.10847007482650814
70.72424210780902,71.02424210780902,0.10844728885694119,0.11085484161428097,0.10868640781134359
70.77424210780902,71.07424210780901,0.10872337357395175,0.11152435668774176,0.10897168435350583
70.82424210780903,71.12424210780902,0.10906980116969285,0.11225088964004061,0.1093241102742066
70.87424210780902,71.17424210780902,0.10948450501797308,0.11303098481264888,0.10974161660482938
70.92424210780902,71.22424210780902,0.10996514280666525,0.11386104565106724,0.11022187858205425
70.97424210780902,71.27424210780902,0.11050911830680775,0.11473736121295586,0.11076233657621859
71.02424210780902,71.32424210780901,0.11111360487314093,0.11565613177180142,0.11136021848882936
71.07424210780901,71.37424210780902,0.1117755701611887,0.1166134932226831,0.11201256315304738
71.12424210780902,71.42424210780902,0.1124918015579498,0.11760554006417864,0.11271624428567291
71.17424210780902,71.47424210780902,0.11325893185220441,0.11862834679498584,0.11346799456813751
71.22424210780902,71.52424210780902,0.11407346471301479,0.11967798762314312,0.11426442947423524
71.27424210780902,71.57424210780901,0.11493179959742167,0.12075055443832798,0.11510207051053094
71.32424210780901,71.62424210780902,0.11583025576690259,0.12184217304265726,0.11597736758835668
71.37424210780902,71.67424210780902,0.11676509515332807,0.12294901767244015,0.11688672030104455
71.42424210780902,71.72424210780902,0.11773254387585552,0.12406732387256027,0.11782649793399674
71.47424210780902,71.77424210780902,0.11872881226795286,0.12519339980707786,0.11879305808624852
71.52424210780902,71.82424210780901,0.1197501133266418,0.12632363610495934,0.11978276382879151
71.57424210780901,71.87424210780902,0.12079267954282757,0.12745451434941285,0.12079199936605807
71.62424210780902,71.92424210780902,0.12185277811151439,0.12858261432402487,0.1218171842020543
71.67424210780902,71.97424210780902,0.12292672455358293,0.1297046201296949,0.12285478584148521
71.72424210780902,72.02424210780902,0.12401089480675348,0.13081732528403373,0.12390133107903069
71.77424210780902,72.07424210780901,0.12510173586282355,0.13191763691028183,0.12495341594707103
71.82424210780901,72.12424210780901,0.12619577504192192,0.13300257911651053,0.12600771440420094
71.87424210780902,72.17424210780902,0.12728962800305388,0.13406929565853867,0.12706098585445094
71.92424210780902,72.22424210780902,0.12838000559446142,0.13511505197203616,0.12811008159096393
71.97424210780902,72.27424210780902,0.12946371964808778,0.13613723665113556,0.12915195025860934
72.02424210780902,72.32424210780901,0.1305376878204056,0.13713336244276278,0.13018364242832547
72.07424210780901,72.37424210780901,0.13159893757779279,0.13810106681812023,0.1312023143724437
72.12424210780901,72.42424210780902,0.1326446094190728,0.13903811217538467,0.1322052311253881
72.17424210780902,72.47424210780902,0.13367195942127408,0.13994238572088966,0.13318976890839468
72.22424210780902,72.52424210780902,0.13467836118757978,0.14081189906986502,0.13415341699062755
72.27424210780902,72.57424210780901,0.13566130726910897,0.14164478760225258,0.13509377905260936
72.32424210780901,72.62424210780901,0.13661841012488984,0.14243930960419754,0.13600857411140294
72.37424210780901,72.67424210780901,0.13754740267737106,0.14319384522152218,0.13689563706072547
72.42424210780902,72.72424210780902,0.13844613851415216,0.14390689524777886,0.13775291887323463
72.47424210780902,72.77424210780902,0.13931259178044747,0.14457707976633255,0.13857848650667962
72.52424210780902,72.82424210780901,0.14014485680117603,0.14520313666327364,0.13937052255054627
72.57424210780901,72.87424210780901,0.1409411474664825,0.14578392002577564,0.14012732464523714
72.62424210780901,72.92424210780901,0.1416997964100012,0.14631839843873762,0.14084730470174495
72.67424210780901,72.97424210780902,0.1424192540052277,0.14680565319114472,0.14152898794617458
72.72424210780902,73.02424210780902,0.1430980872019414,0.1472448764024831,0.14217101181034775
72.77424210780902,73.07424210780901,0.14373497822169498,0.14763536907873306,0.1427721246870247
72.82424210780901,73.12424210780901,0.1443287231289361,0.14797653910687705,0.14333118456600633
72.87424210780901,73.17424210780901,0.14487823029226116,0.14826789919648115,0.14384715756545646
72.92424210780901,73.22424210780902,0.14538251874863434,0.14850906477668185,0.1443191163712206
72.97424210780902,73.27424210780902,0.14584071648205982,0.14869975185681952,0.14474623859562993
73.02424210780902,73.32424210780901,0.1462520586271352,0.1488397748589754,0.14512780506626013
73.07424210780901,73.37424210780901,0.1466158856071141,0.14892904443075491,0.1454631980543313
73.12424210780901,73.42424210780901,0.14693164121551328,0.14896756524680618,0.14575189945182546
73.17424210780901,73.47424210780902,0.1471988706498923,0.14895543380773374,0.1459934889059679
73.22424210780902,73.52424210780902,0.14741721850616896,0.1488928362452611,0.14618764191941908
73.27424210780902,73.57424210780901,0.14758642674169706,0.14878004614267715,0.14633412792432432
73.32424210780901,73.62424210780901,0.14770633261528326,0.14861742237976752,0.14643280833826403
73.37424210780901,73.67424210780901,0.14777686661233982,0.14840540701156163,0.1464836346100981
73.42424210780901,73.724242107809,0.1477980503634468,0.14814452319031202,0.14648664626369387
73.47424210780902,73.77424210780902,0.14776999456468692,0.14783537314014206,0.14644196894754713
73.52424210780902,73.82424210780901,0.14769289690823528,0.14747863619375576,0.14634981249833154
73.57424210780901,73.87424210780901,0.1475670400317799,0.1470750669004655,0.1462104690264324
73.62424210780901,73.92424210780901,0.14739278949543844,0.14662549321458007,0.14602431103151844
73.67424210780901,73.974242107809,0.14717059179488212,0.14613081477286158,0.14579178955616914
73.724242107809,74.02424210780902,0.14690097241937822,0.14559200126932423,0.14551343238549272
73.77424210780902,74.07424210780901,0.14658453396340754,0.14501009093508774,0.14518984230053167
73.82424210780901,74.12424210780901,0.14622195430038665,0.14438618913029502,0.1448216953930454
73.87424210780901,74.17424210780901,0.14581398482681354,0.14372146705427155,0.1444097394489742
73.92424210780901,74.224242107809,0.14536144878486684,0.1430171605791001,0.14395479240752057
73.974242107809,74.274242107809,0.14486523967108214,0.1422745692106262,0.14345774090231134
74.02424210780902,74.32424210780901,0.14432631973822907,0.14149505517956001,0.14291953889053471
74.07424210780901,74.37424210780901,0.14374571859688523,0.14068004266380865,0.14234120637525421
74.12424210780901,74.42424210780901,0.14312453192244096,0.1398310171414202,0.14172382822528393
74.17424210780901,74.474242107809,0.1424639202723816,0.13894952487156584,0.14106855309606908
74.224242107809,74.524242107809,0.14176510801763964,0.1380371724987674,0.14037659245390952
74.274242107809,74.57424210780901,0.14102938239060045,0.13709562677313025,0.13964921970461988
74.32424210780901,74.62424210780901,0.14025809265096248,0.13612661437660947,0.13888776942630296
74.37424210780901,74.67424210780901,0.1394526493690846,0.1351319218423255,0.1380936367043117
74.42424210780901,74.724242107809,0.13861452382467498,0.13411339555063231,0.13726827656469126
74.474242107809,74.774242107809,0.13774524751670067,0.13307294178202,0.13641320350040712
74.524242107809,74.82424210780901,0.13684641177818505,0.13201252680298464,0.1355299910824594
74.57424210780901,74.87424210780901,0.1359196674871008,0.13093417695673734,0.13462027164555573
74.62424210780901,74.92424210780901,0.1349667248618747,0.12983997872601855,0.13368573603535525
74.67424210780901,74.974242107809,0.1339893533270313,0.1287320787304011,0.13272813340138703
74.724242107809,75.024242107809,0.13298938143126768,0.12761268361526515,0.13174927101659029
74.774242107809,75.07424210780901,0.13196869679671028,0.1264840597842102,0.13075101410101123
74.82424210780901,75.12424210780901,0.13092924607427883,0.12534853292105266,0.1297352856235369
74.87424210780901,75.17424210780901,0.12987303487598043,0.1242084872418509,0.1287040660516412
74.92424210780901,75.224242107809,0.12880212765056992,0.12306636441171631,0.1276593930149977
74.974242107809,75.274242107809,0.1277186474643737,0.12192466205564537,0.126603360844509
75.024242107809,75.324242107809,0.12662477564421765,0.1207859317874454,0.1255381199438307
75.07424210780901,75.37424210780901,0.12552275123437753,0.11965277667626367,0.12446587594593535
75.12424210780901,75.42424210780901,0.12441487021434373,0.1185278480665324,0.1233888886027066
75.17424210780901,75.474242107809,0.1233034844190717,0.11741384166465677,0.12230947035111805
75.224242107809,75.524242107809,0.12219100009840891,0.11631349280487106,0.12122998449534414
75.274242107809,75.574242107809,0.12107987604766504,0.11522957080780015,0.12015284294035586
75.324242107809,75.62424210780901,0.11997262123708152,0.11416487234883928,0.11908050340936714
75.37424210780901,75.67424210780901,0.11887179186445863,0.11312221376000844,0.11801546607514264
75.42424210780901,75.724242107809,0.1177799877526875,0.11210442219887749,0.11696026953395183
75.474242107809,75.774242107809,0.11669984801276453,0.11111432563201729,0.1159174860511376
75.524242107809,75.824242107809,0.11563404589338279,0.11015474159849986,0.11488971600920658
75.574242107809,75.874242107809,0.11458528274076288,0.10922846474159134,0.11387958149339837
75.62424210780901,75.92424210780901,0.11355628099748892,0.10833825312399235,0.11288971895620893
75.67424210780901,75.974242107809,0.112549776177094,0.10748681337370958,0.11192277091167266
75.724242107809,76.024242107809,0.11156850776245252,0.10667678474346334,0.11098137662267654
75.774242107809,76.074242107809,0.11061520899101976,0.10591072220577598,0.110068161760429
75.824242107809,76.124242107809,0.1096925955088479,0.10519107874744593,0.10918572703458514
75.874242107809,76.17424210780901,0.1088033528983001,0.10452018706962621,0.10833663581546066
75.92424210780901,76.224242107809,0.10795012311140109,0.10390024094138657,0.10752340079609952
75.974242107809,76.274242107809,0.10713548987156912,0.10333327649342591,0.10674846977132633
76.024242107809,76.324242107809,0.10636196314057832,0.10282115377225144,0.10601421064269036
76.074242107809,76.374242107809,0.1056319627841857,0.10236553890134184,0.10532289579158403
76.124242107809,76.42424210780901,0.10494780160781057,0.10196788721233245,0.1046766859966078
76.17424210780901,76.474242107809,0.10431166797158653,0.10162942771416587,0.10407761410413219
76.224242107809,76.524242107809,0.1037256082303126,0.1013511492599481,0.10352756869139534
76.274242107809,76.574242107809,0.10319150927640404,0.10113378874913864,0.10302827798765532
76.324242107809,76.624242107809,0.10271108149090992,0.1009778216666111,0.10258129433917612
76.374242107809,76.67424210780901,0.10228584242697766,0.1008834552109032,0.10218797951647297
76.42424210780901,76.724242107809,0.10191710155999384,0.10085062420332692,0.10184949116586181
76.474242107809,76.774242107809,0.10160594643749266,0.1008789899000486,0.10156677070082593
76.524242107809,76.824242107809,0.10135323054875293,0.10096794175393707,0.1013405329114037
76.574242107809,76.874242107809,0.10115956320839563,0.10111660209550752,0.10117125754167908
76.624242107809,76.924242107809,0.10102530171053996,0.10132383362640918,0.1010591830470681
76.67424210780901,76.974242107809,0.10095054596124793,0.10158824954824255,0.10100430269568603
76.724242107809,77.024242107809,0.10093513573887117,0.101908226087265,0.10100636312345797
76.774242107809,77.074242107809,0.1009786506669761,0.10228191712436334,0.10106486539311103
76.824242107809,77.124242107809,0.10108041291568493,0.1027072706013259,0.10117906854542298
76.874242107809,77.174242107809,0.10123949257775974,0.10318204634989322,0.10134799556990831
76.924242107809,77.224242107809,0.10145471559883848,0.10370383497935047,0.10157044166427351
76.974242107809,77.274242107809,0.10172467407997787,0.10427007746082427,0.10184498459999274
77.024242107809,77.324242107809,0.10204773871771745,0.10487808506056341,0.10216999696736503
77.074242107809,77.374242107809,0.10242207310431709,0.1055250592984277,0.10254366003897725
77.124242107809,77.424242107809,0.10284564957998178,0.10620811163940945,0.10296397896655662
77.174242107809,77.47424210780899,0.10331626631036366,0.10692428266297384,0.10342879901307146
77.224242107809,77.524242107809,0.10383156525626967,0.10767056049507336,0.10393582251929048
77.274242107809,77.574242107809,0.10438905070749947,0.1084438983288421,0.10448262631102113
77.324242107809,77.624242107809,0.10498610806774353,0.10924123090040976,0.10506667926865167
77.374242107809,77.674242107809,0.10562002260075862,0.11005948982458244,0.10568535980285522
77.424242107809,77.72424210780899,0.10628799787767847,0.1108956177302274,0.10633597300770728
77.47424210780899,77.774242107809,0.10698717369928232,0.11174658116636099,0.10701576729326412
77.524242107809,77.824242107809,0.10771464330341773,0.11260938227674806,0.10772195033224218
77.574242107809,77.874242107809,0.10846746970479745,0.11348106926317839,0.1084517041883188
77.624242107809,77.924242107809,0.10924270105056029,0.1143587456755308,0.10920219952552505
77.674242107809,77.97424210780899,0.1100373849090892,0.11523957858057726,0.10997060882820665
77.72424210780899,78.024242107809,0.11084858144075911,0.11612080567154559,0.11075411858836912
77.774242107809,78.074242107809,0.11167337542688341,0.11699974138722433,0.11154994044140405
77.824242107809,78.124242107809,0.11250888715688676,0.11787378211331001,0.11235532125198257
77.874242107809,78.174242107809,0.11335228219350184,0.11874041054025092,0.11316755216920828
77.924242107809,78.22424210780899,0.11420078005168546,0.11959719925149226,0.11398397668405028
77.97424210780899,78.274242107809,0.11505166183922225,0.12044181361419885,0.11480199773284998
78.024242107809,78.324242107809,0.11590227691592207,0.12127201404157816,0.11561908389856128
78.074242107809,78.374242107809,0.11675004863434199,0.12208565769221524,0.1164327747667214
78.124242107809,78.424242107809,0.117592479228489,0.12288069966758783,0.11724068549628434
78.174242107809,78.47424210780899,0.11842715391837107,0.12365519376444027,0.11804051066676179
78.22424210780899,78.52424210780899,0.1192517442980008,0.12440729283408213,0.1188300274629356
78.274242107809,78.574242107809,0.12006401107286874,0.1251352487961297,0.11960709825705639
78.324242107809,78.624242107809,0.12086180621030784,0.12583741234980425,0.1203696726462172
78.374242107809,78.674242107809,0.121643074562884,0.12651223242173598,0.12111578899972392
78.424242107809,78.72424210780899,0.12240585502119157,0.12715825538532197,0.12184357556799011
78.47424210780899,78.77424210780899,0.12314828124841622,0.127774124083113,0.12255125120096497
78.52424210780899,78.824242107809,0.12386858204490915,0.12835857668043987,0.12323712572045764
78.574242107809,78.874242107809,0.12456508138693718,0.12891044537556542,0.12389959998709674
78.624242107809,78.924242107809,0.12523619817980203,0.1294286549890272,0.12453716569914126
78.674242107809,78.97424210780899,0.12588044576175553,0.12991222145252615,0.1251484049569803
78.72424210780899,79.02424210780899,0.12649643119160853,0.13036025021568554,0.12573198962399162
78.77424210780899,79.07424210780898,0.12708285434966826,0.13077193458723432,0.1262866805114853
78.824242107809,79.124242107809,0.12763850687865835,0.13114655402563047,0.12681132641276394
78.874242107809,79.174242107809,0.12816227098859045,0.13148347239281372,0.1273048630088726
78.924242107809,79.22424210780899,0.1286531181471365,0.1317821361836321,0.1277663116664055
78.97424210780899,79.27424210780899,0.12911010767490702,0.1320420727425044,0.12819477814575972
79.02424210780899,79.32424210780898,0.12953238526315244,0.13226288847803044,0.12858945123646975
79.07424210780898,79.374242107809,0.12991918142973163,0.13244426708552862,0.12894960133470296
79.124242107809,79.424242107809,0.13026980992774884,0.13258596778683682,0.12927457897663056
79.174242107809,79.47424210780899,0.13058366611998687,0.1326878235961506,0.12956381334018305
79.22424210780899,79.52424210780899,0.13086022533116679,0.13274973962015926,0.1298168107266503
79.27424210780899,79.57424210780898,0.1310990411891103,0.1327716914002757,0.13003315303265123
79.32424210780898,79.624242107809,0.13129974396504357,0.1327537233043134,0.13021249622219008
79.374242107809,79.674242107809,0.13146203892255198,0.13269594697454046,0.1303545688077856
79.424242107809,79.72424210780899,0.13158570468405215,0.13259853983861455,0.13045917034901144
79.47424210780899,79.77424210780899,0.13167059162306632,0.13246174368947317,0.130526169976202
79.52424210780899,79.82424210780898,0.13171662029005946,0.1322858633398054,0.13055550494653184
79.57424210780898,79.874242107809,0.13172377987911216,0.13207126535625877,0.13054717923917353
79.624242107809,79.924242107809,0.13169212674223843,0.13181837687802703,0.1305012621957521
79.674242107809,79.97424210780899,0.13162178295770532,0.13152768452391864,0.13041788721184147
79.72424210780899,80.02424210780899,0.13151293495826571,0.13119973339141447,0.13029725048477678
79.77424210780899,80.07424210780898,0.13136583222475814,0.13083512615057383,0.1301396098225761
79.82424210780898,80.12424210780898,0.13118078605005556,0.1304345222349455,0.12994528351827392
79.874242107809,80.174242107809,0.13095816837785063,0.12999863713087095,0.12971464929344984
79.924242107809,80.22424210780899,0.13069841072023688,0.12952824176572592,0.12944814331418988
79.97424210780899,80.27424210780899,0.13040200315747966,0.1290241619947303,0.1291462592821384
80.02424210780899,80.32424210780898,0.1300694934227628,0.1284872781849591,0.12880954760267135
80.07424210780898,80.37424210780898,0.12970148607403578,0.12791852489409763,0.128438614631554
80.12424210780898,80.424242107809,0.1292986417543717,0.1273188906403024,0.1280341220007193
80.174242107809,80.47424210780899,0.12886167654146688,0.12668941775824175,0.12759678602302063
80.22424210780899,80.52424210780899,0.12839136138607163,0.12603120233499335,0.12712737717496803
80.27424210780899,80.57424210780898,0.12788852163821715,0.12534539421796587,0.12662671965553438
80.32424210780898,80.62424210780898,0.12735403665911343,0.12463319708536909,0.12609569101813356
80.37424210780898,80.67424210780898,0.1267888395155046,0.12389586856798365,0.1255352218717925
80.424242107809,80.72424210780899,0.126193916752096,0.12313472040907317,0.12494629564638392
80.47424210780899,80.77424210780899,0.12557030823639384,0.12235111864722005,0.12432994841553134
80.52424210780899,80.82424210780898,0.12491910706891991,0.12154648380465277,0.12368726876944543
80.57424210780898,80.87424210780898,0.12424145955027686,0.12072229106127423,0.12301939772850183
80.62424210780898,80.92424210780898,0.12353856519492651,0.11988007039207528,0.12232752868679772
80.67424210780898,80.97424210780899,0.1228116767798194,0.11902140664295499,0.12161290737325245
80.72424210780899,81.02424210780899,0.12206210041414349,0.11814793951715631,0.12087683181602354
80.77424210780899,81.07424210780898,0.12129119561447124,0.11726136344159804,0.12012065229409402
80.82424210780898,81.12424210780898,0.12050037536744976,0.11636342727935854,0.11934577125785861
80.87424210780898,81.17424210780898,0.11969110615991317,0.11545593385147926,0.11855364319840157
80.92424210780898,81.22424210780899,0.1188649079538982,0.11454073922815486,0.11774577444290163
80.97424210780899,81.27424210780899,0.1180233540815259,0.11361975174634704,0.11692372285127056
81.02424210780899,81.32424210780898,0.117168071032082,0.1126949307079438,0.11608909738672449
81.07424210780898,81.37424210780898,0.11630073810091542,0.11176828470994413,0.11524355753052457
81.12424210780898,81.42424210780898,0.11542308686701652,0.11084186955584385,0.11438881250868128
81.17424210780898,81.47424210780899,0.11453690046334607,0.10991778569563955,0.11352662029598634
81.22424210780899,81.52424210780899,0.11364401260126933,0.10899817514078904,0.11265878636043475
81.27424210780899,81.57424210780898,0.11274630630782456,0.10808521780028418,0.11178716210895573
81.32424210780898,81.62424210780898,0.11184571233214728,0.10718112718492813,0.11091364299351186
81.37424210780898,81.67424210780898,0.1109442071752815,0.10628814542919261,0.11004016623514434
81.42424210780898,81.72424210780898,0.1100438106959365,0.1054085375839222,0.10916870812254814
81.47424210780899,81.77424210780899,0.109146583243688,0.10454458513890329,0.1083012808414376
81.52424210780899,81.82424210780898,0.10825462227080788,0.10369857874215022,0.10743992879143696
81.57424210780898,81.87424210780898,0.10737005837453095,0.10287281009291621,0.10658672434867399
81.62424210780898,81.92424210780898,0.10649505072336211,0.10206956299805658,0.10574376303489207
81.67424210780898,81.97424210780898,0.10563178182417234,0.10129110359655506,0.10491315805785494
81.72424210780898,82.02424210780899,0.10478245159156532,0.10053966977475785,0.10409703419333599
81.77424210780899,82.07424210780898,0.10394927068753461,0.09981745981503713,0.10329752098618405
81.82424210780898,82.12424210780898,0.10313445310795584,0.09912662034292001,0.10251674525701661
81.87424210780898,82.17424210780898,0.10234020800311423,0.09846923366176669,0.10175682291207107
81.92424210780898,82.22424210780898,0.10156873073238862,0.09784730458919998,0.10101985006670376
81.97424210780898,82.27424210780897,0.10082219316837908,0.09726274693492117,0.1003078935079057
82.02424210780899,82.32424210780898,0.10010273328312481,0.09671736978428583,0.09962298053787536
82.07424210780898,82.37424210780898,0.09941244406841991,0.09621286377496775,0.09896708825888371
82.12424210780898,82.42424210780898,0.09875336186324564,0.09575078757398073,0.09834213237902575
82.17424210780898,82.47424210780898,0.09812745418353314,0.09533255477803797,0.09774995563845763
82.22424210780898,82.52424210780897,0.09753660717220125,0.09495942147047523,0.09719231597573272
82.27424210780897,82.57424210780898,0.09698261280989814,0.09463247467170628,0.09667087457311835
82.32424210780898,82.62424210780898,0.09646715604817485,0.094352621916557,0.09618718393745604
82.37424210780898,82.67424210780898,0.09599180204593775,0.09412058218031555,0.0957426761883005
82.42424210780898,82.72424210780898,0.09555798370585246,0.09393687835578751,0.09533865173680854
82.47424210780898,82.77424210780897,0.09516698971887352,0.09380183145634827,0.09497626854629097
82.52424210780897,82.82424210780898,0.09481995333122811,0.09371555668567565,0.09465653216767668
82.57424210780898,82.87424210780898,0.09451784204817286,0.09367796147470255,0.09438028673978578
82.62424210780898,82.92424210780898,0.0942614484820657,0.09368874554189402,0.09414820713488668
82.67424210780898,82.97424210780898,0.09405138253844111,0.0937474029860678,0.09396079241440913
82.72424210780898,83.02424210780897,0.09388806511290701,0.09385322637363973,0.09381836073814248
82.77424210780897,83.07424210780898,0.093771723444228,0.09400531273642128,0.09372104584328433
82.82424210780898,83.12424210780898,0.09370238823574482,0.09420257135385526,0.09366879517820069
82.87424210780898,83.17424210780898,0.09367989261947407,0.09444373315653908,0.09366136974083424
82.92424210780898,83.22424210780898,0.09370387299630616,0.09472736155741066,0.09369834563470752
82.97424210780898,83.27424210780897,0.0937737717433419,0.09505186449399836,0.09377911731789447
83.02424210780897,83.32424210780897,0.09388884173734587,0.09541550745015799,0.09390290248369347
83.07424210780898,83.37424210780898,0.09404815260329902,0.09581642721877202,0.09406874847749407
83.12424210780898,83.42424210780898,0.09425059856071463,0.09625264616760931,0.09427554012379671
83.17424210780898,83.47424210780898,0.09449490770912393,0.09672208677820054,0.0945220088116042
83.22424210780898,83.52424210780897,0.094779652568994,0.09722258624119925,0.09480674266625097
83.27424210780897,83.57424210780897,0.09510326167600756,0.09775191091009987,0.09512819762164694
83.32424210780897,83.62424210780898,0.09546403201541671,0.09830777043713124,0.09548470919902922
83.37424210780898,83.67424210780898,0.09586014207899363,0.09888783143937761,0.09587450479648499
83.42424210780898,83.72424210780898,0.09628966532953677,0.09948973056854944,0.09629571629727252
83.47424210780898,83.77424210780897,0.09675058386624195,0.10011108688325086,0.09674639281369318
83.52424210780897,83.82424210780897,0.09724080209760504,0.10074951344723004,0.09722451339610892
83.57424210780897,83.87424210780897,0.09775816024586292,0.10140262810020498,0.09772799955278053
83.62424210780898,83.92424210780898,0.09830044752718857,0.10206806336894086,0.09825472744455646
83.67424210780898,83.97424210780898,0.0988654148738725,0.10274347550497254,0.09880253963817025
83.72424210780898,84.02424210780897,0.09945078708755034,0.10342655265151625,0.09936925632217561
83.77424210780897,84.07424210780897,0.10005427433526136,0.1041150221556722,0.09995268590959581
83.82424210780897,84.12424210780897,0.10067358292203235,0.10480665705302866,0.10055063497060321
83.87424210780897,84.17424210780898,0.10130642529417376,0.10549928176040549,0.10116091745648342
83.92424210780898,84.22424210780898,0.10195052924611664,0.10619077701889158,0.10178136319242113
83.97424210780898,84.27424210780897,0.10260364632014388,0.10687908413381837,0.10240982563106107
84.02424210780897,84.32424210780897,0.10326355940263313,0.10756220856108212,0.10304418887123752
84.07424210780897,84.37424210780897,0.10392808953238028,0.10823822289059297,0.10368237395669029
84.12424210780897,84.42424210780898,0.10459510194630103,0.10890526927778994,0.10432234447808493
84.17424210780898,84.47424210780898,0.10526251139542958,0.10956156137339054,0.10496211150831213
84.22424210780898,84.52424210780897,0.10592828676981993,0.11020538580003936,0.10559973790604281
84.27424210780897,84.57424210780897,0.10659045507493795,0.11083510322246984,0.10623334202601563
84.32424210780897,84.62424210780897,0.10724710480461463,0.11144914905536364,0.10686110087673505
84.37424210780897,84.67424210780898,0.10789638875685759,0.11204603385041859,0.1074812527673708
84.42424210780898,84.72424210780898,0.10853652633898571,0.11262434340132296,0.10809209948582929
84.47424210780898,84.77424210780897,0.10916580540789936,0.11318273860249543,0.10869200804941477
84.52424210780897,84.82424210780897,0.1097825836899745,0.1137199550946132,0.10927941206837469
84.57424210780897,84.87424210780897,0.11038528982325892,0.11423480272722103,0.10985281276104453
84.62424210780897,84.92424210780896,0.11097242406250495,0.11472616486608145,0.11041077965743276
84.67424210780898,84.97424210780898,0.11154255868518058,0.11519299757045416,0.11095195102598934
84.72424210780898,85.02424210780897,0.11209433813410002,0.11563432866316678,0.11147503405609206
84.77424210780897,85.07424210780897,0.1126264789297582,0.11604925671419265,0.1119788048265184
84.82424210780897,85.12424210780897,0.1131377693829062,0.11643694995646034,0.11246210808790273
84.87424210780897,85.17424210780896,0.11362706913543887,0.11679664515080991,0.11292385688497782
84.92424210780896,85.22424210780898,0.11409330855527912,0.11712764641534212,0.1133630320422508
84.97424210780898,85.27424210780897,0.1145354880086859,0.11742932403289857,0.11377868153473593
85.02424210780897,85.32424210780897,0.11495267703130017,0.11770111324903318,0.1141699197634461
85.07424210780897,85.37424210780897,0.115344013417262,0.11794251307158542,0.1145359267535471
85.12424210780897,85.42424210780896,0.11570870224390371,0.11815308508182737,0.11487594729140739
85.17424210780896,85.47424210780896,0.11604601484784643,0.11833245226611733,0.1151892900152307
85.22424210780898,85.52424210780897,0.11635528776677762,0.1184802978760408,0.1154753264725354
85.27424210780897,85.57424210780897,0.11663592165977503,0.11859636432414683,0.11573349015643049
85.32424210780897,85.62424210780897,0.11688738021775644,0.11868045212157477,0.11596327553143691
85.37424210780897,85.67424210780896,0.11710918907444806,0.11873241886311126,0.11616423705849763
85.42424210780896,85.72424210780896,0.11730093472719087,0.118752178264506,0.11633598822780325
85.47424210780896,85.77424210780897,0.11746226347591436,0.1187396992562013,0.11647820060712366
85.52424210780897,85.82424210780897,0.11759288038769701,0.11869500513698203,0.11659060291247351
85.57424210780897,85.87424210780897,0.1176925482934915,0.1186181727904292,0.1166729801071337
85.62424210780897,85.92424210780896,0.11776108682281389,0.11850933196644801,0.11672517253430166
85.67424210780896,85.97424210780896,0.11779837148146194,0.11836866462953897,0.11674707508793983
85.72424210780896,86.02424210780897,0.11780433277663695,0.11819640437488256,0.11673863642572299
85.77424210780897,86.07424210780897,0.1177789553931902,0.11799283591270243,0.1166998582273492
85.82424210780897,86.12424210780897,0.11772227742408016,0.11775829462076613,0.11663079450086537
85.87424210780897,86.17424210780896,0.11763438965751825,0.117493166164259,0.11653155093906474
85.92424210780896,86.22424210780896,0.11751543492268168,0.11719788618162914,0.11640228432742859
85.97424210780896,86.27424210780897,0.11736560749528224,0.11687294003434338,0.11624320200450977
86.02424210780897,86.32424210780897,0.11718515256369076,0.11651886261780996,0.11605456137507932
86.07424210780897,86.37424210780897,0.11697436575572882,0.11613623823000774,0.11583666947578135
86.12424210780897,86.42424210780896,0.11673359272563649,0.11572570049361551,0.11558988259245519
86.17424210780896,86.47424210780896,0.11646322880012128,0.11528793232664508,0.11531460592768714
86.22424210780896,86.52424210780896,0.11616371868176067,0.11482366595575078,0.11501129331654153
86.27424210780897,86.57424210780897,0.11583555620738903,0.11433368296550438,0.11468044698778748
86.32424210780897,86.62424210780897,0.11547928415842443,0.11381881437599017,0.11432261736728061
86.37424210780897,86.67424210780896,0.11509549411938956,0.11327994074007752,0.11393840291947152
86.42424210780896,86.72424210780896,0.11468482638014942,0.11271799225067206,0.11352845002229729
86.47424210780896,86.77424210780896,0.1142479698766099,0.1121339488471129,0.1130934528699548
86.52424210780896,86.82424210780897,0.11378566216380795,0.1115288403086862,0.11263415339725966
86.57424210780897,86.87424210780897,0.1132986894144613,0.11090374632195107,0.1121513412184547
86.62424210780897,86.92424210780896,0.112787886435128,0.11025979650721386,0.11164585357244566
86.67424210780896,86.97424210780896,0.11225413669115386,0.10959817038806824,0.11111857526549736
86.72424210780896,87.02424210780896,0.11169837233056176,0.10892009728640922,0.11057043860143805
86.77424210780896,87.07424210780896,0.11112157419593206,0.10822685612376837,0.11000242328836658
86.82424210780897,87.12424210780897,0.1105247718121761,0.10751977510818689,0.10941555630975355
86.87424210780897,87.17424210780896,0.1099090433368704,0.10680023128418907,0.1088109117466715
86.92424210780896,87.22424210780896,0.1092755154585333,0.10606964992172661,0.10818961053667367
86.97424210780896,87.27424210780896,0.10862536322687659,0.10532950371830241,0.10755282015359155
87.02424210780896,87.32424210780896,0.10795980979764704,0.10458131178685284,0.10690175419121674
87.07424210780896,87.37424210780897,0.107280126073224,0.10382663840043811,0.10623767183251984
87.12424210780897,87.42424210780896,0.1065876302186482,0.10306709146341814,0.10556187718472725
87.17424210780896,87.47424210780896,0.10588368703124919,0.102304320677627,0.10487571845925957
87.22424210780896,87.52424210780896,0.10516970714054685,0.10154001537121674,0.10418058697425882
87.27424210780896,87.57424210780896,0.10444714601365619,0.10077590195737288,0.10347791595624015
87.32424210780896,87.62424210780897,0.103717502740046,0.10001374099015752,0.10276917911631209
87.37424210780897,87.67424210780896,0.10298231856827388,0.0992553237854048,0.10205588897550547
87.42424210780896,87.72424210780896,0.10224317516627489,0.09850246857600091,0.10133959491306957
87.47424210780896,87.77424210780896,0.10150169257598884,0.0977570161731909,0.10062188091119954
87.52424210780896,87.82424210780896,0.10075952683267975,0.0970208251088587,0.09990436296966056
87.57424210780896,87.87424210780897,0.10001836721928403,0.0962957662382012,0.09918868616421374
87.62424210780897,87.92424210780896,0.09927993312664547,0.09558371678793978,0.0984765213237578
87.67424210780896,87.97424210780896,0.0985459704916648,0.09488655384231755,0.09776956130274905
87.72424210780896,88.02424210780896,0.09781824778731035,0.09420614726765922,0.09706951682786431
87.77424210780896,88.07424210780896,0.09709855154123272,0.09354435208625782,0.09637811190112883
87.82424210780896,88.12424210780895,0.09638868136351122,0.09290300032175582,0.09569707874590835
87.87424210780897,88.17424210780896,0.09569044446894058,0.09228389235091942,0.09502815228737886
87.92424210780896,88.22424210780896,0.09500564968532511,0.09168878781056651,0.09437306416536494
87.97424210780896,88.27424210780896,0.09433610094655955,0.09111939612313835,0.09373353628481582
88.02424210780896,88.32424210780896,0.09368359027786859,0.0905773667196391,0.09311127391767966
88.07424210780896,88.37424210780895,0.09304989029041487,0.09006427905394616,0.09250795837945351
88.12424210780895,88.42424210780896,0.09243674621353645,0.08958163251727629,0.09192523931416247
88.17424210780896,88.47424210780896,0.09184586750495405,0.08913083637526824,0.09136472663275585
88.22424210780896,88.52424210780896,0.09127891909222842,0.08871319986203838,0.09082798216169906
88.27424210780896,88.57424210780896,0.0907375123122266,0.08832992257502449,0.09031651107056689
88.32424210780896,88.62424210780895,0.09022319562902217,0.08798208532077008,0.08983175315935728
88.37424210780895,88.67424210780895,0.08973744522405631,0.08767064156445042,0.08937507409761526
88.42424210780896,88.72424210780896,0.08928165556501275,0.0873964096343955,0.08894775671782565
88.47424210780896,88.77424210780896,0.08885713007114998,0.08716006582681586,0.08855099247439306
88.52424210780896,88.82424210780896,0.08846507200220309,0.08696213854522583,0.08818587318639137
88.57424210780896,88.87424210780895,0.08810657570483989,0.08680300359378602,0.08785338318665147
88.62424210780895,88.92424210780895,0.08778261835447339,0.08668288072425175,0.08755439200123007
88.67424210780895,88.97424210780896,0.087494052330553,0.0866018315129779,0.08728964768154725
88.72424210780896,89.02424210780896,0.08724159835991502,0.08655975861824629,0.08705977090625117
88.77424210780896,89.07424210780896,0.08702583955517064,0.08655640643998799,0.08686524996109203
88.82424210780896,89.12424210780895,0.08684721646343435,0.08659136317483165,0.08670643669283809
88.87424210780895,89.17424210780895,0.08670602322511271,0.08666406423043635,0.08658354351778623
88.92424210780895,89.22424210780896,0.08660240492335546,0.086773796935385,0.08649664154711872
88.97424210780896,89.27424210780896,0.08653635618269748,0.0869197064555513,0.08644565987079787
89.02424210780896,89.32424210780896,0.08650772105111232,0.08710080280572317,0.08643038601956347
89.07424210780896,89.37424210780895,0.08651619417402906,0.08731596882707177,0.0864504676016781
89.12424210780895,89.42424210780895,0.08656132324278648,0.08756396898730734,0.08650541508818509
89.17424210780895,89.47424210780896,0.08664251267447974,0.0878434588513046,0.08659460569842822
89.22424210780896,89.52424210780896,0.08675902845614934,0.08815299506564953,0.08671728831721141
89.27424210780896,89.57424210780896,0.0869100040646241,0.08849104570074494,0.0868725893569429
89.32424210780896,89.62424210780895,0.08709444735479022,0.08885600079844154,0.08705951946297223
89.37424210780895,89.67424210780895,0.08731124829416476,0.08924618298109699,0.08727698094849916
89.42424210780895,89.72424210780895,0.0875591874107661,0.0896598579888817,0.08752377583715235
89.47424210780896,89.77424210780896,0.08783694481455634,0.09009524502534691,0.08779861438667565
89.52424210780896,89.82424210780896,0.0881431096501217,0.09055052680606458,0.08810012396602086
89.57424210780896,89.87424210780895,0.0884761898395536,0.09102385922084771,0.08842685816030017
89.62424210780895,89.92424210780895,0.08883462197930576,0.09151338053606517,0.08877730598314423
89.67424210780895,89.97424210780895,0.08921678126265165,0.0920172200793201,0.08914990108359877
89.72424210780895,90.02424210780896,0.08962099130967997,0.09253350636383627,0.08954303084428146
89.77424210780896,90.07424210780896,0.09004553379895118,0.09306037462392353,0.08995504527860168
89.82424210780896,90.12424210780895,0.09048865780837739,0.09359597374564699,0.09038426564688593
89.87424210780895,90.17424210780895,0.09094858878701678,0.09413847258810591,0.09082899272379785
89.92424210780895,90.22424210780895,0.09142353709376504,0.09468606570049712,0.09128751466202475
89.97424210780895,90.27424210780894,0.09191170605292769,0.09523697844834428,0.0917581144094861
90.02424210780896,90.32424210780896,0.0924112994899912,0.09578947156899555,0.09223907664896329
90.07424210780896,90.37424210780895,0.09292052872330164,0.09634184518177835,0.09272869423983945
90.12424210780895,90.42424210780895,0.09343761899858327,0.09689244228220319,0.0932252741514092
90.17424210780895,90.47424210780895,0.09396081536316105,0.09743965175242492,0.09372714288584467
90.22424210780895,90.52424210780894,0.09448838798534567,0.09798191092198309,0.09423265139636375
90.27424210780894,90.57424210780896,0.0950186369316507,0.09851770771376275,0.09474017951242929
90.32424210780896,90.62424210780895,0.09554989642042984,0.09904558241030573,0.0952481398889416
90.37424210780895,90.67424210780895,0.0960805385751803,0.09956412907520161,0.0957549815004514
90.42424210780895,90.72424210780895,0.09660897670428549,0.10007199666338566,0.0962591927045061
90.47424210780895,90.77424210780894,0.09713366813646969,0.10056788985292507,0.09675930390042231
90.52424210780894,90.82424210780896,0.09765311664284096,0.10105056962933756,0.0972538898112001
90.57424210780896,90.87424210780895,0.09816587447722241,0.10151885365177445,0.0977415714170246
90.62424210780895,90.92424210780895,0.09867054406665819,0.10197161642856023,0.0982210175689816
90.67424210780895,90.97424210780895,0.09916577938362461,0.10240778932767948,0.09869094631131403
90.72424210780895,91.02424210780894,0.09965028703069263,0.1028263604458884,0.0991501259398748
90.77424210780894,91.07424210780896,0.10012282706728938,0.10322637435823388,0.09959737582347417
90.82424210780896,91.12424210780895,0.10058221360684194,0.10360693176791201,0.10003156701363082
90.87424210780895,91.17424210780895,0.1010273152110601,0.10396718907462238,0.10045162266689361
90.92424210780895,91.22424210780895,0.10145705510648174,0.10430635787787233,0.10085651830246353
90.97424210780895,91.27424210780894,0.10187041124669377,0.104623704430085,0.10124528191633193
91.02424210780894,91.32424210780894,0.10226641624192734,0.10491854905284767,0.10161699397162799
91.07424210780896,91.37424210780895,0.10264415717601813,0.10519026552823087,0.10197078728334925
91.12424210780895,91.42424210780895,0.10300277532905001,0.10543828047578288,0.10230584681415057
91.17424210780895,91.47424210780895,0.10334146582238879,0.10566207272459167,0.10262140939642439
91.22424210780895,91.52424210780894,0.10365947720126888,0.10586117268866159,0.10291676339451046
91.27424210780894,91.57424210780894,0.1039561109686301,0.10603516175281018,0.10319124831955298
91.32424210780894,91.62424210780895,0.1042307210825171,0.10618367167531366,0.10344425440826722
91.37424210780895,91.67424210780895,0.10448271342806126,0.10630638401263293,0.1036752221756955
91.42424210780895,91.72424210780895,0.10471154527384453,0.10640302957071687,0.10388364195092806
91.47424210780895,91.77424210780894,0.1049167247213226,0.10647338788660615,0.10406905340372721
91.52424210780894,91.82424210780894,0.1050978101549269,0.1065172867433399,0.10423104506902442
91.57424210780894,91.87424210780894,0.1052544096994919,0.10653460172049554,0.10436925387536336
91.62424210780895,91.92424210780895,0.10538618069074815,0.10652525578206049,0.1044833646825209
91.67424210780895,91.97424210780895,0.1054928291637794,0.10648921890274049,0.10457310983275532
91.72424210780895,92.02424210780894,0.10557410936355917,0.10642650773324586,0.10463826871940635
91.77424210780894,92.07424210780894,0.10562982328095588,0.10633718530456122,0.10467866737588517
91.82424210780894,92.12424210780894,0.10565982021691488,0.10622136077068793,0.10469417808746087
91.87424210780894,92.17424210780895,0.10566399637688764,0.1060791891888525,0.10468471902764409
91.92424210780895,92.22424210780895,0.10564229449698238,0.10591087133568723,0.10465025392040936
91.97424210780895,92.27424210780894,0.105594703502742,0.10571665355741361,0.10459079172895616
92.02424210780894,92.32424210780894,0.10552125820091796,0.10549682765158697,0.1045063863712004
92.07424210780894,92.37424210780894,0.10542203900409637,0.10525173077748617,0.10439713646169685
92.12424210780894,92.42424210780895,0.10529717168753466,0.10498174539175896,0.10426318507921795
92.17424210780895,92.47424210780895,0.10514682717709048,0.10468729920544469,0.1041047195587547
92.22424210780895,92.52424210780894,0.10497122136665137,0.10436886515800099,0.10392197130625155
92.27424210780894,92.57424210780894,0.10477061496301417,0.10402696140344671,0.10371521563393972
92.32424210780894,92.62424210780894,0.10454531335570198,0.10366215130319856,0.10348477161368763
92.37424210780894,92.67424210780895,0.10429566650874357,0.10327504341961835,0.1032310019453383
92.42424210780895,92.72424210780895,0.10402206887097579,0.10286629150370208,0.10295431283654745
92.47424210780895,92.77424210780894,0.10372495930095342,0.10243659446971869,0.10265515389017431
92.52424210780894,92.82424210780894,0.10340482100205917,0.10198669634895645,0.10233401799479776
92.57424210780894,92.87424210780894,0.10306218146290771,0.10151738621403496,0.10199144121344002
92.62424210780894,92.92424210780894,0.10269761239760612,0.1010294980645124,0.10162800266506508
92.67424210780895,92.97424210780895,0.10231172967988673,0.10052391066374121,0.10124432439288876
92.72424210780895,93.02424210780894,0.10190519326455535,0.100001547316113,0.10084107121297657
92.77424210780894,93.07424210780894,0.10147870708908592,0.09946337557297452,0.10041895053602222
92.82424210780894,93.12424210780894,0.10103301894756303,0.09891040685461668,0.0999787121545892
92.87424210780894,93.17424210780894,0.10056892032849818,0.09834369597481364,0.09952114798745865
92.92424210780894,93.22424210780895,0.10008724620734144,0.09776434055346082,0.0990470917720581
92.97424210780895,93.27424210780894,0.09958887478377343,0.09717348030191278,0.09855741869525621
93.02424210780894,93.32424210780894,0.0990747271530906,0.09657229616469278,0.09805304495209632
93.07424210780894,93.37424210780894,0.09854576690019605,0.09596200930034943,0.09753492722130477
93.12424210780894,93.42424210780894,0.09800299960388924,0.09534387988339121,0.09700406204567794
93.17424210780894,93.47424210780893,0.09744747223831077,0.09471920570848083,0.0964614851047086
93.22424210780895,93.52424210780894,0.09688027245755561,0.09408932057745216,0.09590827036608589
93.27424210780894,93.57424210780894,0.09630252774864512,0.09345559244927176,0.09534552910201079
93.32424210780894,93.62424210780894,0.09571540443724541,0.09281942133283813,0.09477440875562236
93.37424210780894,93.67424210780894,0.09512010652977874,0.09218223690259271,0.0941960916422597
93.42424210780894,93.72424210780893,0.09451787437490634,0.09154549581732194,0.09361179346981706
93.47424210780893,93.77424210780894,0.09390998312681842,0.09091067872337426,0.0930227616621189
93.52424210780894,93.82424210780894,0.09329774099236234,0.09027928692483847,0.09243027346908728
93.57424210780894,93.87424210780894,0.09268248724385343,0.0896528387051279,0.0918356338475325
93.62424210780894,93.92424210780894,0.09206558997944973,0.08903286528695444,0.09124017309672432
93.67424210780894,93.97424210780893,0.09144844361333695,0.08842090642091499,0.09064524423354692
93.72424210780893,94.02424210780894,0.09083246607868029,0.08781850559693452,0.09005222009304165
93.77424210780894,94.07424210780894,0.09021909572743873,0.08722720487763082,0.08946249014157996
93.82424210780894,94.12424210780894,0.08960978791277648,0.08664853935833254,0.08887745699181843
93.87424210780894,94.17424210780894,0.08900601124198422,0.08608403126498722,0.08829853261101711
93.92424210780894,94.22424210780893,0.08840924349062634,0.08553518370849508,0.08772713421732069
93.97424210780893,94.27424210780894,0.087820967172091,0.08500347412203715,0.08716467986221382
94.02424210780894,94.32424210780894,0.08724266476089454,0.08449034741661703,0.08661258370160889
94.07424210780894,94.37424210780894,0.08667581357299102,0.08399720889912295,0.08607225096290937
94.12424210780894,94.42424210780894,0.08612188031197482,0.08352541700655473,0.08554507262088976
94.17424210780894,94.47424210780893,0.08558231529641976,0.08307627591935282,0.08503241980131411
94.22424210780893,94.52424210780893,0.08505854639059388,0.08265102812574102,0.08453563793778761
94.27424210780894,94.57424210780894,0.08455197266836827,0.0822508470172814,0.08405604071431554
94.32424210780894,94.62424210780894,0.08406395784814186,0.08187682960308273,0.08359490383328014
94.37424210780894,94.67424210780894,0.08359582354486751,0.08152998943592338,0.08315345865585187
94.42424210780894,94.72424210780893,0.08314884239358294,0.0812112498475808,0.08273288576904884
94.47424210780893,94.77424210780893,0.08272423110695407,0.08092143759256,0.08233430854047466
94.52424210780893,94.82424210780894,0.08232314353694566,0.08066127699890634,0.08195878672795989
94.57424210780894,94.87424210780894,0.08194666381754358,0.08043138472167348,0.08160731021663019
94.62424210780894,94.92424210780894,0.08159579967111869,0.08023226518877581,0.08128079296004112
94.67424210780894,94.97424210780893,0.08127147596523908,0.08006430682040613,0.08098006720469356
94.72424210780893,95.02424210780893,0.08097452860920099,0.0799277790920592,0.08070587807824786
94.77424210780893,95.07424210780893,0.08070569887997985,0.07982283049773334,0.08045887862088084
94.82424210780894,95.12424210780894,0.08046562826551854,0.07974948745445319,0.08023962533635431
94.87424210780894,95.17424210780894,0.08025485390912518,0.07970765417234395,0.08004857433441953
94.92424210780894,95.22424210780893,0.08007380473220806,0.07969711349665178,0.07988607812918565
94.97424210780893,95.27424210780893,0.07992279830370581,0.07971752870995998,0.07975238314914651
95.02424210780893,95.32424210780893,0.07980203851353154,0.07976844626502293,0.07964762800387269
95.07424210780893,95.37424210780894,0.07971161409441842,0.07984929940175299,0.07957184254022645
95.12424210780894,95.42424210780894,0.07965149802210855,0.07995941258651507,0.07952494770769342
95.17424210780894,95.47424210780893,0.07962154780830193,0.0800980066984982,0.07950675623845542
95.22424210780893,95.52424210780893,0.07962150668469938,0.0802642048769309,0.07951697413361296
95.27424210780893,95.57424210780893,0.0796510056603663,0.08045703893455432,0.07955520293295554
95.32424210780893,95.62424210780894,0.07970956641905723,0.08067545623720505,0.07962094273233944
95.37424210780894,95.67424210780894,0.07979660500859799,0.08091832694659479,0.07971359590048271
95.42424210780894,95.72424210780893,0.07991143626138256,0.08118445152331771,0.07983247143619766
95.47424210780893,95.77424210780893,0.08005327887389965,0.08147256838953826,0.0799767898980494
95.52424210780893,95.82424210780893,0.0802212610642528,0.08178136165545226,0.08014568883137405
95.57424210780893,95.87424210780894,0.08041442672006889,0.08210946882009491,0.08033822861262935
95.62424210780894,95.92424210780894,0.0806317419450839,0.08245548836503092,0.08055339862822905
95.67424210780894,95.97424210780893,0.08087210191103086,0.08281798716849197,0.08079012370426893
95.72424210780893,96.02424210780893,0.08113433792210707,0.08319550767724432,0.08104727070476582
95.77424210780893,96.07424210780893,0.08141722460206695,0.08358657478350577,0.0813236552190042
95.82424210780893,96.12424210780893,0.08171948711861007,0.08398970236426422,0.08161804826307952
95.87424210780894,96.17424210780894,0.0820398083658861,0.08440339945009016,0.08192918292647204
95.92424210780894,96.22424210780893,0.08237683603330369,0.08482617599976987,0.08225576090118371
95.97424210780893,96.27424210780893,0.0827291894970433,0.08525654826562137,0.08259645883834056
96.02424210780893,96.32424210780893,0.0830954664794192,0.0856930437420769,0.08294993448492113
96.07424210780893,96.37424210780893,0.08347424943019832,0.08613420569694574,0.08331483256116168
96.12424210780893,96.42424210780894,0.08386411159288636,0.0865785972906741,0.08368979034698279
96.17424210780894,96.47424210780893,0.08426362272760361,0.08702480529388627,0.08407344295329611
96.22424210780893,96.52424210780893,0.0846713544703065,0.0874714434175705,0.0844644282611151
96.27424210780893,96.57424210780893,0.08508588531561681,0.08791715527348655,0.08486139151790792
96.32424210780893,96.62424210780893,0.08550580521729444,0.08836061698482559,0.08526298958650338
96.37424210780893,96.67424210780892,0.08592971980638694,0.0888005394688769,0.08566789484704747
96.42424210780894,96.72424210780893,0.08635625423225585,0.08923567041457636,0.08607479875698477
96.47424210780893,96.77424210780893,0.08678405663603937,0.08966479597837584,0.08648241507781887
96.52424210780893,96.82424210780893,0.08721180126969082,0.09008674222199571,0.08688948278050262
96.57424210780893,96.87424210780893,0.08763819127655491,0.09050037631534669,0.08729476864376734
96.62424210780893,96.92424210780892,0.08806196115159581,0.09090460752734027,0.08769706956156931
96.67424210780892,96.97424210780893,0.08848187890092193,0.09129838802648362,0.08809521457717254
96.72424210780893,97.02424210780893,0.08889674792123478,0.09168071351215884,0.08848806666224636
96.77424210780893,97.07424210780893,0.08930540862033796,0.09205062369634755,0.08887452425981156
96.82424210780893,97.12424210780893,0.08970673979995511,0.0924072026543354,0.08925352260997564
96.87424210780893,97.17424210780892,0.09009965982187061,0.09274957906165497,0.08962403487720196
96.92424210780892,97.22424210780893,0.09048312757790665,0.09307692633322148,0.08998507309743016
96.97424210780893,97.27424210780893,0.09085614328353679,0.09338846267931344,0.09033568896274671
97.02424210780893,97.32424210780893,0.0912177491140418,0.09368345109177385,0.09067497446053083
97.07424210780893,97.37424210780893,0.09156702970112034,0.0939611992725551,0.0910020623831291
97.12424210780893,97.42424210780892,0.09190311250676828,0.09422105951554197,0.09131612672315244
97.17424210780892,97.47424210780893,0.09222516809010636,0.09446242855143536,0.09161638296849385
97.22424210780893,97.52424210780893,0.09253241028167271,0.09468474736439784,0.09190208831013616
97.27424210780893,97.57424210780893,0.09282409627853039,0.09488750098814235,0.09217254177478681
97.32424210780893,97.62424210780893,0.09309952667238995,0.09507021828818227,0.09242708429336229
97.37424210780893,97.67424210780892,0.09335804542182788,0.09523247173607101,0.09266509871534126
97.42424210780892,97.72424210780892,0.09359903977860005,0.09537387718062142,0.09288600977804189
97.47424210780893,97.77424210780893,0.09382194017701025,0.0954940936203251,0.09308928403895422
97.52424210780893,97.82424210780893,0.09402622009431617,0.095592822980472,0.09327442977836965
97.57424210780893,97.87424210780893,0.09421139588922046,0.09566980989780803,0.09344099687871671
97.62424210780893,97.92424210780892,0.09437702662461953,0.09572484151495307,0.09358857668621695
97.67424210780892,97.97424210780892,0.09452271387996834,0.09575774728623324,0.0937168018597362
97.72424210780892,98.02424210780893,0.09464810155784996,0.09576839879605534,0.09382534621100805
97.77424210780893,98.07424210780893,0.09475287568862703,0.09575670959046012,0.09391392453975614
97.82424210780893,98.12424210780893,0.09483676423639284,0.09572263502203682,0.0939822924666361
97.87424210780893,98.17424210780892,0.09489953690882126,0.09566617210795467,0.09403024626635186
97.92424210780892,98.22424210780892,0.0949410049729438,0.09558735940046725,0.09405762270277138
97.97424210780892,98.27424210780892,0.09496102107835425,0.09548627686886602,0.09406429886737866
98.02424210780893,98.32424210780893,0.09495947908884313,0.0953630457914992,0.09405019202193506
98.07424210780893,98.37424210780893,0.09493631392300778,0.0952178286561252,0.09401525944579404
98.12424210780893,98.42424210780892,0.09489150140395022,0.09505082906653262,0.0939594982879077
98.17424210780892,98.47424210780892,0.09482505811777159,0.09486229165302965,0.09388294542318068
98.22424210780892,98.52424210780892,0.09473704128018917,0.0946525019840782,0.09378567731246307
98.27424210780892,98.57424210780893,0.09462754861023902,0.09442178647601944,0.0936678098651267
98.32424210780893,98.62424210780893,0.09449671820967726,0.09417051229750766,0.09352949830283393
98.37424210780893,98.67424210780892,0.0943447284463583,0.09389908726492638,0.09337093702278279
98.42424210780892,98.72424210780892,0.0941717978395385,0.09360795972471495,0.0931923594583928
98.47424210780892,98.77424210780892,0.09397818494473109,0.09329761841816579,0.09299403793508129
98.52424210780892,98.82424210780893,0.09376418823541526,0.0929685923238746,0.09277628351846383
98.57424210780893,98.87424210780893,0.09353014597858024,0.0926214504726255,0.09253944585199685
98.62424210780893,98.92424210780892,0.09327643610075549,0.09225680172907298,0.09228391298075656
98.67424210780892,98.97424210780892,0.09300347604084272,0.09187529453413994,0.09201011115772047
98.72424210780892,99.02424210780892,0.09271172258571996,0.09147761660158496,0.091718504628579
98.77424210780892,99.07424210780893,0.09240167168422854,0.09106449456170276,0.09140959539075458
98.82424210780893,99.12424210780893,0.09207385823477897,0.09063669354461297,0.09108392292194176
98.87424210780893,99.17424210780892,0.09172885584142282,0.0901950166950564,0.09074206387310764
98.92424210780892,99.22424210780892,0.09136727653282686,0.08974030461007877,0.09038463172049954
98.97424210780892,99.27424210780892,0.09098977043816106,0.08927343469041865,0.09001227637080182
99.02424210780892,99.32424210780891,0.09059702541346353,0.088795320395862,0.08962568371316709
99.07424210780893,99.37424210780893,0.09018976661158465,0.08830691039426915,0.08922557511141876
99.12424210780893,99.42424210780892,0.08976875598833285,0.08780918759345285,0.0888127068292837
99.17424210780892,99.47424210780892,0.08933479173695277,0.08730316804458343,0.08838786938107461
99.22424210780892,99.52424210780892,0.08888870764257482,0.08678989970536222,0.0879518867998094
99.27424210780892,99.57424210780891,0.0884313723477692,0.08627046105082833,0.08750561581432087
99.32424210780891,99.62424210780893,0.08796368851985784,0.08574595951940765,0.08704994492651166
99.37424210780893,99.67424210780892,0.0874865919101611,0.08521752978167356,0.08658579337953264
99.42424210780892,99.72424210780892,0.08700105029492558,0.08468633181932227,0.08611411000733607
99.47424210780892,99.77424210780892,0.08650806228728884,0.08415354880209493,0.08563587195579023
99.52424210780892,99.82424210780891,0.08600865600932221,0.0836203847508495,0.08515208326536182
99.57424210780891,99.87424210780891,0.08550388761296132,0.0830880619757348,0.08466377330529391
99.62424210780893,99.92424210780892,0.08499483963852812,0.0825578182794953,0.08417199504925352
99.67424210780892,99.97424210780892,0.08448261919957513,0.08203090391737163,0.08367782318263246
99.72424210780892,100.02424210780892,0.08396835598299268,0.08150857830690683,0.08318235203206828
99.77424210780892,100.07424210780891,0.08345320005374268,0.08099210648325643,0.0826866933083547
99.82424210780891,100.12424210780891,0.08293831945423269,0.08048275529835659,0.08219197365475393
99.87424210780891,100.17424210780892,0.08242489758929726,0.07998178936555113,0.08169933199384452
99.92424210780892,100.22424210780892,0.08191413038900694,0.07949046675503119,0.08120991666745668
99.97424210780892,100.27424210780892,0.08140722324313787,0.0790100344496733,0.08072488236600574
100.02424210780892,nan,0.080905387703128,nan,0.0802453868456333
100.07424210780891,nan,0.0804098379497551,nan,0.07977258743404636
100.12424210780891,nan,0.0799217870275942,nan,0.07930763732878698
100.17424210780892,nan,0.07944244285058939,nan,0.07885168169488851
