r0s,gam1s,gam2s,gam3s,gam1_FGR,gam2_FGR,gam3_FGR,original_gam1,original_gam2,original_gam3,opt_gam1,opt_gam2,opt_gam3
0.01,0.0012654924685501785,65.12375827589717,26.86118265578996,4.79148158598302e-5,62.5225653817731,27.5214149133975,0.0009653834837578311,64.48688458030739,26.64876993544406,0.0012654924685501505,65.12375827589713,26.861182655789957
0.06405405405405405,0.000469954711720164,65.09859853433697,26.85718297942177,0.00196588598500400,62.5191685404726,27.5201771207913,-0.0005681918392271596,64.48703854641013,26.649074708291817,0.00020549450269644726,65.12758038100345,26.866091123325482
0.1181081081081081,0.0027833950268958347,65.06832624644368,26.851285902280846,0.00668363687920435,62.5108143903669,27.5171330048393,0.001062983312557952,64.48009983389173,26.647069208711823,0.002279339994372419,65.12417463692545,26.86845980504393
0.17216216216216215,0.008184869267846574,65.03301055742386,26.843520690210514,0.0142007164144454,62.4975069398300,27.5122842694148,0.005836170134872174,64.46617892575101,26.642790725286517,0.007465212812916934,65.11365349174902,26.86833060863097
0.2262162162162162,0.016653433288341766,64.99272061248416,26.83391660905409,0.0245164058607241,62.4792525738677,27.5056336286207,0.013728629823474513,64.44538630498677,26.636276546598317,0.015741296827668866,65.0961293935601,26.865745441772283
0.28027027027027024,0.028168142942150858,64.94752555683135,26.822502924654945,0.0376297189237567,62.4560600510627,27.4971848054553,0.02471762357412404,64.417832454598,26.627563961229725,0.027085775907967128,65.0717147904448,26.860746212153593
0.3343243243243243,0.04270805408304312,64.89749453567171,26.809308902856294,0.0535394018573380,62.4279404993854,27.4869425299836,0.03878041258257965,64.3836278575832,26.61669025776304,0.04147683392315052,65.04052213048871,26.853374827460485
0.38837837837837835,0.060252222564788,64.84269669421201,26.794363809501505,0.0722439336059676,62.3949074108700,27.4749125370131,0.055894258044600395,64.34288299694136,26.603692724780746,0.05889265474255792,65.00266386177786,26.843673195378656
0.4424324324324324,0.08077970424115487,64.78320117765887,26.777696910433896,0.0937415259780008,62.3569766351617,27.4611015632763,0.07603642115594532,64.29570835567128,26.588608650865275,0.07931142223552823,64.95825243239824,26.8316832235938
0.49648648648648647,0.10426955496591311,64.71907713121888,26.75933747149679,0.118030123849236,62.3141663719351,27.4455173441209,0.0991841631123734,64.24221441677176,26.57147532459905,0.10271132027140031,64.90740029043573,26.817446819791584
0.5505405405405405,0.13070083059283213,64.65039370009865,26.739314758533492,0.145107405396732,62.2664971621899,27.4281686097096,0.12531474510964363,64.18251166324161,26.55233003456451,0.12907053271951302,64.85021988397625,26.80100589165768
0.6045945945945945,0.1600525869756813,64.57722002950477,26.717658037387334,0.174970782363109,62.2139918784275,27.4090650807318,0.15440542834351506,64.11671057807969,26.531210069344063,0.15836724344920522,64.78682366110573,26.782402346877763
0.6586486486486486,0.19230387996822998,64.49962526464388,26.694396573901635,0.207617400351159,62.1566757137124,27.3882174636277,0.1864334740097467,64.04492164428478,26.508152717520154,0.19057963632981584,64.71732406991009,26.761678093137498
0.7127027027027026,0.2274337654242476,64.41767855072257,26.6695596339197,0.243044139148544,62.0945761696260,27.3656374453295,0.2213761433040975,63.96725534485569,26.483195267675192,0.22568589523068366,64.64183355847523,26.738875038122558
0.7667567567567567,0.26542129919750346,64.33144903294746,26.643176483284858,0.281247613083087,62.0277230431167,27.3413376875209,0.25921069742232655,63.88382216279125,26.456375008391618,0.26366420402114754,64.56046457488708,26.714035089518624
0.8208108108108108,0.306245537141767,64.24100585652515,26.615276387840424,0.322224171407877,61.9561484122549,27.3153318204183,0.2999143975601928,63.79473258109027,26.42772922825185,0.3044927465705465,64.47332956723156,26.68720015501137
0.8748648648648648,0.34988553511080767,64.14641816666224,26.585888613429717,0.365969898716748,61.8798866208978,27.2876344360760,0.34346450491345526,63.70009708275157,26.397295215838326,0.3481497067482192,64.38054098359459,26.658412142286455
0.9289189189189189,0.39632034895839474,64.04775510856534,26.555042425896055,0.412480615389832,61.7989742622742,27.2582610812206,0.389838280677873,63.60002615077396,26.365110259733466,0.39461326842350464,64.28221127206209,26.627712959029566
0.9829729729729729,0.4455290345382976,63.94508582744106,26.522767091082756,0.461751878069084,61.7134501614947,27.2272282496161,0.4390129860492049,63.49463026815626,26.331211648519698,0.4438616154657417,64.17845288071999,26.59514451292637
1.037027027027027,0.49749064770428575,63.83847946849602,26.489091874833136,0.513778980163806,61.6233553569995,27.1945533739651,0.49096588222321014,63.38401991789728,26.295636670779444,0.49587293174426916,64.06937825765418,26.56074871166254
1.091081081081081,0.5521842443101284,63.72800517693681,26.45404604299052,0.568556952386125,61.5287330809493,27.1602548173495,0.5456742303956476,63.268305582995836,26.258422615095142,0.550625401128426,63.95509985095062,26.524567462923745
1.145135135135135,0.6095888802095952,63.61373209797005,26.417658861398213,0.626080563316328,61.4296287385724,27.1243518642148,0.6031152917622763,63.14759774645074,26.219606770049204,0.608097207487551,63.83573010869519,26.486642674395664
1.199189189189189,0.6696836112564553,63.495729376802345,26.37995959589955,0.686344319997854,61.3260898864763,27.0868647109037,0.6632663275188554,63.02200689126082,26.179226424224073,0.6682665346909831,63.71138147897383,26.44701625376397
1.2532432432432432,0.7324474933044781,63.37406615864028,26.340977512337833,0.749342468562180,61.2181662099356,27.0478144557418,0.7261045988611436,62.89164350042488,26.137318866202165,0.7311115666080612,63.58216640987246,26.405730108714334
1.3072972972972972,0.797859582207433,63.248811588690515,26.30074187655639,0.815068994883215,61.1059094991671,27.0072230886828,0.7916073669849002,62.75661805694173,26.09392138456591,0.7966104871081239,63.44819734947697,26.36282614693242
1.3613513513513513,0.8658989338190897,63.12003481215961,26.259281954398542,0.883517625261284,60.9893736246045,26.9651134805160,0.8597518930858843,62.6170410438102,26.049071267897737,0.8647414800605102,63.30958674587333,26.318346276103917
1.4154054054054053,0.9365446039932169,62.98780497425419,26.216627011707594,0.954681827136564,60.8686145111848,26.9215093716438,0.9305154383598545,62.4730229440291,26.002805804780074,0.9354827293345593,63.166447047147415,26.272332403914486
1.4694594594594594,1.0097756485835847,62.852191220180856,26.17280631432688,1.02855480983187,60.7436901116586,26.8764353604330,1.0038752640025699,62.32467424059723,25.955162283795346,1.0088124187996097,63.01889070138516,26.224826438049806
1.5235135135135134,1.085571123443962,62.71326269514623,26.127849128099705,1.10512952532478,60.6146603789393,26.8299168911466,1.07980863120979,62.17210541651343,25.906177993525972,1.0847087323250002,62.86703015667249,26.175870286195543
1.5775675675675676,1.1639100844281183,62.571088544356904,26.081784718869393,1.18439866904894,60.4815872375035,26.7819802414630,1.158292801177273,62.01542695477649,25.855890222554393,1.16314985378007,62.71097786109532,26.12550585603738
1.6316216216216215,1.244771587389823,62.42573791301949,26.034642352479267,1.26635468072443,60.3445345538573,26.7326525095864,1.2393050351007786,61.85474933838523,25.804336259463035,1.2441139670341579,62.55084626273957,26.073775055260977
1.6856756756756757,1.3281346881828457,62.2772799463406,25.986451294772635,1.35098974521707,60.2035681060842,26.6819616009583,1.3228225941760656,61.690183050338504,25.751553392834307,1.3275792559566026,62.38674780969116,26.02071979155201
1.7397297297297296,1.4139784426609556,62.125783789526835,25.937240811592822,1.43829579342678,60.0587555524883,26.6299362145735,1.408822739598893,61.52183857363507,25.69757891125066,1.413523904416743,62.218794950036,25.966381972596167
1.7937837837837836,1.502281906677922,61.97131858778481,25.887040168783145,1.52826450320448,59.9101663993495,26.5766058289099,1.4972827325650195,61.34982639127378,25.642450103294504,1.5019260962839178,62.04710013186002,25.910803506079098
1.8478378378378377,1.5930241360875144,61.81395348632113,25.83587863218692,1.62088730029780,59.7578719678071,26.5220006874780,1.5881798342702047,61.174256986253425,25.586204257548275,1.5927640154274663,61.87177580324913,25.854026299686495
1.9018918918918917,1.6861841867435023,61.6537576303424,25.783785467647466,1.71615535932533,59.6019453598872,26.4661517839972,1.6814913059102072,60.99524084157285,25.528878662594394,1.6860158457167271,61.69293441228926,25.796092261104018
1.9559459459459458,1.7817411144996544,61.490800165055234,25.730789941008098,1.81405960477917,59.4424614236917,26.4090908472078,1.777194408680786,60.81288844023084,25.470510607015296,1.7816597710210391,61.510688407066326,25.737043298017348
2.01,1.879673975209741,61.325150235666236,25.67692131811215,1.91459071205593,59.2794967177661,26.3508503253240,1.8752664037777003,60.62731026522623,25.411137379393395,1.8796739752097413,61.32515023566624,25.67692131811215
2.0640540540540537,1.9799618247275315,61.15687698738201,25.62220886480292,2.01773910851573,59.1131294746644,26.2914633701384,1.975684552396709,60.43861679955783,25.350796268311136,1.9800366421521725,61.13643234617493,25.6157682290741
2.1181081081081077,2.082583718906794,60.98604956540919,25.566681846923736,2.12349497456945,58.9434395637280,26.2309638207836,2.078426115733571,60.24691852622445,25.289524562350934,2.0827259557176716,60.94464718667831,25.553625938588873
2.1721621621621616,2.1875187136012997,60.81273711495432,25.510369530317917,2.23184824479360,58.7705084530988,26.1693861871604,2.1834683549840457,60.0523259282249,25.227359550095212,2.187720099775577,60.74990720526229,25.490536354342144
2.226216216216216,2.294745864664817,60.63700878122408,25.453301180828777,2.34278860907325,58.5944191709837,26.1067656330410,2.290788531343892,59.85494948855802,25.164338520126407,2.2949972581952283,60.552324850012816,25.42654138401958
2.28027027027027,2.404244227951115,60.458933709425025,25.39550606429963,2.45630551377236,58.4152562661921,26.0431379588550,2.400363906008869,59.65489969022259,25.100498761026945,2.4045356148459636,60.3520125690158,25.361682935306852
2.334324324324324,2.5159928593139638,60.278581044763804,25.337013446573806,2.57238816293169,58.2331057679631,25.9785395841669,2.5121717401747348,59.452287016217454,25.035877561379248,2.516313353597123,60.14908281035713,25.296002915889634
2.388378378378378,2.6299708146071317,60.096019932446985,25.27785259349462,2.69102551949402,58.0480551451058,25.9130075298546,2.62618929503725,59.247221949541405,24.970512209765744,2.630308658318044,59.94364802212275,25.229543233453605
2.4424324324324322,2.7461571496843895,59.91131951768121,25.21805277090538,2.81220630655652,57.8601932644700,25.8465793999973,2.742393831792171,59.03981497319327,24.904439994768858,2.746499712878066,59.73582065239858,25.162345795684438
2.496486486486486,2.864530920399505,59.72454894567305,25.157643244649414,2.93591900865025,57.6696103487703,25.7792933634819,2.8607626116352596,58.83017657017187,24.83769820497102,2.8648647011465282,59.52571314927053,25.094452510267796
2.55054054054054,2.985071182606249,59.53577736162916,25.096653280570038,3.06215187304634,57.4763979337829,25.7111881353369,2.9812728957622734,58.618417223476015,24.770324128954663,2.985381806992769,59.31343796082453,25.025905284889358
2.604594594594594,3.1077569921583903,59.345073910756106,25.035112144510574,3.19089291108899,57.2806488249376,25.6423029578042,3.103901945368972,58.404647416104524,24.702355055302206,3.1080292142861268,59.099107535146494,24.9567460272348
2.658648648648648,3.232567404909698,59.15250773826051,24.97304910231433,3.32212989955506,57.0824570533262,25.5726775811570,3.2286270216511137,58.18897763105619,24.633828272596077,3.2327851068959417,58.88283432032233,24.887016644989792
2.7127027027027024,3.359481476713942,58.958147989348994,24.910493419824636,3.45585038203991,56.8819178311489,25.5023522442741,3.355425385804458,57.97151835132986,24.564781069418707,3.3596276686915516,58.66473076443799,24.81675904584
2.7667567567567564,3.488478263424892,58.76206380922815,24.847474362884803,3.59204167036947,56.6791275066214,25.4313676549801,3.4842742990247646,57.75238005992432,24.495250734352513,3.4885350835422972,58.44490931557935,24.74601513747111
2.8208108108108103,3.6195368208963163,58.56432434310459,24.78402119733815,3.73069084603840,56.4741835183647,25.3597649701620,3.615151022507791,57.53167323983841,24.42527455597994,3.619485535317515,58.22348242183237,24.67482682756878
2.8748648648648643,3.752636204981986,58.36499873618491,24.720163189027996,3.87178476167405,56.2671843493000,25.2875857756706,3.748032817449298,57.30950837407093,24.3548898228834,3.7524572078865437,58.000562531282924,24.603236023818692
2.9289189189189186,3.8877554715356677,58.16415613367573,24.655929603797656,4.01531004252602,56.0582294800729,25.2148720660185,3.882896945045042,57.085995945620695,24.284133823645323,3.887428285118725,57.776262092016985,24.531284633906516
2.9829729729729726,4.024873676411134,57.96186568078366,24.591349707490455,4.16125308798133,55.8474193420282,25.1416662238842,4.019720666490785,56.86124643748653,24.213043846848137,4.024376950883395,57.55069355212042,24.45901456551793
3.0370270270270265,4.163969875462151,57.758196522715295,24.526452765949706,4.30960007310481,55.6348552697601,25.0680109994318,4.158481242982283,56.635370332667236,24.141657181074272,4.163281389049894,57.32396935967918,24.386467726338598
3.0910810810810805,4.305023124542491,57.55321780467726,24.461268045018727,4.46033695020458,55.4206394532607,24.9939494894577,4.299155935715298,56.40847811416164,24.070011114906144,4.30411978348756,57.09620196277919,24.3136860240542
3.145135135135135,4.4480124795059215,57.34699867187615,24.395824810540837,4.61344945042246,55.2048748896902,24.9195251163746,4.441722005885587,56.18068026496855,23.9981429369262,4.4468703180657325,56.867503809506346,24.240711366350403
3.199189189189189,4.592916996206213,57.13960826951858,24.33015232835936,4.76892308534913,54.9876653347938,24.8447816070421,4.58615671468891,55.95208726808679,23.926089935716853,4.591511176653751,56.63798734794658,24.167585660912888
3.2532432432432428,4.739715730497136,56.93111574281116,24.264279864317608,4.92674314866375,54.7691152539879,24.7697629714562,4.732437323321026,55.72280960651517,23.85388939986053,4.738020543120953,56.4077650261858,24.09435081542732
3.3072972972972967,4.888387738232456,56.72159023696048,24.198236684258898,5.08689471779788,54.5493297731414,24.6945134813074,4.880541092977692,55.49295776325249,23.781578617939658,4.8863766013366785,56.17694929230994,24.021048737579374
3.361351351351351,5.038912075265945,56.51110089717315,24.13205205402655,5.24936265562361,54.3284146290748,24.6190776484174,5.03044528485467,55.26264222129758,23.70919487853667,5.036557535170264,55.94565259440492,23.947721335054723
3.415405405405405,5.191267797451372,56.29971686865581,24.065755239463883,5.41413161216547,54.1064761198028,24.5435002030669,5.182127160147717,55.03197346364928,23.636775470233992,5.188541528491051,55.71398738055663,23.87441051553904
3.469459459459459,5.345433960642508,56.08750729661503,23.99937550641421,5.58118602633604,53.8836210545448,24.4678260722238,5.335563980052593,54.801061973306346,23.564357681614045,5.342306765168377,55.48206609885102,23.801158186718
3.523513513513513,5.50138962069312,55.87454132625743,23.93294212072086,5.75051012769515,53.6599567035271,24.3921003576833,5.4907330057650565,54.57001823326766,23.49197880125926,5.497831429071583,55.250001197374004,23.72800625627727
3.577567567567567,5.659113833456978,55.660888102789635,23.866484348227146,5.92208793823217,53.4355907476029,24.3163683141303,5.647611498480867,54.338952726531986,23.41967611775207,5.655093704070005,55.017905124211495,23.654996631902527
3.6316216216216213,5.818585654787851,55.44661677141823,23.800031454776384,6.09590327417146,53.2106312277139,24.2406753271358,5.806176719395783,54.10797593609816,23.347486919674886,5.814071774032984,54.78589032744941,23.58217122127944
3.6856756756756752,5.979784140539511,55.23179647734983,23.733612706211893,6.27193974780058,52.9851864942191,24.1650668910978,5.966405929705564,53.87719834496498,23.27544849561015,5.974743822829858,54.55406925517368,23.50957193209369
3.739729729729729,6.142688346565724,55.016496365791035,23.66725736837699,6.45018076932106,52.7593651561146,24.0895885871368,6.128276390605968,53.646730436131286,23.203598134140286,6.137088034329965,54.32255435547021,23.437240672030942
3.793783783783783,6.307277329079366,54.80078494593339,23.600994575415783,6.63060954872165,52.5332760301717,24.0142860609589,6.291765309463589,53.41668309051943,23.131973149199926,6.301082565748317,54.091458514695056,23.365219506450508
3.8478378378378375,6.473530145639952,54.584728341911834,23.534852967600298,6.81320909767349,52.3070280900155,23.9392050006952,6.456849691785646,53.187168681264964,23.060610949794516,6.466705474346183,53.86089626271723,23.293551091987823
3.9018918918918915,6.641425853368094,54.36839345521311,23.468861346168293,6.99796223144741,52.0807304151709,23.8643911147303,6.623506608870558,52.958299095152555,22.98954891394346,6.633934849962353,53.63098159374228,23.222277892566108
3.9559459459459454,6.81094350685072,54.15185167476371,23.40304944156865,7.18485157085267,51.8544921401005,23.7898901095297,6.791713511811426,52.730183411395195,22.918824240792205,6.802748970496717,53.40182540973649,23.151441259633497
4.01,6.982062156644805,53.93518152699271,23.337448462208148,7.37385954419735,51.6284224032595,23.7157476674776,6.961448455784209,52.502926243619584,22.848473844978038,6.973126412969977,53.17353369430142,23.081080775189534
4.064054054054053,7.1547608483796115,53.71847026586949,23.272091423699457,7.56496838926964,51.4026302961925,23.6420094247365,7.132690234620654,52.276626745057264,22.77853429324954,7.145046120159467,52.946206416998564,23.011233857601116
4.118108108108108,7.329018622457438,53.50181440291634,23.207013258610548,7.75816015534032,51.1772248126966,23.5687209491379,7.30541842566592,52.05137827694166,22.709041783339742,7.318487422811097,52.71993716812425,22.941935630207773
4.172162162162162,7.504814514352862,53.285319177195795,23.142250706715288,7.95341670518580,50.9523147980767,23.4959277181172,7.479613344920957,51.827268740111066,22.640032165092972,7.493430017427412,52.49481352393469,22.87321905271638
4.226216216216216,7.682127555510515,53.06909696527306,23.077841985745437,8.15071971713156,50.7280088985175,23.4236750967022,7.655255912469579,51.604381569817434,22.571541003845397,7.6698538996317716,52.27091814232139,22.805115315385244
4.28027027027027,7.8609367748413455,52.85326463115304,23.013826242643887,8.35005068711591,50.5044155105958,23.3520083155666,7.83232742819027,51.382797393741136,22.50360368605923,7.847739253108628,52.048330588936636,22.73765449599756
4.3343243243243235,8.041221200817395,52.63793981619243,22.950242785319247,8.55139093077356,50.2816427309601,23.2809724491588,8.010809257752724,51.16259635321154,22.436255567210637,8.027066294119958,51.827129893769175,22.67086647962432
4.388378378378378,8.222959863257344,52.423237776691366,22.88713042780806,8.75472158553892,50.0597983061994,23.2106123939179,8.19068256496725,50.94386008177128,22.3695320978466,8.207815138973999,51.60739673032079,22.604781742612644
4.442432432432432,8.406131792338986,52.209273132934904,22.82452785244764,8.96002361276878,49.8389895829272,23.1409728465861,8.371928459815006,50.726670610886515,22.303468753866305,8.389965877324657,51.389212210363354,22.539430918983285
4.496486486486486,8.590716018240109,51.99616050520807,22.762473741575324,9.16727779988422,49.6193234581053,23.0720982826297,8.554528052277137,50.51110997202342,22.23810101116894,8.573498598825838,51.17265744566873,22.474844642757
4.55054054054054,8.776691571138496,51.784014513795924,22.701006777528438,9.37646476253131,49.4009063296298,23.0040329347777,8.738462452334794,50.297260196648125,22.17346434565369,8.75839339313145,50.95781354800883,22.41105354795453
4.604594594594594,8.96403748121194,51.572949778983514,22.640165642644305,9.58756494676055,49.1838440472051,22.9368207716902,8.923712769969123,50.08520331622682,22.109594233219745,8.944630349895402,50.74476162915551,22.348088268596637
4.658648648648648,9.152732778638232,51.36308092105588,22.579989019260246,9.80055863122454,48.9682418635291,22.8705054767653,9.110260115161278,49.87502136222565,22.046526149766287,9.132189558771598,50.533582800880666,22.285979438704075
4.712702702702702,9.342756493595154,51.154522560298076,22.520515589713593,10.0154259293938,48.7542043858126,22.8051304270971,9.298085597892408,49.66679636611079,21.984295571192504,9.321051109413947,50.32435817495616,22.2247576922976
4.766756756756756,9.5340876562605,50.94738931699516,22.461784036341662,10.2321467917906,48.5418355276572,22.7407386725920,9.487170328143662,49.46061035934839,21.922937973397588,9.511195091476358,50.11716886315389,22.164453663397964
4.82081081081081,9.726705296812055,50.74179581143215,22.40383304148179,10.4507010082397,48.3312384613151,22.6773729152569,9.677495415896189,49.25654537340461,21.862488832280718,9.702601594612734,49.91209597724574,22.105097986025918
4.874864864864865,9.920588445427612,50.53785666389411,22.346701287471298,10.6710682101374,48.1225155703523,22.6150754886670,9.869041971131143,49.05468343974563,21.802983623741092,9.895250708476985,49.70922062900357,22.046721294202214
4.928918918918918,10.115716132284955,50.3356864946661,22.290427456647507,10.8932278727363,47.9157684027406,22.5538883376238,10.06179110382967,48.8551065898376,21.744457823677884,10.089122522723017,49.50862393019928,21.98935422194761
4.982972972972973,10.312067387561875,50.13539992403315,22.235050231347742,11.1171593174481,47.7110976243980,22.4938529980139,10.25572392397292,48.65789685514667,21.686946907990293,10.284197127004735,49.31038699260474,21.933027403282857
5.037027027027026,10.50962124143616,49.937111572280315,22.18060829390933,11.3428417141617,47.5086029732026,22.4350105768777,10.450821541542041,48.46313626713901,21.6304863525775,10.48045461097605,49.11459092799183,21.877771472228712
5.0910810810810805,10.708356724085597,49.74093605969264,22.127140326669597,11.5702540835779,47.3083832134997,22.3774017326975,10.647065066518184,48.27090685728079,21.575111633338693,10.677875064290866,48.92131684813244,21.823617062805923
5.145135135135135,10.908252865687976,49.54698800655517,22.074685011965876,11.7993752995604,47.1105360911260,22.3210666559154,10.8444356088825,48.08129065703817,21.52085822617306,10.876438576603093,48.73064586479845,21.770594809035252
5.199189189189188,11.109288696421089,49.355382033152964,22.023281032135483,12.0301840915012,46.9151582889704,22.2660450496895,11.042914278616141,47.894369697877295,21.467761606979785,11.076125237566636,48.54265908976173,21.71873534493744
5.253243243243243,11.311443246462716,49.16623275977105,21.972967069515747,12.2626590467026,46.7223453830944,22.2123761108986,11.242482185700252,47.710226011264346,21.41585725165806,11.276915136835402,48.35743763479417,21.668069304533255
5.307297297297296,11.514695545990655,48.9796548066945,21.92378180644399,12.4967786127734,46.5321917994315,22.1600985114036,11.443120440115983,47.52894162866548,21.365180636107063,11.4787883640633,48.175062611667634,21.618627321843437
5.361351351351351,11.719024625182687,48.795762794208336,21.875763925257537,12.7325211000396,46.3447907710879,22.1092503795750,11.644810151844489,47.350598581546855,21.315767236225994,11.681725008904236,47.99561513215403,21.57044003088875
5.415405405405405,11.924409514216608,48.614671342597624,21.82895210829372,12.9698646839704,46.1602342962624,22.0598692820968,11.847532430866915,47.175278901374625,21.26765252791403,11.885705161012119,47.81917630802522,21.52353806568994
5.4694594594594586,12.130829243270199,48.4364950721474,21.783385037889857,13.2087874076171,45.9786130968081,22.0119922060519,12.051268387164411,47.00306461961497,21.220871987070364,12.090708910040851,47.64582725105308,21.477952060267768
5.523513513513513,12.338262842521253,48.26134860314272,21.73910139638328,13.4492671840672,45.8000165774536,21.9656555413027,12.255999130718129,46.834037767734024,21.175461089594176,12.296716345644345,47.47564907300951,21.433712648642985
5.577567567567567,12.546689342147557,48.089346555868616,21.696139866111302,13.6912817989105,45.6245327857035,21.9208950631699,12.461705771509216,46.66828037719797,21.13145531138466,12.503707557476506,47.30872288566637,21.39085046483634
5.631621621621621,12.7560877723269,47.92060355061015,21.654539129411265,13.9348089127193,45.4522483724373,21.8777459154223,12.668369419518822,46.50587447947297,21.088890128341,12.711662635191239,47.14512980079556,21.34939614286859
5.685675675675675,12.966437163237075,47.75523420765238,21.614337868620485,14.1798260635419,45.2832485532249,21.8362425935831,12.875971184728098,46.34690210602518,21.047801016362385,12.920561668442453,46.98495093016895,21.30938031676049
5.739729729729729,13.177716545055862,47.593353147280325,21.575574766076286,14.4263106694070,45.1176170703769,21.7964189285613,13.084492177118193,46.191445288320764,21.008223451348,13.130384746884054,46.828267385558426,21.270833620532784
5.793783783783783,13.389904811932649,47.435076382626676,21.538288915515153,14.6742400308425,44.9554361557478,21.7583080706159,13.293913423059912,46.03958700136704,20.970193302308655,13.34111185283157,46.67516116417359,21.233786978571494
5.8478378378378375,13.602980347910293,47.28052515000269,21.502520953420373,14.9235913334045,44.7967864943084,21.7219424736612,13.504215635385256,45.891413758450675,20.933747912423755,13.552722566081576,46.52571758361547,21.198272404132304
5.901891891891891,13.816921703288607,47.129818983350276,21.468311013454063,15.1743416502192,44.6417471885057,21.6873538799193,13.715379629116647,45.74701091964136,20.89892414440293,13.765196597622015,46.38002087928348,21.16432155558005
5.955945945945945,14.031708388123354,46.98306758929762,21.43569632662876,15.4264679445354,44.4903957234253,21.6545733049279,13.927386809193962,45.60645718780174,20.86575608733492,13.97851441577276,46.238149039321996,21.1319640425914
6.01,14.247321439011312,46.84036504362732,21.404709507144304,15.6799470722882,44.3428079327742,21.6236310229107,14.140219518850966,45.469820677165856,20.834273418722464,14.192657693428888,46.10017011529651,21.101226216299665
6.064054054054053,14.463743759161265,46.70178630915743,21.375377523889934,15.9347557846736,44.1990579656973,21.5945565525161,14.353861248641195,45.33715655448631,20.80450042170324,14.407609576406633,45.96614000859938,21.072130443381646
6.118108108108108,14.680960231751017,46.56738607503502,21.347721357611697,16.1908707307336,44.0592182544452,21.5673786429321,14.568296706113232,45.20850625274998,20.776455657456843,14.62335477289205,45.836101732585064,21.04469486408661
6.172162162162161,14.898957606570384,46.437199917442584,21.321756343745033,16.4482684599508,43.9233594829061,21.5421252603827,14.783511746135426,45.083898257462195,20.750152292797814,14.83987946399235,45.710086150434826,21.018933634207308
6.226216216216216,15.117724159950175,46.31124778171707,21.297493200912697,16.7069254248536,43.7915505560175,21.5188235750132,14.999493161870017,44.96335046549979,20.7255990829547,15.057171035389946,45.58811418875109,20.99485765099314
6.28027027027027,15.337249127977177,46.18953978588167,21.274939745087856,16.9668179836302,43.6638585700707,21.4974999481697,15.216228336396696,44.84687411653252,20.702802009535134,15.27521763009919,45.47020052688125,20.972475763005338
6.3343243243243235,15.557521912995114,46.07208434559024,21.254103289422506,17.2279224027519,43.5403487839214,21.4781799200784,15.433704754985577,44.73447929701314,20.681766573677,15.494007522325784,45.35635876197106,20.951796463914274
6.388378378378378,15.778531407241193,45.9588950996752,21.234992689815442,17.4902148596058,43.4210845911202,21.4608881979314,15.651909589367978,44.62617963167378,20.662499750686756,15.713528583756489,45.2466058115577,20.932829336260006
6.442432432432431,16.000266366924215,45.84998707981667,21.217617213564637,17.7536714451349,43.3061274929741,21.4456486443832,15.870829927664863,44.52198968878771,20.645008908982497,15.933768578739695,45.1409594786161,20.915584252947845
6.496486486486486,16.222715548252975,45.745375317694666,21.20198612796804,18.0182681664871,43.1955370725524,21.4324842664639,16.0904528579972,44.421924036628226,20.629301416982315,16.15471527162378,45.03943756612115,20.90007108688311
6.55054054054054,16.44586770743628,45.64507484498927,21.188108700323625,18.2839809496725,43.0893709696467,21.4214172049139,16.310765468485947,44.3259972434686,20.615384643104292,16.376356426757116,44.94205787704778,20.88629971097111
6.604594594594594,16.669711600682916,45.54910069338055,21.175994197929334,18.5507856422268,42.9876848566975,21.4124687239447,16.53175484725208,44.23422387758211,20.603265955766524,16.598679808488097,44.848838214370886,20.874279998117157
6.658648648648648,16.894235984201696,45.45746789454858,21.16565188808314,18.8186580158836,42.8905324156970,21.4056592014303,16.753408082416566,44.14661850724204,20.592952723387103,16.8216731811651,44.7597963810654,20.864021821226565
6.712702702702702,17.119429614201408,45.37019148017342,21.157091038082996,19.0875737692520,42.7979653160781,21.4010081195340,16.975712262100366,44.06319570072165,20.58445231438412,17.045324309136497,44.67495018010622,20.85553505320464
6.766756756756756,17.34528124689086,45.287286481935126,21.150320915226867,19.3575085305024,42.7100331935988,21.3985340557741,17.19865447442445,43.98397002629425,20.57777209717566,17.269620956750686,44.59431741446825,20.848829566956706
6.82081081081081,17.571779638478844,45.208767931513776,21.145350786812706,19.6284378600566,42.6267836302320,21.3982546745327,17.422221807509786,43.9089560522331,20.572919440179817,17.49455088835603,44.51791588712642,20.843915235388067
6.874864864864864,17.79891354517416,45.13465086058943,21.142189920138478,19.9003372532859,42.5482621350672,21.4001867190110,17.646401349477337,43.83816834681148,20.569901711814676,17.720101868300922,44.44576340105564,20.840801931404037
6.928918918918918,18.026671723185608,45.06495030084217,21.14084758250214,20.1731821432130,42.4745121262337,21.4043460036351,17.871180188448072,43.77162147830268,20.568726280498336,17.946261660933736,44.3778777592308,20.839499527909926
6.982972972972973,18.25504292872199,44.999681283952036,21.14133304120165,20.4469479032200,42.4055749138512,21.4107474069148,18.096545412542955,43.70933001497997,20.56940051464888,18.173018030602854,44.31427676462683,20.840017897811048
7.037027027027026,18.4840159179921,44.93885884159911,21.14365556353497,20.7216098497615,42.3414896840162,21.4194048647581,18.322484109882954,43.65130852511663,20.571931782684402,18.40035874165666,44.254978220218646,20.84236691401272
7.0910810810810805,18.713579447204744,44.88249800546346,21.147824416800063,20.9971432450817,42.2822934838282,21.4303313642454,18.548983368589035,43.59757157698594,20.576327453022987,18.628271558443537,44.19999992898114,20.846556449420248
7.145135135135134,18.943722272568714,44.83061380722514,21.153848868294883,21.2735232999361,42.2280212074640,21.4435389378647,18.776030276782166,43.54813373886119,20.582594894082728,18.85674424531186,44.149359693889245,20.852596376938948
7.199189189189188,19.17443315029281,44.78322127856423,21.161738185317397,21.5507251763172,42.1787055833028,21.4590386582100,19.00361192258331,43.503009579015654,20.59074147428172,19.085764566610006,44.10307531791787,20.86049656947413
7.253243243243243,19.405700836585837,44.74033545116079,21.171501635165555,21.8287239901834,42.1343771621087,21.4768406331461,19.231715394113436,43.462213665722594,20.600774562038048,19.31532028668637,44.061164604041906,20.870266899931107
7.307297297297296,19.637514087656587,44.701971356694884,21.183148485137323,22.1074948141917,42.0950643062736,21.4969540014398,19.46032777949351,43.425760567255324,20.6127015257698,19.54539916988932,44.02364535523628,20.881917241215195
7.361351351351351,19.869861659713866,44.668144026846576,21.19668800253066,22.3870126804330,42.0607931801244,21.5193869288609,19.68943616684451,43.393664851887095,20.626529733895076,19.77598898056724,43.99053537447592,20.895457466231704
7.415405405405405,20.10273230896647,44.63886849329595,21.212129454643524,22.6672525831701,42.0315877412968,21.5441466047522,19.919027644287386,43.3659410878912,20.642266554831956,20.007077483068517,43.96185246473571,20.910897447885944
7.4694594594594586,20.3361147916232,44.614159787723054,21.22948210877388,22.9481894815777,42.0074697331798,21.5712392390719,20.149089299943107,43.342603843540914,20.659919356998536,20.23865244174153,43.937614428990585,20.928247059083233
7.523513513513513,20.569997863892848,44.59403294180796,21.248755232219686,23.2297983024852,41.9884586784311,21.6006700599069,20.37960822193265,43.32366768710952,20.679495508812906,20.47070162093465,43.917839070215436,20.94751617272888
7.577567567567566,20.80437028198422,44.578502987230735,21.269958092278895,23.5120539431198,41.9745718735654,21.6324433114593,20.61057149837697,43.30914718687028,20.70100237869315,20.703212784996268,43.90254419138519,20.96871466172819
7.631621621621621,21.039220802106108,44.567584955671435,21.29309995624947,23.7949312738521,41.9658243846168,21.6665622525050,20.841966217397037,43.2990569110965,20.724447335057363,20.936173698274764,43.89174759547475,20.991852398986488
7.685675675675675,21.274538180467317,44.56129387881013,21.318190091429372,24.0784051409420,41.9622290438747,21.7030291553261,21.073779467113823,43.29341142806145,20.749837746323635,21.169572125118513,43.88546708545903,21.016939257409078
7.739729729729729,21.51031117327664,44.55964478832691,21.345237765116565,24.3624503692852,41.9637964476942,21.7418453051154,21.305998335648283,43.292225306038404,20.777180980910053,21.4033958298759,43.88372046431294,21.04398510990127
7.793783783783783,21.746528619136743,44.56265327020659,21.37425251160128,24.6470417651606,41.9705349553784,21.7830109998531,21.538609902506444,43.295513636415905,20.80648471588833,21.637632602773863,43.88652610394686,21.073000148357398
7.847837837837837,21.983179665627222,44.57033698907699,21.40524486639484,24.9321541189764,41.9824506891332,21.8265255506557,21.771601214888236,43.30329347226477,20.837757785781253,21.872270331083904,43.89390450977926,21.103995760880547
7.901891891891891,22.22025335962409,44.58271293208231,21.438225038684646,25.2177622080177,41.9995475350908,21.8723872825954,22.004959330522986,43.31558122729268,20.871008647868294,22.1072968704482,43.90587549186297,21.13698294569837
7.955945945945945,22.457738166668932,44.599794175438475,21.47320135387921,25.5038407991914,42.0218271454014,21.9205935359888,22.238671367923306,43.3323896243385,20.90624358170615,22.342699893921335,43.922454846094965,21.171970450393847
8.01,22.695621627661204,44.62158757482996,21.510179141140306,25.7903646517714,42.0492889413881,21.9711406681546,22.472724542280716,43.35372551572533,20.94346540307203,22.578466784143032,43.94365198365185,21.208963442784423
8.064054054054052,22.933890152873563,44.648092379647736,21.54916006590224,26.0773085201419,42.0819301177631,22.0240240556377,22.70710618700305,43.37958857547228,20.982672692329572,22.814584568641738,43.96946850865109,21.24796271344949
8.118108108108107,23.172528953290364,44.679299771068656,21.590141907378296,26.3646471565393,42.1197456479002,22.0792380968977,22.941803760893556,43.409970863365174,21.023859537217504,23.051039898269185,43.999897744038265,21.288964409906207
8.172162162162161,23.411522109269164,44.71519332397611,21.633118781054307,26.6523553137917,42.1627282901597,22.1367762154611,23.17680484097179,43.44485726088586,21.067015790060985,23.28781906876584,44.03492520569978,21.331960302433693
8.226216216216216,23.650852776525376,44.75575039272199,21.67808180616936,26.9404077480563,42.2108685952595,22.1966308635333,23.41209710093623,43.48422677900041,21.112127839405687,23.524908085457284,44.07453002480172,21.376938581545524
8.28027027027027,23.890503529440025,44.80094442072995,21.725020218183648,27.2287792215540,42.2641549146882,22.2587935260688,23.64766827526863,43.52805473780606,21.159179896074498,23.762292771081533,44.11868731835425,21.423885187110617
8.334324324324324,24.1304568416905,44.850748173940026,21.773922926233453,27.5174445053011,42.3225734101530,22.3232547252969,23.883506108980136,43.57631581803696,21.208155793647002,23.99995891674726,44.16737150800198,21.472785669122423
8.388378378378377,24.37069549593116,44.9051364969352,21.82477984067613,27.8063783818375,42.3861080640559,22.3900040256992,24.119598314775814,43.6289866621095,21.25904052315385,24.237892410607706,44.220559148897536,21.52362677378318
8.442432432432431,24.61120235721022,44.964084788603245,21.877581138861323,28.0955556479515,42.4547406909917,22.4590300394365,24.35593259674578,43.68604443555532,21.31181938427933,24.476079166694678,44.278227365129055,21.57639556628414
8.496486486486486,24.851960290575896,45.02756844783194,21.932316998138663,28.3849511174004,42.5284509502587,22.5303204322212,24.592496658980142,43.74746630390611,21.36647767670771,24.71450509903996,44.340353280784655,21.631079111816547
8.55054054054054,25.092952161076393,45.09556287350905,21.988977595857794,28.6745396236264,42.6072163593754,22.6038619296316,24.829278205569025,43.81322943269349,21.423000700123268,24.953156121675367,44.40691401995245,21.687664475571637
8.604594594594595,25.334160833759924,45.16804346452234,22.04755310936835,28.9642960224689,42.6910123085939,22.6796403238644,25.066264940602537,43.88331098744916,21.48137375421028,25.192018148632695,44.47788670672057,21.74613872274066
8.658648648648647,25.57556917367471,45.24498561975962,22.108033716019975,29.2541951948707,42.7798120764004,22.7576404809211,25.3034445681708,43.95768813370475,21.541582138653027,25.431077093943742,44.553248465177134,21.806488918514866
8.712702702702702,25.817160045868953,45.326364738108616,22.170409593162297,29.5442120495797,42.8735868459940,22.8378463482243,25.54080479236392,44.03633803699192,21.60361115313578,25.670318871640305,44.632976419410255,21.86870212808549
8.766756756756756,26.058916315390874,45.41215621845713,22.234670918144964,29.8343215258445,42.9723057227325,22.9202409626590,25.778333317272022,44.11923786284235,21.66744609734282,25.90972939575419,44.717047693508064,21.932765416643793
8.82081081081081,26.300820847288684,45.50233545969293,22.300807868317612,30.1244985961042,43.0759357525362,23.0048064590344,26.016017846985218,44.20636477678767,21.733072270958417,26.149294580317196,44.805439411558694,21.998665849381005
8.874864864864865,26.542856506610587,45.596877860703785,22.368810621029873,30.4147182686723,43.1844419412365,23.0915240789616,26.253846085593622,44.29769594435956,21.80047497366686,26.38900033936111,44.89812869765025,22.066390491488384
8.928918918918917,26.785006158404805,45.69575882037747,22.438669353631397,30.7049555904134,43.2977872748603,23.1803741801411,26.49180573718735,44.39320853108967,21.869639505152414,26.628832586917756,44.995092675870865,22.135926408157168
8.982972972972972,27.027252667719544,45.79895373760176,22.510374243471812,30.9951856494134,43.4159327408350,23.2713362460557,26.72988450585651,44.492879702509654,21.940551165099354,26.86877723701891,45.09630847030866,22.2072606645786
9.037027027027026,27.269578899603022,45.90643801126442,22.58391546790076,31.2853835776422,43.5388373501054,23.3643888960633,26.968070095691232,44.59668662415118,22.013195253191967,27.10882020369639,45.20175320505174,22.28038032594393
9.09108108108108,27.511967719103446,46.01818704025323,22.659283204267872,31.5755245536095,43.6664581601460,23.4595098958833,27.20635021078162,44.7046064615459,22.08755706911452,27.348947400981984,45.31140400418825,22.355272457444403
9.145135135135135,27.754401991269027,46.13417622345595,22.7364676299228,31.8655838050121,43.7987502988580,23.5566761684705,27.44471255521779,44.81661638022548,22.1636219125513,27.589144742907486,45.4252379918063,22.431924124271262
9.199189189189187,27.996864581147992,46.25438095976038,22.81545892221517,32.1555366113729,43.9356669893358,23.6558638052712,27.68314483308986,44.93269354572157,22.24137508318657,27.82939814350471,45.543232291994,22.510322391615755
9.253243243243242,28.239338353788533,46.37877664805427,22.896247258494633,32.4453583066723,44.0771595754892,23.7570480778554,27.921634748487946,45.052815123565836,22.320801880704618,28.069693516805454,45.665364028839505,22.590454324669125
9.307297297297296,28.481806174238884,46.5073386872254,22.978822816110814,32.7350242819700,44.2231775485071,23.8602034499172,28.16017000550216,45.176958279289934,22.401887604789717,28.310016776841515,45.79161032643091,22.672306988622623
9.36135135135135,28.72425090754723,46.64004247616155,23.06317577241336,33.0245099880181,44.3736685741474,23.9653035896378,28.398738308222615,45.30510017842552,22.484617555126142,28.55035383764469,45.921948308856344,22.75586744866748
9.415405405405405,28.966655418761803,46.77686341375047,23.149296304751903,33.3137909378646,44.5285785208370,24.0723213824049,28.637327360739434,45.43721798650425,22.56897703139817,28.790690613246774,46.05635510020392,22.84112276999496
9.46945945945946,29.209002572930814,46.917776898879964,23.237174590476087,33.6028427094471,44.6878514885678,24.1812289438797,28.87592486714272,45.57328886905778,22.65495133329008,29.031013017679584,46.19480782456179,22.928060017796295
9.523513513513512,29.45127523510248,47.06275833043778,23.326800806935545,33.8916409481771,44.8514298385711,24.2919976334063,29.11451853152261,45.713289991617785,22.74252576048614,29.271306964974897,46.33728360601804,23.016666257262735
9.577567567567566,29.693456270324994,47.2117831073117,23.418165131479917,34.1801613695130,45.0192542237542,24.4045980677547,29.35309605796919,45.85719851971591,22.831685612670633,29.511558369164526,46.483759568660815,23.10692855358552
9.63162162162162,29.93552854364658,47.3648266283895,23.511257741458838,34.4683797615234,45.1912636198833,24.5190001351910,29.5916451505726,46.00499161888381,22.92241618952784,29.75175314428028,46.634212836578214,23.198833971955906
9.685675675675675,30.177474920115458,47.521864292558945,23.606068814221953,34.7562719874385,45.3673953574936,24.6351730098663,29.830153513422943,46.15664645465314,23.014702790742035,29.99187720435394,46.788620533858385,23.292369577565132
9.73972972972973,30.41927826477983,47.682871498707826,23.7025885271189,35.0438139881915,45.5475851545112,24.7530851665173,30.06860885061034,46.312140192555596,23.10853071599749,30.231916463417313,46.946959784589446,23.387522435604446
9.793783783783782,30.660921265902747,47.84782396678311,23.80080742402673,35.3309817849472,45.7317671495676,24.8727043954701,30.306998869597734,46.471450466104706,23.203885495796513,30.471856772516094,47.10920815849307,23.484279895272696
9.847837837837837,30.902385948802888,48.01669862070383,23.9007174233003,35.6177514816197,45.9198739359882,24.9939978179397,30.545311290496254,46.63455666374626,23.30075352620904,30.71168374649806,47.27534489641681,23.58263037079729
9.901891891891891,31.143654554869684,48.18947199198331,24.00230999531653,35.9040992673774,46.1118365964382,25.1169319016165,30.783533829294626,46.80143760194808,23.39912092119407,30.951383077194016,47.445348694544975,23.68256192928522
9.955945945945945,31.38471057281013,48.366118346883766,24.105574024397775,36.1900014191356,46.3075847382050,25.2414724765317,31.021654178184345,46.972068795305645,23.498972166161153,31.190940900836765,47.61919510486952,23.78406063401198
10.01,31.625539475253618,48.54660834866962,24.210494281614306,36.4754343040374,46.5070465290991,25.3675847511931,31.259659991506126,47.14642050661736,23.60028915622859,31.430344060503202,47.79685467838347,23.887109361056552
10.064054054054052,31.86612916071487,48.73090825495939,24.317050508465726,36.7603743819196,46.7101487339542,25.4952333289832,31.497538877317822,47.32445657692983,23.703050619178356,31.66958026357962,47.97829185099709,23.991687089282337
10.118108108108107,32.106470100914905,48.91897965017645,24.425217111441505,37.0447982077675,46.9168167517064,25.6243822248101,31.73527839458371,47.50613403555286,23.80723192310773,31.908638134250097,48.16346457217654,24.097768663664187
10.172162162162161,32.34655519346005,49.110779713098296,24.534963467460443,37.3286824341546,47.1269746530328,25.7549948820028,31.97286605598522,47.69140349004446,23.912805268777664,32.14750716100811,48.35232467630517,24.20532503196138
10.226216216216216,32.58637931987904,49.30626201950463,24.646254840189247,37.6120038136687,47.3405452185293,25.8870341894424,32.210289336353,47.880210296165565,24.019740266657855,32.386177539191245,48.54481899676746,24.314323954736672
10.28027027027027,32.825938609018195,49.505377879924,24.75905390724008,37.8947392013248,47.5574499774078,26.0204624989195,32.44753568672043,48.07249650780472,24.128004898668564,32.624639908539066,48.740891222755515,24.424731188721328
10.334324324324323,33.065229405794554,49.70807821247929,24.873322898247146,38.1768655569623,47.7776092466911,26.1552416427090,32.684592553998556,48.2682036068726,24.2375668646191,32.862884985774166,48.940484498798185,24.536512143526203
10.388378378378377,33.3042473921808,49.91431513926544,24.989025417322473,38.4583599476282,48.0009421708857,26.2913329513537,32.92144739774654,48.467274830212034,24.348394729886422,33.10090325142124,49.14354364055019,24.649633293790703
10.442432432432431,33.54298807336446,50.12404110343657,25.106125435105483,38.7391995499449,48.2273667621111,26.4286972716456,33.158087680896415,48.669653882647765,24.460457290665502,33.33868512301884,49.35001390929985,24.764061398161825
10.496486486486486,33.78144695453305,50.33720854814679,25.224586922235613,39.0193616524637,48.4567999406642,26.5672949847985,33.3945008663802,48.87528446900454,24.57372334315131,33.576221018105564,49.55984056633541,24.879763215286587
10.55054054054054,34.0196195408741,50.55376991655026,25.344373849352294,39.2988236580013,48.6891575759982,26.7070860247990,33.630674417129924,49.084110294107134,24.68816168353883,33.81350135421998,49.772968872945185,24.996705503812006
10.604594594594593,34.25750133757511,50.773677651801094,25.46545018709496,39.5775630859616,48.9243545280931,26.8480298969293,33.86659579607758,49.29607506278027,24.803741108023033,34.05051654890066,49.989344090417454,25.11485502238508
10.658648648648647,34.49508784982361,50.99688419705343,25.587779906103044,39.8555575746412,49.1623046891979,26.9900856964509,34.102252466155214,49.51112247984871,24.9204304127989,34.28725701968618,50.20891148004051,25.234178529652823
10.712702702702702,34.732374582807125,51.2233419954614,25.71132697701598,40.1327848835182,49.4029210259211,27.1332121274389,34.337631890294844,49.72919625013719,25.038198394061403,34.523713184115124,50.43161630310264,25.354642784262243
10.766756756756756,34.96935704171318,51.45300349017913,25.836055370473193,40.4092228955246,49.6461156216481,27.2773675217591,34.572721531428485,49.950240078470486,25.157013848005523,34.759875459726054,50.65740382089214,25.47621454486036
10.82081081081081,35.20603073172928,51.68582112436074,25.961929057114126,40.6848496193022,49.8917997192641,27.4225098581762,34.80750885248817,50.17419766967333,25.276845570826232,34.99573426405755,50.886219294697284,25.59886057009417
10.874864864864865,35.44239115804295,51.92174734116038,26.088912007578205,40.9596431914407,50.1398837641592,27.5685967815846,35.041981316405895,50.40101272857048,25.397662358718506,35.2312800146482,51.11800798580637,25.722547618610697
10.928918918918917,35.67843382584171,52.16073458373218,26.216968192504865,41.2335818786992,50.3902774474936,27.7155856223510,35.2761263861137,50.63062895998668,25.519433007877332,35.46650312903655,51.35271515550768,25.847242449056942
10.982972972972972,35.91415424031308,52.40273529523026,26.34606158253354,41.5066440802089,50.6428897497021,27.8634334157605,35.50993152454362,50.86299006874668,25.64212631449767,35.70139402476121,51.5902860650895,25.972911820079915
11.037027027027026,36.149547906644585,52.64770191880874,26.476156148303655,41.7788083296595,50.8976289842124,28.0120969215535,35.74338419462763,51.098039759675245,25.7657110747745,35.935943119360736,51.830665975840134,26.099522490326635
11.09108108108108,36.38461033002374,52.89558689762177,26.607215860454655,42.0500532974658,51.1544028413583,28.1615326435469,35.97647185929779,51.3357217375971,25.890156084902813,36.17014083037371,52.07380014904784,26.2270412184441
11.145135135135135,36.61933701563806,53.14634267482349,26.739204689625964,42.3203577929173,51.4131184324623,28.3116968493269,36.20918198148611,51.57597970733702,26.015430141077573,36.4039775753387,52.31963384600094,26.355434763079334
11.199189189189187,36.853723468675085,53.399921693568,26.872086606457017,42.5897007663082,51.6736823340668,28.4625455900046,36.4415020241246,51.818757373719734,26.14150203949375,36.637443771794295,52.568112327987706,26.484669882879338
11.253243243243242,37.087765194322316,53.656276397009464,27.00582558158725,42.8580613110491,51.9360006322902,28.6140347200246,36.67341945014531,52.06399844157001,26.268340576346333,36.87052983727905,52.81918085629643,26.614713336491118
11.307297297297296,37.32145769776727,53.91535922830198,27.140385585656084,43.1254186657591,52.1999789672863,28.7661199170157,36.904921722480225,52.31164661571259,26.395914547830294,37.10322618933156,53.07278469221538,26.745531882561693
11.36135135135135,37.55479648419748,54.17712263059971,27.275730589302967,43.3917522163392,52.4655225777833,28.9187567016750,37.13599630406139,52.56164560097222,26.52419275014061,37.33552324549039,53.32886909703288,26.877092279738072
11.415405405405405,37.787777058800465,54.44151904705677,27.411824563167322,43.6570414980253,52.7325363456811,29.0719004576741,37.36663065782082,52.81393910217366,26.653143979472254,37.56741142329412,53.587379332037195,27.009361286667264
11.469459459459458,38.020394926763736,54.708500920827284,27.548631477888577,43.9212661974223,53.0009248406829,29.2255064515783,37.59681224669053,53.06847082414166,26.782737032020215,37.79888114028132,53.848260658516615,27.142305661996282
11.523513513513512,38.25264559327482,54.978020695065396,27.68611530410618,44.1844061545171,53.2705923649397,29.3795298527688,37.826528533602556,53.325184471700965,26.91294070397945,38.02992281399057,54.111458337759444,27.27589216437213
11.577567567567566,38.484524563521234,55.25003081292522,27.824240012459555,44.4464413646723,53.5414429976844,29.5339257533572,38.0557669814889,53.58402374967632,27.04372379154495,38.26052686196044,54.376917631053956,27.410087552441816
11.63162162162162,38.71602734269051,55.5244837175609,27.962969573588133,44.7073519805986,53.8133806398337,29.6886491880834,38.284515053281595,53.84493236289248,27.175055090911677,38.49068370172952,54.644583799688434,27.544858584852363
11.685675675675675,38.94714943597013,55.801331852126566,28.10226795813135,44.9671183143072,54.0863090585350,29.8436551541867,38.51276021191265,54.1078540161742,27.306903398274624,38.720383750836376,54.91440210495117,27.680172020250772
11.739729729729728,39.17788634854767,56.08052765977634,28.242099136728633,45.2257208390407,54.3601319316363,29.9988986312393,38.740489920314104,54.372732414346224,27.439237509828757,38.94961742681957,55.18631780813047,27.815994617284055
11.793783783783782,39.408233806170955,56.362024342325256,28.382427079540932,45.4831401911829,54.6347528920566,30.1543346009345,38.96769165488592,54.63951173109887,27.572026298543125,39.178375235636324,55.46027670435716,27.952293180393852
11.847837837837837,39.638188361689174,56.64577794656665,28.52321575493483,45.7393571721476,54.9100755720353,30.3099180668177,39.19435294253294,54.90813789836838,27.705238925289528,39.40664801481367,55.73622659067175,28.089034685751713
11.901891891891891,39.86774629837774,56.9317435920417,28.66442913186176,45.9943527502456,55.1860036472376,30.4656040739513,39.420461293699134,55.178556275033046,27.8388444571048,39.63442649381146,56.01411461164044,28.226186053557942
11.955945945945945,40.09690234333627,57.21987104551748,28.806031182649157,46.2481080625295,55.4624408806954,30.6213477285047,39.64600412380457,55.450708911864076,27.97281141934207,39.861700778247,56.293884145273594,28.363713880906253
12.01,40.325648748487154,57.510101559900036,28.94798588499422,46.5006044166172,55.7392911665608,30.7771042172587,39.87096869712887,55.72453259791899,28.107107475778783,40.08845998148413,56.575472578681655,28.501584250972755
12.064054054054052,40.553974739174706,57.802365977582085,29.09025722316011,46.7518232924930,56.0164585736516,30.9328288270149,40.095342093141326,55.99995768837774,28.24169923668157,40.314692003586686,56.858809973468695,28.63976261852937
12.118108108108107,40.7818663303648,58.096584098225634,29.232809188374702,47.0017463442858,56.2938473887668,31.0884769639014,40.319111195277614,56.27690771382137,28.376552194827852,40.54038345763628,57.14381862086368,28.77821377178166
12.172162162162161,41.00930651044525,58.3926653109794,29.375605778431865,47.2503554020254,56.5713621597508,31.2440041725646,40.54226270216306,56.55529977095331,28.51163078948418,40.76551974341447,57.43041348658924,28.91690187053097
12.226216216216216,41.2362757926266,58.690510491130986,29.51861099649519,47.4976324733754,56.8489077382863,31.3993661552387,40.76478316128259,56.83504569476335,28.646898598341476,40.990085268449384,57.718503545468096,29.055790560661073
12.28027027027027,41.46275313394364,58.99001516119398,29.66178884910431,47.7435597453440,57.1263893223934,31.5545187906826,40.98665902509717,57.11605401213415,28.782318657406936,41.21406381642661,58.007994005767046,29.19484316494912
12.334324324324323,41.6887172218574,59.29107391642975,29.80510334338367,47.9881195859702,57.4037124986161,31.7094181529759,41.207876729606944,57.39823267689049,28.91785390885279,41.43743906296454,58.298789423278706,29.334022950201067
12.388378378378377,41.91414757093017,59.59358419707802,29.94851848466339,48.2312945459884,57.6807832838746,31.8640205301655,41.428422761316895,57.68149140110299,29.05346758275403,41.66019501525139,58.590796355705244,29.47329335495273
12.442432432432431,42.13902391628465,59.89744420203938,30.09199827779507,48.4730673604680,57.9575081669632,32.0182824427517,41.64828362019996,57.9657403657079,29.189122985959706,41.882315768894024,58.88392189459145,29.612617863534567
12.496486486486486,42.36332599304349,60.20255213021444,30.235506727630334,48.7134209504302,58.2337941496744,32.1721606620080,41.8674458062291,58.25088975164146,29.324783425318877,42.10378541949929,59.178073131482094,29.75195996027705
12.55054054054054,42.58703353632937,60.50880618050378,30.379007839020787,48.9523384244404,58.5095487875297,32.3256122281235,42.08589581937724,58.536849739839866,29.460412207680594,42.32458806267405,59.47315715792192,29.89128312951064
12.604594594594593,42.81012628126496,60.81610455180801,30.522465616818046,49.1898030801770,58.7846802300966,32.4785944681604,42.303620159617346,58.82353051123938,29.595972639893922,42.54470779402514,59.76908106545572,30.0305508555658
12.658648648648647,43.0325839629729,61.124345443027735,30.66584406587372,49.4257984059754,59.0590972608738,32.6310650138183,42.520605326922336,59.1108422467762,29.731428028807905,42.764128709159436,60.065751945628264,30.169726622773
12.712702702702702,43.254386316575896,61.43342705306354,30.809107191039438,49.6603080823482,59.3327093367248,32.7829818189959,42.73683782126517,59.39869512738659,29.866741681271606,42.98283490368378,60.3630768899843,30.308773915462684
12.766756756756756,43.47551307719661,61.74324758081603,30.95221899716681,49.8933159834807,59.6054266268417,32.9343031771433,42.952304142618786,59.68699933400674,30.001876904134086,43.200810473205024,60.66096299006862,30.44765621796534
12.82081081081081,43.695943979957704,62.05370522518581,31.095143489107436,50.1248061787014,59.8771600512213,33.0849877383957,43.166990790956135,59.9756650475729,30.136797004244393,43.41803951333003,60.959317337425965,30.58633701461142
12.874864864864863,43.91565875998185,62.36469818507348,31.237844671712946,50.3547629339277,60.1478213186342,33.2349945264808,43.380884266250156,60.2646024490213,30.271465288451584,43.634506119665645,61.25804702360114,30.724779789731386
12.928918918918917,44.13463715239172,62.676124659379624,31.380286549834942,50.5831707130873,60.4173229640708,33.3842829553931,43.59397106847378,60.55372171928817,30.405845063604716,43.85019438781871,61.55705914013889,30.8629480276557
12.982972972972972,44.35285889230998,62.98788284700486,31.522433128325055,50.8100141795133,60.6855783856458,33.5328128458253,43.80623769759997,60.84293303930972,30.53989963655284,44.065088413396104,61.85626077858399,31.000805212714834
13.037027027027026,44.5703037148593,63.29987094684977,31.66424841203488,51.0352781973148,60.9525018809439,33.6805444413516,44.01767065360167,61.13214659002219,30.67359231414502,44.27917229200466,62.15555903048121,31.138314829239242
13.09108108108108,44.786951355162344,63.611987157814966,31.80569640581604,51.2589478327219,61.2180086827913,33.8274384243539,44.2282564364518,61.42127255236181,30.806886403230305,44.49243011925125,62.4548609873753,31.275440361559394
13.145135135135133,45.0027815483418,63.924129678801044,31.94674111452015,51.4810083554051,61.4820149944348,33.9734559316844,44.437981546123325,61.710221107264815,30.93974521065776,44.704845990742726,62.75407374081106,31.412145294005754
13.199189189189187,45.217774029520314,64.2361967087086,32.08734654299882,51.7014452397685,61.7444380241146,34.1185585700573,44.6468324825892,61.99890243566743,31.072132043276437,44.916404002085926,63.053104382333245,31.548393110908783
13.253243243243242,45.431908533820575,64.54808644643823,32.22747669610368,51.9202441662179,62.0051960190130,34.2627084311632,44.854795745822344,62.28722671850586,31.20401020793539,45.127088248887716,63.35186000348661,31.684147296598944
13.307297297297296,45.645164796365236,64.85969709089053,32.36709557868632,52.1373910224028,62.2642082985654,34.4058681064979,45.061857835795706,62.57510413671636,31.335343011483666,45.336882826754945,63.65024769581595,31.819371335406696
13.36135135135135,45.857522552276976,65.17092684096612,32.506167195598366,52.3528719044315,62.5213952871177,34.5480007019016,45.26800525248223,62.86244487123517,31.466093760770338,45.54577183129447,63.948174550866014,31.954028711662517
13.415405405405405,46.06896153667846,65.48167389556558,32.64465555169143,52.5666731180610,62.7766785459157,34.6890698517992,45.47322449585488,63.149159102998475,31.59622576264445,45.75373935811315,64.24554766018157,32.08808290969685
13.469459459459458,46.27946148469236,65.7918364535895,32.78252465181713,52.7787811798599,63.0299808044133,34.8290397331384,45.67750206588657,63.43515701294254,31.725702323955062,45.96076950281782,64.5422741153074,32.22149741384018
13.523513513513512,46.48900213144134,66.10131271393851,32.91973850082708,52.9891828183450,63.2812259908841,34.9678750790163,45.88082446255026,63.720348782003576,31.854486751551235,46.166846361015345,64.83826100778828,32.354235708422955
13.577567567567566,46.69756321204808,66.41000087551319,33.05626110357288,53.1978649750916,63.5303392623248,35.1055411919917,46.08317818581888,64.00464459111782,31.98254235228201,46.37195402831259,65.13341542916895,32.48626127777565
13.63162162162162,46.90512446163524,66.71779913721414,33.19205646490616,53.4048148058166,63.7772470336357,35.2420039570754,46.284549735665394,64.28795462122149,32.109832432996456,46.576076600316384,65.4276444709942,32.61753760622871
13.685675675675675,47.1116656153255,67.02460569794196,33.32708858967854,53.6100196814353,64.0218770060677,35.3772298543939,46.48492561206274,64.57018905325083,32.236320300543625,46.7791981726336,65.72085522480879,32.74802817811262
13.739729729729728,47.31716640824152,67.33031875659726,33.46132148274161,53.8134671890908,64.2641581949223,35.5111859715204,46.68429231498385,64.85125806814207,32.36196926177257,46.98130284087109,66.01295478215748,32.87769647775784
13.793783783783782,47.521606428899176,67.63483674764001,33.59471901667708,54.0151451331571,64.5040209564929,35.6438400154690,46.88263632877866,65.13107213660857,32.486742421936384,47.18237464102508,66.30385054955254,33.00650581652893
13.847837837837837,47.72496471603889,67.93805898887793,33.7272445680544,54.2150415362145,64.7413970142378,35.7751603243459,47.079944079210726,65.40954281602804,32.610602130303285,47.382397385552025,66.59345111463422,33.13441885716846
13.901891891891891,47.927220487587164,68.23988451021283,33.8588616751063,54.4131446399981,64.9762194841717,35.9051158786545,47.27620201113843,65.68658130960608,32.73351098253656,47.58135495976575,66.88166468008254,33.26139847382171
13.955945945945945,48.12835399586283,68.54021067954413,33.98953480930327,54.6094429063190,65.2084228994672,36.0336763122475,47.4713966796493,65.96209677600956,32.85543299667103,47.7792316695661,67.16839722630702,33.38740876100431
14.009999999999998,48.328347138438716,68.83893222127134,34.11922992647836,54.8039250179580,65.4379432342562,36.1608119229240,47.66551481515589,66.23599512196171,32.97633445309625,47.976012489816554,67.4535511990822,33.51241575429344
14.064054054054052,48.5271838246586,69.13594062739566,34.247914797501906,54.9965798795324,65.6647179266198,36.2864936826661,47.85854336245339,66.50817827779935,33.096184398546434,48.17168321337064,67.73702472212895,33.636387862742495
14.118108108108107,48.72485009780955,69.43112396122046,34.37555911850653,55.1873966183347,65.8886859007614,36.4106932475110,48.05046949373882,66.77854395599181,33.21495481409707,48.36623050074755,68.01871133464158,33.759296013019316
14.172162162162161,48.921334012949565,69.72436705365078,34.50213440066218,55.3763645851440,66.1097875883497,36.5333829670552,48.241280595591824,67.04698589262203,33.33262044716832,48.55964183045659,68.29850025376076,33.88111350526798
14.226216216216216,49.11662527039064,70.01555209209172,34.627613639501284,55.5634733550095,66.3279649490286,36.6545358935877,48.43096422991711,67.31339457182938,33.44915830753504,48.751905349970656,68.57627716199218,34.00181558069409
14.280270270270268,49.31071460483713,70.3045596019461,34.75197076379411,55.7487127280070,66.5431614900818,36.7741257908475,48.61950806884852,67.57765843321435,33.564546827343676,48.94300962734863,68.851925519571,34.12137870087361
14.334324324324323,49.50359293017945,70.59126982071075,34.87517986397417,55.9320727299667,66.7553222852481,36.8921271424037,48.80689980361467,67.83966556220545,33.67876468513569,49.13294330350682,69.12532840177214,34.239779538785236
14.388378378378377,49.695250610532554,70.87556386923022,34.99721453446273,56.1135436131737,66.9643939926789,37.0085151596537,48.99312706685786,68.09930513089547,33.7917898034677,49.321694795821756,69.39637006499855,34.356994118785636
14.442432432432431,49.885677863404624,71.15732310390848,35.118048237411145,56.2931158570408,67.1703248720335,37.1232657894389,49.178177475597366,68.35646660115437,33.90359990330036,49.50925246205932,69.66493508062068,34.47299829226558
14.496486486486486,50.07486490630381,71.43642888114951,35.23765443497078,56.4707801687526,67.3730648007033,37.2363557212730,49.362038646852454,68.61103943485203,34.01417270559432,49.69560465998539,69.93090802000896,34.587767910615845
14.55054054054054,50.262801956738286,71.71276255735722,35.35600658929297,56.6465274838827,67.5725652891640,37.3477623941818,49.54469819764238,68.86291309385845,34.12348593131023,49.880739747365865,70.19417345453377,34.701278825227234
14.604594594594593,50.449479232216234,71.98620548893562,35.47307816252907,56.8203489669816,67.7687794954469,37.4574640031531,49.72614374498643,69.11197704004357,34.23151730140872,50.06464608196663,70.45461595556557,34.8135068874905
14.658648648648647,50.6348869502458,72.25663903228866,35.58884261683044,56.9922360121378,67.9616622387272,37.5654395051929,49.90636290590386,69.35812073527731,34.33824453685045,50.2473120215536,70.7121200944748,34.924427948796435
14.712702702702702,50.819015328335176,72.52394454382028,35.70327341434843,57.1621802435098,68.1511700120258,37.6716686249879,50.08534329741395,69.60123364142962,34.44364535859608,50.428725923892614,70.96657044263185,35.034017860535826
14.766756756756756,51.001854583992504,72.78800337993447,35.8163440172344,57.3301735158305,68.3372609940193,37.7761318601718,50.26307253653595,69.84120522037044,34.547697487606236,50.60887614674961,71.21785157140718,35.14225247409945
14.82081081081081,51.183394934725975,73.04869689703517,35.92802788763969,57.4962079148835,68.5198950599573,37.8788104861949,50.439538240289146,70.07792493396973,34.650378644841574,50.78775104789046,71.4658480521712,35.249107640878094
14.874864864864863,51.363626598043744,73.30590645152635,36.038298487715664,57.6602757579505,68.6990337916831,37.9796865607952,50.6147280256928,70.3112822440974,34.75166655126274,50.96533898508105,71.71044445629433,35.354559212262515
14.928918918918917,51.54253979145399,73.55951339981198,36.147129279613665,57.8223695942311,68.8746404867578,38.0787429280710,50.78862950976617,70.54116661262341,34.85153892783039,51.14162831608728,71.951525355147,35.458583039643514
14.982972972972972,51.72012473246487,73.80939909829598,36.25449372548505,57.9824822052348,69.0466801666837,38.1759632221529,50.961230309528545,70.76746750141773,34.94997349550517,51.316607398675025,72.18897532009962,35.56115497441186
15.037027027027026,51.896371638584554,74.05544490338237,36.360365287481166,58.1406066051432,69.2151195842286,38.2713318704771,51.13251804199916,70.99007437235025,35.04694797524772,51.490264590610195,72.42267892252266,35.66225086795835
15.09108108108108,52.07127072732121,74.29753217147505,36.46471742775338,58.2967360411456,69.3799272298489,38.3648340966574,51.30248032419732,71.20887668729094,35.14244008801869,51.662588249658654,72.6525207337865,35.76184657167374
15.145135135135133,52.24481221618302,74.53554225897805,36.56752360845303,58.4508639937454,69.5410733372127,38.4564559229577,51.47110477314229,71.42376390810976,35.23642755477873,51.83356673358632,72.8783853252616,35.859917936948825
15.199189189189187,52.41698632267814,74.76935652229528,36.668757291731474,58.6029841770384,69.6985298878218,38.5461841723636,51.638379005853295,71.6346254966766,35.32888809648849,52.00318840015906,73.10015726831838,35.956440815174396
15.253243243243242,52.58778326431474,74.99885631783071,36.76839193974007,58.7530905389629,69.8522706147360,38.6340064702555,51.80429063934966,71.84135091486147,35.41979943410861,52.17144160714279,73.31772113432726,36.05139105774121
15.307297297297296,52.75719325860099,75.22392300198831,36.86640101463015,58.9011772615213,70.0022710053979,38.7199112456822,51.96882729065061,72.04382962453425,35.50913928859975,52.33831471230338,73.53096149465864,36.14474451604007
15.36135135135135,52.92520652304505,75.44443793117205,36.96275797855309,59.0472387609741,70.1485083035638,38.8038877322359,52.13197657677544,72.24195108756494,35.596885380922544,52.50379607340673,73.739762920683,36.23647704146174
15.415405405405403,53.0918132751551,75.66028246178585,37.05743629366024,59.1912696880043,70.2909615103398,38.8859259685312,52.29372611474341,72.43560476582343,35.68301543203766,52.66787404821871,73.94400998377071,36.326564485397
15.469459459459458,53.257003732439294,75.87133795023372,37.15040942210294,59.3332649278550,70.4296113843278,38.9660167982879,52.45406352157379,72.6246801211797,35.767507162905716,52.83053699450524,74.14358725529225,36.414982699236646
15.523513513513512,53.42076811240581,76.07748575291959,37.241650826032554,59.4732196004382,70.5644404408849,39.0441518700187,52.612976414285825,72.80906661550367,35.850338294487386,52.99177327003218,74.33837930661801,36.50170753437144
15.577567567567566,53.58309663256283,76.27860722624743,37.33113396760043,59.6111290604148,70.6954329504984,39.1203236363256,52.770452409898816,72.98865371066529,35.931486547743305,53.151571232565445,74.5282707091184,36.58671484219218
15.63162162162162,53.743979510418484,76.4745837266212,37.41883230895792,59.7469888972471,70.8225749362825,39.1945253528044,52.92647912543201,73.16333086853452,36.01092964363412,53.30991923987091,74.7131460341639,36.66998047408963
15.685675675675673,53.90340696348098,76.66529661044487,37.504719312256384,59.8807949352233,70.9458541705995,39.2667510765611,53.08104417790469,73.33298755098124,36.08864530312049,53.46680564971447,74.8928898531249,36.75148028145458
15.739729729729728,54.061369209258466,76.85062723412238,37.58876843964716,60.0125432334533,71.0652601708133,39.3369956643420,53.23413518433611,73.49751321987549,36.164611247163045,53.62221881986203,75.06738673737183,36.83119011567781
15.793783783783782,54.2178564711092,77.03045509008251,37.670952651250566,60.1422300858364,71.1807841941772,39.4052547702787,53.38573971331542,73.6567955331186,36.23880476883534,53.77614707418698,75.23651941521875,36.90908536863092
15.847837837837837,54.372858994329235,77.20465268084689,37.7512430245705,60.2698520210014,71.2924192318655,39.4715248432535,53.535845151818734,73.81071538373001,36.31120155663424,53.928578609466044,75.40016370351837,36.985139708988584
15.901891891891891,54.5263670170645,77.37309478712913,37.82961125070435,60.3954058022184,71.4001600021536,39.5358031238850,53.684438946014595,73.95915586957955,36.38177782202973,54.07950166390002,75.55819767174779,37.059327367060035
15.955945945945945,54.6783707361854,77.53566934102358,37.90603256285744,60.5188884272827,71.5040029427531,39.5980876411389,53.83150888377301,74.10201281653727,36.45051279547312,54.22890471481988,75.71051239317077,37.13162581531759
16.009999999999998,54.828860282911414,77.69228519256865,37.980487828139005,60.6402971283706,71.6039462023110,39.6583772085665,53.97704329645771,74.23920229500898,36.51739050925994,54.37677661990534,75.8570196242391,37.20201768305995
16.064054054054054,54.977825708185904,77.84287676968496,38.05296480263981,60.7596293718674,71.6999896310786,39.7166714201744,54.12103118000148,74.3706651298576,36.58240086724779,54.52310670191605,75.99765641223361,37.2704919052101
16.118108108108107,55.12525697780107,77.98740563148803,38.12345854979138,60.8768828581681,71.7921347707607,39.7729706459293,54.2634622352646,74.49636840371025,36.64554000142888,54.66788477693525,76.13238663114447,37.33704410524798
16.172162162162163,55.27114397727297,78.12585891497551,38.191971022006754,60.9920555214492,71.8803848435513,39.8272760269015,54.404326827676385,74.61630395365117,36.70680991535745,54.81110112612615,76.26119944579085,37.40167621227785
16.226216216216216,55.415476526466804,78.25824467508916,38.25850980560293,61.1051455294138,71.9647447403665,39.8795894700504,54.54361586615987,74.73048386130036,36.766217414432,54.95274641100066,76.38410470418003,37.46439531223029
16.28027027027027,55.558244403972175,78.38458411815151,38.32308602900477,61.2161512830089,72.0452210082830,39.9299136426577,54.68132060133962,74.838932936278,36.82377232303233,55.09281153220088,76.50112525810589,37.525211733199015
16.334324324324324,55.69943738122858,78.50490072867703,38.38571143423068,61.3250714161147,72.1218218371933,39.9782519664113,54.817432343032536,74.94167819305474,36.879484988511365,55.23128743179301,76.61228621198671,37.58413636491228
16.38837837837838,55.83904525161334,78.61921100127302,38.446395880682644,61.4319047952068,72.1945570456855,40.0246086111445,54.95194221944256,75.03873988121921,36.93336415364536,55.368164924746544,76.71760575877943,37.64117837390142
16.442432432432433,55.977057814353856,78.72752956657166,38.505148725731594,61.5366505189906,72.2634380661613,40.0689884882361,55.08484131034345,75.13013644639153,36.98541813332346,55.50343479213848,76.81710024838462,37.696346467178586
16.496486486486486,56.11346486867748,78.82987105520513,38.56197932674847,61.6393079180093,72.3284779292000,40.1113972436751,55.21612069550902,75.21588633419178,37.035655242434814,55.63708781504583,76.91078603070284,37.74964935175592
16.550540540540542,56.24825621381164,78.92625009780551,38.616897041104195,61.7398765542230,72.3896912471827,40.1518412507960,55.34577145471307,75.29600799024006,37.08408379586858,55.76911477454561,76.99867945563467,37.80109573464557
16.604594594594595,56.38142164898372,79.016681325005,38.66991122616971,61.8383562205627,72.4470941971862,40.1903276026888,55.473784667729376,75.37051986015648,37.13071210851388,55.899506451714835,77.08079687308069,37.850694322859724
16.65864864864865,56.512950973421106,79.10117936743572,38.721031239315955,61.9347469404550,72.5007045031595,40.2268641042897,55.60015141433172,75.43944038956113,37.17554849525989,56.028253627630505,77.15715463294141,37.89845382341049
16.712702702702703,56.6428339863512,79.17975885572983,38.77026643791387,62.0290489673220,72.5505414173956,40.2614592641585,55.7248627742939,75.50278802407412,37.218601270995734,56.15534708336964,77.22776908511747,37.944382943310046
16.766756756756756,56.77106048700138,79.25243442051948,38.817626179334376,62.1212627840524,72.5966257013108,40.2941222859463,55.847909827389714,75.56058120931554,37.25987875061058,56.28077760000925,77.29265657950941,37.98849038957053
16.820810810810812,56.897620274599035,79.31922069243682,38.86311982094842,62.2113891024472,72.6389796055446,40.3248630595620,55.969283653392935,75.61283839090551,37.299389248993556,56.404535958626354,77.35183346601781,38.030784869204105
16.874864864864865,57.02250314837157,79.38013230211399,38.906756720126936,62.2994288626379,72.6776268493936,40.3536921520412,56.08897533207737,75.6595780144641,37.337141081033806,56.52661294029794,77.4053160945432,38.07127508922292
16.92891891891892,57.145698907546375,79.43518388018312,38.94854623424085,62.3853832324787,72.7125925995934,40.3806207981246,56.206975943216804,75.70081852561144,37.37314256162049,56.64699932610104,77.45312081498619,38.109969756639124
16.982972972972973,57.26719735135083,79.48439005727637,38.988497720661115,62.4692536069116,72.7439034484622,40.4056608905519,56.32327656658502,75.73657836996762,37.40740200564276,56.76568589711266,77.49526397724733,38.146877578464874
17.037027027027026,57.38698827901234,79.52776546402592,39.02662053675866,62.5510416073058,72.7715873914200,40.4288249700779,56.437868281955815,75.76687599315272,37.43992772798974,56.88266343440982,77.5317619312272,38.182007261712315
17.091081081081082,57.5050614897583,79.56532473106385,39.0629240399044,62.6307490807702,72.7956738038988,40.4501262152159,56.55074216910299,75.79172984078686,37.47072804355059,56.997922719069514,77.56263102682635,38.215367513393595
17.145135135135135,57.62140678281607,79.59708248902237,39.0974175874693,62.7083780994405,72.8161934176583,40.4695784317169,56.661889307800315,75.81115835849015,37.49981126721446,57.111454532168764,77.58788761394537,38.24696704052087
17.19918918918919,57.736013957413064,79.62305336853359,39.13011053682428,62.7839309597394,72.8331782965216,40.4871960417895,56.77130077782158,75.82517999188266,37.52718571387049,57.22324965478457,77.60754804248478,38.27681455010631
17.253243243243244,57.848872812776676,79.64325200022967,39.16101224534029,62.8574101816123,72.8466618115477,40.5029940730687,56.87896765894059,75.83381318658454,37.55285969840783,57.33329886799396,77.62162866234522,38.304918749162034
17.307297297297296,57.9599731481343,79.65769301474278,39.190132070388245,62.9288185077354,72.8566786156545,40.5169881473389,56.98488103093112,75.83707638821583,37.57684153571563,57.44159295287395,77.63014582342723,38.33128834470022
17.361351351351352,58.06930476271331,79.66639104270503,39.21747936933909,62.9981589027001,72.8632646177103,40.5291944690200,57.089031973566975,75.83498804239666,37.59913954068303,57.54812269050152,77.63311587563135,38.355932043733006
17.415405405405405,58.176857455741114,79.66936071474858,39.243063499563775,63.0654345521704,72.8664569561082,40.5396298134224,57.19141156662194,75.82756659474714,37.619762028199176,57.65287886195371,77.63055516885817,38.37885855327255
17.46945945945946,58.28262102644509,79.66661666150559,39.26689381843321,63.1306488620158,72.8662939718405,40.5483115147780,57.2920108898698,75.81483049088736,37.63871731315322,57.755852248307534,77.62248005300827,38.400076580330996
17.523513513513514,58.386585274052635,79.65817351360818,39.288979683318345,63.1938054574189,72.8628151810899,40.5552574540559,57.39082102308436,75.79679817643742,37.656013710434316,57.857033630639975,77.60890687798221,38.4195948319205
17.577567567567566,58.48873999779114,79.64404590168851,39.309330451590114,63.2549081819579,72.8560612473536,40.5604860465686,57.487833046039384,75.7734880970174,37.67165953493159,57.95641379002806,77.58985199368053,38.43742201505323
17.631621621621623,58.589074996888016,79.62424845637875,39.32795548061945,63.3139610966637,72.8460739531177,40.5640162293766,57.583038038508676,75.74491869824743,37.6856631015342,58.0539835075488,77.56533175000385,38.45356683674131
17.685675675675675,58.68758007057063,79.59879580831104,39.34486412777729,63.3709684790533,72.8328961710985,40.5658674485002,57.67642708026602,75.71110842574761,37.698032725131306,58.14973356427922,77.5353624968527,38.46803800399691
17.73972972972973,58.78424501806637,79.5677025881175,39.36006575043458,63.4259348221374,72.8165718350692,40.5660596459444,57.767991251085235,75.67207572513803,37.70877672061203,58.243654741296325,77.49996058412765,38.48084422383217
17.793783783783784,58.8790595016326,79.53098171139915,39.37356943120051,63.4788648334047,72.7971459102880,40.5646132465454,57.8577215128208,75.62783752766217,37.717903128310624,58.33573770051668,77.45914073578324,38.49199392512401
17.847837837837837,58.97201266988891,79.48863966239027,39.385383222327896,63.5297634337809,72.7746643635463,40.5615491446466,57.94560838513,75.57840508565113,37.72541895898036,58.425972657005275,77.41291157847621,38.501494493742115
17.901891891891893,59.06309383886277,79.44068502147428,39.395515511889364,63.5786357565643,72.7491741328541,40.5568886906118,58.03164253179361,75.52379150234083,37.731331558941676,58.514349971467624,77.36128372613075,38.5093536554993
17.955945945945945,59.152293290981525,79.38713846953209,39.40397662655415,63.6254871463374,72.7207230967814,40.5506536771837,58.115815448578424,75.46402056573557,37.73565021165244,58.60086084535223,77.3042792646238,38.515581098607065
18.01,59.239602845780865,79.32803993390499,39.4107799764285,63.6703231578539,72.6893600434721,40.5428663256950,58.198119954567474,75.39913305851067,37.73838728168681,58.68549781735243,77.24193852656039,38.52018963257251
18.064054054054054,59.325016202330104,79.26345287597269,39.41594274196003,63.7131495549032,72.6551346393505,40.5335492721409,58.27855048695827,75.32919054395413,37.739558901122514,58.768255061307414,77.17432415613867,38.523195883536474
18.118108108108107,59.40852905337381,79.19346572034578,39.41948610290578,63.7539723091508,72.6180973975369,40.5227255531208,58.35710319932877,75.25427662794698,37.73918519833662,58.84912848550261,77.10152246410509,38.524620526052864
18.172162162162163,59.49013897119009,79.11819042567322,39.42143500936413,63.7927975989557,72.5782996459920,40.5104185916570,58.43377586337145,75.17449569698292,37.73729006920974,58.928115633369316,77.02364207279928,38.52448805130933
18.226216216216216,59.569845065165495,79.03775819706439,39.4218174948705,63.8296318081643,72.5357934954075,40.4966521828988,58.508567574095,75.08996913222664,37.73390049073879,59.005215385583654,76.94080985128888,38.52282607178912
18.28027027027027,59.6476474110864,78.95231234012618,39.420663531556905,63.8644815248819,72.4906318068620,40.4814504797205,58.5814782584941,75.00082899961129,37.729045377058135,59.08042746356473,76.85316414059436,38.51966416237417
18.334324324324324,59.723546252147045,78.8619982566146,39.41800342737519,63.8973535402216,72.4428681592606,40.4648379782206,58.65250798768699,74.90720921597477,37.722753977869274,59.1537517343722,76.76084526900357,38.515032237889535
18.388378378378377,59.797541317903935,78.76695491691889,39.4138664599208,63.9282548470298,72.3925568165770,40.4468395031315,58.72165639059463,74.80923801924263,37.715054513292756,59.22518761821409,76.66398746750659,38.508959170153055
18.442432432432433,59.86963220094356,78.66731957639723,39.40828163202741,63.9571926385901,72.3397526949163,40.4274801931469,58.7889229782187,74.70704213296376,37.70597492889422,59.29473441613805,76.56272334114752,38.50147355284733
18.496486486486486,59.93981849385234,78.56322949040774,39.40127794652877,63.9841743073050,72.2845113294174,40.4067854861760,58.85430726156092,74.60074828068711,37.695543170239304,59.362391429191646,76.45718549497036,38.49260397965496
18.550540540540542,60.008099789216786,78.45482191430855,39.392884406258574,64.0092074433557,72.2268888410145,40.3847811045325,58.91780875162296,74.49048318596161,37.68378718289365,59.42815795842253,76.3475065340192,38.48237904425852
18.604594594594595,60.07447567962332,78.3422341034578,39.38313001405052,64.0322998333396,72.1669419030748,40.3614930400661,58.979426959406524,74.37637357233618,37.67073491242289,59.49203330487829,76.23381906333809,38.470827340340634
18.658648648648647,60.13894575765842,78.22560331321363,39.37204377273834,64.0534594588866,72.1047277079326,40.3369475392458,59.0391613959133,74.25854616335971,37.65641430439268,59.55401676960656,76.11625568797106,38.45797746158388
18.712702702702703,60.201509615908535,78.10506679893417,39.35965468515573,64.0726944952544,72.0403039333374,40.3111710882022,59.09701157214498,74.13712768258114,37.64085330436864,59.61410765365495,75.99494901296217,38.44385800167086
18.766756756756756,60.262166846960156,77.98076181597759,39.345991754136406,64.0900133099022,71.9737287088362,40.2841903977383,59.152976999103274,74.0122448535494,37.62407985791643,59.67230525807108,75.8700316433555,38.42849755428418
18.820810810810812,60.3209170433997,77.85282561970196,39.33108398251407,64.1054244610437,71.9050605821067,40.2560323883152,59.20705718778986,73.88402439981343,37.60612191060166,59.72860888390254,75.74163618419506,38.41192471310642
18.874864864864865,60.37775979781368,77.72139546546549,39.314960373122446,64.1189366961790,71.8343584852614,40.2267241750235,59.25925164920642,73.7525930449221,37.58700740798999,59.78301783219696,75.60989524052493,38.39416807182019
18.92891891891892,60.43269470278853,77.58660860862629,39.29764992879524,64.1305589506065,71.7616817011406,40.1962930525456,59.30955989435468,73.61807751242436,37.56676429564706,59.83553140400196,75.47494141738913,38.37525622410808
18.982972972972973,60.48572135091071,77.44860230454249,39.27918165236614,64.1403003459145,71.6870898296135,40.1647664801195,59.35798143423631,73.48060452586913,37.545420519138496,59.88614890036514,75.33690731983177,38.35521776365268
19.037027027027026,60.53683933476669,77.30751380857222,39.25958454666888,64.1481701884518,71.6106427539045,40.1321720665114,59.404515779853,73.34030080880534,37.523004024029945,59.93486962233414,75.19592555289684,38.3340812841366
19.091081081081082,60.58604824694292,77.16348037607364,39.23888761453716,64.1541779677801,71.5324006069642,40.0985375550050,59.44916244220645,73.1972930847819,37.49954275588704,59.981692870956536,75.05212872162842,38.31187537924242
19.145135135135135,60.63334768002588,77.01663926240488,39.21711985880471,64.1583333551052,71.4524237379033,40.0638908084149,59.491920932298356,73.05170807734774,37.475064660275436,60.026617947279966,74.90564943107057,38.28862864265275
19.19918918918919,60.67873722660201,76.86712772292405,39.19431028230521,64.1606462016895,71.3707726785069,40.0282597941347,59.532790761130414,72.90367251005179,37.44959768276075,60.06964415235205,74.75662028626732,38.2643696680502
19.253243243243244,60.722216479257796,76.71508301298933,39.17048788787238,64.1611265372455,71.2875081098471,39.9916725692241,59.57177143970431,72.75331310644295,37.423169768908636,60.110770787220375,74.60517389226274,38.23912704911733
19.307297297297296,60.76378503057968,76.56064238795884,39.14568167833994,64.1597845683098,71.2026908290137,39.9541572655462,59.60886247902173,72.60075659007015,37.39580886428473,60.149997152932585,74.45144285410089,38.21292937953677
19.361351351351352,60.803442473154135,76.4039431031907,39.11992065654158,64.1566306765989,71.1163817159779,39.9157420749610,59.64406339008438,72.44612968448232,37.367542914454674,60.187322550536265,74.2955597768258,38.18580525299109
19.415405405405405,60.84118839956761,76.24512241404307,39.09323382531104,64.1516754173464,71.0286417006090,39.8764552345831,59.67737368389396,72.28955911322836,37.3383998649841,60.222746281079054,74.13765726548151,38.1577832631629
19.46945945945946,60.87702240240658,76.08431757587408,39.06565018748201,64.1449295176213,70.9395317298605,39.8363250121122,59.70879287145215,72.13117159985723,37.30840766143865,60.25626764560857,73.97786792511211,38.128892003734805
19.523513513513514,60.9109440742575,75.92166584404187,39.03719874588819,64.1364038746297,70.8491127351430,39.7953796912429,59.738320463760644,71.9710938679178,37.27759424938395,60.287885945172384,73.81632436076163,38.099160068389374
19.577567567567566,60.94295300770685,75.75730447390457,39.00790850336331,64.1261095539971,70.7574455999019,39.7536475571626,59.76595597182113,71.80945264095902,37.24598757438567,60.31760048081817,73.65315917747412,38.06861605080923
19.631621621621623,60.97304879534106,75.5913707208203,38.97780846274107,64.1140577880344,70.6645911274152,39.7111568821438,59.79169890663531,71.64637464252982,37.213615582009425,60.345410553593496,73.48850498029365,38.037288544676954
19.685675675675675,61.0012310297466,75.42400184014724,38.94692762685519,64.1002599739861,70.5706100088302,39.6679359112394,59.81554877920489,71.48198659617913,37.180506217820856,60.37131546454599,73.32249437426425,38.00520614367516
19.73972972972973,61.02749930350995,75.25533508724351,38.915294998539366,64.0847276722612,70.4755627914543,39.6240128480870,59.837505100531544,71.31641522545584,37.146687427385615,60.39531451472327,73.15525996442999,37.97239744148643
19.793783783783784,61.051853066981124,75.08550864688053,38.88293965481839,64.0674726046483,70.3795098473166,39.5794158408311,59.85756722981709,71.14978813719186,37.112187249210436,60.417406850984214,72.98693528574162,37.938891120801344
19.847837837837837,61.07429123712354,74.91466418912954,38.84989095093351,64.0485066525128,70.2825113420174,39.5341729681686,59.875733957013836,70.98223625053028,37.07703407033127,60.437591041979935,72.81765736030017,37.90471619809044
19.901891891891893,61.09481290474511,74.7429422481122,38.81617815144806,64.0278418549791,70.1846272038796,39.4883122255265,59.89200425760723,70.8138894050461,37.04125616418936,60.455865844814454,72.64756207365397,37.86990158103673
19.955945945945945,61.11341816421084,74.57047680042314,38.781829997466126,64.0054904070958,70.0859170934204,39.4418615113770,59.90637817811521,70.64487120826217,37.00488114847474,60.47223110447898,72.47677875034277,37.834475549322384
20.01,61.13010870609459,74.39739139257452,38.74687439750322,63.9814646579856,69.9864403731563,39.3948486136979,59.9188574685876,70.47529535530342,36.96793559787159,60.486688396304984,72.30542627928645,37.798465383762206
20.064054054054054,61.14488817277014,74.22379681746287,38.71133824200854,63.9557771089797,69.8862560777580,39.3473011965852,59.929445962105845,70.30526342068947,36.93044481170546,60.499241411436046,72.13361078901809,37.761897143783614
20.118108108108107,61.15776227694157,74.04979033985802,38.67524734153911,63.9284404117368,69.7854228845705,39.2992467870236,59.93814970128288,70.13486412226544,36.89243273649234,60.50989608531847,71.96142487276177,37.72479559325334
20.172162162162163,61.16873868311295,73.87545647091414,38.638626488585686,63.8994673663468,69.6839990845114,39.2507127618222,59.94497681176324,69.9641740572711,36.85392204338955,60.51866046921066,71.78894836335483,37.68718427465073
20.226216216216216,61.17782665199718,73.70086929170299,38.601499643050374,63.8688709194207,69.5820425533648,39.2017263347221,59.94993712272341,69.79325991054827,36.81493436054859,60.525544344711264,71.61625065801472,37.64908573158773
20.28027027027027,61.185036447864206,73.52609632576923,38.563890241376114,63.8366641621647,69.4796107234815,39.1523145436806,59.9530415343723,69.62218213488674,36.77549066036975,60.530558581306146,71.44339459295027,37.61052187967549
20.334324324324324,61.19037850882854,73.35120396070798,38.52582162932786,63.8028603284413,69.3767605559025,39.1025042383404,59.95430113245199,69.45100010350811,36.735611801658614,60.533714236934074,71.2704418678177,37.571514525737626
20.388378378378377,61.19386273961801,73.17626206941415,38.487317430887074,63.7674727928157,69.2735485129172,39.0523220676878,59.95372643345503,69.27977650194518,36.69531899174994,60.535021791326045,71.09745766942339,37.53208581037768
20.442432432432433,61.1954989027241,73.001341454196,38.448401344226276,63.7305150685889,69.1700305310715,39.0017944679075,59.95132780207413,69.10857489901377,36.65463353091964,60.5344915700243,70.92450811448049,37.49225796320722
20.496486486486486,61.195296760638186,72.8265129173617,38.409097067518,63.6920008058171,69.0662619946370,38.9509476504380,59.94711560300196,68.93745886352968,36.613576719443586,60.53213389857114,70.75165931970216,37.452053213837786
20.550540540540542,61.193266075851724,72.65184726121946,38.369428298934764,63.6519437893182,68.9622977095556,38.8998075902352,59.94110020093122,68.76649196430868,36.57216985759766,60.527959102508795,70.5789774018015,37.41149379188093
20.604594594594595,61.18941661085615,72.47741528807752,38.32941873664909,63.6103579366655,68.8581918778708,38.8484000142478,59.93329196055457,68.5957377701666,36.53043424565776,60.521977507379546,70.40652847749166,37.37060192694818
20.658648648648647,61.183758128142884,72.30328780024409,38.289092078833505,63.5672572961682,68.7539980726585,38.7967503901117,59.92370124656472,68.4252598499192,36.488391183899765,60.514199438725626,70.23437866348581,37.3293998486511
20.712702702702703,61.176300390203366,72.12953560002737,38.248472023660526,63.5226560448406,68.6497692134685,38.7448839150666,59.912338423654376,68.25512177238231,36.446061972599566,60.50463522208932,70.06259407649705,37.28790978660125
20.766756756756756,61.167053159529026,71.9562294897356,38.2075822693027,63.4765684863584,68.5455575422889,38.6928255051021,59.89921385651619,68.0853871063717,36.403467912033044,60.49329518301289,69.89124083323854,37.24615397041015
20.820810810810812,61.156026198611286,71.78344027167698,38.16644651393252,63.4290090490036,68.4414146000432,38.6405997843359,59.88433790984287,67.91611942070317,36.36063030247609,60.4801896470386,69.72038505042343,37.20415462968937
20.874864864864865,61.14322926994159,71.61123874815972,38.12508845572254,63.3799922835976,68.3373912036324,38.5882310746309,59.86772094832709,67.74738228419253,36.317570444204605,60.4653289397087,69.55009284476482,37.16193399405045
20.928918918918917,61.12867213601137,71.43969572149204,38.083531792845264,63.3295328614240,68.2335374235316,38.5357433854545,59.84937333666154,67.57923926565556,36.274309637494454,60.44872338656546,69.38043033297588,37.11951429310493
20.982972972972973,61.11236455931204,71.26888199398215,38.04180022347323,63.2776455721392,68.1299025619507,38.4831604039854,59.82930543953893,67.41175393390806,36.23086918262153,60.43038331315113,69.21146363176973,37.07691775646437
21.037027027027026,61.094316302335045,71.09886836793828,37.99991744577895,63.2243453216730,68.0265351315702,38.4305054854710,59.80752762165191,67.24498985776583,36.18727037986172,60.41031904500799,69.04325885785953,37.034166613740304
21.091081081081082,61.074537127571816,70.92972564566863,37.95790715793495,63.1696471301195,67.9234828348605,38.3778016438412,59.78405024769318,67.07901060604465,36.14353452949092,60.388540907678276,68.87588212795838,36.99128309454429
21.145135135135135,61.05303679751378,70.76152462948139,37.91579305811376,63.1135661296163,67.8207925439933,38.3250715425815,59.758883682355446,66.91387974756033,36.099682931785004,60.365059226704275,68.70939955877947,36.94828942848788
21.199189189189187,61.029825074652365,70.59433612168482,37.8735988444879,63.0561175622156,67.7185102813551,38.2723374858691,59.732038290331374,66.74966085112867,36.05573688701987,60.33988432762825,68.5438772670359,36.9052078451826
21.253243243243244,61.00491172147902,70.4282309245871,37.831348215229895,62.9973167777447,67.6166812006694,38.2196214099760,59.703524436313664,66.58641748556545,36.01171769547139,60.31302653599245,68.37938136944081,36.86206057424002
21.307297297297296,60.97830650048515,70.26327984049647,37.78906486851228,62.9371792316576,67.5153495687370,38.1669448749434,59.67335248499499,66.4242132196865,35.96764665741547,60.284496177339136,68.21597798270736,36.81886984527168
21.361351351351352,60.95001917416221,70.09955367172113,37.746772502507554,62.8757204828780,67.4145587477999,38.1143290565290,59.641532801068045,66.26311162230758,35.92354507312798,60.25430357721057,68.05373322354868,36.77565788788912
21.415405405405405,60.92005950500162,69.93712322056929,37.70449481538827,62.8129561916329,67.3143511785384,38.0617947384313,59.60807574922554,66.10317626224449,35.87943424288481,60.222459061149024,67.89271320867789,36.73244693170389
21.46945945945946,60.88843725549481,69.77605928934918,37.66225550532693,62.7489021172789,67.2147683637055,38.0093623047945,59.57299169416011,65.94447070831302,35.83533546696186,60.188972954696744,67.73298405480816,36.68925920632755
21.523513513513514,60.85516218813319,69.616432680369,37.62007827049607,62.6835741161193,67.1158508524069,37.9570517329957,59.53629100056449,65.78705852932899,35.791270045635,60.153855583395995,67.5746118786526,36.64611694137164
21.577567567567566,60.82024406540824,69.45831419593696,37.577986809068214,62.6169881392142,67.0176382250311,37.9048825867173,59.497984033131345,65.63100329410818,35.74725927918013,60.11711727278905,67.41766279692439,36.6030423664477
21.631621621621623,60.78369264981136,69.3017746383613,37.536004819215876,62.5491602301829,66.9201690788367,37.8528740093079,59.45808115655336,65.4763685714664,35.703324467873124,60.07876834841818,67.26220292633661,36.56005771116729
21.685675675675675,60.74551770383398,69.14688480995021,37.4941559991116,62.4801065229990,66.8234810141995,37.8010447174324,59.41659273552324,65.32321793021941,35.65948691198988,60.038819135825605,67.10829838360243,36.51718520514194
21.73972972972973,60.705728989967554,68.9937155130119,37.452464046927886,62.4098432397788,66.7276106215275,37.7494129950157,59.37352913473365,65.17161493918306,35.61576791180629,59.99727996055363,66.95601528543502,36.47444707798323
21.793783783783784,60.66433612344335,68.8423384750202,37.41095292297476,62.3383866885631,66.6325934688446,37.6979966874790,59.328900593270816,65.02162401354471,35.5721889970445,59.95416101968936,66.80542061211796,36.43186579992075
21.847837837837837,60.62134816726709,68.69282889281982,37.36964757057775,62.2657532610920,66.5384640900500,37.6468131962736,59.2827168791966,64.87331274238532,35.52877255785029,59.90947202861315,66.65658458232427,36.38946474350196
21.901891891891893,60.576774364429156,68.54526083249753,37.32857261267215,62.1919594305753,66.4452559738543,37.5958794737110,59.23498791409193,64.72674768033164,35.48554070393505,59.86322285970607,66.50957635925194,36.34726698718552
21.955945945945945,60.53062499692204,68.39970183258302,37.287750822667725,62.1170217494549,66.3530015533978,37.5452120180932,59.18572450576127,64.5819894103885,35.44251392613915,59.81542429167159,66.36445901312925,36.305293911735866
22.01,60.48291199932433,68.25620904919212,37.247202032209195,62.0409568471641,66.2617321965509,37.4948268691418,59.13493887159295,64.43908901739047,35.399710140405745,59.76608854476524,66.2212859230045,36.26356419764783
22.064054054054054,60.433649326951084,68.114826943113,37.20694247583255,61.9637814278799,66.1714781969022,37.4447396037300,59.08264495257541,64.29808597207277,35.357144114165045,59.71522960193254,66.08009861781971,36.222093223601476
22.118108108108107,60.38285307857057,67.97558650883478,37.16698457251715,61.8855122682717,66.0822687654333,37.3949653319153,59.028858517969226,64.15900742576167,35.314827275129076,59.66286331585495,65.94092605676849,36.18089286594701
22.172162162162163,60.330541373687524,67.83850604551888,37.12733714413364,61.8061662152448,65.9941320228837,37.3455186932760,58.97359706063514,64.02186891568414,35.272767902496945,59.60900730190383,65.8037853489382,36.139971699219856
22.226216216216216,60.27673398439275,67.70359346991296,37.08800607078763,61.7257601836797,65.9070949928058,37.2964138535506,58.916879483017695,63.88667648089677,35.23097170057053,59.553680617002684,65.66868391223616,36.09933559768585
22.28027027027027,60.22145172177924,67.5708501712075,37.04899538305916,61.6443111541680,65.8211835953116,37.2476645015816,58.85872557378504,63.753430188834365,35.18944275478064,59.4969032243974,65.53562307160006,36.0589887379166
22.334324324324324,60.16471557692458,67.44027640783503,37.010308791138065,61.5618361707437,65.7364226415108,37.1992838465622,58.799155275124306,63.62212907247745,35.1481848701238,59.43869524433455,65.40460309649251,36.01893500239493
22.388378378378377,60.10654598868078,67.31187590759909,36.97195098822969,61.4783523386120,65.6528358286404,37.1512846155880,58.73818805819833,63.49277533870013,35.10720271202007,59.37907631535399,65.27562749476552,35.97917917592148
22.442432432432433,60.04696324863975,67.1856533234687,36.93392692967688,61.3938768218749,65.5704457358853,37.1036790515116,58.67584326856347,63.3653720407481,35.066501175335794,59.31806594754039,65.14870063784161,35.939726283914965
22.496486486486486,59.98598764839337,67.06161330841296,36.896241570822454,61.3084268412531,65.4892738208890,37.0564789111016,58.61214025177606,63.23992223186708,35.02608515493735,59.255683650978426,65.02382689714324,35.90058135179411
22.550540540540542,59.92363947953355,66.93976051540093,36.85889986700926,61.2220196718070,65.4093404169535,37.0096954635033,58.547098353392464,63.11642896530273,34.985959545691074,59.191948935752805,64.90101064409293,35.86174940497764
22.604594594594595,59.85993903365217,66.82009959740168,36.82190677358011,61.1346726406540,65.3306647309260,36.9633394890027,58.48073691896903,62.994895294300775,34.94612924246334,59.126881311948196,64.7802562501132,35.82323546888425
22.658648648648647,59.794906602341115,66.70263520738428,36.785267245877876,61.0464031246851,65.2532648417712,36.9174212780910,58.4130752940621,62.87532427210692,34.90659914012052,59.06050028964928,64.6615680866265,35.785044568932676
22.712702702702703,59.7285624771923,66.58737199831779,36.748986239245355,60.9572285482792,65.1771576998255,36.8719506308304,58.344132824228026,62.75771895196687,34.86737413352893,58.99282537894078,64.54495052505537,35.74718173054165
22.766756756756756,59.66092694979759,66.47431462317131,36.7130687090254,60.8671663810161,65.1023591267326,36.8269368565175,58.27392885502317,62.642082387126315,34.82845911755496,58.923876089907345,64.43040793682229,35.709651979129866
22.820810810810812,59.5920203117489,66.3634677349139,36.67751961056084,60.7762341353892,65.0288838160540,36.7823887736462,58.20248273200386,62.52841763083096,34.789858987064946,58.853671932633674,64.31794469334977,35.672460340116054
22.874864864864865,59.5218628546381,66.2548359865146,36.642343899194515,60.6844493645167,64.9567453345540,36.7383147101655,58.12981380072647,62.41672773632649,34.75157863692525,58.782232417204455,64.2075651660603,35.63561183891894
22.928918918918917,59.45047487005711,66.14842403094254,36.607546530269246,60.5918296598528,64.8859561241533,36.6947225040323,58.05594140674732,62.30701575685865,34.71362296200223,58.70957705370438,64.0992737263764,35.599111500957235
22.982972972972973,59.37787664959779,66.04423652116671,36.573132459127876,60.4983926488986,64.8165275045471,36.6516195040569,57.980884895622786,62.1992847456731,34.675996857162275,58.635725352218124,63.993074745720534,35.56296435164967
23.037027027027026,59.30408848485206,65.94227811015625,36.53910664111325,60.4041559929136,64.7484696764844,36.6090125710386,57.904663612909204,62.09353775601554,34.63870521727169,58.56069682283038,63.88897259551521,35.52717541641494
23.091081081081082,59.22913066741178,65.8425534508802,36.505474031568184,60.3091373846271,64.6817917257009,36.5669080791907,57.82729690416292,61.98977784113168,34.60175293719686,58.48451097562584,63.78697164718295,35.49174972067178
23.145135135135135,59.15302348886887,65.74506719630763,36.47223958583552,60.2133545459507,64.6165016275027,36.5253119178503,57.7488041149403,61.88800805426726,34.56514491180414,58.40718732068916,63.68707627214624,35.45669228983891
23.199189189189187,59.0757872408152,65.64982399940762,36.43940825925808,60.1168252256918,64.5526062519934,36.4842294934726,57.669204590797676,61.788231448667915,34.5288860359599,58.328745368105075,63.58929084182758,35.42200814933505
23.253243243243244,58.99744221484268,65.55682851314924,36.40698500717872,60.0195671972685,64.4901113699388,36.4436657319059,57.5885176772914,61.6904510775794,34.492981204530466,58.249204627958235,63.49361972764946,35.3877023245789
23.307297297297296,58.91800870254319,65.46608539050155,36.37497478494025,59.9215982564261,64.4290216592632,36.4036250809443,57.506762719977836,61.59466999424738,34.457435312382216,58.168584610333355,63.4000673010344,35.35377984098922
23.361351351351352,58.83750699550863,65.37759928443361,36.34338254788552,59.8229362189557,64.3693407121697,36.3641115131559,57.42395906441332,61.500891251917565,34.4222532543815,58.086904825315074,63.30863793340485,35.320245723984684
23.415405405405405,58.75595738533088,65.29137484791454,36.312213251357356,59.7235989184143,64.3110710428780,36.3251285289829,57.340126056154205,61.40911790383568,34.38743992539468,58.00418478298813,63.21933599618337,35.28710499898404
23.469459459459458,58.67338016360185,65.20741673391336,36.28147185069861,59.6236042038489,64.2542140959723,36.2866791601105,57.25528304075684,61.31935300324739,34.35300022028811,57.92044399343719,63.132165860792426,35.254362691406
23.523513513513514,58.58979562191341,65.12572959539915,36.25116330125209,59.5229699375217,64.1987702553502,36.2487659731011,57.169449363777574,61.231599603398415,34.31893903392816,57.835701966746925,63.04713189865452,35.22202382666927
23.577567567567566,58.50522405185747,65.04631808534101,36.221292558360645,59.4217139926395,64.1447388537665,36.2113910732900,57.082644370772755,61.14586075753446,34.28526126118116,57.749978213002045,62.964238481192154,35.1900934301926
23.631621621621623,58.419685745025916,64.96918685670796,36.1918645773671,59.3198542510862,64.0921181829614,36.1745561089400,56.99488740729875,61.06213951890122,34.25197179691349,57.66329224228723,62.88348997982783,35.15857652739467
23.685675675675675,58.33320099301063,64.89434056246913,36.16288431361431,59.2174086011589,64.0409055043665,36.1382622756495,56.90619781891188,60.98043894074439,34.21907553599149,57.57566356468715,62.80489076598404,35.12747814369422
23.739729729729728,58.24579008740353,64.82178385559354,36.13435672244509,59.1143949353081,63.9910970603768,36.1025103210112,56.816594951168504,60.900762076309675,34.18657737328154,57.48711169028651,62.7284452110833,35.09680330450999
23.793783783783784,58.15747332073119,64.7515218701845,36.10628693983642,59.0108311478819,63.9426880861823,36.0673005495174,56.7260981334132,60.823112397473764,34.154482373442065,57.39765611373343,62.65415814773912,35.066557211157246
23.847837837837837,58.06827098902545,64.68356154459869,36.07868077914335,58.9067351328747,63.8956728221473,36.0326328277071,56.63472663419637,60.747494945979525,34.122796237851816,57.307316271788864,62.58203613803137,35.03674572456362
23.901891891891893,57.97820338717567,64.61790922913977,36.051543832945846,58.8021247816813,63.8500445267284,35.9985065895505,56.54249974188279,60.673914251909714,34.09152446036588,57.216111620080724,62.51208518036198,35.00737449067192
23.955945945945945,57.887290803476276,64.55456787944223,36.0248804193496,58.6970179808554,63.8057954899211,35.9649208420673,56.44943685922037,60.60237189167296,34.06067133686191,57.124061723150476,62.44430801917403,34.97844791437676
24.01,57.795553515732024,64.49353505174524,35.99869282934377,58.5914326098737,63.7629170472241,35.9318741711737,56.355557570889204,60.532864743708,34.030239257773,57.03118631877223,62.37870222332239,34.94996842662198
24.064054054054054,57.703011788921245,64.43480170005722,35.972980875215555,58.4853865389058,63.7213995941111,35.8993647477526,56.26088168403108,60.46538394190621,34.0002282836076,56.937505356544165,62.31525903309621,34.92193604465917
24.118108108108107,57.60968587441694,64.37835177521062,35.94774174002181,58.3788976265896,63.6812326009980,35.8673903339442,56.16542924175915,60.39991452675249,33.97063600345606,56.84303901075234,62.25396297589303,34.89434822546718
24.172162162162163,57.515596010765606,64.32416262580708,35.92297012811745,58.2719837178138,63.6424046286956,35.8359482896498,56.069220509648325,60.33643579418431,33.94145767648401,56.747807667506876,62.1947922505447,34.86720001233264
24.226216216216216,57.42076242602418,64.27220620105301,35.89865871674081,58.1646626415055,63.6049033443358,35.8050355792453,55.97227593520563,60.274922342169376,33.912686656412625,56.65183188615049,62.13771988029487,34.840484474591356
24.28027027027027,57.325205341654566,64.22245105548558,35.87479890865598,58.0569522084262,63.5687155377588,35.7746487784990,55.87461608032126,60.215345815001115,33.88431509898557,56.55513233493953,62.0827156344283,34.81419344053094
24.334324324324324,57.22894497797627,64.17486515558895,35.851381885851985,57.9488702089730,63.5338271383505,35.7447840816880,55.776261526699756,60.15767734531295,33.85633495242287,56.457729700997255,62.029748718551815,34.788318523454286
24.388378378378377,57.13200155881399,64.12941827210071,35.8283995076959,57.8404344109892,63.5002232323176,35.7154373089081,55.67723279525151,60.10188963560444,33.82873880166488,56.359644613559766,61.97879006773863,34.762851996276495
24.442432432432433,57.03439530892714,64.08608065689263,35.805843814188925,57.7316625575803,63.4678880803868,35.6866039135724,55.57755039067516,60.04795580700615,33.80151940144401,56.26089768642661,61.92981107825292,34.7377863078093
24.496486486486486,56.936146453075125,64.0448225618365,35.783706845332304,57.6225723649395,63.4368051359184,35.6582789900916,55.4772348176693,59.99584898064863,33.77466950649268,56.16150953339733,61.8827831463589,34.71311390686442
24.550540540540542,56.83727521601737,64.00561423880409,35.76198064112724,57.5131815201806,63.4069570634175,35.6304572817325,55.37630658093254,59.945542277662454,33.74818187154331,56.06150076827145,61.83767766832079,34.6888272422536
24.604594594594595,56.737801822513305,63.968425939667185,35.740657241574965,57.4035076791794,63.3783257574335,35.6031331886470,55.27478618516349,59.89700881917817,33.722049251328315,55.96089200484852,61.79446604040278,34.66491876278856
24.658648648648647,56.63774649732231,63.933227916297575,35.719728686676696,57.2935684644233,63.3508923618329,35.5763007760671,55.17269413506079,59.85022172632632,33.69626440058012,55.859703856928064,61.753119658869096,34.64138091728101
24.712702702702703,56.53712946520384,63.89999042056704,35.69918701643365,57.1833814628710,63.3246372894318,35.5499537826594,55.07005093532301,59.805154120237475,33.67082007403115,55.75795693830965,61.71360991998394,34.61820615454269
24.766756756756756,56.435970950917294,63.868683704347376,35.67902427084706,57.0729642238201,63.2995402419762,35.5240856290341,54.966877090648794,59.761779122042185,33.64570902641382,55.65567186279279,61.67590822001152,34.595386923385334
24.820810810810812,56.33429117922208,63.839278019510346,35.659232489918125,56.9623342567845,63.2755802304545,35.4986894264013,54.86319310573675,59.72006985287102,33.62092401246054,55.552869244177046,61.63998595521604,34.57291567262064
24.874864864864865,56.23211037487762,63.811743617927746,35.63980371364809,56.8515090293821,63.2527355957303,35.4737579853694,54.75901948528548,59.679999433854505,33.596457786903756,55.44956969626194,61.60581452186172,34.55078485106036
24.928918918918917,56.12944876264334,63.786050751471336,35.62072998203816,56.7405059652317,63.2309840294795,35.4492838248795,54.6543767339936,59.641540986123246,33.57230310447585,55.34579383284702,61.57336531621276,34.52898690751622
24.982972972972973,56.026326567278645,63.76216967201293,35.60200333508957,56.6293424418604,63.2103025954201,35.4252591812690,54.54928535655972,59.604667630807754,33.54845271990928,55.24156226773184,61.54260973453336,34.50751429079993
25.037027027027026,55.92276401354295,63.740070631424295,35.58361581280352,56.5180357886215,63.1906677508185,35.4016760174591,54.44376585768245,59.5693524890386,33.52489938793645,55.1368956147159,61.51351917308773,34.48635944972323
25.091081081081082,55.818781326195676,63.71972388157721,35.56555945518125,56.4066032846227,63.1720553682584,35.3785260322591,54.33783874206041,59.53556868194635,33.50163586328978,55.031814487598766,61.48606502814009,34.46551483309784
25.145135135135135,55.71439872999623,63.70109967434347,35.547826302223974,56.2950621566664,63.1544407576593,35.3558006697820,54.23152451439222,59.50328933066155,33.478654900701684,54.92633950017998,61.46021869595464,34.44497288973549
25.199189189189187,55.60963644970404,63.68416826159484,35.53040839393291,56.1834295771995,63.1377986885280,35.3334911289641,54.12484367937647,59.47248755631477,33.45594925490459,54.82049126625907,61.435951572795574,34.424726068447896
25.253243243243244,55.504514710078524,63.668899895203126,35.513297770309265,56.0717226622763,63.1221034124303,35.3115883731830,54.01781674171178,59.44313648003655,33.433511680630914,54.71429039963559,61.413235054927135,34.404766818046795
25.307297297297296,55.39905373587908,63.6552648270401,35.49648647135429,55.9599584695319,63.1073286856670,35.2900831399677,53.910464206096776,59.41520922295745,33.41133493261308,54.60775751410905,61.3920405386135,34.38508758734392
25.361351351351352,55.293273751865144,63.64323330897754,35.47996653706919,55.8481539961683,63.0934477921407,35.2689659507934,53.80280657723006,59.38867890620804,33.38941176558351,54.50091322347903,61.37233942011889,34.365680825150974
25.415405405405405,55.187194982796115,63.63277559288724,35.46373000745518,55.7363261769524,63.0804335663972,35.2482271209554,53.69486435981024,59.36351865091885,33.367734934274615,54.393778141545035,61.35410309570752,34.34653898027971
25.469459459459458,55.080837653431416,63.62386193064096,35.44776892251349,55.6244918822262,63.0682584168280,35.2278567695154,53.58665805853593,59.33970157822047,33.34629719341882,54.286372882106626,61.33730296164359,34.327654501541836
25.523513513513514,54.97422198853046,63.616462574110514,35.43207532224533,55.5126679159302,63.0568943490180,35.2078448293136,53.478208178105746,59.31720080924342,33.32509129774855,54.17871805896333,61.32191041419129,34.30901983774908
25.577567567567566,54.86736821285267,63.61054777516765,35.41664124665194,55.4008710136392,63.0463129892246,35.1881810570398,53.36953522321829,59.29598946511828,33.304110001996214,54.070834285914685,61.30789684961485,34.29062743771317
25.631621621621623,54.76029655115745,63.606087785684196,35.40145873573452,55.2891178406117,63.0364856079721,35.1688550433576,53.2606596985722,59.276040666975604,33.28334606089423,53.962742176760244,61.29523366417847,34.27246975024584
25.685675675675675,54.65302722820422,63.60305285753189,35.38651982949431,55.1774249898520,63.0273831437471,35.1498562230749,53.151602108866065,59.25732753594596,33.26279222917504,53.85446234529954,61.283892254146366,34.254539224158805
25.739729729729728,54.545580468752405,63.60141324258254,35.37181656793251,55.0658089801866,63.0189762267800,35.1311738853535,53.0423829587985,59.239823193159864,33.24244126157105,53.7460154053321,61.27384401578274,34.236828308263796
25.793783783783784,54.437976559542705,63.60113940178704,35.357341027100375,54.9542862543542,63.0112352028974,35.1127971839526,52.933022829572145,59.223500912722216,33.22228594297019,53.637422044812524,61.26506051448867,34.21932948642364
25.847837837837837,54.330236019745676,63.60220258014296,35.34308541823666,54.8428731771094,63.0041301574310,35.0947151474981,52.82354258927964,59.20833454239144,33.20231917134353,53.52870322977678,61.25751394992843,34.20203537394274
25.901891891891893,54.222379292776935,63.60457376710675,35.32904190851902,54.7315860333410,62.9976309391667,35.0769166897723,52.713963012508785,59.19429774295743,33.18253380780543,53.41987983562693,61.25117631504354,34.1849385432853
25.955945945945945,54.1144263847397,63.60822247696553,35.31520241077225,54.6204410262049,62.9917071843216,35.0593906200177,52.60430433406901,59.18136309589142,33.16292250070637,53.31097221455997,61.24601840942091,34.168031319610584
26.009999999999998,54.00639660616932,63.61311587767413,35.30155843325991,54.5094542752712,62.9863283405306,35.0421256532464,52.494585930224765,59.169501465953104,33.14347755998506,53.201999886588624,61.24200913455604,34.15130563472668
26.064054054054054,53.898308417080145,63.61921826815735,35.28810098955927,54.3986418146871,62.9814636908314,35.0251104205516,52.38482612743542,59.15868161875494,33.12419088177957,53.09298135415365,61.23911507101079,34.134752939462814
26.118108108108107,53.790179375314366,63.62649090407726,35.27482056851965,54.2880195913539,62.9770823776302,35.0083334794124,52.27504213860194,59.148870093283485,33.10505392329787,52.98393404032801,61.23730033746605,34.11836417446004
26.172162162162163,53.68202618819312,63.63489217206592,35.26170716430413,54.1776034631199,62.9731534266351,34.9917833239859,52.16525012682025,59.14003132937806,33.086057727947335,52.87487435061268,61.236526731669066,34.10212979938056
26.226216216216216,53.57386486746975,63.64437811242305,35.248750366514514,54.0674091969892,62.9696457707428,34.9754483953815,52.05546539664124,59.13212805016646,33.06719300072349,52.7658178583244,61.23675415327565,34.08603988053541
26.280270270270268,53.46571098758514,63.654903290279094,35.235939510399774,53.9574524673453,62.9665282738620,34.9593170919091,51.94570271283749,59.12512189945782,33.04845023385806,52.65677961357477,61.237941308587054,34.07008423693067
26.334324324324324,53.35758004722527,63.66642201522335,35.223263887147745,53.8477488541918,62.9637697546619,34.9433777792969,51.835976746676664,59.1189743340927,33.02981988272601,52.54777457584157,61.24004669718174,34.05425264473222
26.388378378378377,53.24948777750594,63.67888938089179,35.210712923133805,53.7383138414084,62.9613390102292,34.9276188008703,51.7263024563165,59.113647384565255,33.01129251578546,52.43881798268393,61.243029452901375,34.03853501154753
26.442432432432433,53.14144997152427,63.6922606899995,35.198276080783344,53.6291628150235,62.9592048396207,34.9120284876878,51.616694876418734,59.10910323434398,32.99285873165005,52.329925145816006,61.24684887872448,34.02292128003515
26.496486486486486,53.03348242237737,63.706491245261574,35.18594282252175,53.5203110615038,62.9573360672964,34.8965951686263,51.50716904164509,59.105304066897304,32.9745091289334,52.22111137695197,61.25146427762962,34.007401392853644
26.550540540540542,52.92560092316233,63.72153634939309,35.17370261077443,53.4117737660600,62.9557015664204,34.8813071804103,51.39773998665731,59.10221206569371,32.95623430624913,52.11239198780599,61.25683495259531,33.99196529266158
26.604594594594595,52.81782126697628,63.73735130510916,35.16154490796674,53.3035660109699,62.9542702820139,34.8661528775781,51.28842274611713,59.09978941420165,32.93802486221089,52.00378229009227,61.2629202066001,33.97660292211752
26.658648648648647,52.71015924691632,63.75389141512484,35.149459176524104,53.1957027739187,62.9530112539485,34.8511206423809,51.17923235468627,59.09799829588959,32.9198713954323,51.89529759552495,61.269679342622524,33.96130422388001
26.712702702702703,52.602630656079555,63.77111198215525,35.1374348788719,53.0881989263561,62.9518936397649,34.8361988946062,51.070183847026485,59.09680089422599,32.901764504526994,51.78695321581822,61.27707166364111,33.94605914060763
26.766756756756756,52.4952512875631,63.78896830891548,35.12546147743552,52.9810692318715,62.9508867373039,34.8213761013216,50.96129225779951,59.096159392679326,32.883694788108606,51.67876446268626,61.2850564726344,33.93085761495894
26.820810810810812,52.388036934464054,63.807415698120586,35.113528434640344,52.8743283445867,62.9499600071368,34.8066407865328,50.852572621667065,59.096035974718035,32.86565284479076,51.57074664784321,61.29359307258093,33.91568958959249
26.874864864864865,52.28100338987954,63.82640945248569,35.10162521291178,52.7679908075662,62.9490830947813,34.7919815407490,50.744039973290896,59.0963928238106,32.84762927318708,51.46291508300328,61.30264076645925,33.90054500716686
26.928918918918917,52.17416644690664,63.845904874725875,35.089741274675205,52.6620710512462,62.9482258526911,34.7773870304515,50.635709347332735,59.097192123425486,32.829614671911216,51.35528507988063,61.31215885724788,33.88541381034059
26.982972972972973,52.06754189864248,63.86585726755622,35.07786608235601,52.5565833918811,62.9473583620053,34.7628460074593,50.52759577845433,59.09839605703114,32.811599639576784,51.247871950189435,61.32210664792537,33.87028594177225
27.037027027027026,51.96114553818417,63.886221933691814,35.0659890983796,52.4515420300090,62.9464509540453,34.7483473181853,50.419714301317384,59.09996680809602,32.793574774797406,51.14069100564385,61.33244344147023,33.855151344120415
27.091081081081082,51.85499315862881,63.90695417584776,35.05409978517136,52.3469610489350,62.9454742315479,34.7338799127791,50.312079950583666,59.10186656008861,32.77553067618674,51.03375755795807,61.343128540861045,33.83999996004363
27.145135135135135,51.749100553073504,63.928009296739134,35.04218760515666,52.2428544132345,62.9443990896208,34.7194328541509,50.204707760914886,59.10405749647736,32.75745794235839,50.92708691884626,61.35412124907631,33.82482173220046
27.199189189189187,51.64348351461537,63.94934259908103,35.030242020760916,52.1392359672741,62.9431967364095,34.7049953268698,50.09761276697279,59.106501800730726,32.739347171926,50.82069440002259,61.365380869094565,33.80960660324947
27.253243243243244,51.53815783635151,63.97090938558854,35.01825249440951,52.0361194337521,62.9418387134639,34.6905566459330,49.990810003419114,59.109161656317184,32.72118896350318,50.71459531320122,61.37686670389437,33.79434451584922
27.307297297297296,51.43313931137902,63.99266495897676,35.00620848852785,51.9335184122585,62.9402969157925,34.6761062653999,49.8843145049156,59.11199924670518,32.7029739157036,50.60880497009636,61.38853805645424,33.77902541265827
27.361351351351352,51.32844373279504,64.01456462196076,34.99409946554128,51.8314463778538,62.9385436115935,34.6616337868871,49.77814130612398,59.1149767553632,32.684692627140855,50.503338682422154,61.400354229752715,33.763639236335194
27.415405405405405,51.22408689369665,64.03656367725564,34.981914887875234,51.7299166796680,62.9365514616513,34.6471289679180,49.67230544170597,59.1180563657597,32.66633569642859,50.398211761892775,61.41227452676836,33.74817592953853
27.469459459459458,51.12008458718097,64.05861742757648,34.96964421795509,51.6289425395183,62.9342935383880,34.6325817301233,49.56682194632333,59.12120026136313,32.64789372218043,50.29343952022241,61.42425825047967,33.73262543492687
27.523513513513514,51.0164526063451,64.0806811756384,34.95727691820623,51.5285370505476,62.9317433445585,34.6179821672880,49.46170585463777,59.124370625641944,32.629357303009996,50.189037269125215,61.436264703865206,33.71697769515875
27.577567567567566,50.91320674428615,64.10271022415645,34.94480245105406,51.4287131758825,62.9288748315800,34.6033205532393,49.35697220131105,59.127529642064616,32.61071703753094,50.08502032031539,61.4482531899035,33.70122265289274
27.631621621621623,50.81036279410124,64.12465987584575,34.932210278923954,51.3294837473115,62.9256624174852,34.5885873495717,49.2526360210049,59.13063949409963,32.59196352435688,49.98140398550707,61.460183011573086,33.685350250787394
27.685675675675675,50.70793654888745,64.14648543342136,34.919489864241314,51.2308614639833,62.9220810044890,34.5737732132053,49.14871234838104,59.13366236521543,32.57308736210145,49.878203576414464,61.472013471852506,33.669350431501286
27.739729729729728,50.605943801741915,64.1681421995984,34.90663066943152,51.1328588911254,62.9181059961600,34.5588690037722,49.04521621810122,59.13656043888046,32.554079149378275,49.77543440475172,61.4837038737203,33.65321313769298
27.793783783783784,50.504400452351646,64.18958518484814,34.89362205185982,51.0354884587839,62.9137133141870,34.5438657908276,48.94216276147773,59.13929563408965,32.53492937681927,49.673111882708675,61.495213251288334,33.636928201104354
27.847837837837837,50.40332280011586,64.2107683037276,34.8804529749158,50.9387624605830,62.9088794147314,34.5287548608815,48.83956747226247,59.14182887806208,32.515628130124895,49.57125179925878,61.506499630418524,33.62048503753973
27.901891891891893,50.3027270141572,64.23164582798066,34.86711253039594,50.8426930525058,62.9035813043576,34.5135277242473,48.737445726078896,59.14412142126229,32.496165626973244,49.469869820571965,61.517521365587584,33.60387319836828
27.955945945945945,50.20262851154722,64.25217409129365,34.853590551354564,50.7472922516957,62.8977965555316,34.4981761217030,48.63581221662702,59.146136380162666,32.47653284691348,49.36898090390666,61.52823870827588,33.58708301753796
28.009999999999998,50.10304151318179,64.27231270697771,34.83987804985446,50.6525719352795,62.8915033216807,34.4826920309624,48.53468055297281,59.147839839216566,32.45672198128962,49.2685988789613,61.538614927245135,33.57010607372837
28.064054054054054,50.00397877730623,64.2920252985785,34.8259674796174,50.5585438392104,62.8846803518064,34.4670676729525,48.4340630179217,59.149201512042296,32.436726703194836,49.168736196685245,61.548616980705184,33.55293546764242
28.118108108108107,49.90545151069044,64.31127974341251,34.811852823574156,50.4652195571335,62.8773070046425,34.4512955178926,48.33397048747655,59.15019496181758,32.41654225745627,49.06940384554905,61.55821574036939,33.535565914436965
28.172162162162163,49.80746945745379,64.33004792903071,34.79752950631447,50.3726105392719,62.8693632623508,34.4353682911742,48.23441251137968,59.15079738088508,32.396165370650216,48.970611435274165,61.567385767399195,33.51799365129213
28.226216216216216,49.710041165539934,64.34830502260897,34.78299413143657,50.2807280913341,62.8608297437495,34.4192789790366,48.135397554739384,59.15098892956844,32.37559398114784,48.87236744802206,61.5761046402374,33.50021616011974
28.280270270270268,49.61317443084147,64.36602825326548,34.76824404379652,50.1895833734439,62.8516877170640,34.4030208340365,48.03693340074051,59.150751634199146,32.354826789191335,48.774679657042725,61.5843518343305,33.48223170541037
28.334324324324324,49.5168769189744,64.38319520730542,34.75327671665727,50.0991873990910,62.8419191121977,34.3865873803083,47.93902771443943,59.150067844354126,32.333862627000556,48.67755571278258,61.59210715373974,33.46403868721944
28.388378378378377,49.421156695266916,64.39978237511961,34.7380892293061,50.0095510341036,62.8315065325142,34.3699724186126,47.84168852333217,59.14891891783452,32.312699921863924,48.58100364247173,61.599349394276445,33.44563508966483
28.442432432432433,49.32602193163716,64.41576595485515,34.72267855597019,49.9206849956435,62.8204332661261,34.3531700311702,47.74492395156527,59.14728594796789,32.29133699308811,48.4850315738159,61.60605708288525,33.42701878594774
28.496486486486486,49.231480800003226,64.43112214465903,34.707041670876684,49.8325998512221,62.8086832966844,34.3361745862797,47.6487421232853,59.145150028081794,32.2697721599798,48.38964763452081,61.612208746510795,33.40818764926934
28.55054054054054,49.13754147228324,64.44582714267833,34.69117554825272,49.7453060177391,62.7962413136648,34.3189807427163,47.55315116263881,59.14249225150378,32.24800374184567,48.294859952292185,61.61778291209774,33.389139552830834
28.604594594594595,49.04421212039533,64.45985714706012,34.67507716232547,49.6588137605435,62.7830927221445,34.3015834539091,47.458159193772374,59.13929371156145,32.22603005799241,48.200676654835775,61.6227581065907,33.369872369833416
28.658648648648647,48.951500916257594,64.47318835595142,34.65874348732206,49.5731331925161,62.7692236520664,34.2839779718959,47.36377434083254,59.13553550158234,32.20384942772671,48.10710586985728,61.62711285693436,33.35038397347827
28.712702702702703,48.859416031788165,64.48579696749931,34.64217149746966,49.4882742731752,62.7546209669853,34.2661598510535,47.27000472796587,59.13119871489401,32.18146017035523,48.014155725062466,61.63082569007333,33.33067223696659
28.766756756756756,48.76796563890515,64.49765917985081,34.62535816699542,49.4042468078035,62.7392722722939,34.2481249516011,47.17685847931893,59.12626444482405,32.15886060518467,47.92183434815703,61.63387513295227,33.310735033499576
28.82081081081081,48.677157909526684,64.50875119115304,34.60830047012648,49.3210604465987,62.7231659229235,34.2298694428760,47.08434371903829,59.120713784700015,32.136049051521724,47.83014986684672,61.636239712515824,33.29057023627842
28.874864864864865,48.58700101557086,64.51904919955297,34.590995381089996,49.2387246838459,62.7062910305180,34.2113898063805,46.99246857127048,59.11452782784946,32.11302382867305,47.73911040883725,61.63789795570863,33.27017571850429
28.928918918918917,48.49750312895582,64.5285294031977,34.57343987411311,49.1572488571126,62.6886374700768,34.1926828385979,46.90124116016209,59.10768766759995,32.08978325594534,47.64872410183437,61.63882838947536,33.24954935337841
28.982972972972973,48.40867242159967,64.53716800023423,34.55563092342299,49.0766421464663,62.6701958860649,34.1737456535773,46.81066960985966,59.10017439727905,32.06632565264529,47.5589990735438,61.63900954076062,33.22868901410197
29.037027027027026,48.320517065420525,64.5449411888097,34.53756550324677,48.9969135737155,62.6509576979886,34.1545756852857,46.72076204450977,59.09196911021432,32.04264933807956,47.46994345167126,61.638419936509074,33.207592573876134
29.091081081081082,48.233045232336494,64.5518251670711,34.51924058781161,48.9180720016724,62.6309151054344,34.1351706897270,46.63152658825895,59.083052899733346,32.01875263155485,47.38156536392249,61.63703810366536,33.18625790590211
29.145135135135135,48.146265094265715,64.5577961331655,34.50065315134466,48.8401261334393,62.6100610925686,34.1155287468274,46.54297136525379,59.07340685916368,31.99463385237783,47.29387293800322,61.634842569174126,33.1646828833811
29.199189189189187,48.0601848231263,64.56283028523993,34.481800168073065,48.7630845117172,62.5883894320995,34.0956482620863,46.455104499640825,59.063012081832866,31.9702913198552,47.20687430161918,61.63181185998002,33.14286537951428
29.253243243243244,47.97481259083635,64.56690382144147,34.462678612223975,48.6869555181382,62.5658946886980,34.0755279679921,46.36793411556665,59.051849661068495,31.94572335329363,47.12057758247609,61.627924503027685,33.120803267502836
29.307297297297296,47.89015656931401,64.56999293991717,34.44328545802455,48.6117473726198,62.5425722218780,34.0551669252044,46.28146833717779,59.039900690198124,31.920928271999802,47.03499090827968,61.62315902526176,33.098494420547986
29.361351351351352,47.80622493047737,64.57207383881408,34.423617679701934,48.5374681327429,62.5184181883370,34.0345645234996,46.195715288620825,59.02714626254931,31.895904395280407,46.95012240673569,61.617493953626884,33.0759367118509
29.415405405405405,47.72302584624457,64.57312271627924,34.40367225148327,48.4641256931530,62.4934295437549,34.0137204824833,46.11068309404231,59.01356747144962,31.870650042442122,46.86598020554984,61.61090781506772,33.05312801461279
29.469459459459458,47.640567488533705,64.57311577045971,34.383446147595734,48.3917277849838,62.4676040440536,33.9926348520669,46.026379877588795,58.99914541022662,31.84516353279163,46.78257243242786,61.6033791365289,33.030066202034824
29.523513513513514,47.55885802926291,64.57202919950254,34.362936342266444,48.3202819753044,62.4409402461179,33.9713080127107,45.94281376340686,58.98386117220787,31.819443185635613,46.6999072150755,61.594886444955065,33.0067491473182
29.577567567567566,47.4779056403503,64.56983920155479,34.34213980972257,48.2497956665897,62.4134375079778,33.9497406754334,45.859992875643044,58.96769585072094,31.793487320280764,46.61799268119846,61.58540826729088,32.98317472366413
29.631621621621623,47.39771849371398,64.5665219747635,34.32105352419126,48.1802760962138,62.3850959884548,33.9279338815881,45.77792533844392,58.95063053909339,31.767294256033754,46.53683695850248,61.57492313048096,32.959340804273786
29.685675675675675,47.31830476127209,64.56205371727572,34.29967445989966,48.1117303359666,62.3559166462736,33.9058890024065,45.69661927595605,58.932646330652794,31.740862312201266,46.456448174693286,61.56340956146998,32.93524526234836
29.739729729729728,47.239672614942734,64.55641062723853,34.27799959107493,48.0441652915937,62.3259012386415,33.8836077383119,45.616082812325985,58.913724318726715,31.714189808089987,46.37683445747661,61.55084608720256,32.91088597108905
29.793783783783784,47.16183030549195,64.54956827379401,34.25602573801235,47.9775877023595,62.2950523192979,33.8610921180017,45.53632415670526,58.89384508065176,31.68727494507739,46.29800401685104,61.53721066514068,32.88626067385548
29.847837837837837,47.0847863793655,64.54149986731566,34.233749143762786,47.9120041406336,62.2633732360366,33.8383444973016,45.45735183701407,58.87298725879852,31.660115482306367,46.21996537141331,61.522479117186336,32.86136662710136
29.901891891891893,47.008549286639436,64.53217938696086,34.21116623951601,47.8474210115005,62.2308681277044,33.8153675577920,45.379174277277635,58.851130126193176,31.632709323055543,46.14272693918003,61.50662796127589,32.83620124597568
29.955945945945945,46.93312692107394,64.52158524986635,34.18827454253655,47.7838445523924,62.1975419206787,33.7921643052077,45.301799301763836,58.82825659646467,31.60505520265967,46.06629655754605,61.489637733362244,32.81076286173185
30.009999999999998,46.85852629158026,64.50970293200226,34.165073297546385,47.7212808327455,62.1634003248284,33.7687380676147,45.22523378079589,58.804355373807,31.57715317988136,45.990681140397626,61.471495360259404,32.785051262734235
30.064054054054054,46.78475332510092,64.4965265406845,34.14156386155458,47.6597357536795,62.1284498289625,33.7450924933629,45.14948341823985,58.7794222429565,31.54900493173416,45.91588647238028,61.45219558334898,32.75906801906214
30.118108108108107,46.711812800903125,64.48205933874553,34.11774983213385,47.5992150477003,62.0926976957692,33.7212315488189,45.07455268066715,58.75346049918434,31.52061385175687,45.84191714032144,61.43174143314919,32.732816590711074
30.172162162162163,46.63970841628536,64.46631322036359,34.093636919144025,47.5397242784260,62.0561519562523,33.6971595158802,45.000444868192126,58.726480518304136,31.491984951739198,45.76877660180782,61.41014375474596,32.706302219391446
30.226216216216216,46.56844298369718,64.44930713855028,34.069232559902346,47.4812688403364,62.0188214036675,33.6728809892723,44.927162326984345,58.69849846669445,31.463124566898742,45.69646739091752,61.38741978408619,32.67953160392465
30.280270270270268,46.498018759272256,64.43106448429664,34.04454527780083,47.4238539585454,61.9807155869661,33.6484008736323,44.85470680345612,58.66953415133665,31.43403986450921,45.62499146110689,61.36359077513343,32.652512359236525
30.334324324324324,46.42843790277455,64.41160941737749,34.01958378437041,47.3674846885969,61.9418448037497,33.6237243803801,44.78307994012474,58.63960800986771,31.40473815598004,45.55435066525216,61.33867867788551,32.62525225894813
30.388378378378377,46.359702869647776,64.39096373879912,33.994356213897575,47.3121659162839,61.9022200927428,33.5988570243809,44.7122836982762,58.60873854495853,31.375226310486106,45.484547164827674,61.312703306780364,32.59775858977466
30.442432432432433,46.291816194183525,64.36914862056281,33.96887054673698,47.2579023574907,61.8618532257889,33.5738046204007,44.64232012420145,58.57694374328909,31.345511079273063,45.41558320360069,61.28568390677319,32.570038508589704
30.496486486486486,46.22478041067343,64.34618523466992,33.94313476324325,47.2046985580583,61.8207566993770,33.5485732793584,44.573191264191394,58.54424159153939,31.315599213586566,45.34746102533844,61.25763972281918,32.54209917226689
30.55054054054054,46.158598053409094,64.32209475312177,33.917156843771025,47.1525588936731,61.7789437257038,33.5231694043766,44.50489916453702,58.51065007638938,31.28549746467226,45.28018287380813,61.228589999873606,32.513947737679814
30.604594594594595,46.09327165668213,64.29689834791962,33.89094476867493,47.1014875697785,61.7364282232804,33.4975996866347,44.43744587152925,58.47618718451906,31.255212583775812,45.21375099277701,61.19855398289164,32.485591361702085
30.658648648648647,46.02880375478415,64.27061719106483,33.86450651830961,47.0514886215101,61.6932248070891,33.4718711010278,44.370833431459026,58.44087090260839,31.224751322142872,45.14816762601228,61.16755091682853,32.45703720120732
30.712702702702703,45.965196882006765,64.24327245455869,33.83785007302971,47.0025659136531,61.6493487782977,33.4459909016332,44.3050638906173,58.40471921733737,31.19412043101909,45.08343501728119,61.13560004663948,32.428292413069116
30.766756756756756,45.9024535726416,64.21488531040254,33.81098341318986,46.9547231406234,61.6048161135407,33.4199666169894,44.24013929529501,58.367750115385974,31.16332666165013,45.019555410350975,61.102720617279715,32.39936415416109
30.82081081081081,45.84057636098025,64.18547693059767,33.7839145191447,46.9079638264718,61.5596434537725,33.3938060451906,44.176061691783104,58.329981583434176,31.13237676528164,44.956531048988836,61.06893187370447,32.370259581356855
30.874864864864865,45.77956778131434,64.15506848714541,33.75665137124887,46.8622913249103,61.5138480927032,33.3675172487991,44.11283312637252,58.29143160816196,31.101277493159277,44.89436417696203,61.034253060868934,32.34098585153001
30.928918918918917,45.7194303679355,64.12368115204706,33.72920194985701,46.8177088193624,61.4674479648245,33.3411085495819,44.050455645354205,58.2521181762493,31.070035596528697,44.833057038037765,60.998703423728344,32.31155012155416
30.982972972972973,45.66016665513531,64.09133609730395,33.70157423532375,46.7742193230351,61.4204616330333,33.3145885230721,43.9889312950191,58.21205927437616,31.03865782663555,44.77261187598327,60.962302207237926,32.28195954830293
31.037027027027026,45.60177917720541,64.0580544949174,33.673776208003716,46.7318256790149,61.3729082758635,33.2879659929617,43.92826212165816,58.171272889222536,31.007150934725495,44.71303093456579,60.92506865635287,32.25222128864991
31.09108108108108,45.54427046843739,64.0238575168887,33.64581584825157,46.6905305603852,61.3248076743336,33.2612500253275,43.8684501715623,58.129777007468405,30.975521672044188,44.65431645755254,60.88702201602842,32.222342499468716
31.145135135135135,45.48764306312289,63.98876633521917,33.617701136421935,46.6503364703675,61.2761801984206,33.2344499226965,43.8094974910225,58.08758961579376,30.94377678983728,44.59647068871075,60.8481815312198,32.19233033763297
31.199189189189187,45.431899495553495,63.952802121910146,33.58944005286945,46.6112457424848,61.2270467931683,33.2075752179527,43.751406126329684,58.044728700878544,30.911923039350423,44.539495871807645,60.808566446882196,32.16219196001625
31.253243243243244,45.37704230002084,63.91598604896292,33.56104057794875,46.5732605407472,61.1774289644407,33.1806356680911,43.69417812377479,58.00121224940277,30.879967171829286,44.48339425061046,60.76819600797087,32.13193452349219
31.307297297297296,45.323074010816526,63.87833928837882,33.53251069201447,46.5363828598604,61.1273487643298,33.1536412478219,43.63781552964878,57.95705824804641,30.847915938519503,44.42816806888643,60.72708945944101,32.10156518493438
31.36135135135135,45.26999716223217,63.83988301215915,33.50385837542127,46.5006145254564,61.0768287762279,33.1266021430315,43.582320390242586,57.91228468348942,30.81577609066674,44.37381957040277,60.68526604624785,32.071091101216446
31.415405405405405,45.217814288559396,63.80063839230524,33.475091608523755,46.4659571943471,61.0258920995750,33.0995287441014,43.52769475184715,57.866909542411804,30.78355437951665,44.32035099892671,60.6427450133466,32.04051942921198
31.469459459459458,45.1665279240898,63.760626600818384,33.44621837167658,46.4324123547988,60.9745623342904,33.0724316390933,43.47394066075343,57.82095081149352,30.751257556314897,44.267764598225476,60.59954560569249,32.00985732579461
31.523513513513514,45.116140603115,63.71986880969991,33.417246645234385,46.3999813268304,60.9228635649014,33.0453216068017,43.42106016325235,57.77442647741458,30.718892372307124,44.21606261206631,60.55568706824074,31.979111947837936
31.577567567567566,45.066654859926615,63.678386190951144,33.388184409551805,46.3686652625327,60.8708203443767,33.0182096096815,43.36905530563486,57.72735452685491,30.686465578738982,44.16524728421643,60.51118864594656,31.94829045221556
31.631621621621623,45.01807322881626,63.636199916573375,33.35903964498347,46.3384651464102,60.8184576776779,32.9911067866529,43.3179281341919,57.67975294649455,30.653983926856142,44.115320858443056,60.46606958376517,31.91739999580109
31.685675675675675,44.97039824407553,63.593331158567935,33.32982033188402,46.3093817957443,60.7658010050394,32.9640244457902,43.26768069521444,57.631639723013436,30.62145416790424,44.06628557851344,60.420349126651786,31.886447735468142
31.739729729729728,44.92363243999607,63.549801088936135,33.3005344506081,46.2814158609790,60.7128761849862,32.9369740568988,43.21831503499338,57.58303284309156,30.588883053128942,44.01814368819478,60.37404651956164,31.855440828090323
31.793783783783784,44.8777784144018,63.50563069912916,33.271189949436405,46.2545678261277,60.6597094771042,32.9099672439849,43.16983324878018,57.5339501512752,30.556277299164464,43.970897485456234,60.327180835582475,31.82438639357867
31.847837837837837,44.83283900336293,63.46084030353521,33.241794656372385,46.2288380092020,60.6063275245704,32.8830157776239,43.12223761542801,57.48440895910919,30.523643492852088,43.924549471524074,60.27977050329913,31.7932914132346
31.901891891891893,44.78881696529902,63.4154504372149,33.21235643862095,46.2042265626621,60.5527573364578,32.8561315672310,43.0755303539495,57.43442675185739,30.490988263335986,43.879102081377795,60.231834161356616,31.762162913535988
31.955945945945945,44.74571461037374,63.36948290911023,33.18288338968648,46.1807334738879,60.4990262698249,32.8293266532410,43.029713337913925,57.38402201761591,30.45831848396331,43.83455736757236,60.18339166102035,31.73100818175217
32.01,44.703533535776764,63.32296155433693,33.15338396301412,46.1583585656726,60.4451620116017,32.8026131992010,42.984787891445215,57.33321483953695,30.425641416498504,43.79091677439689,60.13446478229049,31.69983491995463
32.06405405405405,44.662274466892995,63.27591268555967,33.12386705217474,46.1371014967364,60.3911925602845,32.7760034837815,42.9407546668208,57.28202725116306,30.39296479765195,43.74818100236992,60.08507766357063,31.668651337423434
32.1181081081081,44.62193720435893,63.228365243450554,33.094342017593085,46.1169617622621,60.3371462074504,32.7495098927117,42.89761360367119,57.23048335487187,30.360296867922838,43.70634996307115,60.03525694489059,31.637466181449355
32.17216216216216,44.58252067700623,63.18035064623065,33.064818659819615,46.0979386944512,60.2830515191055,32.7231449106432,42.855363969780385,57.178609203431414,30.327646342756275,43.66542282430966,59.98503162468364,31.60628870653173
32.22621621621621,44.54402310069261,63.13190233829471,33.03530713934559,46.0800314631010,60.2289373168759,32.6969211129490,42.814004483487054,57.12643244466574,30.295022326014678,43.62539814562874,59.93443263011778,31.575128581972066
32.280270270270265,44.5064422430199,63.08305503791891,33.0058178429617,46.0632390762025,60.1748326590561,32.6708511574606,42.77353351768651,57.0739817292312,30.262434165763455,43.58627410414713,59.8834921009814,31.543995737863305
32.33432432432432,44.46977579393925,63.03384368405183,32.97636119666011,46.0475603805591,60.1207668215257,32.6449477761518,42.7339493854335,57.02128588150316,30.229891252370876,43.54804881073675,59.83224238712311,31.51290014947488
32.38837837837838,44.4340216816481,62.984302538579065,32.94694750615575,46.0329940624253,60.0667692785473,32.6192237667712,42.69525058338454,56.96837319285554,30.19740284641228,43.51072057952671,59.78071519388857,31.48185165346657
32.442432432432426,44.3991778978762,62.93446568283608,32.91758704508958,46.0195386481663,60.0128696834568,32.5936919844314,42.657435657156626,56.915271812528545,30.164978173851587,43.47428777884801,59.72894205475596,31.450860049535606
32.49648648648648,44.36524243435332,62.88436719815832,32.88829008710259,46.0071925049378,59.9590978492599,32.5683653331589,42.620503152366766,56.862009889762405,30.132626460652716,43.438748777031634,59.6769545032035,31.41993513737922
32.55054054054054,44.33221328280922,62.83404116588126,32.85906690583575,45.9959538413853,59.9054837291456,32.5432567574107,42.58445161463193,56.808615573797326,30.10035693277956,43.40410194240859,59.624784072709375,31.38908671669462
32.60459459459459,44.30008843497366,62.78352166734038,32.82992777493005,45.9858207083643,59.8520573969302,32.5183792335621,42.54927958956913,56.755117013873544,30.06817881619605,43.37034564330988,59.57246229675179,31.35832458717904
32.658648648648644,44.268865882576414,62.732842783871135,32.80088296802646,45.9767909996797,59.7988490274435,32.4937457613728,42.51498562279536,56.701542359231254,30.036101336866075,43.3374782480665,59.52002070880895,31.327658548529705
32.7127027027027,44.238543617347226,62.68203859680897,32.77194275876596,45.9688624528449,59.7458888768692,32.4693693554350,42.481568259927606,56.64791975911068,30.004133720753558,43.305498125009464,59.467490842359055,31.297098400443833
32.766756756756756,44.20911963101586,62.63114318748937,32.743117420789524,45.9620326498612,59.6932072630537,32.4452630366097,42.44902604658286,56.59427736275205,29.972285193822415,43.27440364246974,59.41490423088028,31.266653942618653
32.820810810810805,44.18059191531208,62.580190637247796,32.71441722773813,45.9562990180155,59.6408345457925,32.4214398234569,42.417357528378126,56.540643319395585,29.94056498203654,43.24419316877835,59.36229240785086,31.236334974751387
32.87486486486486,44.152958461965646,62.52921502741971,32.68585245325277,45.9516588306982,59.5888011071102,32.3979127236642,42.38656125093039,56.487045778281484,29.908982311359857,43.21486507226629,59.30968690674898,31.206151296539254
32.92891891891892,44.126217262706305,62.47825043934057,32.65743337097441,45.9481092082398,59.5371373315428,32.3746947254805,42.35663575985666,56.433512888649965,29.877546407756267,43.18641772126455,59.25711926105282,31.176112707679486
32.982972972972966,44.10036630926386,62.42733095434585,32.629170254544036,45.9456471187666,59.4858735864376,32.3517987891586,42.327579600773916,56.380072799741264,29.84626649718969,43.15884948410413,59.20462100424062,31.1462290078693
33.03702702702702,44.07540359336802,62.376490653771015,32.60107337760262,45.9442693790749,59.4350402022808,32.3292378384131,42.29939131929916,56.32675366079558,29.81515180562403,43.13215872911605,59.152223669790544,31.116509996805938
33.09108108108108,44.05132710674857,62.32576361895151,32.57315301379114,45.9439726555246,59.3846674530662,32.3070247518993,42.272069461049384,56.27358362105315,29.7842115590232,43.10634382463128,59.099958791180796,31.0869654741866
33.14513513513513,44.028134841135284,62.27518393122282,32.545419436750585,45.9447534649505,59.3347855367164,32.2851723547172,42.24561257164159,56.22059082975417,29.753454983351105,43.081403138980846,59.0478579018896,31.057605239708515
33.199189189189184,44.0058247882579,62.2247856719204,32.51788292012192,45.9466081755922,59.2854245555691,32.2636934099463,42.22001919669276,56.16780343613886,29.722891304571665,43.05733504049573,58.99595253539515,31.02843909306892
33.25324324324324,43.9843949398462,62.17460292237972,32.490553737546136,45.9495330080427,59.2366144969403,32.2426006102176,42.195287881819894,56.115249589447465,29.69252974864878,43.03413789750692,58.94427422517562,30.999476833965023
33.307297297297296,43.96384328762991,62.12466976393624,32.4634421626642,45.9535240362142,59.1883852137757,32.2219065693261,42.17141717263999,56.062957438920165,29.66237954154637,43.011810078345434,58.89285450470922,30.97072826209406
33.361351351351345,43.94416782333883,62.075020277925404,32.436558469117095,45.9585771883220,59.1407664054036,32.2016238138907,42.148405614770034,56.0109551337972,29.632449909228335,42.99034995134228,58.84172490747415,30.94220317715325
33.4154054054054,43.925366538702704,62.02568854568272,32.4099129305458,45.9646882478869,59.0937875983995,32.1817647750655,42.126251753827034,55.95927082331878,29.602750077658598,42.969755884828444,58.79091696694863,30.913911378839817
33.46945945945946,43.90743742545129,61.97670864854362,32.38351582059129,45.9718528547534,59.0474781275746,32.1623417803083,42.10495413542797,55.90793265672513,29.57328927280106,42.95002624713491,58.74046221661084,30.88586266685099
33.52351351351351,43.890378475314364,61.92811466784357,32.35737741289456,45.9800665061272,59.0018671171006,32.1433670452106,42.08451130518985,55.856968783256455,29.544076720619636,42.9311594065927,58.690392189938976,30.858066840883986
33.57756756756756,43.87418768002167,61.879940684918054,32.331507981096564,45.9893245576282,58.9569834617805,32.1248526653955,42.06492180872966,55.80640735215299,29.51512164707824,42.913153731532816,58.64073842041125,30.830533700636032
33.63162162162162,43.858863031302974,61.83222078110251,32.30591779883829,45.9996222243617,58.9128558084784,32.1068106084866,42.046184191664395,55.756276512654935,29.486433278140765,42.89600759028623,58.591532441505855,30.803273045804353
33.68567567567567,43.84440252088804,61.784989037732416,32.28061713976072,46.0109545820052,58.8695125377185,32.0892527061541,42.02829699961105,55.70660441400251,29.458020839771144,42.879719351183965,58.542805786700995,30.776294676086163
33.739729729729724,43.83080414050663,61.73827953614323,32.25561627750483,46.0233165679135,58.8269817454646,32.0721906462432,42.011258778186615,55.65741920543595,29.42989355793328,42.86428738255701,58.49458998947486,30.749608391178707
33.79378378378378,43.81806590638707,61.69212656182212,32.23092554191248,46.0367029822380,58.7852912250913,32.0556359649878,41.99506811174912,55.60874918867452,29.40206071770907,42.84971008675071,58.44691677064348,30.723224050422626
33.84783783783784,43.80618592662735,61.64656516582511,32.206555473578774,46.0511084890646,58.7444684495571,32.0396000393165,41.979723729935365,55.56062323723405,29.374531825872936,42.83598599366426,58.39981855353966,30.697151736821503
33.901891891891886,43.795162279382744,61.6016301496895,32.18251654440889,46.0665276175658,58.7045405537907,32.0240940792538,41.96522431503205,55.51307003826703,29.34731631694395,42.82311359162371,58.3533275325278,30.671401460481356
33.95594594594594,43.784992869957506,61.55735487454892,32.15881882977962,46.0829547631696,58.6655343173005,32.0091291204221,41.951568275986475,55.46611720310139,29.320423208330855,42.811091128965,58.30747458019992,30.645982810690615
34.01,43.77567532872744,61.51377041050128,32.135471774369066,46.1003841887438,58.6274761470181,31.9947160166485,41.93875358698564,55.419790631911056,29.293860854007068,42.79991647230743,58.262288466801415,30.620904707405746
34.06405405405405,43.76720694989348,61.470905026229566,32.11248405165449,46.1188100257963,58.5903920603852,31.9808654326813,41.92677769060371,55.37411413251819,29.2676367967157,42.789587021517804,58.21779539188658,30.5961752521427
34.1181081081081,43.75958467106622,61.42878401887535,32.089863517078214,46.1382262756896,58.5543076686944,31.9675878370196,41.91563746551785,55.32910929332735,29.241757718704513,42.78009968136513,58.174018828203685,30.57180167827401
34.17216216216216,43.75280509368143,61.38742988416527,32.067617254881725,46.1586268108713,58.5192481606942,31.9548934948620,41.90532925879237,55.28479561039143,29.216229490990976,42.77145088986592,58.130979677809876,30.547790400731653
34.22621621621621,43.74686454424638,61.34686282679024,32.045751718607804,46.1800053761195,58.4852382864666,31.9427924611764,41.895848982731295,55.24119086860922,29.1910573211572,42.76363670332006,58.088696740415706,30.5241471651157
34.280270270270265,43.74175917641734,61.30710161103752,32.02427296527087,46.2023555898020,58.4523023415878,31.9312945738975,41.88719227629925,55.198311777055,29.166245999675,42.75665293803729,58.04718749395934,30.500877296208586
34.33432432432432,43.73748511390788,61.26816475167563,32.00318698319538,46.2256709451514,58.4204641515803,31.9204094472537,41.87935473111075,55.15617485843971,29.141800244760827,42.75049536875426,58.00646918741053,30.477986045895214
34.38837837837838,43.73403857230119,61.23007152904196,31.98249997145907,46.2499448115530,58.3897470566669,31.9101464652286,41.872332084059096,55.11479720727081,29.11772499632366,42.74515989776143,57.96655977225579,30.455478889723405
34.442432432432426,43.73141579167908,61.192841427625595,31.96221818534055,46.2751704358478,58.3601738968336,31.9005147751614,41.86612011077861,55.074196070534846,29.094025253390456,42.74064246136362,57.92747738731951,30.43336136288439
34.49648648648648,43.729613012123316,61.15649393191564,31.94234788011842,46.3013409436492,58.3317669972113,31.8915232814886,41.86071458690363,55.03438869521835,29.070706014988183,42.73693899586564,57.88924017142604,30.411639000569444
34.55054054054054,43.72862647371568,61.12104852640117,31.922895311071287,46.3284493406726,58.3045481537844,31.8831806396318,41.85611128806848,54.995392328307865,29.047772280143796,42.73404543757232,57.851866263399735,30.390317337969787
34.60459459459459,43.72845241653796,61.08652469557126,31.903866733477766,46.3564885140798,58.2785386194345,31.8754952500345,41.852305989907485,54.957224216789925,29.025229047884267,42.73195772278845,57.815373802064954,30.36940191027668
34.658648648648644,43.729087080671945,61.05294192391503,31.88526840261644,46.3854512338356,58.2537590903267,31.8684752523518,41.84929446805497,54.91990160765108,29.003081317236564,42.73067178781887,57.77978092624606,30.348898252681366
34.7127027027027,43.7305267061994,61.02031969592154,31.867106573765923,46.4153301540776,58.2302296926473,31.8621285197968,41.84707249814528,54.88344174787787,28.981334087227637,42.730183568968386,57.74510577476741,30.328811900375104
34.76675675675675,43.732767533202114,60.988677496079895,31.849387502204834,46.4461178144992,58.2079699696990,31.8564626536451,41.845635855812716,54.84786188445682,28.959992356884463,42.7304890025418,57.71136648645337,30.30914838854914
34.820810810810805,43.73580580176187,60.95803480887917,31.832117443211757,46.4778066417447,58.1869988693623,31.8514849779033,41.84498031669162,54.813179264374476,28.939061125233994,42.731584024843954,57.678581200128306,30.289913252394705
34.87486486486486,43.73963775196046,60.92841111880846,31.815302652065313,46.5103889508174,58.1673347319293,31.8472025341423,41.84510165641632,54.77941113461739,28.918545391303212,42.73346457217964,57.64676805461656,30.271112027103065
34.92891891891892,43.744259623879664,60.89982591035684,31.7989493840441,46.5438569464990,58.1489952783166,31.8436220764996,41.84599565062115,54.746574742172086,28.898450154119057,42.73612658085369,57.615945188742515,30.25275024786547
34.982972972972966,43.74966765760126,60.87229866801342,31.783063894426718,46.5782027247819,58.1319975986645,31.8407500668529,41.84765807494041,54.714687334025115,28.878780412708515,42.73956598717092,57.58613074133049,30.234833449873154
35.03702702702702,43.755858093207024,60.845848876267276,31.76765243849178,46.6134182743126,58.1163581413281,31.8385926701680,41.85008470500847,54.68376615716299,28.85954116609853,42.74377872743613,57.55734285120489,30.21736716831738
35.09108108108108,43.76282717077875,60.8204960196075,31.752721271517892,46.6494954778466,58.1020927022671,31.8371557500237,41.85327131645961,54.65382845857229,28.840737413316088,42.74876073795414,57.52959965719006,30.200356938389383
35.14513513513513,43.77057113039822,60.79625958252316,31.738276648783653,46.6864261137151,58.0892164148393,31.8364448643156,41.8572136849282,54.62489148523954,28.822374153388132,42.75450795502979,57.50291929811034,30.18380829528042
35.199189189189184,43.779086212147206,60.773159049503384,31.72432482556767,46.7242018573020,58.0777437400036,31.8364652611426,41.86190758604854,54.596972484151266,28.804456385341645,42.76101631496787,57.47731991279012,30.167726774181737
35.25324324324324,43.78836865610751,60.75121390503722,31.710872057148556,46.7628142825323,58.0676884569386,31.8372218748762,41.86734879545497,54.570088702294015,28.78698910820357,42.7682817540732,57.452819640053754,30.152117910284588
35.307297297297296,43.7984147023609,60.730443633613774,31.697924598804903,46.8022548633709,58.0590636540801,31.8387193224174,41.873533088781805,54.54425738665434,28.76997732100089,42.776300208650596,57.42943661872559,30.136987238780208
35.361351351351345,43.809220590989156,60.71086771972213,31.685488705815324,46.8425149753320,58.0518817205837,31.8409618996406,41.88045624166338,54.51949578421873,28.753426022760557,42.78506761500488,57.407188987629965,30.12234029485986
35.4154054054054,43.82078256207407,60.69250564785138,31.67357063345842,46.8835858969977,58.0461543382168,31.8439535780290,41.888114029734034,54.495821141973806,28.737340212509537,42.79457990944086,57.3860948855913,30.10818261371478
35.46945945945946,43.83309685569743,60.67537690249061,31.6621766370128,46.9254588115482,58.0418924736834,31.8476980015008,41.896502228628066,54.47325070690604,28.721724889274796,42.80483302826336,57.3661724514339,30.094519730536227
35.52351351351351,43.846159711941,60.65950096812891,31.651312971757065,46.9681248083000,58.0391063713859,31.8521984834305,41.90561661397983,54.451801726001996,28.706585052083298,42.81582290777719,57.34743982398216,30.081357180515433
35.57756756756756,43.859967370886565,60.64489732925536,31.640985892969823,47.0115748842544,58.0378055466288,31.8574580038641,41.915452961423654,54.43149144624822,28.691925699962006,42.82754548428716,57.3299151420604,30.06870049884367
35.63162162162162,43.87451607261593,60.63158547035904,31.631201655929676,47.0557999456553,58.0379987792654,31.8634792069323,41.92600704659384,54.41233711463123,28.67775183193789,42.83999669409809,57.31361654449303,30.056555220712163
35.68567567567567,43.88980205721086,60.619584875929064,31.62196651591523,47.1007908095555,58.0396941077928,31.8702643984611,41.937274645124745,54.3943559781376,28.664068447037895,42.85317247351481,57.298562170104375,30.044926881312172
35.739729729729724,43.90582156475314,60.6089150304545,31.613286728205097,47.1465382053920,58.0428988238965,31.8778155437819,41.94925153265068,54.37756528375382,28.65088054428901,42.86706875884212,57.284770157718796,30.033821015834945
35.79378378378378,43.92257086578796,60.59959556685404,31.60516865820767,47.1930327765699,58.0476194674476,31.8861342657423,41.961933503252595,54.36198250663636,28.63819321117829,42.88168150929823,57.27225884241354,30.023243256970456
35.84783783783784,43.94004634509837,60.5916466746574,31.597619084318122,47.2402650820544,58.0538618219558,31.8952218429177,41.975316420186346,54.34762597757869,28.626011866918233,42.897006770026564,57.26104729521404,30.01319960302886
35.901891891891886,43.95824435023428,60.58508836198032,31.59064465032852,47.2882255979709,58.0616309104785,31.9050792080258,41.98939612416187,54.3345137485,28.614341822603414,42.91304055816528,57.25115434728116,30.003695933155235
35.95594594594594,43.97716101380932,60.57993958968521,31.584251223004003,47.3369047192128,58.0709309919887,31.9157069465433,42.004168325737865,54.32266226145416,28.60318776519319,42.929778729185855,57.24259744510275,29.994737438587002
36.01,43.99679212656987,60.57621765292454,31.578443433208605,47.3862927610572,58.0817655582030,31.9271052955268,42.01962852846085,54.31208539792195,28.592553388927882,42.94721688142059,57.23539183277347,29.986328216409298
36.06405405405405,44.01713306123653,60.57393781006674,31.573224400580763,47.4363799607875,58.0941373308711,31.9392741426372,42.0357719827485,54.30279390838626,28.582441174178534,42.96535029877914,57.22955006136256,29.97847102580814
36.1181081081081,44.03817874711791,60.57311315900493,31.56859564175844,47.4871564793229,58.1080482595269,31.9522130253686,42.05259367051756,54.29479522219059,28.572852313730124,42.98417393165404,57.225081825369834,29.971167206821512
36.17216216216216,44.05992369549688,60.573754760848225,31.56455716215402,47.5386124028559,58.1234995197022,31.9659211304820,42.07008832055595,54.28809363768054,28.56378678649832,43.003682416015195,57.221994126269706,29.9644167615883
36.22621621621621,44.08236207578901,60.57587201099576,31.56110773127878,47.5907377444947,58.1404915116037,31.9803972936430,42.08825045463939,54.2826908926286,28.555243578679807,43.023870130693325,57.22029176314335,29.958218598095087
36.280270270270265,44.1054878424736,60.57947325759334,31.558245341617045,47.6435224459135,58.1590238592522,31.9956399992646,42.10707446439237,54.27858711494198,28.54722105233601,43.04473129285246,57.219978150398994,29.952570936420813
36.33432432432432,44.12929491279685,60.58456666737285,31.55596785105007,47.6969563790079,58.1790954100851,32.0116473805546,42.12655471889345,54.275782153653566,28.539717461410454,43.0662600916514,57.221056462580236,29.947471877479316
36.38837837837838,44.15377731824278,60.59116096367711,31.554273530445865,47.7510293475564,58.2007042350206,32.0284172197666,42.14668565639612,54.27427671343334,28.532731391572092,43.0884508021741,57.223530610178905,29.94291988780464
36.442432432432426,44.17892912075882,60.599265018278636,31.55316076080222,47.8057310888881,58.2238476289829,32.0459469486550,42.167461733600476,54.2740717271211,28.52626151694995,43.11129772241796,57.2274046999397,29.93891353142954
36.49648648648648,44.204744382292446,60.6088877029499,31.55262792311695,47.8610512755548,58.2485221118875,32.0642336491336,42.18887740720662,54.275168127556725,28.520306511673105,43.13479515038037,57.2326828386073,29.935451372386794
36.55054054054054,44.23121716479105,60.62003788946335,31.552673398387853,47.9169795170091,58.2747234300862,32.0832740541362,42.21092713391465,54.27756684758005,28.514865049870583,43.15893738405869,57.239369132926456,29.932531974709143
36.60459459459459,44.25834153020209,60.63272444959147,31.553295567612736,47.9735053612870,58.3024465582673,32.1030645486797,42.233605370424655,54.2812688200309,28.50993580567145,43.18371872145032,57.24746768964181,29.930153902429367
36.658648648648644,44.286111540473,60.64695625510674,31.5544928117894,48.0306182966951,58.3316857018124,32.1236011711273,42.25690657343672,54.286274977749144,28.505517453204753,43.20913346055262,57.25698261549809,29.92831571958021
36.7127027027027,44.314521257551235,60.66274217778161,31.556263511915652,48.0883077535026,58.3624342996055,32.1448796146525,42.28082519965098,54.2925862535746,28.501608666599537,43.235175899363014,57.26791801723998,29.927015990194445
36.76675675675675,44.34356474338421,60.68009108938859,31.558606048989304,48.1465631056366,58.3946850272924,32.1668952289011,42.3053557057675,54.300203580347116,28.49820811998486,43.26184033587884,57.280278001612174,29.926253278304827
36.820810810810805,44.37323605991939,60.69901186170012,31.561518804008145,48.2053736723826,58.4284298009875,32.1896430218517,42.3304925484864,54.30912789090653,28.49531448748977,43.28912106809749,57.294066675359375,29.926026147944125
36.87486486486486,44.4035292691042,60.719513366488684,31.56500015796999,48.2647287200875,58.4636597814263,32.2131176618714,42.356230184507766,54.31936011809272,28.492926443243316,43.31701239401636,57.3092881452263,29.926333163145095
36.92891891891892,44.434438432886076,60.741604475526756,31.569048491872646,48.3246174638668,58.5003653785576,32.2373134799669,42.3825630705317,54.33090119474548,28.49104266137455,43.34550861163281,57.325946517957604,29.927172887940497
36.982972972972966,44.46595761321245,60.7652940605868,31.573662186713904,48.3850290693143,58.5385362565748,32.2622244722284,42.4094856632583,54.34375205370468,28.48966181601252,43.37460401894424,57.34404590029803,29.928543886363087
37.03702702702702,44.49808087203078,60.79059099344131,31.57883962349158,48.4459526542157,58.5781613393805,32.2878443024654,42.43699241938767,54.35791362781014,28.48878258128628,43.404292913948034,57.363590398992244,29.93044472244564
37.09108108108108,44.53080227128849,60.81750414586273,31.58457918320347,48.5073772902636,58.6192288164815,32.3141663050311,42.46507779561989,54.373386849901735,28.488403631324875,43.43456959464156,57.38458412078496,29.932873960220906
37.14513513513513,44.56411587293303,60.84604238962356,31.59087924684738,48.5692920047765,58.6617261493087,32.3411834878359,42.49373624865509,54.390172652819274,28.488523640257355,43.46542835902219,57.40703117242086,29.935830163721658
37.199189189189184,44.59801573891184,60.876214596496254,31.59773819542112,48.6316857824183,58.7056400779591,32.3688885355452,42.52296223519334,54.40827196940262,28.489141282212778,43.49686350508732,57.430935660644664,29.939311896980648
37.25324324324324,44.63249593117234,60.90802963825329,31.60515440992249,48.6945475669214,58.7509566283529,32.3972738129614,42.552750211934736,54.427685732491625,28.49025523132019,43.52886933083434,57.45630169220104,29.943317724030635
37.30729729729729,44.667550511661986,60.94149638666713,31.613126271349294,48.7578662628102,58.7976611198029,32.4263313685875,42.5830946355794,54.4484148749261,28.49186416170864,43.56144013426062,57.48313337383472,29.94784620890438
37.361351351351345,44.70317354232821,60.97662371351027,31.621652160699334,48.8216307371268,58.8457381729890,32.4560529383683,42.61398996282742,54.47046032954591,28.493966747507173,43.59457021336354,57.511434812290354,29.952895915634656
37.4154054054054,44.73935908511845,61.01342049055518,31.630730458970426,48.8858298211580,58.8951717183337,32.4864299496096,42.645430650378884,54.49382302919089,28.496561662844854,43.62825386614049,57.54121011431268,29.958465408254224
37.46945945945946,44.776101201980154,61.0518955895743,31.640359547160358,48.9504523121625,58.9459450047723,32.5174535250699,42.6774111549339,54.51850390670087,28.499647581850724,43.66248539058885,57.5724633866464,29.964553250795827
37.52351351351351,44.81339395486076,61.09205788234014,31.65053780626694,49.0154869750997,58.9980406089110,32.5491144872245,42.70992593319256,54.54450389491572,28.503223178653833,43.69725908470598,57.605198736036186,29.971158007292242
37.57756756756756,44.851231405707686,61.133916240625155,31.66126361728798,49.0809225443587,59.0514404445689,32.5814033626970,42.74296944185497,54.57182392667525,28.50728712738323,43.73256924648929,57.63942026922674,29.978278241776223
37.63162162162162,44.889607616468396,61.1774795362018,31.67253536122128,49.1467477254873,59.1061257726946,32.6143103868571,42.77653613762122,54.600464934819335,28.51183810216797,43.76841017393615,57.675132092962755,29.985912518280536
37.68567567567567,44.92851664909031,61.22275664084259,31.684351419064644,49.2129511969212,59.1620772116538,32.6478255085807,42.81062047719142,54.63042785218779,28.516874777137108,43.80477616504395,57.71233831398896,29.99405940083794
37.739729729729724,44.96795256552089,61.26975642631997,31.696710171815877,49.2795216117133,59.2192747478780,32.6819383951696,42.84521691726566,54.66171361162047,28.52239582641968,43.841661517810046,57.75104303905002,30.0027174534812
37.79378378378378,45.00790943581394,61.318488142926014,31.70961007500325,49.3464475992617,59.2776977468703,32.7166384374283,42.88031993341031,54.69432338303554,28.528400000371,43.87906054523713,57.791250662391306,30.011885316611306
37.84783783783784,45.04838136042227,61.36896246040118,31.72304986364431,49.4137177670380,59.3373249645584,32.7519147548927,42.9159240719403,54.72825922539481,28.534886335194827,43.916967616597674,57.8329666563857,30.021561917010132
37.901891891891886,45.08936242989084,61.421189585850954,31.737028181663796,49.4813207023136,59.3981345589893,32.7877562012104,42.95202385611178,54.76352290789775,28.541853773929496,43.955377082824356,57.87619614201634,30.031746088120595
37.95594594594594,45.13084667756956,61.47517705571481,31.75154314713257,49.5492449738859,59.4601041023569,32.8241513696660,42.98861367606879,54.80011452702459,28.549300721794776,43.99428318897928,57.92094221178948,30.042436124565306
38.01,45.17282804583662,61.53092815860137,31.766592041724,49.6174791338020,59.5232105933553,32.8610885988509,43.02568771023381,54.838031518710025,28.557224728582458,44.03368001173185,57.96720473181495,30.05362946394557
38.06405405405405,45.21530036583253,61.58844098898945,31.78217112438777,49.6860117190813,59.5874304698494,32.8985559784714,43.063239878142085,54.87726806564748,28.565622298090734,44.073561421845696,58.014979623054586,30.065322495920817
38.1181081081081,45.258257350704824,61.647708131795,31.798275569241166,49.7548312534364,59.6527396218553,32.9365413552936,43.10126382471966,54.91781489972379,28.574488824602334,44.11392107167417,58.06425862173827,30.077510498568422
38.17216216216216,45.3016926023633,61.70871697780419,31.814899527677795,49.8239262489912,59.7191134048210,32.9750323392202,43.13975293600532,54.95965949958446,28.583818656406354,44.15475240766477,58.11502951894783,30.090187702023876
38.22621621621621,45.34559963174612,61.77145066997229,31.83203631469376,49.8932852079970,59.7865266532004,33.0140163094953,43.178700386316294,55.00278668332952,28.593605286363957,44.19604870787242,58.1672768793687,30.103347479401357
38.280270270270265,45.389971892596314,61.835889680588636,31.84967871943129,49.9628966245461,59.8549536943106,33.0534804210350,43.21809921685771,55.04717959633973,28.603841669517706,44.23780314448135,58.22098323920943,30.116982664994758
38.33432432432432,45.434802828749135,61.90201401930749,31.867819439939822,50.0327489862822,59.9243683624647,33.0934116108771,43.25794244577592,55.092821094233514,28.61452066774476,44.28000887133606,58.27613078328885,30.131085999759005
38.38837837837838,45.48008591443876,61.969805115231566,31.886451453758035,50.1028307761078,59.9947440133698,33.1337966047489,43.29822316196583,55.139694921672955,28.625635428770728,44.322659098550844,58.332702774553255,30.1456505110299
38.442432432432426,45.52581463200579,62.03924477598318,31.905567812955113,50.1731304738885,60.0660535387836,33.1746219237467,43.33893447318861,55.18778506039844,28.637179176547463,44.365747051245265,58.39068276344966,30.16066930251148
38.49648648648648,45.5719824637908,62.11031480918464,31.92516156960022,50.2436365581534,60.1382693814167,33.2158738911248,43.380069487205446,55.23707549215036,28.649145135026835,44.40926595453892,58.450054300425066,30.17613547790778
38.55054054054054,45.61858289213441,62.182997022458224,31.945225775762506,50.3143375077921,60.2113635500755,33.2575386391878,43.421621311777514,55.28755019866912,28.6615265281607,44.453209033551374,58.51080093592644,30.192042140922844
38.60459459459459,45.665609399377175,62.25727322342625,31.965753483511158,50.3852218037470,60.2853076350320,33.2996021162843,43.463583054666,55.33919316169511,28.674316579900918,44.49756951340221,58.57290622040078,30.2083823952607
38.658648648648644,45.71305546785972,62.333125219711015,31.986737744915324,50.4562779307023,60.3600728236146,33.3420500938956,43.50594782363207,55.39198836296873,28.68750851419935,44.542340619211004,58.636353704295104,30.2251493446254
38.7127027027027,45.76091457992259,62.410534818934806,32.008171612044194,50.5274943787675,60.4356299160069,33.3848681738169,43.5487087264369,55.44591978423037,28.70109555500786,44.58751557609734,58.70112693805637,30.242336092720976
38.76675675675675,45.80918021790641,62.48948382871994,32.030048136966904,50.5988596451571,60.5119493412479,33.4280417954247,43.591858870841676,55.50097140722043,28.715070926278308,44.63308760918079,58.76720947213158,30.259935743251464
38.820810810810805,45.85784586415174,62.569954056688715,32.05236037175265,50.6703622358645,60.5890011734208,33.4715562430287,43.635391364607585,55.55712721367931,28.72942785196255,44.679049943580935,58.83458485696775,30.277941399920905
38.87486486486486,45.90690500099919,62.65192731046342,32.075101368470584,50.7419906673314,60.6667551480221,33.5153966533003,43.67929931549578,55.614371185347395,28.744159556012463,44.725395804417346,58.90323664301185,30.29634616643333
38.92891891891892,45.95635111078933,62.73538539766637,32.09826417918987,50.8137334681117,60.7451806785007,33.5595480227769,43.72357583126747,55.67268730396509,28.75925926237989,44.77211841680962,58.97314838071088,30.315143146492787
38.982972972972966,46.006177675862766,62.82031012591986,32.121841855979675,50.8855791805293,60.8242468729558,33.6039952154340,43.768214019683796,55.73205955127278,28.774720195016698,44.81921100587731,59.044303620511826,30.3343254438033
39.03702702702702,46.05637817856008,62.906683302846176,32.145827450909174,50.9575163623306,60.9039225509853,33.6487229703238,43.813206988505975,55.792471909010885,28.79053557787475,44.866666796740006,59.116685912861676,30.35388616206892
39.09108108108108,46.10694610122185,62.99448673606764,32.17021401604752,51.0295335883306,60.9841762606718,33.6937159092730,43.85854784549515,55.85390835891977,28.80669863490591,44.91447901451728,59.190278808207424,30.373818404993678
39.14513513513513,46.15787492618868,63.08370223320654,32.19499460346388,51.1016194520531,61.0649762956983,33.7389585446369,43.90422969841252,55.91635288273983,28.82320259006203,44.96264088432872,59.265065856996074,30.394115276281614
39.199189189189184,46.20915813580115,63.17431160188518,32.220162265227444,51.1737625673637,61.1462907125816,33.7844352871045,43.95024565501926,55.979789462211485,28.84004066729498,45.0111456312939,59.34103060967462,30.41476987963677
39.25324324324324,46.26078921239985,63.26629664972587,32.24571005340735,51.2459515700972,61.2280873480132,33.8301304535501,43.99658882307655,56.044202079075106,28.857206090556616,45.05998648053239,59.41815661669004,30.43577531876317
39.30729729729729,46.31276163832537,63.35963918435089,32.27163102007279,51.3181751196767,61.3103338362978,33.8760282749269,44.043252310345565,56.10957471507112,28.874692083798806,45.10915665716378,59.49642742848933,30.45712469736487
39.361351351351345,46.3650688959183,63.45432101338255,32.2979182172929,51.3904219007265,61.3929976268781,33.9221129041975,44.090229224587475,56.175891351939896,28.892491870973394,45.158649386307644,59.57582659551949,30.478811119145895
39.4154054054054,46.417704467519215,63.550323944443164,32.32456469713688,51.4626806246776,61.4760460019355,33.9683684242970,44.13751267356348,56.24313597142185,28.910598676032258,45.20845789308357,59.65633766822751,30.500827687810286
39.46945945945946,46.47066183546872,63.647629785155004,32.35156351167387,51.5349400313651,61.5594460940567,34.0147788561239,44.18509576503473,56.31129255525735,28.92900572292725,45.258575402611115,59.73794419706037,30.52316750706209
39.52351351351351,46.52393448210741,63.74622034314039,32.37890771297304,51.6071888906179,61.6431649039540,34.0613281665537,44.23297160676242,56.38034508518682,28.94770623561024,45.308995140009856,59.820629732465065,30.545823680605334
39.57756756756756,46.57751588977584,63.84607742602164,32.40659035310357,51.6794160038413,61.7271693182313,34.1080002764716,44.28113330650772,56.45027754295063,28.966693438033083,45.359710330399395,59.904377824888606,30.568789312144055
39.63162162162162,46.63139954081463,63.94718284142101,32.4346044841346,51.7516102055901,61.8114261271818,34.1547790688179,44.329573972031824,56.52107391028919,28.985960554147635,45.41071419889929,59.989172024777965,30.592057505382293
39.68567567567567,46.68557891756434,64.04951839696082,32.462943158135324,51.8237603651340,61.8959020426098,34.2016483966432,44.37828671109588,56.592718168942895,29.005500807905765,45.46199997062913,60.07499588258015,30.615621364024086
39.739729729729724,46.7400475023656,64.15306590026339,32.491599427174904,51.8958553880144,61.9805637156641,34.2485920911668,44.4272646314611,56.665194300652146,29.02530742325933,45.51356087070848,60.16183294874213,30.639473991773478
39.79378378378378,46.79479879873695,64.25780762673007,32.520566404995094,51.9678842175920,62.0653777546734,34.2955939698359,44.476500844895455,56.73848665332723,29.045373661837136,45.565390133488044,60.24966720226901,30.663608540816984
39.84783783783783,46.84982638961445,64.36372760593372,32.549837436609884,52.0398358365860,62.1503107429721,34.3426378443783,44.525988478192545,56.81258094801561,29.065692926556466,45.61748102793517,60.338484229258626,30.688018345150468
39.901891891891886,46.90512383204992,64.47080929571726,32.579405791655674,52.1116992686032,62.2353292567068,34.3897075288465,44.575720653248695,56.887462458223695,29.086258574285047,45.66982681173472,60.42826909201561,30.712696679513382
39.95594594594594,46.96068453367271,64.57903285348237,32.609264304634394,52.1834635796587,62.3203998826132,34.4367868476459,44.62569046368993,56.96311387392586,29.10706369605888,45.722420677441,60.51900382912931,30.737636476574345
40.01,47.01650166444807,64.68837318711013,32.639405117944435,52.2551178796861,62.4054892357517,34.4838596435452,44.67589095817682,57.03951377585641,29.12810096009504,45.77525571401469,60.610665669815106,30.76283012492071
40.06405405405405,47.07256810373214,64.79879878551328,32.669819527699126,52.3266513240382,62.4905639771922,34.5309097856622,44.72631513038746,57.11663572008483,29.14936251759935,45.82832488374516,60.7032259625192,30.7882693478524
40.1181081081081,47.12887642262365,64.91027132882039,32.700497932332894,52.3980531149780,62.5755908316376,34.5779211774213,44.776955915678464,57.194447932874255,29.17083997136891,45.88162101455784,60.796649817786914,30.813945162979785
40.17216216216216,47.18541890161228,65.02274607819164,32.73142988399511,52.4693125031591,62.6605366049755,34.6248777644785,44.82780619442395,57.272913615822986,29.19252440718956,45.93513680770678,60.89089646539445,30.839847922625815
40.22621621621621,47.24218758352359,65.13617304526667,32.762604242731584,52.5404187890956,62.7453682017482,34.6717635426085,44.87885880203261,57.35199186128932,29.214406488028203,45.988864860852516,60.98592032574398,30.865967435032186
40.280270270270265,47.299174361760606,65.25049894124388,32.794009433453695,52.6113613246222,62.8300526425301,34.7185625655499,44.930106545642815,57.43163917809939,29.236476611020045,46.042797706524944,61.08167279552243,30.89229316636972
40.33432432432432,47.35637110384222,65.36566990559167,32.82563380569519,52.6821295143425,62.9145570812028,34.7652589528041,44.98154222749568,57.51181162753841,29.258725127250713,46.09692786597149,61.178104747623465,30.918814523552868
40.38837837837838,47.413769756704745,65.48163383194999,32.857465940262074,52.7527128170672,62.9988488221187,34.8118368973830,45.03315866485789,57.592466644028676,29.281142529094314,46.151247895056244,61.27516866203358,30.945521095305402
40.442432432432426,47.47136228846247,65.59833908173783,32.88949447963293,52.8231007472405,63.0828953371413,34.8582806735019,45.08494867900301,57.67356202816243,29.303719346601913,46.205750358874425,61.37281744729731,30.972402518833587
40.49648648648648,47.529140667229726,65.7157340163742,32.92170806628636,52.8932828763558,63.1666642825545,34.9045746442120,45.13690509120454,57.755055580531874,29.32644610982457,46.26042782252122,61.4710040119592,30.99944843134368
40.55054054054054,47.5870968611208,65.83376699727809,32.95409534270094,52.9632488343595,63.2501235158291,34.9507032689700,45.18902072273601,57.836905101729265,29.349313348813332,46.31527285109186,61.56968126456381,31.02664847004195
40.60459459459459,47.64522283825001,65.95238638586846,32.98664495135527,53.0329883110433,63.3332411122388,34.9966511111384,45.24128839487094,57.91906839234679,29.37231159361926,46.37027800968152,61.6688021136557,31.05399227213464
40.658648648648644,47.703510566731666,66.07154054356437,33.01934553472792,53.1024910574244,63.4159853813150,35.0424028454142,45.29370092888287,58.001503252976704,29.39543137429341,46.425435863385424,61.768319467779406,31.081469474828037
40.7127027027027,47.76195201468006,66.19117783178476,33.05218573529751,53.1717468871143,63.4983248831306,35.0879432651806,45.346251146045304,58.08416748421121,29.418663220886835,46.48073897729877,61.86818623547949,31.10906971532838
40.76675675675675,47.820539150209534,66.31124661194866,33.08515419554261,53.2407456776747,63.5802284444059,35.1332572897780,45.39893186763179,58.16701888664254,29.441997663450593,46.53617991651677,61.96835532530048,31.136782630841942
40.820810810810805,47.879263941434374,66.43169524547505,33.11823955794181,53.3094773719614,63.6616651744237,35.1783299716906,45.45173591491583,58.25001526086292,29.46542523203575,46.59175124613462,62.06877964578696,31.164597858574986
40.87486486486486,47.93811835646888,66.55247209378295,33.151430464973714,53.3779319794558,63.7426044807485,35.2231465036444,45.504656109170966,58.33311440746458,29.488936456693345,46.64744553124753,62.169412105483474,31.192505035733763
40.92891891891892,47.997094363427365,66.67352551829134,33.184715559116896,53.4460995775832,63.8230160847382,35.2676922256114,45.55768527167071,58.41627412703971,29.512521867474447,46.703255336950704,62.27020561293456,31.220493799524544
40.982972972972966,48.056183930424154,66.7948038804192,33.21808348284996,53.5139703130191,63.9028700368407,35.3119526317192,45.61081622368859,58.499452220180586,29.536171994430106,46.759173228339336,62.37111307668476,31.248553787153583
41.03702702702702,48.11537902557353,66.91625554158556,33.25152287865148,53.5815344029815,63.9821367316665,35.3559133770587,45.66404178649814,58.58260648747938,29.559877367611385,46.815191770508655,62.47208740527863,31.276674635827142
41.09108108108108,48.17467161698981,67.03782886320938,33.28502238900005,53.6487821365111,64.0607869228298,35.3995602843887,45.717354781372876,58.665694729528354,29.58362851706933,46.87130352855384,62.573081507260746,31.304845982751484
41.14513513513513,48.23405367278731,67.1594722067097,33.31857065637426,53.7157038757368,64.1387917375480,35.4428793507324,45.770748029586315,58.748674746919704,29.607415972854994,46.927501067570105,62.67404829117562,31.333057465132867
41.199189189189184,48.29351716108033,67.28113393350546,33.352156323252714,53.7822900571293,64.2161226909933,35.4858567538628,45.824214352412,58.83150434024568,29.631230265019454,46.98377695265266,62.77494066556783,31.361298720177558
41.25324324324324,48.35305404998319,67.40276240501571,33.38576803211399,53.8485311927398,64.2927517003878,35.5284788586737,45.87774657112345,58.9141413100985,29.65506192361375,47.040123748896704,62.87571153898193,31.389559385091818
41.30729729729729,48.412656307610185,67.52430598265943,33.419394425436664,53.9144178714256,64.3686510988338,35.5707322234320,45.93133750699418,58.99654345707037,29.678901478688942,47.09653402139746,62.976313819962456,31.417829097081906
41.361351351351345,48.47231590207563,67.64571302785559,33.45302414569935,53.9799407600615,64.4437936488731,35.6126036059084,45.98497998129773,59.07866858175353,29.70273946029609,47.1530003352501,63.07670041705397,31.44609749335408
41.4154054054054,48.532024801493826,67.76693190202323,33.48664583538063,54.0450906047374,64.5181525557664,35.6540799693843,46.03866681530762,59.160474484740206,29.72656639848624,47.209515255549846,63.176824238801004,31.4743542111146
41.46945945945946,48.591774973979085,67.88791096658133,33.52024813695908,54.1098582319412,64.5917014804864,35.6951484885294,46.09239083029737,59.241918966622606,29.750372823310457,47.266071347391915,63.27663819374811,31.50258888756974
41.52351351351351,48.65155838764571,68.00859858294885,33.5538196929133,54.1742345497278,64.6644145524178,35.7357965551490,46.14614484754051,59.32295982799296,29.7741492648198,47.32266117587149,63.376095190439855,31.53079115992574
41.57756756756756,48.71136701060801,68.12894311254485,33.58734914572189,54.2382105488733,64.7362663817569,35.7760117837973,46.19992168831055,59.4035548694435,29.797886253065315,47.37927730608378,63.475148137420796,31.558950665388885
41.63162162162162,48.771192810980295,68.24889291678828,33.62082513786342,54.3017773040150,64.8072320716042,35.8157820172529,46.25371417388102,59.48366189156644,29.821574318098058,47.435912303124,63.573749943235455,31.587057041165412
41.68567567567567,48.83102775687688,68.36839635709813,33.6542363118165,54.3649259747761,64.8772872297436,35.8550953318555,46.30751512552547,59.563238694954016,29.8452039899691,47.492558732087346,63.6718535164284,31.615099924461603
41.739729729729724,48.890863816412065,68.48740179489343,33.6875713100597,54.4276478068755,64.9464079801031,35.8939400426987,46.3613173645174,59.64224308019844,29.868765798729484,47.549209158069026,63.76941176554418,31.64306895248371
41.79378378378378,48.95069292779872,68.60585785146556,33.72081872920569,54.4899341332235,65.0145709738882,35.9323047086787,46.41511371120178,59.7206328925173,29.892250235802145,47.6058561370841,63.8663777342979,31.67095372110723
41.84783783783783,49.01050691711936,68.72371412262724,33.75396699386985,54.5517763750008,65.0817534003859,35.9701781373947,46.46889698244155,59.79836614447325,29.915647647754547,47.66249219109701,63.96270497329417,31.69874367121733
41.901891891891886,49.07029764700264,68.84091988656948,33.78700458472594,54.6131660427238,65.1479329974308,36.0075493898981,46.52265999623451,59.87540079408684,29.9389484283663,47.719109853170195,64.05834686792919,31.726428294214536
41.95594594594594,49.13005719104852,68.95742258793929,33.8199203060574,54.6740947372934,65.2130880615287,36.0444077852908,46.576395577129894,59.951694484522,29.9621432439599,47.77570172043163,64.15325584989587,31.75399737311085
42.01,49.18977795841745,69.07316675503817,33.85270347686536,54.7345541510287,65.2771974576338,36.0807429051665,46.63009656009733,60.02720435814692,29.985223194351256,47.832260491908826,64.24738283397323,31.781441154741202
42.06405405405405,49.24945276858402,69.18809335014114,33.88534404553353,54.7945360686849,65.3402406285727,36.1165445978967,46.683755792848196,60.101886944970815,30.008179909419994,47.888778991229245,64.34067688010015,31.80875045309041
42.1181081081081,49.309074876254826,69.3021395529365,33.91783262804982,54.8540323684558,65.4021976041121,36.1518029827558,46.737366136609445,60.17569812545602,30.031005581299553,47.94525017418706,64.43308508073306,31.83591668373542
42.17216216216216,49.368637946450576,69.41523897708605,33.950160469784706,54.9130350229602,65.4630490096643,36.1865084538859,46.79092046534975,60.248593167705906,30.053692932187108,48.001667121176375,64.52455267348822,31.862931829403035
42.22621621621621,49.428135979752525,69.52732231990609,33.98231933082637,54.9715361002119,65.5227760746275,36.2206516840986,46.844411663458196,60.320526839028105,30.076235117773237,48.05802301449084,64.61502337906805,31.889788336643026
42.280270270270265,49.487563187713164,69.63831844516898,34.01430129487268,55.0295277645745,65.5813606403562,36.2542236285109,46.8978326218753,60.3914535918736,30.09862556629139,48.114311100489644,64.70443996447165,31.916478943616614
42.33432432432432,49.54691381843117,69.74815589902525,34.04609850167986,55.0870022776991,65.6387851677582,36.2872155280157,46.95117623267645,60.46132782415133,30.12085775318719,48.17052463662997,64.79274503148967,31.9429964390004
42.38837837837837,49.606182007874864,69.85676420214683,34.07770291900687,55.1439519994469,65.6950327445144,36.3196189125834,47.00443538445501,60.53010410111524,30.142925009050767,48.22665684631837,64.87988168880237,31.96933345648062
42.442432432432426,49.6653618621111,69.96407313507805,34.10910646874672,55.2003693887934,65.7500870919181,36.3514256043940,47.05760296487574,60.59773703264467,30.164820625844143,48.28270094388128,64.96579318026045,31.995482588412795
42.49648648648648,49.72444748720675,70.07001247836325,34.140301072792454,55.2562470047188,65.8039325713315,36.3826277207983,47.110671861603464,60.664181228618965,30.186537895529327,48.33865014364511,65.05042274971468,32.021436427152395
42.55054054054054,49.78343298922871,70.17451201254674,34.171278653037106,55.3115775070792,65.8565541902549,36.4132176771070,47.16363496230296,60.729391298917434,30.20807011006835,48.394497659936285,65.13371364101585,32.047187565054934
42.60459459459459,49.84231247424381,70.27750151817283,34.20203113137368,55.3663536574629,65.9079376080083,36.4431881892060,47.21648515463903,60.793321853419414,30.229410561423215,48.45023670708123,65.21560909801464,32.07272859447588
42.658648648648644,49.90108004831897,70.37891077578581,34.232550429695216,55.4205683200293,65.9580691410206,36.4725322759976,47.26921532627645,60.85592750200426,30.25055254155594,48.50586049940635,65.29605236456186,32.098052107770755
42.7127027027027,49.95972981752102,70.47866956593006,34.26282846989474,55.4742144623307,66.0069357677267,36.5012432616659,47.321818364880045,60.91716285455128,30.271489342428552,48.561362251238094,65.37498668450824,32.12315069729504
42.76675675675675,50.01825588791685,70.57670766914985,34.292857173865286,55.5272851561178,66.0545251330680,36.5293147777670,47.37428715811458,60.97698252093981,30.29221425600305,48.61673517690286,65.45235530170453,32.148016955404216
42.820810810810805,50.07665236557333,70.67295486598951,34.322628463499875,55.5797735781274,66.1008255525976,36.5567407651407,47.426614593644864,61.03534111104919,30.312720574241474,48.67197249072707,65.5281014600015,32.1726434744538
42.87486486486486,50.134913356557334,70.76734093699339,34.35213426069152,55.6316730108537,66.1458260161865,36.5835154756457,47.47879355913568,61.09219323475874,30.333001589105823,48.727067407037154,65.60216840324988,32.19702284679928
42.92891891891892,50.19303296693574,70.85979566270576,34.38136648733327,55.6829768433022,66.1895161913302,36.6096334737171,47.53081694225183,61.14749350194782,30.353050592558112,48.78201314015953,65.67449937530043,32.221147664796135
42.982972972972966,50.2510053027754,70.95024882367096,34.41031706531813,55.7336785717258,66.2318864260566,36.6350896377438,47.58267763065811,61.20119652249572,30.372860876560363,48.836802904420594,65.74503762000387,32.24501052079988
43.03702702702702,50.30882447014319,71.03863020043332,34.438977916539145,55.7837718003447,66.2729277514309,36.6598791612692,47.63436851201931,61.25325690628181,30.392425733074596,48.89142991414681,65.81372638121103,32.26860400716599
43.09108108108108,50.36648457510599,71.12486957353713,34.46734096288933,55.8332502420475,66.3126318836616,36.6839975540111,47.68588247400021,61.30362926318539,30.411738454062828,48.94588738366457,65.88050890277259,32.29192071624996
43.14513513513513,50.42397972373067,71.20889672352673,34.49539812626171,55.8821077190764,66.3509912258032,36.7074406427043,47.73721240426561,61.35226820308583,30.430792331487055,49.00016852730029,65.94532842853931,32.314953240407306
43.199189189189184,50.4813040220841,71.29064143094644,34.52314132854933,55.9303381636935,66.3879988690590,36.7302045717624,47.78835119048032,61.39912833586242,30.449580657309323,49.05426655938041,66.008128202362,32.337694171993505
43.25324324324324,50.53845157623315,71.37003347634055,34.55056249164521,55.9779356188299,66.4236485936821,36.7522858037623,47.83929172030912,61.44416427139453,30.46809672349163,49.10817469423134,66.06885146809134,32.36013610336405
43.30729729729729,50.595416492244695,71.44700264025343,34.57765353744236,56.0248942387181,66.4579348694765,36.7736811197496,47.8900268814168,61.48733061956147,30.486333821996,49.1618861461795,66.12744146957812,32.382271626874434
43.361351351351345,50.65219287618561,71.52147870322936,34.60440638783381,56.0712082895051,66.4908528558987,36.7943876193650,47.94054956146817,61.52858199024257,30.50428524478444,49.2153941295513,66.18384145067309,32.40409333488016
43.4154054054054,50.70877483412275,71.59339144581266,34.63081296471261,56.1168721498490,66.5223984017599,36.8144027207942,47.990852648128,61.56787299331718,30.521944283818975,49.26869185867318,66.237994655227,32.42559381973672
43.46945945945946,50.765156472122996,71.66267064854767,34.65686518997177,56.1618803114973,66.5525680445329,36.8337241605396,48.040929029061104,61.605158238664615,30.53930423106162,49.321772547871554,66.28984432709058,32.446765673799604
43.52351351351351,50.821331896253234,71.72924609197867,34.68255498550431,56.2062273798471,66.5813590092610,36.8523499930158,48.09077159193227,61.640392336164226,30.556358378474393,49.37462941147284,66.33933371011462,32.4676014894243
43.57756756756756,50.87729521258032,71.79304755665001,34.70787427320326,56.2499080744881,66.6087692070751,36.8702785899696,48.140373224406275,61.67352989569531,30.573100018019304,49.42725566380345,66.38640604814984,32.48809385896631
43.63162162162162,50.9330405271711,71.85400482310601,34.732814974961656,56.2929172297270,66.6347972333173,36.8875086397240,48.189726814147924,61.70452552713724,30.58952244165837,49.47964451918982,66.431004585047,32.50823537478112
43.68567567567567,50.9885619460925,71.91204767189097,34.75736901267253,56.3352497950939,66.6594423652762,36.9040391462498,48.238825248822025,61.73333384036932,30.605618941353615,49.53178919195835,66.47307256465686,32.52801862922425
43.739729729729724,51.04385357541136,71.96710588354922,34.781528308228886,56.3769008358315,66.6827045595339,36.9198694280634,48.28766141609336,61.75990944527089,30.621382809067047,49.583682896435484,66.51255323083018,32.547436214651164
43.79378378378378,51.098909536181004,72.01910787219667,34.805284666601786,56.4178655333652,66.7045844489289,36.9349991169527,48.3362281846254,61.78420600405182,30.636807237566977,49.635318837739604,66.54938868028088,32.5664806159569
43.84783783783783,51.15372400565394,72.06797692784264,34.828629454304874,56.4581391857557,66.7250833391380,36.9494281565337,48.38451835182665,61.80617362516138,30.651885047645255,49.686690186459046,66.58351670795983,32.58514391505973
43.901891891891886,51.20829114276591,72.11363801057564,34.85155418075641,56.4977172081333,66.7442032048790,36.9631568006367,48.43252473832948,61.82576357531159,30.666609181330507,49.737790124436344,66.61487651087404,32.603418325218506
43.95594594594594,51.26260500071491,72.15602572139579,34.87405118032418,56.5365951331140,66.7619466857386,36.9761856115264,48.48024029883109,61.8429338075491,30.68097328051815,49.788611898481804,66.64341537971801,32.62129681788537
44.01,51.316659464517684,72.1950899956666,34.896114099500366,56.5747686111979,66.7783170816290,36.9885154579548,48.527658201265815,61.8576529098781,30.694972100277514,49.83914885874015,66.66909347861052,32.6387735704577
44.06405405405405,51.37044821354358,72.23079951918592,34.917738189206524,56.6122334111484,66.7933183478768,37.0001475130506,48.57477187430831,61.86990247443394,30.70860175683617,49.88939448171065,66.69188671293668,32.655844234929276
44.1181081081081,51.42396470902583,72.2631428668764,34.93892040222852,56.6489854203544,66.8069550899478,37.0110832520457,48.621575023208045,61.879677887207805,30.721859810241348,49.93934237792046,66.71178768529522,32.67250602744069
44.17216216216216,51.47720220655028,72.29212736409507,34.959659295781584,56.6850206451730,66.8192325578136,37.0213244498417,48.66806161395486,61.88698753832204,30.73474518169849,49.988986284251226,66.72880473955121,32.68875763872894
44.22621621621621,51.53015379352152,72.3177756705623,34.97995473920535,56.7203352112554,66.8301566399613,37.0308731784163,48.71422582577564,61.89185045285652,30.74725790558699,50.038320040919096,66.74295909299394,32.70459896547624
44.280270270270265,51.58281245160638,72.3401200869101,34.99980742678896,56.7549253638530,66.8397338570551,37.0397318040749,48.76006197196219,61.89429234222578,30.75939871615302,50.0873375531079,66.75428005660028,32.7200306625581
44.33432432432432,51.63517114415495,72.35919458384969,35.01921819572622,56.7887874681063,66.8479713552503,37.0479029845458,48.805564389030124,61.894340076107056,30.771168468879495,50.13603273725574,66.76279834340319,32.735053516190646
44.38837837837837,51.687222890716484,72.37502800798562,35.03818744475347,56.8219180093153,66.8548768991686,37.0553896659248,48.85072734224012,61.89201697041703,30.78256764727292,50.184399475270624,66.76854036467256,32.74966790961321
44.442432432432426,51.7389607258267,72.38764783949412,35.05671545568511,56.8543135931913,66.8604588645369,37.0621950794684,48.895545077851494,61.887345393402896,30.793596635646068,50.23243163985252,66.7715313845415,32.763874118604654
44.49648648648648,51.79037768402131,72.39708155855138,35.07480251033553,56.8859709460909,66.8647262304972,37.0683227382402,48.94001184212361,61.88034771331188,30.804255818311724,50.28012310370144,66.77179666714308,32.77767241894387
44.55054054054054,51.84146679983603,72.40335664533357,35.09244889051912,56.9168869152311,66.8676885715915,37.0737764336118,48.98412188131581,61.87104629839114,30.81454557958265,50.327467739517374,66.76936147661037,32.79106308640972
44.60459459459459,51.892221107806556,72.40650058001694,35.10965487805028,56.9470584688866,66.8693560494291,37.0785602316213,49.02786944168743,61.85946351688792,30.82446630377163,50.374459420000285,66.76425107707647,32.8040463967811
44.658648648648644,51.94263364246862,72.40654084277763,35.126420754743386,56.9764826965691,66.8697394040413,37.0826784691916,49.071248769497814,61.845621737049406,30.83401837519144,50.42109201785018,66.75649073267445,32.81662262583687
44.7127027027027,51.99269743835792,72.40350491379185,35.142746802412844,57.0051568091875,66.8688499449288,37.0861357502116,49.11425411100631,61.82954332712279,30.843202178154858,50.46735940576704,66.74610570753742,32.82879204935591
44.76675675675675,52.042405530010186,72.39742027323582,35.158633302873035,57.0330781391904,66.8666995418112,37.0889369414831,49.156879712472254,61.81125065535531,30.85201809697466,50.51325545645085,66.73312126579847,32.84055494311709
44.820810810810805,52.0917509519611,72.38831440128571,35.17408053793835,57.0602441406905,66.8633006150809,37.0910871685352,49.199119820155,61.79076608999412,30.860466515963623,50.558774042601605,66.71756267159066,32.8519115828993
44.87486486486486,52.14072673874641,72.37621477811774,35.18908878942319,57.0866523895702,66.8586661259714,37.0925918113115,49.240968680313884,61.768111999286454,30.86854781943451,50.60390903691929,66.69945518904707,32.862862244481406
44.92891891891891,52.18932592490181,72.36114888390804,35.20365833914193,57.1123005835697,66.8528095664457,37.0934564997302,49.28242053920824,61.74331075147951,30.876262391700124,50.648654312103886,66.6788240823008,32.87340720364229
44.982972972972966,52.23754154496301,72.3431441988329,35.217789468908975,57.1371865423566,66.8457449488107,37.0936871091221,49.32346964309742,61.71638471482047,30.88361061707322,50.693003740855396,66.65569461548493,32.88354673616081
45.03702702702702,52.28536663346573,72.32222820306845,35.23148246053871,57.1613082075771,66.8374867950664,37.0932897555494,49.36411023824077,61.68735625755656,30.89059287986658,50.7369511958738,66.63009205273256,32.89328111781586
45.09108108108108,52.33279422494567,72.2984283767909,35.24473759584552,57.1846636428895,66.8280501259963,37.0922707910078,49.40433657089763,61.656247747934984,30.897209564392984,50.78049054985907,66.60204165817676,32.90261062438632
45.14513513513513,52.37981735393856,72.27177220017643,35.257555156643804,57.2072510339794,66.8174504500064,37.0906367985155,49.44414288732733,61.623081554202905,30.903461054965206,50.82361567551122,66.5715686959506,32.911535531651054
45.199189189189184,52.426429054980105,72.24228715340125,35.269935424747956,57.2290686885571,66.8057037517200,37.0883945870928,49.48352343378923,61.58788004460756,30.909347735896016,50.86632044553021,66.5386984301872,32.920056115388945
45.25324324324324,52.47262236260602,72.21000071664157,35.28187868197236,57.2501150363363,66.7928264803374,37.0855511866350,49.52247245654267,61.55066558739616,30.9148699914982,50.90859873261604,66.50345612501961,32.928172651378866
45.30729729729729,52.51839031135201,72.17494037007357,35.293385210131405,57.2703886289957,66.7788355377660,37.0821138426826,49.56098420184699,61.51146055081588,30.920028206084538,50.950444409468716,66.46586704458093,32.935885415399696
45.361351351351345,52.563725935753794,72.13713359387344,35.30445529103949,57.2898881401222,66.7637482665307,37.0780900110919,49.59905291596154,61.470287303113935,30.924822763967793,50.99185134878819,66.42595645300428,32.9431946832303
45.4154054054054,52.608622270347084,72.09660786821739,35.315089206511,57.3086123651361,66.7475824374720,37.0734873526100,49.63667284514565,61.427168212537524,30.929254049460752,51.03281342327449,66.38374961442267,32.95010073064957
45.46945945945946,52.653072349667575,72.0533906732816,35.325287238360325,57.3265602211986,66.7303562372387,37.0683137273565,49.673838235658664,61.382125647333844,30.933322446876183,51.07332450562756,66.33927179296926,32.95660383343636
45.52351351351351,52.69706920825101,72.00750948924225,35.33504966840185,57.3437307471015,66.7120882555859,37.0625771892181,49.710543333759944,61.335181975750096,30.93702834052687,51.113378468547424,66.29254825277707,32.962704267369574
45.57756756756756,52.74060588063308,71.95899179627557,35.344376778449984,57.3601231031394,66.6927974724841,37.0562859801565,49.746782385708805,61.286359566033504,30.940372114725584,51.15296918473405,66.24360425797923,32.96840230822807
45.63162162162162,52.7836754013495,71.90786507455773,35.353268850319104,57.3757365709634,66.6725032450493,37.0494485244359,49.7825496377646,61.235680786431246,30.94335415378511,51.19209052688743,66.19246507270881,32.97369823179073
45.68567567567567,52.82627080493599,71.85415680426493,35.3617261658236,57.3905705534181,66.6512252943022,37.0420734227727,49.81783933618669,61.18316800519053,30.945974842018202,51.23073636770755,66.1391559610989,32.97859231383643
45.739729729729724,52.86838512592826,71.79789446557338,35.36974900677788,57.4046245743604,66.6289836917654,37.0341694464115,49.85264572723439,61.12884359055856,30.948234563737667,51.26890057989441,66.08370218728257,32.983084830144044
45.79378378378378,52.91001135921997,71.73910482886104,35.377337567300785,57.4178982784611,66.6057988459063,37.0257455311307,49.886963030838345,61.072729520420324,30.95013362945786,51.30657700746982,66.02612849295518,32.98717597499976
45.84783783783783,52.95114235104709,71.67781200276252,35.38449171265296,57.4303914309887,66.5816914884355,37.0168107711826,49.920785368196476,61.01484630880249,30.95167207294915,51.343759386912566,65.96645766067053,32.99086563709217
45.901891891891886,52.99177099609697,71.61404096344361,35.39121141527848,57.4421039175760,66.5566826604692,37.0073744131705,49.95410689268624,60.95521494684111,30.952850018179944,51.38044148975248,65.90471311151747,32.99415380471207
45.95594594594594,53.031890468753666,71.5478216950909,35.39749726636203,57.4530357439696,66.5307936985637,36.9974458498682,49.98692194344885,60.89385917989453,30.95366810980739,51.41661728985969,65.84092195267331,32.99704104112642
46.01,53.07149438827317,71.47919214740448,35.403350841227066,57.4631870357617,66.5040462206326,36.9870346139845,50.019225155092286,60.83080713405266,30.9541278206707,51.452281082936935,65.77511715422784,32.99952882413127
46.06405405405405,53.11057691788854,71.40820001009332,35.4087749185745,57.4725580381047,66.4764621117535,36.9761503718778,50.05101152351304,60.766092292042494,30.954231636287172,51.48742755821496,65.70733885527764,33.00161974978345
46.1181081081081,53.149132797844885,71.33490330437402,35.41377355356239,57.4811491154091,66.4480635098748,36.9648029172234,50.082276427836774,60.69975381852997,30.953983116350862,51.52205182235093,65.63763479929084,33.00331760031118
46.17216216216216,53.18715731236442,71.25936979147218,35.4183520047263,57.4889607510245,66.4188727914314,36.9530021646391,50.11301560847766,60.6318362348181,30.9533868332339,51.55614937553,65.5660598987424,33.00462727620345
46.22621621621621,53.224646190541215,71.18167519812677,35.422516514740494,57.4959935469023,66.3889125568778,36.9407581432719,50.14322510131667,60.56238844294149,30.952448187490504,51.58971603976994,65.49267492901969,33.00555459247833
46.280270270270265,53.2615954411661,71.1019002590976,35.42627394501989,57.5022482232434,66.3582056161478,36.9280809903505,50.17290112799847,60.49146209915699,30.951173100363597,51.62274783942881,65.41754435159858,33.00610593913009
46.33432432432432,53.298001121481306,71.02012657667572,35.42963126416283,57.5077256181278,66.3267749740507,36.9149809447067,50.2020399423473,60.419109336830886,30.949567583294186,51.65524083391575,65.34073326649,33.006287805755164
46.38837837837837,53.33385914007131,70.9364330914087,35.43259511190944,57.5124266871280,66.2946438156118,36.9014683402713,50.23063769945469,60.345380825471096,30.947637370979226,51.68719097509683,65.26230481456332,33.00610637635242
46.442432432432426,53.3691653658786,70.85089803404603,35.43517204030432,57.5163525029053,66.2618354913684,36.8875535995468,50.258690528083456,60.27032684422337,30.94538812431731,51.71859418615996,65.18232161425018,33.00556775342802
46.49648648648648,53.40391566784561,70.76359963533707,35.437368601392045,57.5195042547905,66.2283735026275,36.8732472270623,50.286194556996406,60.193997672233436,30.942825504206997,51.74944639029306,65.10084628398222,33.00467803948813
46.55054054054054,53.43810591491483,70.67461612603124,35.43919134721723,57.5218832483472,66.1942814866974,36.8585598028137,50.31314591495636,60.116443588647,30.939955171546867,51.77974351068404,65.01794144219105,33.00344333703892
46.60459459459459,53.47173197602869,70.58402573687798,35.440646829824445,57.5234909049192,66.1595832020999,36.8435019756941,50.33954073072613,60.037714872609826,30.936782787235497,51.80948147052081,64.93366970730828,33.00186974858656
46.658648648648644,53.504789720129665,70.49190669862668,35.441741601258286,57.5243287611615,66.1243025137744,36.8280844569173,50.36537513306851,59.95786180326762,30.933314012171458,51.838656192991266,64.8480936977656,32.999963376637204
46.7127027027027,53.53727501616022,70.39833724202677,35.442482213563366,57.5243984685558,66.0884633782804,36.8123180134397,50.390645250746346,59.87693465976609,30.92955450725333,51.867263601283355,64.76127603199461,32.99773032369704
46.76675675675675,53.569183733062786,70.30339559782766,35.44287521878425,57.5237017929084,66.0520898290107,36.7962134613836,50.415347212522434,59.79498372125102,30.925509933379672,51.895299618584986,64.67327932842697,32.995176692272224
46.820810810810805,53.600511739779876,70.20715999677877,35.442927168965554,57.5222406138342,66.0152059614210,36.7797816594666,50.43947714715959,59.712059266868096,30.921185951449075,51.92276016808406,64.58416620549428,32.99230858486892
46.87486486486486,53.631254905253904,70.10970866962951,35.442644616151846,57.5200169242232,65.9778359182876,36.7630335024402,50.46303118342064,59.62821157576306,30.916588222360105,51.9496411729685,64.49399928162819,32.98913210399331
46.92891891891891,53.66140909842735,70.01111984712931,35.44203411238774,57.5170328296919,65.9400038750003,36.7459799145432,50.48600545006836,59.543490927081635,30.911722407011343,51.975938556426215,64.40284117526033,32.98565335215155
46.982972972972966,53.690970188242666,69.91147176002755,35.441102209717826,57.5132905480195,65.9017340249013,36.7286318429712,50.50839607586562,59.45794759996956,30.90659416630135,52.00164824164511,64.31075450482236,32.98187843184981
47.03702702702702,53.71993404364231,69.81084263907368,35.43985546018668,57.5087924085677,65.8630505646766,36.7110002513694,50.53019918957517,59.371631873572554,30.901209161128715,52.026766151813106,64.21780188874587,32.97781344559426
47.09108108108108,53.74829653356876,69.70931071501708,35.4383004158389,57.5035408516858,65.8239776798112,36.6930961133498,50.55141091995987,59.284594027036334,30.895573052392,52.051288210118116,64.12404594546248,32.973464495891065
47.14513513513513,53.77605352696445,69.6069542186072,35.43644362871909,57.4975384281005,65.7845395301149,36.6749304060379,50.57202739578251,59.19688433950665,30.889691500989784,52.07521033974807,64.0295492934039,32.96883768524639
47.199189189189184,53.80320089277186,69.50385138059343,35.434291650871835,57.4907877982897,65.7447602353284,36.6565141036533,50.59204474580592,59.10855309012923,30.883570167820643,52.09852846389085,63.93437455100168,32.9639391161664
47.25324324324324,53.82973449993345,69.4000804317252,35.43185103434172,57.4832917318429,65.7046638608185,36.6378581711262,50.6114590987929,59.01965055804979,30.877214713783147,52.1212385057344,63.83858433668752,32.95877489115728
47.30729729729729,53.85565021739167,69.29571960275193,35.42912833117335,57.4750531068047,65.6642744033697,36.6189735577559,50.63026658350626,58.930227022414066,30.87063079977587,52.14333638846661,63.742241268893025,32.95335111272519
47.361351351351345,53.880943914088974,69.19084712442302,35.42613009341132,57.4660749090053,65.6236157770827,36.5998711909129,50.648463328708836,58.84033276236779,30.863824086697385,52.1648180352754,63.64540796604982,32.94767388337629
47.4154054054054,53.90561145896784,69.08554122748788,35.42286287310019,57.4563602313749,65.5827117993854,36.5805619697898,50.66604546316342,58.750018057056664,30.85680023544628,52.1856793693487,63.548147046589534,32.941749305616746
47.46945945945945,53.92964872097072,68.97988014269595,35.419333222284585,57.4459122732447,65.5415861771678,36.5610567592037,50.68300911563284,58.659333185626465,30.849564906921117,52.20591631387441,63.450521128943834,32.93558348195273
47.52351351351351,53.95305156904007,68.87394210079663,35.4155476930091,57.4347343396328,65.5002624930463,36.5413663834548,50.69935041487989,58.56832842722288,30.84212376202046,52.225524792040446,63.35259283154431,32.92918251489043
47.57756756756756,53.97581587211837,68.76780533253931,35.41151283731831,57.4228298405161,65.4587641917674,36.5215016202430,50.7150654896674,58.47705406099165,30.834482461642903,52.24450072703472,63.25442477282262,32.92255250693597
47.63162162162162,53.997937499148044,68.66154806867345,35.407235207256804,57.4102022900878,65.4171145667571,36.5014731946482,50.73015046875818,58.38556036607851,30.826646666687008,52.26284004204514,63.1560795712104,32.915699560595556
47.68567567567567,54.01941231907158,68.55524853994844,35.4027213548692,57.3968553060014,65.3753367468256,36.4812917731761,50.74460148091504,58.293897621629185,30.818622038051355,52.28053866025964,63.05761984513927,32.908629778375335
47.739729729729724,54.04023620083143,68.44898497711371,35.397977832200056,57.3827926086002,65.3334536830338,36.4609679578735,50.75841465490079,58.20211610678939,30.810414236634514,52.2975925048661,62.95910821304088,32.901349262781494
47.79378378378378,54.0604049792162,68.34283636669178,35.3930111938443,57.3680180201337,65.2914881357291,36.4405122805170,50.77158607246168,58.110266508395185,30.80202892845548,52.31399745767082,62.86060785109684,32.89386412144443
47.84783783783783,54.07991436093762,68.23688452935443,35.38782800396046,57.3525354639600,65.2494626617594,36.4199351968772,50.78411163903179,58.0184010421212,30.793471798734814,52.329749245298885,62.762184027051205,32.88618048121054
47.901891891891886,54.09876009445097,68.13121036205072,35.38243482359003,57.3363489637346,65.2073996018711,36.3992470810629,50.79598731750989,57.926571425353956,30.78474852643479,52.344843644952945,62.663901326953614,32.87830446266322
47.95594594594594,54.11693816918586,68.02588942933042,35.3768381957807,57.3194626425866,65.1653210682991,36.3784582199480,50.807209402522844,57.83482649899842,30.775864754390273,52.35927672580617,62.5658204016177,32.8702421502314
48.01,54.13444495785396,67.92098881428933,35.371044634960064,57.3018807222808,65.1232489325558,36.3575788076835,50.81777471632793,57.743210528768344,30.766826067973682,52.37304502142576,62.46799564266283,32.8619995708385
48.06405405405405,54.151277301833524,67.8165652291364,35.36506062055987,57.2836075223681,65.0812048134258,36.3366189402994,50.82768072635433,57.65176218596062,30.757637982293893,52.38614563322707,62.37047378813909,32.853582681091744
48.1181081081081,54.16743253963101,67.71266438538287,35.358892594890754,57.2646474593213,65.0392100651739,36.3155886103976,50.83692558438359,57.56051420771327,30.748305937929253,52.39857626495831,62.27329345773569,32.84499736301201
48.17216216216216,54.18290847841944,67.60932162365316,35.35254696526751,57.2450050456598,64.9972857659717,36.2944977019406,50.845508087369154,57.469493736747395,30.738835305194584,52.410335188215825,62.17648561757263,32.836249428304
48.22621621621621,54.19770330865393,67.50656380311771,35.34603011038483,57.2246848890608,64.9554527065506,36.2733559851366,50.853427559894904,57.37872334059298,30.72923139694226,52.42142113899003,62.08007497457558,32.82734463116687
48.280270270270265,54.21181546176386,67.40441245054765,35.339348390943606,57.2036916914584,64.9137313790865,36.2521731114267,50.86068365827278,57.28822271029841,30.719499489897228,52.43183314524178,61.98408230043421,32.81828868964534
48.33432432432432,54.225243410922246,67.30288816899142,35.332508164527674,57.1820302481307,64.8721419663236,36.2309586085741,50.86727609627942,57.19801103862392,30.70964485452616,52.441570285509584,61.888527685143806,32.80908731552114
48.38837837837837,54.23798550122518,67.20201439564667,35.32551579828454,57.1597054467743,64.8307043309417,36.2097218758600,50.87320441137932,57.10810904716837,30.699672780497295,52.450631483150715,61.793433310262074,32.79974623979194
48.442432432432426,54.25004004361488,67.1018153234842,35.31837766191198,57.1367222665672,64.7894380051744,36.1884721793878,50.8784680940204,57.01853786522095,30.689588562599297,52.4590156201408,61.69882191509668,32.79027119857969
48.49648648648648,54.26140534903362,67.0023151454748,35.31110012510779,57.1130857772197,64.7483621806830,36.1672186474983,50.88306663465056,56.92931862207084,30.679397495620815,52.466721578455505,61.60471623895532,32.780667928006324
48.55054054054054,54.27207972842362,66.90353805458926,35.30368955756976,57.0888011380142,64.7074956986917,36.1459702662984,50.886999523717726,56.84047244700717,30.66910487435051,52.473748240070464,61.51113902114568,32.770942164193784
48.60459459459459,54.28206149272714,66.80550824379836,35.29615232899569,57.0638735968331,64.6668570403895,36.1247358753059,50.89026625166981,56.75202046931918,30.658715993577033,52.480094486961335,61.41811300097545,32.76109964326401
48.658648648648644,54.29134895288642,66.70824990607288,35.28849480908336,57.0383084891754,64.6264643176042,36.1035241632123,50.89286630895471,56.663983818295996,30.648236148089055,52.48575920110374,61.32566091775233,32.75114610133894
48.7127027027027,54.29994041984371,66.61178723438363,35.280723367530584,57.0121112371624,64.5863352637530,36.0823436637659,50.894799186020364,56.576383623226796,30.637670632675217,52.49074126447333,61.233805510783995,32.74108727454051
48.76675675675675,54.307834204541244,66.51614442170137,35.27284437403513,56.9852873485325,64.5464872250749,36.0612027517775,50.89606437331467,56.489241013400765,30.6270247421242,52.495039559045765,61.142569519378135,32.73092889899067
48.820810810810805,54.31502861792127,66.42134566099692,35.2648641982948,56.9578424156247,64.5069371521490,36.0401096392505,50.896661361285545,56.402577118107075,30.616303771224644,52.49865296679666,61.05197568284245,32.72067671081135
48.87486486486486,54.32152197092604,66.32741514524105,35.25678921000738,56.9297821143525,64.4677015917037,36.0190723716376,50.89658964038091,56.31641306663488,30.605513014765208,52.50158036970169,60.96204674048461,32.71033644612449
48.92891891891891,54.32731257449779,66.23437706740455,35.24862577887068,56.9011122031664,64.4287966787203,35.9980988242260,50.89584870104868,56.23076998827338,30.59465776753455,52.503820649736475,60.872805431612306,32.69991384105202
48.982972972972966,54.332398739578764,66.14225562045823,35.240380274582485,56.8718385220064,64.3902381288356,35.9771966986520,50.89443803373675,56.145669012311735,30.583743324321336,52.505372688876676,60.78427449553324,32.6894146317159
49.03702702702702,54.336778777111206,66.05107499737284,35.23205906684058,56.8419669912448,64.3520412310475,35.9563735195488,50.89235712889305,56.06113126803912,30.572774979914215,52.50623536909792,60.69647667155509,32.678844554238054
49.09108108108108,54.340450998037355,65.9608593911192,35.223668525342745,56.8115036106187,64.3142208407257,35.9356366313263,50.8896054769655,55.977177884744705,30.561758029101842,52.506407572375856,60.60943469898555,32.66820934474042
49.14513513513513,54.34341371329948,65.87163299466808,35.215215019786804,56.7804544581526,64.2767913729332,35.9149931950869,50.886182568402,55.89382999171766,30.550697766672883,52.50588818068614,60.52317131713231,32.65751473934495
49.199189189189184,54.345665233839796,65.78342000099028,35.20670491987053,56.7488256890719,64.2397667960598,35.8944501856768,50.882087893650464,55.81110871824716,30.539599487415995,52.5046760760044,60.437709265303035,32.64676647417356
49.25324324324324,54.34720387060055,65.69624460305657,35.19814459529173,56.7166235347071,64.2031606257721,35.8740143888765,50.87732094315882,55.729035193622394,30.528468486119834,52.502770140306296,60.353071282805445,32.635970285348215
49.30729729729729,54.34802793452401,65.61013099383777,35.189540415748176,56.6838543013878,64.1669859192812,35.8536923987285,50.871881207374955,55.64763054713252,30.51731005757305,52.50016925556746,60.26928010894721,32.62513190899084
49.361351351351345,54.3481357365524,65.52510336630463,35.18089875093767,56.6505243693290,64.1312552699323,35.8334906150067,50.86576817674681,55.566915908066704,30.506129496564306,52.496872303763524,60.18635848303603,32.614257081223386
49.4154054054054,54.347525587627956,65.44118591342797,35.172225970558,56.6166401915075,64.0959808021179,35.8134152408260,50.8589813417223,55.486912405714136,30.49493209788227,52.492878166870156,60.10432914437958,32.60335153816777
49.46945945945945,54.346195798692946,65.35840282817855,35.163528444306976,56.5822082925304,64.0611741665166,35.7934722803948,50.85152019274931,55.407641169363984,30.48372315631558,52.48818572686299,60.023214832285554,32.59242101594596
49.52351351351351,54.34414468068961,65.27677830352721,35.154812541882364,56.5472352674945,64.0268465356589,35.7736675369102,50.84338422027579,55.329123328305414,30.472507966652913,52.48279386571767,59.94303828606163,32.58147125067987
49.57756756756756,54.34137054456018,65.19633653244468,35.14608463298198,56.5117277808379,63.9930085998241,35.7540066105978,50.83457291474963,55.25138001182759,30.461291823682917,52.47670146540984,59.86382224501552,32.57050797849144
49.63162162162162,54.337871701246904,65.11710170790178,35.13735108730361,56.4756925651831,63.9596705632666,35.7344948968948,50.82508576661875,55.174432349219714,30.450080022194243,52.469907407915144,59.7855894484549,32.559536935502635
49.68567567567567,54.33364646169203,65.03909802286927,35.12861827454503,56.4391364201726,63.9268421407754,35.7151375847796,50.81492226633106,55.098301469770945,30.438877856975566,52.46241057520922,59.70836263568745,32.54856385783537
49.739729729729724,54.3286931368378,64.96234967031799,35.11989256440405,56.4020662112961,63.8945325545669,35.6959396552468,50.80408190433448,55.02300850277045,30.427690622815533,52.45420984926773,59.632164546020874,32.53759448161159
49.79378378378378,54.32300992900439,64.88688125741038,35.11118041896283,56.3644888687110,63.8627505315118,35.6769058799280,50.79256408728877,54.948574919442976,30.416523681766854,52.44530401619647,59.557018295422324,32.526634621118404
49.84783783783783,54.31659463317919,64.81271894452786,35.102488646744945,56.3264113860548,63.8315043006978,35.6580408198593,50.780367907648056,54.875023473271625,30.405382648122483,52.43569150258935,59.48294841233197,32.515690383762276
49.901891891891886,54.309445177109936,64.73988838581748,35.093823943359716,56.2878408192509,63.8008015913266,35.6393488243958,50.76749256027423,54.80237649981825,30.39427305396373,52.42537085221457,59.409978964828454,32.50476778141448
49.95594594594594,54.30156025493338,64.66841231307376,35.08519235259341,56.2487842853068,63.7706496309482,35.6208340302727,50.75393783120123,54.73065392209934,30.383199956786594,52.41434128525524,59.33813136344851,32.493872274447625
50.00999999999999,54.29293977976734,64.59830880993984,35.07659888147428,56.2092489611061,63.7410551440296,35.6025003608133,50.73970444675237,54.65987182585451,30.37216765923485,52.402603097767056,59.267422791772624,32.48300844604747
50.06405405405405,54.283585155265826,64.52959027642825,35.06804726931173,56.1692420821935,63.7120243508606,35.5843515252840,50.72479428301077,54.59004160470751,30.361179540939908,52.390157901352914,59.19786526477627,32.47217980680001
50.1181081081081,54.273499366137436,64.4622630837612,35.059539910709205,56.1287709415537,63.6835629667935,35.5663910183964,50.70921043564282,54.52116967522005,30.3502380024674,52.37700870305441,59.12946531494705,32.46138872955385
50.17216216216216,54.262686887627,64.39632791953024,35.05107793255131,56.0878428883839,63.6556762018192,35.5486221199548,50.69295715007466,54.453257761837996,30.3393445213706,52.36315982546029,59.06222430616758,32.450636514557836
50.22621621621621,54.25115341396036,64.33178082317559,35.04266142496462,56.0464653268599,63.6283687604758,35.5310478946515,50.67603961202187,54.38630375173034,30.328499820350544,52.34861666703195,58.99613937536418,32.43992358487395
50.280270270270265,54.238905405752426,64.26861491178492,35.034289826252675,56.0046457148975,63.6016448420910,35.5136711920065,50.65846359837202,54.32030311952068,30.317704147522967,52.333385302645674,58.931205001921334,32.429249812065535
50.33432432432432,54.22594945637841,64.20682279621153,35.02596246180474,55.9623915629067,63.5755081413564,35.4964946464536,50.64023498842049,54.2552509219114,30.306957668791974,52.317471924352006,58.86741520486193,32.41861497216072
50.38837837837837,54.21229175188077,64.14639864052768,35.01767900345151,55.9197104325419,63.5499618492316,35.4795206775702,50.621359347257,54.191143497863216,30.296260802301884,52.30088236468963,58.804765415681906,32.40801913430699
50.442432432432426,54.197938369679875,64.08733702299727,35.00943921540804,55.8766099354461,63.5250086541778,35.4627514904517,50.60184215618312,54.127977528272424,30.285614033461087,52.283622360327364,58.74325144253663,32.39746244581701
50.49648648648648,54.1828953871961,64.02963252188425,35.00124286188939,55.8330977319898,63.5006507437176,35.4461890762293,50.581688896500424,54.06574969403532,30.275017847677965,52.26569764793405,58.682869093581516,32.38694505400345
50.55054054054054,54.16716888184983,63.97327971545256,34.99308970711061,55.7891815300060,63.4768898063205,35.4298352127298,50.560905049510495,54.00445667604821,30.264472730360904,52.24711396417851,58.62361417697196,32.376467106178964
50.60459459459459,54.15076493106143,63.91827318196613,34.98497951528678,55.7448690835194,63.4537270336107,35.4136914652772,50.53949609651491,53.94409515520739,30.2539791669183,52.22787704572959,58.565482500863354,32.36602874965622
50.658648648648644,54.13368961225129,63.86460749968887,34.97691205063293,55.7001681914723,63.4311631228955,35.3977591876339,50.517467518815245,53.88466181240915,30.243537642758525,52.207992629256125,58.508469873411094,32.35563013174787
50.7127027027027,54.115949002839784,63.81227724688476,34.96888707736415,55.6550866964450,63.4091982800110,35.3820395230825,50.49482479771306,53.8261533285498,30.233148643289972,52.18746645142693,58.452572102770574,32.34527139976659
50.76675675675675,54.09754918024728,63.76127700181769,34.96090435969547,55.6096324833734,63.3878322224835,35.3665334056446,50.47157341450995,53.76856638452563,30.222812653921025,52.16630424891087,58.3977849970972,32.33495270102503
50.820810810810805,54.07849622189417,63.71160134275161,34.95296366184197,55.5638134782614,63.3670641830019,35.3512415614370,50.447718850507464,53.711897661232925,30.212530160060076,52.14451175837675,58.344104364546354,32.324674182835864
50.87486486486486,54.058796205200814,63.66324484795044,34.9450647480187,55.5176376468909,63.3468929131997,35.3361645101628,50.423266587007205,53.65614383956802,30.202301647115505,52.12209471649342,58.29152601327344,32.31443599251173
50.92891891891891,54.03845520758759,63.61620209567813,34.93720738244072,55.4711129935276,63.3273166877419,35.3213025667369,50.39822210531073,53.60130160042715,30.192127600495688,52.0990588599297,58.24004575143385,32.30423827736532
50.982972972972966,54.01747930647488,63.57046766419861,34.92939132932308,55.4242475596233,63.3083333087136,35.3066558430437,50.372590886719614,53.547367624706666,30.182008505609033,52.07540992535443,58.18965938718297,32.29408118470927
51.03702702702702,53.99587457928307,63.5260361317758,34.92161635288086,55.3770494225162,63.2899401103074,35.2922242498258,50.346378412535444,53.49433859330284,30.171944847863912,52.05115364943643,58.140362728676216,32.28396486185626
51.09108108108108,53.973647103432526,63.48290207667365,34.913882217329096,55.3295266941269,63.2721339638041,35.2780074987015,50.319590164059775,53.44221118711198,30.16193711266871,52.02629576884456,58.09215158406897,32.273889456118944
51.14513513513513,53.95080295634364,63.44106007715608,34.90618868688286,55.2816875196526,63.2549112828443,35.2640051043101,50.2922316225942,53.39098208703038,30.15198578543182,52.00084202024763,58.04502176151663,32.263855114809985
51.199189189189184,53.92734821543675,63.40050471148702,34.898535525757204,55.2335400762591,63.2382680289851,35.2502163865819,50.26430826944029,53.34064797395433,30.142091351561625,51.97479814031448,57.9989690691746,32.25386198524204
51.25324324324324,53.90328895813228,63.36123055793041,34.89092249816719,55.1850925717695,63.2221997175388,35.2366404731326,50.23582558589961,53.29120552878013,30.132254296466513,51.948169865713965,57.95398931519827,32.243910214727784
51.30729729729729,53.87863126185057,63.32323219475019,34.88334936832788,55.1363532433514,63.2067014236877,35.2232763017790,50.20678905327376,53.24265143240409,30.122475105554862,51.92096293311488,57.91007830774302,32.233999950579864
51.361351351351345,53.853381204012024,63.286504200210274,34.87581590045433,55.0873303562027,63.1917677888720,35.2101226231737,50.17720415286428,53.19498236572249,30.112754264235058,51.89318307918607,57.86723185496427,32.22413134011095
51.4154054054054,53.827544862037,63.251041152574615,34.8683218587616,55.0380322022346,63.1773930274434,35.1971780035579,50.147076365972765,53.148195009631635,30.103092257915495,51.864836040596394,57.825445765017385,32.2143045306337
51.46945945945945,53.80112831334589,63.21683763010712,34.86086700746474,54.9884670987541,63.1635709335819,35.1844408276286,50.11641117390079,53.102286045027824,30.093489572004557,51.83592755401466,57.78471584605779,32.20451966946078
51.52351351351351,53.77413763535907,63.18388821107175,34.85345111077882,54.9386433871444,63.1502948884688,35.1719093015193,50.085214057949926,53.05725215280735,30.083946691910633,51.8064633561097,57.745037906240896,32.194776903904845
51.57756756756756,53.74657890549689,63.15218747373241,34.8460739329189,54.8885694315451,63.1375578677111,35.1595814558910,50.05349049942174,53.0130900138665,30.0744641030421,51.77644918355036,57.70640775372203,32.185076381278556
51.63162162162162,53.71845820117976,63.12172999635306,34.838735238100014,54.8382536175307,63.1253524490119,35.1474551491308,50.021245979617824,52.969796309101596,30.06504229080735,51.74589077300547,57.668821196656666,32.17541824889459
51.68567567567567,53.68978159982804,63.092510357197625,34.83143479053726,54.7877043507888,63.1136708200808,35.1355280706569,49.98848597983974,52.92736771940892,30.055681740614766,51.71479386114386,57.632274043200155,32.165802654065594
51.739729729729724,53.6605551788621,63.06452313453002,34.824172354445665,54.7369300557978,63.1025047867788,35.1237977443260,49.95521598138906,52.88580092568477,30.046382937872735,51.683164184634364,57.596762101507906,32.15622974410424
51.79378378378378,53.63078501570233,63.03776290661419,34.816947694040316,54.6859391745039,63.0918457814918,35.1122615319422,49.92144146556738,52.84509260882543,30.037146367989646,51.65100748014581,57.5622811797353,32.14669966632318
51.84783783783783,53.600477187769116,63.01222425171409,34.809760573536245,54.6347401649989,63.0816848717256,35.1009166368621,49.88716791367625,52.805239449727225,30.02797251637388,51.61832948434704,57.52882708603775,32.13721256803508
51.901891891891886,53.56963777248281,62.98790174809362,34.80261075714852,54.5833415001970,63.0720127689182,35.0897601076969,49.85240080701725,52.766238129286435,30.01886186843382,51.585135933906884,57.49639562857064,32.127768596552606
51.95594594594594,53.5382728472638,62.96478997401671,34.7954980090922,54.5317516665124,63.0628198374609,35.0787888421056,49.81714562689196,52.72808532839935,30.009814909577862,51.55143256549417,57.46498261548937,32.1183678991884
52.00999999999999,53.50638848953247,62.94288350774731,34.78842209358234,54.4799791625378,63.0540961039231,35.0679995906780,49.78140785460196,52.690777727962285,30.000832125214387,51.51722511577774,57.43458385494934,32.10901062325515
52.06405405405405,53.473990776709186,62.92217692754937,34.781382774834015,54.4280324977227,63.0458312664743,35.0573889609050,49.745192971448816,52.65431200887153,29.991914000751777,51.48251932142642,57.40519515510593,32.09969691606551
52.1181081081081,53.44108578621433,62.902664811686776,34.77437981706227,54.3759201910532,63.0380147044952,35.0469534212321,49.70850645873411,52.618684852023364,29.983061021598424,51.44732091910905,57.37681232411457,32.09042692493214
52.17216216216216,53.40767959546828,62.8843417384235,34.76741298448216,54.3236507697329,63.0306354883731,35.0366893051938,49.67135379775941,52.58389293831412,29.97427367316271,51.41163564549446,57.349431170130615,32.08120079716769
52.22621621621621,53.37377828189141,62.86720228602347,34.760482041308755,54.2712327678645,63.0236823894733,35.0265928156260,49.63374046982629,52.54993294864008,29.965552440853024,51.37546923725148,57.32304750130949,32.07201868008485
52.280270270270265,53.33938792290411,62.85124103275061,34.75358675175711,54.2186747251335,63.0171438902796,35.0166600289534,49.59567195623633,52.516801563897516,29.95689781007775,51.338827431048955,57.29765712580658,32.06288072099625
52.33432432432432,53.30451459592672,62.836452556868835,34.74672688004228,54.1659851854932,63.0110081946985,35.0068868995479,49.557153738291106,52.48449546498276,29.948310266245272,51.3017159635557,57.273255851777265,32.053787067214564
52.38837837837837,53.26916437837967,62.822831436642105,34.739902190379325,54.1131726958515,63.0052632385168,34.9972692641564,49.518191297292184,52.45301133279209,29.93979029476398,51.264140571440564,57.24983948737697,32.04473786605247
52.442432432432426,53.23334334768329,62.810372250334346,34.73311244698331,54.0602458047599,62.9998967000087,34.9878028463936,49.47879011454115,52.422345848221816,29.93133838104226,51.226106991372376,57.22740384076107,32.03573326482261
52.49648648648648,53.197057581257965,62.799069576209476,34.72635741406928,54.0072130611050,62.9948960106833,34.9784832612971,49.43895567133957,52.39249569216822,29.922955010488486,51.18762096001996,57.20594472008497,32.02677341083764
52.55054054054053,53.1603131565241,62.78891799253145,34.71963685585231,53.9540830128016,62.9902483661646,34.9693060199414,49.39869344898901,52.36345754552761,29.914640668511062,51.14868821405216,57.18545793350405,32.01785845141025
52.60459459459459,53.123116150902035,62.77991207756419,34.712950536547446,53.9008642054893,62.9859407371986,34.9602665341078,49.358008928791065,52.335228089196264,29.90639584051836,51.1093144901378,57.16593928917372,32.00898853385307
52.658648648648644,53.085472641812174,62.77204640957162,34.70629822036975,53.8475651812313,62.9819598807775,34.9513601210069,49.3169075920473,52.307804004070505,29.89822101191878,51.06950552494572,57.14738459524938,32.000163805478785
52.7127027027027,53.04738870667488,62.76531556681769,34.699679671534284,53.7941944772165,62.9782923513759,34.9425820080500,49.27539492005929,52.28118197104662,29.89011666812069,51.02926705514476,57.12978965988642,31.991384413600052
52.76675675675675,53.00887042291055,62.759714127566326,34.693094654256114,53.7407606244646,62.9749245122893,34.9339273376664,49.233476394128616,52.2553586710209,29.88208329453249,50.98860481740374,57.11315029124022,31.98265050552952
52.820810810810805,52.969923867939535,62.755236670081445,34.686542932750285,53.6872721465346,62.9718425470679,34.9253911721632,49.191157495556844,52.23033078488965,29.874121376562556,50.94752454839149,57.097462297466194,31.973962228579865
52.87486486486486,52.93055511918223,62.75187777262701,34.680024271231865,53.6337375582373,62.9690324710394,34.9169684986242,49.148443705645555,52.206094993549165,29.86623139961928,50.90603198477686,57.08272148671975,31.965319730063747
52.92891891891891,52.89077025405899,62.749632013466936,34.6735384339159,53.5801653643505,62.9664801429101,34.9086542338445,49.10534050569632,52.18264797789575,29.858413849111052,50.86413286322868,57.068923667156255,31.95672315729382
52.982972972972966,52.85057534999022,62.748493970865155,34.66708518501746,53.5265640583392,62.9641712764395,34.9004432292976,49.06185337701071,52.15998641882568,29.85066921044625,50.82183292041578,57.05606464693112,31.948172657582752
53.03702702702702,52.809976484396266,62.7484582230856,34.660664288751605,53.4729421210792,62.9620914521789,34.8923302761311,49.01798780089031,52.138106997235276,29.842997969033263,50.779137893006975,57.04414023419973,31.939668378243205
53.09108108108108,52.76897973469754,62.749519348392205,34.65427550933339,53.4193080195854,62.9602261292660,34.8843101101876,48.97374925863669,52.11700639402082,29.835400610280473,50.73605351767113,57.033146237117506,31.93121046658783
53.14513513513513,52.7275911783144,62.7516719250489,34.64791861097787,53.3656702057443,62.9585606572687,34.8763774170485,48.92914323155142,52.09668129007862,29.827877619596272,50.69258553107706,57.02307846383981,31.92279906992931
53.199189189189184,52.685816892667205,62.75491053131963,34.64159335790011,53.3120371150514,62.9570802880698,34.8685268370959,48.88417520093608,52.077128366304954,29.820429482389045,50.648739669893594,57.01393272252206,31.91443433558029
53.25324324324324,52.64366295517636,62.75922974546831,34.635299514315165,53.2584171653530,62.9557701877844,34.8607529705888,48.83885064809225,52.058344303596144,29.81305668406717,50.60452167078957,57.00570482131963,31.906116410853436
53.30729729729729,52.60113544326223,62.764624145758894,34.6290368444381,53.2048187555939,62.9546154487018,34.8530503827528,48.79317505432149,52.04032578284846,29.80575971003904,50.559937270433835,56.99839056838794,31.89784544306141
53.361351351351345,52.558240434345194,62.77108831045529,34.62280511248397,53.1512502645688,62.9536011012454,34.8454136088761,48.74715390092538,52.02306948495823,29.798539045713046,50.514992205495204,56.99198577188238,31.889621579516877
53.4154054054054,52.514984005845626,62.77861681782146,34.61660408266783,53.0977200496808,62.9527121259412,34.8378371594119,48.7007926692055,52.00657209082172,29.79139517649756,50.46969221264252,56.98648623995833,31.88144496753249
53.46945945945945,52.471372235183914,62.787204246121306,34.61043351920473,53.0442364457041,62.9519334653879,34.8303155250808,48.65409684046344,51.99083028133525,29.784328587800992,50.42404302854462,56.9818877807712,31.873315754420922
53.52351351351351,52.427411199780416,62.79684517361876,34.60429318630976,52.9908077635530,62.9512500362207,34.8228431819721,48.60707189600073,51.97584073739511,29.777339765031698,50.378050389870324,56.978186202476394,31.865234087494834
53.57756756756756,52.38310697705552,62.80753417857781,34.59818284819795,52.9374422890569,62.9506467410600,34.8154145966390,48.559723317118994,51.9616001398976,29.770429193598076,50.33172003328846,56.97537731322929,31.85720011406687
53.63162162162162,52.338465644429604,62.819265839262314,34.592102269084364,52.8841482817411,62.9501084804388,34.8080242311853,48.51205658511978,51.94810516973901,29.76359735890852,50.285057695467884,56.973456921185274,31.849213981449715
53.68567567567567,52.29349327932304,62.83203473393624,34.58605121318407,52.8309339736135,62.9496201647000,34.8006665483393,48.46407718130466,51.93535250781563,29.756844746371407,50.238069113077415,56.97242083449977,31.841275836956022
53.739729729729724,52.24819595915619,62.84583544086353,34.580029444712125,52.7778075679588,62.9491667258554,34.7933360165121,48.41579058697522,51.92333883502378,29.750171841395122,50.190760022785895,56.972264861328156,31.833385827898447
53.79378378378378,52.20257976134936,62.86066253830795,34.57403672788349,52.7247772381380,62.9487331294003,34.7860271148374,48.36720228343289,51.91206083225959,29.743579129387992,50.14313616126202,56.97298480982571,31.82554410158958
53.84783783783783,52.156650763323114,62.876510604533735,34.5680728269134,52.6718511263955,62.9483043860741,34.7787343381877,48.31831775197952,51.90151518041966,29.737067095758526,50.09520326517489,56.97457648814808,31.81775080534223
53.901891891891886,52.110415042497735,62.893374217804684,34.56213750601683,52.6190373426730,62.9478655635610,34.7714522021659,48.26914247391656,51.89169856040014,29.73063622591505,50.046967071193194,56.977035704450536,31.81000608646899
53.95594594594594,52.0638786762936,62.91124795638472,34.55623052940885,52.5663439634296,62.9474017981219,34.7641752480673,48.219681930545576,51.88260765309734,29.72428700526595,49.998433315985785,56.98035826688848,31.80231009228253
54.00999999999999,52.017047742131076,62.93012639853779,34.55035166130451,52.5137790304708,62.9468983061515,34.7568980478088,48.16994160316815,51.87423913940756,29.71801991921961,49.94960773622149,56.98453998361731,31.79466297009551
